0,1,2,3,4,5,6,7,8,9,10,11,12,13,14,15,16,17,18,19,20,21,22,23,24,25,26,27,28,29,30,31,32,33,34,35,36,37,38,39,40,41,42,43,44,45,46,47,48,49,50,51,52,53,54,55,56,57,58,59,60,61,62,63,64,65,66,67,68,69,70,71,72,73,74,75,76,77,78,79,80,81,82,83,84,85,86,87,88,89,90,91,92,93,94,95,96,97,98,99,100,101,102,103,104,105,106,107,108,109,110,111,112,113,114,115,116,117,118,119,120,121,122,123,124,125,126,127,128,129,130,131,132,133,134,135,136,137,138,139,140,141,142,143,144,145,146,147,148,149,150,151,152,153,154,155,156,157,158,159,160,161,162,163,164,165,166,167,168
13.400146,13.398477,13.40935,13.411222,13.374664,13.336079,12.959755,11.983779,9.404091,5.7577157,3.580338,2.406332,1.5372379,1.0530379,0.14796144,-0.6051938,-0.85744387,-1.153181,-1.190501,-1.2208884,-1.2610857,-1.1151181,-1.1413985,-1.0362909,-0.74478936,-0.4414963,-0.070155606,-0.00893569,-0.1750629,-0.6194865,-0.9214882,-1.2205003,-1.6908104,-1.3640739,-0.82642186,-0.0053402036,0.4191584,0.54941267,0.45230985,0.25615478,0.09537315,-0.40090814,-1.3123372,-1.5850658,-1.7783095,-1.8830185,-1.5663213,-0.99040055,-0.4050848,0.33319682,0.7224369,0.9221853,1.3899405,2.0501904,2.6646392,3.6145842,4.9771023,5.377986,3.911894,3.0475001,2.5450196,2.192113,1.5149924,0.6493586,-0.37166288,-0.979688,-1.3166702,-1.6031086,-1.7813754,-1.5632253,-1.1164472,-0.15498494,0.68106836,1.0058548,1.1732018,1.2571676,1.0624087,0.68466324,0.29699475,-0.17322016,-0.32962498,-0.39454052,-0.28621188,-0.24870351,-0.28701127,-0.34337574,-0.3768441,-0.38449812,-0.3385607,-0.30046827,-0.27151263,-0.22298542,-0.019497871,1.0482223,1.7769804,1.8515893,1.4336226,0.9325039,0.28494307,0.22701833,0.28577417,0.58275247,2.06251,3.0971534,3.30575,2.7516851,1.6640598,1.546863,1.1204605,0.6220623,0.5404944,0.61403024,0.82934475,1.0071611,0.91584337,0.3876956,0.2852758,0.282978,0.8713021,1.0536348,1.0163832,0.8087827,0.749663,0.9076216,1.3918425,2.8419037,3.6048498,2.7235084,2.0585632,1.6970685,0.80300874,0.38282728,0.17584927,-0.03336233,-0.054632276,0.036383063,0.07769391,-0.13183084,-0.50310606,-0.8316045,-1.0409734,-0.88807154,-0.40474892,0.22689807,1.2079035,2.027236,2.5615716,2.941029,2.8638473,2.4202645,1.5519371,0.9706018,0.61248827,0.5466681,0.88118887,1.7354522,3.6667478,6.710664,8.339309,9.831852,11.255899,11.853594,12.645124,12.803642,11.959415,11.958809,11.958845,11.958778,11.958853
-1.8291525,-1.8542886,-1.8091769,-1.7972314,-1.7400651,-1.6974599,-1.7560961,-1.8299849,-2.029933,-2.2034671,-2.0042896,-1.9622988,-1.8335397,-1.7318441,-1.6675686,-2.124752,-2.098259,-1.6771581,-1.3114557,-1.1344028,-1.0275531,-1.065357,-0.91547084,-0.670389,0.4541006,1.2551591,1.9946594,2.6942933,2.99694,3.2358694,2.8124561,2.067284,-0.06998734,-1.0854881,-1.3647892,-1.5749242,-1.7936858,-1.7163973,-1.4440567,-1.2804317,-1.0579407,-0.9350759,-0.5964458,-0.63984525,-0.7968566,-1.4068012,-2.217907,-2.694078,-2.8615816,-2.9918313,-2.965847,-2.9045303,-2.6313858,-2.071385,-1.6229048,-1.2545786,-1.6483599,-2.0593495,-1.8760698,-1.6489856,-1.6206355,-1.3580086,-1.358704,-1.6523522,-1.869903,-1.9574782,-2.0965095,-2.2300968,-2.3864284,-2.382412,-2.4759908,-2.4373033,-2.406124,-2.2978702,-2.1860876,-1.999028,-1.920608,-1.8760414,-1.9422953,-2.0041995,-1.8453212,-1.4864426,-1.0988005,-0.94835216,-0.7681896,-0.6430823,-0.61638,-0.5896476,-0.5916566,-0.5862004,-0.5000913,-0.21285985,0.21417652,1.3555331,1.962515,1.66488,1.0105075,0.26177314,-0.37077007,-0.52504945,-0.27391216,-0.49690866,-1.5700359,-2.149966,-2.031615,-1.9373262,-1.7553308,-1.500191,-1.0946329,-0.16534832,0.117743984,0.09857446,-0.29067478,-0.83699703,-0.91762716,-0.9979588,-1.2419468,-1.5930386,-2.2734356,-2.6238337,-2.5842774,-2.2046347,-1.6466639,-1.1598394,-0.5016379,-0.9988697,-1.5332291,-1.4213638,-1.1793636,-1.0552652,-0.9295994,-1.0135735,-1.0763478,-1.2650901,-1.7075425,-2.2308843,-2.783017,-3.118476,-3.1433291,-2.9701746,-2.6916034,-2.352658,-2.1977801,-2.1237218,-2.3165188,-2.461835,-2.3654146,-2.3109279,-2.3486686,-2.3809505,-2.357025,-2.5201004,-2.550639,-2.1100383,-2.0408356,-2.262963,-2.6712074,-2.3915172,-2.7329657,-2.81543,-2.603723,-2.556154,-2.3122365,-2.2262044,-1.0849999,-1.0850751,-1.0851905,-1.0850954,-1.0852289
-0.573312,-0.66620564,-0.666662,-0.7667148,-0.8453817,-0.9277216,-1.121186,-1.07199,0.37263957,1.7893367,2.2152076,2.7665744,2.8363373,2.6223452,1.8024127,0.3851853,-0.43406433,-0.8890598,-1.2369593,-1.2856083,-1.612005,-1.9840229,-2.6433878,-3.2210312,-3.7218118,-3.962987,-3.2348087,-2.587501,-2.6489267,-2.9777622,-3.0327387,-3.3664174,-3.954317,-3.8338158,-3.2211504,-2.4198034,-1.7472603,-0.944076,-0.23522675,-0.33789062,-0.40912673,-1.1565609,-2.17853,-2.8076997,-3.0289855,-3.029636,-2.147646,-1.1575825,-0.42636532,0.15869132,0.31279472,0.39211345,0.27087173,0.33664098,0.34465933,0.42062414,-0.043527097,-0.48955178,-0.5368029,-0.5981342,-0.67572063,-0.7732731,-0.840583,-1.1800219,-1.5317866,-1.8496014,-2.2683291,-2.911893,-3.554445,-3.37752,-2.8416135,-2.125961,-1.3611284,-0.90823543,-0.66455203,-0.4177304,-0.41896993,-0.8145782,-1.3916651,-2.1116524,-2.4079156,-2.6509454,-2.839491,-2.8935442,-2.937707,-2.9600706,-2.9997802,-3.0615692,-3.150093,-3.272074,-3.3670292,-3.3380291,-3.2323575,-3.0966504,-2.707479,-2.7039464,-2.8937922,-2.9245977,-3.3075886,-3.5720947,-3.2473178,-1.9444919,-0.86596215,-0.35263345,-0.3953632,-0.7264152,-1.1975284,-1.2023499,-1.729121,-2.582761,-2.6465094,-2.424559,-2.2360072,-2.046721,-1.7741985,-1.5717118,-1.0533297,-0.14464024,0.4243251,0.2538337,-0.024670228,-0.43038413,-0.55711883,-0.5699021,-0.45765433,-0.7454535,-0.81441414,-0.8170712,-0.9619552,-1.0184578,-0.93899965,-0.9847537,-1.0186491,-1.1573641,-1.5157833,-1.8742213,-2.2592392,-2.5910878,-2.8396752,-3.024829,-3.2378054,-3.1371307,-2.756013,-2.2968776,-1.9583569,-1.2600054,-0.7330316,-0.36718696,-0.25894937,-0.38455373,-0.85549974,-1.3852992,-2.7070603,-3.4029913,-3.2475162,-2.8710525,-2.6339345,-2.129941,-1.940608,-1.6065922,-1.2956429,-1.1893725,-0.8682928,-0.60432947,0.36167252,0.36158967,0.36158895,0.36159945,0.3615911
-2.2690895,-2.237352,-2.2068431,-2.0699444,-1.8870684,-1.72368,-1.4266462,-1.1443254,-0.55621874,-0.109092206,0.039873205,-0.08975391,-0.15571226,-0.08322351,0.11038218,-0.21066083,-0.5736662,-0.9053799,-0.93563205,-0.7774448,-0.4781184,-0.5363717,-0.8941302,-1.3500962,-1.3544207,-1.2362986,-0.6286052,0.47971502,1.151864,1.6037679,1.5319012,1.4881542,1.3009018,1.3211491,2.5680983,5.2063293,6.4663906,7.3799553,7.9318542,8.12603,8.143302,7.6549673,5.4908113,3.177092,1.8125875,0.7026469,-0.46312106,-1.3804774,-1.7925887,-2.0160372,-2.1553102,-2.272341,-2.4219375,-2.4103491,-2.360684,-2.2828677,-2.2201595,-2.3644114,-2.4946275,-2.3972285,-2.2475252,-2.3113143,-2.0785131,-1.5585952,-1.0818689,-0.6015697,-0.36482054,-0.75650316,-1.7238212,-1.9277029,-2.0865314,-1.9519718,-1.9230473,-1.917056,-1.8236341,-1.6763282,-1.673667,-1.7730069,-1.8567336,-1.8335994,-1.6950023,-1.3864655,-1.1087072,-1.0159345,-0.8070657,-0.62614304,-0.60508657,-0.6524948,-0.71049917,-0.683154,-0.38067007,0.71903664,1.8266008,2.638085,2.6520245,1.6274428,0.9539388,0.6360514,-0.5249159,-1.4188842,-1.2332473,-0.7606235,-0.5727762,-0.7630224,-0.78696156,-0.5032115,-0.30569595,-0.2595373,-0.60685205,-1.0164117,-1.1428728,-1.1240737,-1.1867013,-1.6386207,-1.8140465,-1.8486059,-1.8986547,-1.8147643,-2.0222704,-2.3131666,-2.5541873,-2.8834486,-2.9863884,-2.905455,-2.3894503,-2.0241997,-2.1363356,-2.177201,-2.092266,-2.0386825,-1.6229894,-0.99674255,-0.6359141,-0.4424465,-0.33906075,-0.4435165,-0.9641766,-1.649689,-2.135701,-2.3880198,-2.672241,-2.8647842,-2.6624405,-2.0857613,-1.576958,-1.2295407,-1.0710586,-1.083975,-1.2763044,-1.3519789,-1.0204678,-0.77639616,-1.0772195,-1.2719328,-1.1082041,-0.86507165,-0.5848702,-0.107921846,-0.40733272,-0.79517066,-1.128593,-1.2879133,-1.2939276,-1.2289232,-0.51947373,-0.5187106,-0.51875764,-0.5187003,-0.5187644
0.11533877,0.0031011403,-0.1426893,-0.3470535,-0.52349526,-0.60874283,-0.66967523,-0.52126735,-0.27972072,-0.38055584,-0.86960125,-1.3344187,-1.4486701,-1.6341904,-1.8745776,-1.2192258,-0.2753487,0.15527874,0.24693862,0.17472306,0.34333983,0.87696683,2.178686,3.2051501,3.2391005,2.729834,0.76675296,-0.7021978,-0.6582855,-0.44093645,-0.19957542,0.26363257,1.8586142,2.2482758,1.9168762,0.68386215,-0.095166996,-0.825997,-1.0407398,-1.0136328,-1.1796716,-1.0625523,-0.05154629,0.6136412,0.6636914,0.3085633,-0.78045374,-1.8209903,-2.3782673,-2.3450894,-1.8599946,-1.4429944,-1.1406395,-0.83037674,-0.6004674,-0.45793027,-0.6407927,-0.06644809,-0.0018814206,0.17566904,0.22894233,0.028380781,-0.26180962,-1.015523,-1.2340945,-0.92916316,-0.34270978,0.3663115,1.352577,1.1124859,0.13562152,-1.6121333,-2.5435154,-2.8588736,-2.949638,-3.0128593,-3.0815806,-3.138165,-2.8443594,-1.8701832,-0.99809235,-0.27776504,0.121599406,0.31891268,0.4057352,0.44540435,0.5596531,0.7078934,0.90677005,1.0917821,1.0689499,0.39946532,-1.0757065,-1.9289672,-1.7424245,-1.2209424,-1.082187,-1.201915,-0.77797425,-0.28358403,-0.38181856,-0.99398494,-2.2349362,-2.819386,-2.6633344,-2.330351,-1.3131397,-0.6745036,0.2590253,1.1915543,1.2522427,0.84149426,0.40715197,0.060323507,0.06772661,0.2761747,-0.023438781,-1.147246,-1.6752365,-0.96808696,-0.37349924,0.52066135,0.97380817,0.93962175,0.21619591,-0.84006405,-0.72730756,-0.28323764,-0.09751946,-0.08508003,-0.7452591,-1.3474616,-1.6189537,-1.6074922,-1.6355067,-1.4259949,-0.717362,0.22798847,0.8698014,1.3740585,1.8149463,1.7469516,1.2022142,0.0029129721,-1.2356184,-2.1355639,-2.303865,-2.0204518,-1.5676367,-1.1611512,-0.6676533,0.26789996,1.8485181,2.2036517,1.9368494,1.1700369,-0.13377924,-1.3854053,-1.0123479,-0.75982857,-0.52822435,-0.4409724,-0.3646172,-0.46565837,0.35573965,0.35531682,0.3552454,0.35530463,0.3552098
-2.1260953,-2.172732,-2.1694493,-2.1052563,-2.10751,-2.2168703,-2.230885,-1.8233223,-0.7432442,0.07929929,0.29313493,0.0474194,0.43645585,0.6549996,0.89468086,0.31032437,-0.61401683,-0.99418914,-1.0401192,-1.1005607,-1.253984,-1.5965683,-1.5684853,-1.2011851,-0.8397076,-0.87137353,-0.8156824,-0.8669245,-0.8905076,-0.6832091,-0.70171845,-1.4527583,-1.9924619,-1.5377319,-1.1044819,-0.9939498,-0.6092857,-0.16822916,0.27402347,0.48196915,0.65743995,0.5010284,0.1436381,0.13491537,0.07018493,-0.18994617,-0.9449992,-1.642364,-2.1805868,-2.7504148,-2.955216,-2.93048,-2.7587252,-2.4960248,-2.3751888,-2.4068933,-2.4905176,-2.0543103,-1.2061512,-0.91871595,-0.6465947,-0.39218897,0.39215475,2.4342384,3.9288158,4.2382574,3.9735923,3.4125383,2.1385453,1.0192137,-0.03728056,-1.30562,-2.0554242,-2.2617493,-2.3158002,-2.374983,-2.2891984,-2.12801,-1.81723,-1.4768851,-1.5824902,-1.7333384,-1.771487,-1.747189,-1.724376,-1.7436093,-1.7206991,-1.6712668,-1.5899706,-1.4128916,-1.1884766,-0.862252,-0.24690619,0.046716645,-0.36477667,-0.89301103,-1.2897537,-1.5859202,-1.0077353,-0.55142444,-0.5889672,-0.7983544,-1.41218,-2.0800624,-2.1570005,-1.5910139,-1.4060196,-1.8834935,-1.8069937,-0.81210655,-0.26838028,-0.45250678,-0.8309442,-0.9981349,-1.0657598,-1.1138265,-1.1923994,-1.255147,-1.5385667,-1.8771102,-1.9939337,-2.15723,-2.272422,-2.3345842,-2.2626867,-2.3025353,-2.4345193,-1.7592255,-1.296901,-1.0231503,0.17201933,1.4885502,2.3433495,2.3721724,1.9180202,1.3836809,-0.0940413,-1.1121159,-1.3832321,-1.5104134,-1.8153288,-2.522207,-3.047728,-3.1132479,-2.978635,-3.2008212,-3.413525,-3.668269,-3.907374,-3.854255,-3.2779016,-3.1086216,-2.6861806,-2.2336323,-2.828087,-3.452519,-3.2623715,-3.1434417,-3.4402828,-2.9291377,-2.9021404,-2.8350756,-2.8553944,-2.8846943,-2.3853228,-2.3855848,-2.3857338,-2.385642,-2.3857746
-2.2837486,-2.3328905,-2.2839112,-2.3515108,-2.4520364,-2.5315099,-2.7081158,-3.0453324,-3.45813,-3.1936572,-2.9498363,-2.86054,-2.8149648,-2.6968293,-2.4052396,-2.066593,-1.8429337,-1.3192493,-0.94018936,-0.82290083,-0.78820586,-0.87817615,-1.0346574,-0.6915759,-0.6232488,-0.96881,-1.5299256,-1.6729689,-1.6964962,-1.4808627,-1.3878822,-0.995943,0.11845875,0.381674,0.3411803,-0.2498087,-0.90454006,-1.3687407,-1.8097683,-1.9080911,-1.8448113,-1.6982437,-0.81920564,-0.15245649,0.090839066,-0.4215948,-1.0267476,-1.0907905,-1.1616936,-1.5301585,-1.8079431,-1.8678123,-1.9271486,-2.0711493,-2.2535262,-2.6356864,-2.933998,-2.924848,-2.3857913,-2.0259461,-1.8178115,-1.2795609,-0.79827636,0.21795103,1.3889462,2.2494574,2.8470263,3.496337,3.9134474,3.6838822,3.0850668,1.6157515,0.14661953,-0.5660745,-0.94118947,-1.3596754,-1.4813904,-1.5397015,-1.5670965,-1.5968366,-1.6540709,-1.6894121,-1.6492592,-1.626898,-1.6060007,-1.6164526,-1.5944216,-1.5482764,-1.5000563,-1.4560935,-1.4668987,-1.530295,-1.2974343,-1.0285686,-1.5700102,-1.9617608,-1.7399483,-0.99791193,0.41393378,1.2144909,0.84247035,-0.113455884,-1.5141022,-2.6818326,-3.0860484,-3.007715,-2.2124496,-1.7490013,-1.2032403,-0.66766566,-0.7166263,-0.93017185,-1.041047,-1.2030196,-1.5655477,-1.7738386,-1.9277978,-2.169936,-2.2679918,-1.9691293,-1.8050798,-1.5319965,-1.4358561,-1.565053,-1.917916,-1.9254544,-2.1766717,-2.0800283,-1.7453638,-1.5227671,-1.3058321,-1.056273,-0.5048062,0.10674474,0.5977486,0.8726223,0.6704066,0.48182493,0.56088156,0.5823082,0.4468723,0.048593223,-0.30197787,-0.68392396,-1.2893306,-2.0785208,-2.5141923,-2.7678099,-2.84683,-2.5678942,-1.8237247,-1.2244369,-0.76686317,-0.49426842,-0.7910711,-0.9201341,-0.7961568,-1.1819772,-1.6622912,-1.8206987,-2.0441022,-2.184809,-2.4177387,-2.4510088,-2.916141,-2.9170623,-2.9171886,-2.9171383,-2.9172268
-1.5023793,-1.5513437,-1.5706177,-1.5751042,-1.50683,-1.4503689,-1.3972833,-1.4640752,-1.9159216,-1.5792772,-1.0280002,-0.99558556,-0.86802685,-0.7547548,-0.07084595,-0.006716788,-0.07633369,0.32765496,0.7522935,1.0076011,1.3001437,1.11596,0.78040236,0.4386029,1.3372676,2.63013,4.1773877,5.721512,6.5294323,7.641241,8.04093,8.080494,6.40579,4.0016603,2.385595,2.023133,1.8843584,1.9014813,2.0341008,2.1370645,2.4046814,2.4134278,1.9311042,1.659131,1.4986969,1.437244,0.55759656,-0.46328664,-1.043864,-1.691734,-1.9634054,-1.9616129,-1.9871991,-1.8053182,-1.6126904,-1.6864675,-1.9328461,-1.7946922,-1.7429912,-1.724637,-1.6510617,-1.6811326,-1.6345434,-1.4301461,-1.1185308,-0.8526743,-0.68220806,-0.7383367,-0.8704927,-0.8212347,-1.0879314,-1.1321926,-1.2436738,-1.3659298,-1.4128896,-1.4270848,-1.307062,-0.991278,-0.5685047,-0.04218325,0.435176,1.0383537,1.687844,1.9405799,2.288959,2.5264287,2.6347222,2.7835953,2.9621835,3.3124409,4.0948544,6.083521,7.913299,8.941626,9.028143,8.8240595,8.263195,6.882777,3.72023,1.3088902,1.2057916,0.47318298,-0.9070165,-1.460364,-1.4084685,-1.1979268,-0.9180269,-0.75296843,-0.20919678,0.3361228,-0.024031721,-0.24573126,-0.3251388,-0.5091725,-0.46386933,-0.51294994,-0.98700535,-1.5052763,-2.0957701,-2.6018057,-2.714914,-2.7154334,-2.5686312,-2.3960962,-2.1536846,-2.2303774,-1.8757621,-1.9307095,-1.9643571,-1.9341583,-1.8373276,-1.1133245,-0.5478236,-0.32985207,-0.42360187,-0.6851718,-1.2579,-1.6167336,-1.5744631,-1.2165742,-0.617289,0.1770071,0.557404,0.3647106,-0.11630863,-0.6728128,-0.9148744,-0.9928472,-0.6739775,-0.2281017,0.26601422,0.10874888,0.1848655,1.0347036,1.6111925,1.6311669,1.3655722,1.1551859,-0.053450152,-1.1759864,-1.6507549,-1.5702184,-1.3846661,-1.3194056,-1.0994121,-1.0986102,-1.0985122,-1.0985625,-1.0984707
-1.2705724,-1.3546594,-1.3773313,-1.4463823,-1.4944079,-1.498999,-1.6129272,-1.8721039,-1.9045188,-1.6292317,-1.3444661,-1.0637199,-0.85821974,-0.5972051,1.4125314,5.0331683,6.818507,7.646505,7.9251833,7.9897227,8.040568,7.822936,7.1418543,6.346023,5.5790515,4.673362,3.272758,1.9046695,1.1164831,0.91963446,0.9562141,1.4404628,2.2687464,2.5160656,2.2977958,1.4909182,0.7496871,0.15150653,0.07028621,0.7158788,2.397825,5.1196175,7.4128747,7.629099,7.5587196,7.343011,6.3303165,5.1435018,3.551446,1.4403583,0.23435195,-0.35710967,-0.448845,-0.5408271,-0.61993146,-1.2206826,-1.8713573,-2.5748577,-2.7314405,-2.5593061,-2.5280344,-2.4423864,-2.485848,-2.1822972,-1.3871715,-0.6303083,0.08343719,1.1349494,2.708768,3.0712118,2.72035,1.6029737,0.6895107,0.42296088,0.21487677,0.1394425,0.40999943,1.6958499,3.5557356,5.990475,7.0939417,7.5896053,7.8341722,7.93834,8.026339,8.12125,8.209196,8.271934,8.201499,8.017382,7.8263383,7.2029943,5.7411017,3.0407488,0.9368787,0.0087190885,0.01943852,0.26789832,1.1500015,1.4497159,0.6563963,-0.26836634,-1.1778924,-1.7121216,-1.5299201,-1.2156076,-0.45595172,-0.029645652,0.8497728,1.8176125,1.8929479,1.6176655,1.2694619,0.7463406,-0.016483158,-0.4331724,-0.8671249,-1.4336685,-1.5906633,-1.5497646,-1.4505082,-1.143071,-0.86317503,-0.6791465,-0.8349023,-1.068371,-1.6484123,-1.9640661,-1.7805727,-1.69527,-1.4812199,-1.1262813,-1.0909353,-1.0667655,-0.71777457,-0.25490275,0.4403522,1.0785236,1.5955833,1.8804107,1.998291,1.7809784,1.2361547,0.3374886,-0.5320916,-1.1512516,-1.3571985,-1.4664102,-1.5638211,-1.5771725,-1.5740743,-1.4793584,-0.6140268,-0.07856189,-0.38755193,-0.68463,-0.93193406,-1.5925419,-2.0536494,-2.3332887,-2.063016,-2.0134497,-2.073253,-2.1633327,-2.2950242,-2.2938833,-2.293634,-2.2937946,-2.2935205
-2.7592707,-2.7754662,-2.7592497,-2.8065958,-2.8595576,-2.9033098,-2.919888,-2.6898065,-2.422025,-2.7975197,-3.056501,-3.0929415,-3.016645,-3.026945,-3.347598,-2.8687992,-2.2400827,-2.1466398,-2.2983482,-2.606605,-2.9931917,-3.4138703,-3.3885171,-2.6146073,-2.4224806,-3.1315503,-4.6409793,-4.7601795,-4.336847,-3.6791456,-3.5246687,-3.2934203,-1.83901,-1.0080678,-0.9340646,-2.1221387,-2.9371626,-3.206262,-2.730368,-2.4039838,-2.2802324,-2.1620514,-1.9349915,-1.8927681,-2.0532627,-2.6157565,-3.3758736,-3.732588,-3.7396312,-3.4431934,-3.029902,-2.7188332,-2.729195,-2.9963923,-3.2275062,-3.3761573,-3.442203,-2.7838354,-2.4849002,-2.2235444,-2.05205,-1.812557,-1.7954304,-1.9544604,-1.8006966,-1.2998632,-0.9184223,-0.8638742,-0.973572,-1.468231,-2.1968093,-3.0485349,-3.2618747,-3.1925817,-3.0928378,-2.9214997,-2.8588104,-2.9677033,-3.1503482,-3.0593905,-2.7960677,-2.558683,-2.5045938,-2.4686966,-2.475515,-2.5097013,-2.5268373,-2.5360184,-2.4961953,-2.4083638,-2.3695543,-2.7216444,-3.5864499,-3.980596,-3.6764815,-3.5901089,-3.8062463,-3.8417342,-3.5249333,-3.1147943,-3.254745,-3.655517,-3.8176613,-3.4429803,-2.9848256,-2.763929,-2.6933527,-2.912842,-3.2164018,-2.8145454,-2.4432032,-2.5212784,-2.7630136,-2.9844837,-2.878783,-2.7958927,-2.927092,-3.052127,-2.809485,-2.003168,-1.7393459,-1.6451063,-1.8470247,-2.1951559,-2.3165812,-2.5458264,-2.561483,-2.2941878,-2.1785133,-2.0173626,-1.7946856,-1.8653704,-1.8193288,-1.668161,-1.9021242,-2.0772386,-1.9007251,-1.6176245,-1.481457,-1.2974095,-1.2254182,-1.6857316,-2.286811,-3.0304117,-3.2357564,-3.0267458,-2.8439288,-2.697442,-2.556419,-2.4825048,-2.4874108,-2.6541452,-2.0862525,-1.1331762,-1.2605966,-2.2734811,-3.4571018,-3.7606869,-3.0411172,-2.090894,-1.6841534,-1.6485312,-1.6509308,-1.7645404,-2.6306586,-2.6320453,-2.6322508,-2.632143,-2.6323285
-1.746757,-1.7395332,-1.745125,-1.6674436,-1.5106742,-1.4245329,-1.0044763,-0.44001466,1.0567348,2.3646073,3.422834,4.062038,4.3214617,4.5028696,4.487904,4.167657,3.1858742,2.000018,1.2397935,1.026858,0.6197999,0.1360108,-0.6902761,-1.674609,-1.9647783,-1.8300982,-1.277113,-0.5363865,-0.25811282,-0.28552392,-0.3749822,-1.0092227,-2.2088616,-2.3943996,-1.3223262,0.36595437,1.0412993,1.5961988,1.9780493,1.8123019,1.4714758,0.9266034,-0.50540274,-1.1412144,-0.9736041,-0.6402865,-0.74598634,-1.0093405,-0.82746387,-0.5445666,-0.60664505,-0.72961825,-0.88786924,-0.992656,-1.16731,-1.2318839,-1.2016393,-1.4288591,-1.3712296,-1.3815947,-1.4024394,-1.4712431,-1.43526,-1.5337055,-1.7943258,-1.8963045,-2.080647,-2.522711,-2.776377,-1.9987364,-1.2018931,-0.57952785,-0.19039035,-0.0086626895,0.11062719,0.2030202,0.13190618,-0.20400149,-0.64448047,-1.229048,-1.5858405,-1.8429089,-2.021608,-2.1011913,-2.125734,-2.1401432,-2.164622,-2.202981,-2.252624,-2.2601073,-2.1434724,-1.5765839,-1.00488,-0.6110582,-0.18765336,-0.39460903,-0.99471223,-1.5708196,-1.9604015,-1.8579632,-1.255449,-0.5357306,-0.14967969,0.17437178,0.22040635,0.094787836,-0.22342288,-0.25166637,-0.84224,-1.9031801,-2.1282456,-1.8864411,-1.5798845,-1.496424,-1.266984,-1.2715061,-1.1502602,-0.70560765,-0.48030734,-0.5987179,-0.7314504,-0.98299515,-1.1799061,-1.3182759,-1.4926261,-1.4767685,-1.4283969,-1.511344,-1.6965067,-1.7055894,-1.822854,-1.8134103,-1.56778,-1.3496362,-1.3624483,-1.7077205,-2.3313994,-2.9333074,-3.1350312,-3.0515103,-2.7584927,-2.1708155,-1.6020575,-1.2536359,-1.2727196,-1.124368,-1.0142506,-0.9554501,-1.1451511,-1.529044,-2.1060042,-2.3181083,-2.1555436,-1.4207585,-0.45638698,0.44051602,0.7636707,0.9689324,0.4133291,0.24050453,-1.695232,-2.1526175,-2.5273275,-2.392912,-1.1065288,-1.1051224,-1.1050212,-1.1050676,-1.1049746
-3.8378587,-3.7941942,-3.7727206,-3.755314,-3.790008,-3.8103824,-3.7825065,-3.6638737,-3.2153654,-3.1293468,-3.4151013,-3.5911899,-3.6058607,-3.596714,-3.7600622,-3.7711568,-3.6609948,-3.5979342,-3.6298833,-3.6771839,-3.7332797,-3.5766277,-2.8999188,-2.0381234,-1.774215,-1.9467332,-3.0299082,-3.7460032,-3.8530712,-3.8849924,-3.9041147,-3.6996918,-2.4069388,-2.0479815,-2.447136,-3.0961738,-3.4441435,-3.704265,-3.938443,-3.944437,-3.957738,-3.8486986,-3.4558077,-3.3738837,-3.5828495,-4.237649,-4.6190743,-4.5500994,-4.418667,-4.179616,-4.0065174,-3.918826,-3.8477645,-3.7845771,-3.7639031,-3.6557643,-3.681376,-3.5852098,-3.247183,-2.9847994,-2.7462046,-2.2578409,-1.6526402,-0.78576374,0.41038886,1.3776472,2.275589,3.317102,3.5393963,2.624875,1.1653017,-1.1895695,-2.5939279,-3.0854015,-3.2932467,-3.4381108,-3.4994607,-3.6643167,-3.8496666,-3.9697626,-4.0297666,-4.067459,-4.20796,-4.2722588,-4.3377533,-4.392353,-4.3693814,-4.333109,-4.3109093,-4.37486,-4.626708,-5.2282934,-5.4765577,-5.136872,-5.0307612,-4.8491592,-4.3964777,-3.5982165,-2.498285,-2.1954432,-2.7516425,-3.021724,-3.2803373,-3.6345162,-3.898853,-4.1314282,-4.113319,-3.9706511,-3.397474,-2.6826615,-2.2853541,-2.1213973,-2.1148405,-2.4185905,-2.872995,-3.0121844,-2.85876,-2.5498147,-2.7431936,-2.643743,-2.586582,-2.433898,-2.305429,-2.3219743,-2.2500255,-2.5555053,-2.8599157,-2.66402,-2.2803392,-2.0503488,-1.5067985,-1.253834,-1.2209698,-1.0483271,-0.9097595,-0.6233461,-0.20713693,0.23082292,0.51349103,0.47152296,0.022499561,-0.7926727,-1.3673254,-1.9979911,-2.6720903,-3.1076455,-3.2414289,-3.295619,-3.2156527,-2.9309678,-2.159607,-1.4012028,-1.2441989,-1.5787613,-1.8149359,-1.8528328,-2.5022562,-3.7500396,-3.695706,-3.5844827,-3.5144176,-3.6427069,-3.8064983,-3.8560238,-3.9857557,-3.9865556,-3.9867516,-3.9866264,-3.9868155
-2.1183045,-1.9982795,-1.9108927,-1.8295474,-1.8400636,-1.8538277,-1.7555009,-1.6067646,-1.6115676,-1.7795833,-2.073158,-2.3044856,-2.223132,-2.0968876,-2.1600103,-1.3930584,-1.114286,-1.2348659,-1.4460678,-1.7772473,-2.1262305,-2.3482237,-2.028092,-0.7044745,-0.013209969,-0.2634955,-1.2203453,-1.8409662,-2.0838826,-2.1787663,-2.3297434,-1.9560959,0.37071863,2.036817,2.4663808,1.5147135,0.5258236,-0.14005876,-0.4288348,-0.39128023,-0.260633,0.19726752,0.6861854,0.84985775,0.84200007,0.11059626,-1.0951295,-1.6264819,-1.8674242,-2.0819783,-2.2022974,-2.2763698,-2.3702192,-2.52575,-2.7292502,-2.9489367,-3.130486,-2.6498122,-2.3882463,-2.1542914,-1.9000409,-1.4025216,-1.093588,-0.7858324,-0.08239484,0.83850807,1.6510137,2.1978369,2.5474668,2.2021565,1.1123999,-0.50982773,-1.3955337,-1.7356684,-1.8399783,-1.9640341,-2.0583794,-2.2038782,-2.3702896,-2.3058622,-2.1403067,-1.9443705,-1.8611529,-1.8354185,-1.8220105,-1.8732252,-1.8543457,-1.8155576,-1.7191055,-1.5799216,-1.5342691,-1.681329,-1.7974952,-1.8498762,-2.183226,-2.464399,-2.6500335,-2.68083,-1.809714,-1.2322578,-1.6785362,-2.4226403,-2.7143521,-2.397385,-2.2316792,-1.9236887,-1.4197745,-1.5388799,-1.7863047,-1.4784716,-1.0633078,-0.9185678,-0.99190193,-1.344312,-1.5992842,-1.6832658,-1.9076706,-2.2487164,-2.4278073,-1.9078529,-1.7451916,-1.6061093,-1.5517539,-1.6203015,-1.7122347,-2.2568095,-2.4178405,-2.2482028,-2.0256672,-1.6754931,-1.5735981,-1.767261,-1.5602343,-1.2433364,-0.9571805,-0.65346515,-0.47983852,-0.22230473,0.013761938,0.16439646,0.16795385,-0.29753652,-0.93043804,-1.7476366,-2.024399,-2.0291364,-2.115387,-2.1530821,-2.0828643,-2.0595922,-2.174094,-2.598028,-1.759506,-0.9906179,-1.1444207,-1.5893831,-1.8531395,-2.1881065,-2.1570075,-1.7868457,-1.9091046,-1.945752,-2.0844138,-2.178134,-3.6533403,-3.6541774,-3.654237,-3.654233,-3.6542609
-2.8406289,-2.824082,-2.8662777,-2.9144,-2.9754868,-2.9772651,-2.9534037,-2.7379322,-2.3088167,-2.0528922,-2.2356594,-2.4304342,-2.2764754,-2.214435,-2.276183,-1.3859777,-0.6761253,-0.50899965,-0.6306977,-0.91319275,-1.1756866,-1.1662319,-0.26596004,0.9854163,1.2133892,0.63579816,-1.4535406,-2.6194935,-2.599691,-2.20014,-1.926137,-1.0074055,1.3917457,2.307746,2.1721911,0.86015326,-0.12150283,-0.787636,-0.93827975,-0.8112127,-0.7939546,-0.63470393,-0.27599362,-0.052151084,-0.19569358,-0.8411677,-2.17143,-2.9111705,-3.1276324,-3.0239627,-2.7352595,-2.55275,-2.5541954,-2.6694908,-2.7601335,-2.5225148,-2.1521788,-0.913118,-0.75759983,-0.6114708,-0.40607765,-0.31761009,-0.4459641,-0.51726943,-0.06599563,0.6124205,1.3628244,2.0325375,2.5435143,1.7640045,0.16054684,-1.7272766,-2.4378908,-2.629042,-2.6758177,-2.6483812,-2.6573024,-2.6087894,-2.322275,-1.3286488,-0.48120517,0.12539324,0.25094754,0.24930163,0.18950537,0.08612752,0.052256607,0.032426603,0.09211124,0.17118022,0.067343965,-0.65266716,-1.7693706,-2.6868346,-3.0536742,-3.4120855,-3.5308394,-3.1295638,-2.31187,-1.7762439,-1.9837847,-2.5787652,-3.1002252,-3.0571218,-2.8331742,-2.6789596,-2.2372248,-1.8528306,-1.3348334,-0.80458313,-0.51286066,-0.5504723,-0.7133409,-0.96262366,-1.1463314,-1.1602881,-1.5672426,-2.1217167,-2.2770162,-1.7809694,-1.5593987,-1.3827823,-1.3854406,-1.4949535,-1.6336665,-1.6263674,-1.2527845,-0.85436755,-0.60842586,-0.32800922,-0.59805053,-1.0319885,-1.1409224,-0.8676476,-0.8706718,-0.6469645,-0.20253572,0.54953045,1.1054913,1.4011635,1.3882477,0.7302983,-0.21425398,-1.3249147,-1.9216797,-2.1950088,-2.1730137,-1.9862907,-1.661391,-1.2708311,-0.6929511,0.0783048,1.17129,0.8917058,-0.01739332,-1.2967777,-2.634604,-3.552537,-3.29569,-2.8590999,-2.267202,-2.2045288,-2.1115923,-2.2684598,-3.2342265,-3.2349777,-3.2351289,-3.2350292,-3.2351842
-0.82399374,-0.8784047,-0.9757259,-0.99119604,-1.0303504,-1.0957472,-1.0546885,-0.9241618,-0.91399837,-1.2042531,-1.6548858,-2.1274993,-2.0831962,-2.052723,-1.673023,-0.7968292,-0.6517637,-0.8704198,-1.2094842,-1.4999075,-1.8211784,-2.0649695,-1.9799742,-1.620961,-1.5166112,-1.809965,-2.1433792,-2.350421,-2.5606978,-2.4481516,-2.411807,-2.4295163,-1.1168624,0.046544015,0.25955963,-0.49165606,-1.0852952,-1.3702073,-1.3255455,-1.009026,-0.5762798,-0.1773219,-0.14762437,-0.2618273,-0.50377977,-0.8825784,-1.2806315,-1.4262707,-1.6832752,-2.0348353,-2.2355895,-2.2794707,-2.2757277,-2.2328782,-2.2250743,-2.368404,-2.3122044,-1.8484651,-1.8428689,-1.899745,-1.794625,-1.94029,-1.9939752,-1.4978456,-0.5912114,0.68473834,1.6870503,2.2122955,2.2373557,1.6330161,0.53622675,-0.96199596,-1.9355465,-2.271347,-2.4159207,-2.571479,-2.6607823,-2.7305222,-2.521288,-1.98731,-1.7215786,-1.6785543,-1.8821179,-1.9986165,-2.1467936,-2.273955,-2.3184087,-2.3287184,-2.2624772,-2.1454592,-2.1210103,-2.0984917,-1.743169,-1.7690282,-1.9379433,-1.9589485,-1.6934385,-1.2002909,-0.31710112,-0.09956734,-0.88246834,-1.7241411,-2.4022312,-2.7626078,-2.8947031,-2.5782652,-1.8366623,-1.4632167,-0.6760069,-0.2530609,-0.32192713,-0.4361146,-0.35379764,-0.36033216,-0.83981204,-1.256464,-1.453859,-1.2753485,-1.2660977,-1.3020415,-1.225644,-1.2248573,-1.3841565,-1.6250045,-1.768091,-1.5868433,-1.7313961,-1.8219799,-1.8045679,-1.8242414,-1.9371448,-1.8523774,-1.5390626,-0.88873154,-0.56260055,-0.25914308,-0.15986991,-0.2499016,-0.29269215,-0.34068146,-0.5504621,-1.1324806,-1.5455204,-1.7116997,-1.799151,-2.014326,-2.2731185,-2.6237962,-2.9917932,-3.0398574,-2.48367,-1.6864133,-0.91676784,-0.90110004,-1.5761471,-2.0008373,-1.3623737,-1.3720872,-1.4887824,-1.4332916,-1.5905352,-1.56265,-1.5613083,-1.5534511,-0.3858837,-0.3859798,-0.38614467,-0.3860094,-0.3861954
3.5480325,3.488195,3.4804125,3.401042,3.2897816,3.2120473,2.7448726,1.7845078,0.09177219,-0.39460218,0.020317912,0.023643851,0.06807411,0.06264573,-0.25378966,-1.1370677,-1.2703049,-1.1753241,-1.0744282,-0.89354336,-0.6443108,-0.564731,-0.26554862,-0.50142527,-1.6551417,-2.3543262,-2.54601,-1.904902,-1.6700323,-1.2335628,-0.75617695,-0.5936618,-1.0760971,-1.6229241,-2.4627576,-3.1751413,-3.172481,-2.8636801,-2.4222226,-2.193945,-2.115606,-2.1281598,-1.5986062,-1.6174353,-1.8792325,-2.3253732,-2.7250183,-2.5189714,-2.1555817,-1.4310696,-0.92189455,-0.8066585,-0.7876047,-0.73979187,-0.75645876,-0.9541714,-0.93647563,0.15718736,0.6832626,0.71618176,0.6002884,0.25692806,0.06821423,0.08193099,-0.26324937,-0.5368638,-0.7598651,-0.89015174,-1.2219123,-1.8721449,-2.4895625,-2.3178182,-1.5287929,-0.988701,-0.6739928,-0.2226906,0.17984435,0.5010198,0.3951965,-0.13207,-0.5800073,-1.0804152,-1.3783786,-1.4266913,-1.4438695,-1.3983972,-1.377192,-1.3917923,-1.4868653,-1.650392,-1.900892,-2.46079,-2.3664713,-1.4596493,-0.26043123,1.2898505,2.8239648,4.15989,4.6923356,3.4659047,1.3691938,-0.8358617,-0.99801075,-0.06222546,0.74336135,1.1084708,-0.004764229,-0.53723335,-1.0788879,-1.5450473,-1.5504216,-1.4951298,-1.4885955,-1.2377472,-0.9904738,-1.2237929,-1.5975258,-1.5560683,-1.1787142,-0.76130754,-0.7005266,-0.8654293,-1.1445076,-1.3941003,-1.6551191,-1.267872,0.296503,0.5874167,0.45579252,0.21856987,-0.093709886,0.04679641,0.33451825,-0.08355117,-0.8519011,-1.2896568,-1.2635701,-0.9462449,-0.82273686,-0.8357983,-1.1138955,-1.7306731,-2.1340272,-2.2615063,-1.8984888,-1.1195118,-0.42768383,0.03876461,0.3713134,0.35223103,-0.16671552,-0.5935155,-1.317092,-2.2397451,-2.7815742,-3.0996609,-2.925551,-1.5660427,-0.5725374,0.39214826,1.3893965,1.493238,1.9121478,2.0578833,2.9117033,2.9116561,2.9115832,2.9116485,2.9115648
-0.6916522,-0.7554516,-0.7728934,-0.85231185,-0.84830225,-0.8767209,-1.009228,-1.0932325,-1.5049541,-1.8072208,-1.5617752,-1.0109247,-1.072828,-0.9834659,-0.7760585,-0.8886944,-1.0065305,-1.0145867,-1.0676574,-1.052491,-1.2924422,-1.3122864,-1.8312662,-2.6289375,-2.9517822,-2.7630734,-1.7234689,-1.2993397,-1.2177085,-1.3491186,-1.3099393,-1.3140581,-2.4694226,-3.0129738,-2.841996,-2.5471861,-2.2877142,-1.9323037,-1.8274397,-1.7991536,-1.8390746,-2.004939,-2.0238485,-1.1294264,0.3784983,3.4942074,6.3103228,6.778146,7.2848244,8.114929,8.41146,8.369913,8.263943,7.974062,7.5235534,6.585766,4.6017365,1.2843157,-0.02682062,-0.8073895,-1.4258623,-1.7704442,-1.8677224,-1.8683717,-2.2068849,-2.9045599,-3.526611,-3.5395303,-1.1349218,2.0101247,4.7725506,6.993678,8.113867,8.467474,8.713945,8.904699,8.855956,8.596383,8.244131,7.531199,6.691658,5.5277896,4.185241,3.4814677,2.8878436,2.4913058,1.9616756,1.3196412,0.7798018,0.33735973,0.008491799,-0.3769059,-0.77259964,-0.88455397,-0.3677928,0.49254984,0.72097754,0.40346637,-0.5010676,0.09239943,2.9588807,7.6907625,10.597729,11.397562,11.581596,11.524961,10.507291,9.333303,6.5571914,0.84217167,-1.9835234,-2.8707023,-2.8777194,-2.2968156,-1.2593611,-0.21666889,0.8954319,1.3853191,2.619958,3.502444,3.3536592,2.7649746,2.0544877,1.6946741,1.7693722,2.0645583,0.18009606,-0.6664544,-1.2853665,-1.602548,-1.4277331,-1.5221424,-1.7171717,-1.8419485,-1.8641858,-2.0211325,-2.1391401,-1.9012043,-1.405428,-0.882076,0.3997723,3.3917277,5.7224746,7.8990393,9.571093,10.914459,11.495626,11.746882,11.545418,11.001377,9.556011,7.131424,2.0725389,-1.4561536,-1.8297492,-1.726541,-1.080614,-0.32043058,-0.3879848,-0.6426507,-1.0751119,-1.3622831,-1.7527167,-1.63813,0.2958002,0.29638532,0.29652047,0.2964456,0.29656762
0.089778185,0.14765215,0.2760821,0.37245962,0.44629776,0.37686557,0.23434831,-0.066254675,-0.5195638,-0.82014,-0.59671944,-0.25907457,-0.12319435,-0.2833171,-1.0479302,-2.1386428,-2.4055295,-2.4945748,-2.4383328,-2.27911,-2.1036663,-2.0401182,-1.602591,-1.1535369,-0.43552995,0.6113101,2.2664514,2.6849966,2.7572813,1.6848211,1.0771532,-0.2941524,-2.4223528,-3.0505977,-2.8722615,-1.9830258,-1.416136,-1.1571686,-1.0831234,-1.4841907,-2.0876908,-2.8253915,-3.0346437,-3.0390265,-3.016909,-2.9467895,-1.8900841,-1.1433526,-0.92390287,-0.7151661,-0.34761053,-0.023721755,0.8736053,2.476653,3.7556615,5.7073765,7.316221,7.976645,8.148292,8.304259,8.32645,8.446158,8.089815,6.933745,5.5683384,3.9568858,1.8191615,-0.06934619,-2.338202,-3.0038037,-2.7261648,-2.233985,-1.8419571,-1.5842154,-1.4879786,-1.4918776,-1.570751,-1.8544717,-2.3675091,-3.1072052,-3.4386315,-3.6069803,-3.5606315,-3.468782,-3.3965116,-3.309391,-3.263962,-3.2118325,-3.2001908,-3.2375646,-3.2999587,-3.2059772,-2.8511155,-2.4223382,-1.9561926,-1.8552482,-2.1247368,-2.3749752,-2.265246,-2.1217198,-2.0617065,-1.5129157,-1.0586154,-0.8374845,-0.84646225,-1.2497027,-1.7879021,-2.049634,-2.134687,-0.080181,2.8136723,5.687467,7.7534637,9.500719,10.188412,10.066484,9.22017,7.5282235,3.690117,0.6326778,0.3278789,0.5401304,1.3214242,2.40848,5.8593216,8.958745,10.088179,10.164324,10.267256,10.350322,9.710058,8.017168,6.0773363,3.6332812,1.6075466,0.3537353,-0.76166457,-1.4180858,-1.9516077,-2.362463,-2.6853604,-2.7016125,-2.3882008,-1.8505402,-1.4723425,-1.1376958,-0.98173475,-0.91181207,-0.87845063,-0.92760074,-1.2061888,-2.0272908,-2.975421,-2.693361,-2.1511548,-1.4713943,-1.1827651,-0.5563364,-0.11559805,0.08954385,0.49042898,0.771412,1.1223121,1.1223682,1.0698978,1.0697902,1.0697768,1.0698166,1.0697559
-2.4026847,-2.2879434,-2.1525826,-2.084139,-2.026928,-2.0363803,-2.2573628,-2.549112,-2.861823,-2.9332666,-2.6663146,-2.1151445,-1.9499142,-1.980468,-2.3127599,-2.929019,-3.009933,-2.9554672,-2.803531,-2.621879,-2.5780659,-2.7626462,-3.287531,-3.779437,-4.0623307,-3.8845816,-2.875679,-2.2958927,-2.4284458,-2.8778574,-2.87962,-3.2184625,-3.973577,-4.0112634,-3.7903254,-3.4853516,-3.2289026,-3.036942,-2.9141746,-3.087346,-3.4222014,-3.6147118,-3.730325,-3.8421721,-3.813037,-3.5420866,-2.3681567,-1.374006,-0.873103,-0.377529,0.015068084,0.089912415,0.085014105,0.008259356,0.05174446,0.4212652,0.7500395,1.0771406,1.339285,1.4315016,1.3677863,1.4313293,1.1418002,0.45336968,-0.21700725,-1.0689402,-2.1816535,-3.1840615,-3.8592153,-3.5952654,-2.9628592,-2.1000214,-1.3226773,-0.8287773,-0.7305008,-0.61610925,-0.5797868,-0.82815444,-1.368253,-2.2288532,-2.585385,-2.8186872,-2.9101586,-2.9307542,-2.965626,-2.937389,-2.9743495,-2.9974346,-3.0379415,-3.1059732,-3.1460016,-3.1541915,-3.1573362,-3.4158058,-3.3808637,-3.228251,-2.9775307,-2.6889734,-2.7074907,-2.9007282,-2.7835574,-2.0810199,-1.5389698,-1.3686928,-1.6470057,-2.357519,-2.8012261,-2.7197824,-2.8174453,-2.8435328,-2.1970227,-1.3446695,-0.7691568,-0.1390052,0.31720158,0.5224541,0.83432144,1.2960598,0.8637011,0.28972363,0.10091537,-0.3289246,-0.57768536,-0.5819735,0.38691235,1.1266556,1.6403539,1.6514287,1.4816551,1.2965736,0.72956336,0.23845866,-0.26954123,-1.0939996,-1.7207175,-2.1744785,-2.548129,-2.884494,-3.2046533,-3.4545908,-3.6195283,-3.3957257,-2.9231777,-2.255794,-1.8607646,-1.5581496,-1.5344617,-1.5069369,-1.7290219,-2.0858681,-2.4113624,-2.5252185,-3.067097,-3.098672,-2.5179338,-1.5526092,-0.881726,-0.6886642,-1.0098305,-1.8026307,-2.178528,-2.295268,-2.2589884,-2.112759,-2.046069,-2.0455155,-2.0454845,-2.045475,-2.0454695
-1.7162278,-1.6492796,-1.6173655,-1.593204,-1.568579,-1.5321903,-1.3728817,-1.1960937,-1.1357446,-0.872781,-0.37847224,-0.36332676,-0.11927895,0.039225757,-0.04692915,-0.77203786,-1.3203349,-1.9524026,-2.2429764,-2.2542298,-2.25971,-2.513829,-2.490864,-2.5790052,-3.3688436,-3.650787,-3.3341005,-2.3885515,-1.8602076,-1.1725416,-1.0875218,-1.174984,-1.7505057,-2.5327783,-3.581881,-3.6692424,-3.063529,-2.3076766,-1.7284917,-1.7206433,-1.6217971,-1.5864333,-1.3966072,-1.8553753,-2.156971,-2.3578904,-2.7360945,-2.7510428,-2.8949347,-2.9103765,-2.9861922,-3.1628714,-3.4267626,-3.7504325,-3.903821,-3.7380056,-3.1753697,-2.2126312,-0.3956235,0.034876764,0.33372954,0.82852745,2.3577914,5.073435,6.1286087,6.376416,6.1177626,5.114362,1.6429443,-1.2200624,-2.7917128,-2.884365,-2.468711,-2.140119,-1.9107103,-1.5779405,-1.3228974,-1.1084478,-1.227784,-1.5663977,-2.019145,-2.5460465,-2.9446177,-3.055667,-3.036591,-3.023338,-3.0176291,-3.0169208,-3.0723085,-3.1181216,-3.0319324,-2.7134118,-1.9169223,-0.80287486,-0.46361578,-0.4806608,-0.7624072,-1.0429392,-1.4270871,-1.8959101,-2.4324543,-2.8425527,-2.312275,-1.7367585,-1.2679832,-1.0650771,-1.521847,-1.9915056,-2.7933402,-3.3683472,-3.033637,-2.7292979,-2.6188576,-2.3860545,-2.1668637,-2.10352,-2.0813663,-1.8863896,-2.2838058,-2.7634938,-3.0298414,-3.514887,-3.8392339,-3.8624792,-3.9386778,-2.962108,-1.4827647,0.11460455,1.263751,2.050601,6.2835608,9.098684,10.103274,10.607147,10.4431715,9.775437,8.702367,7.0472646,5.148561,3.32515,1.1322352,-1.0794348,-2.151576,-2.1554046,-1.7685225,-1.5690982,-1.3201208,-1.1169419,-0.7666478,-0.4389331,-0.18396655,-0.4854705,-1.4687711,-2.834522,-3.4719718,-3.5314894,-3.6284833,-3.1159747,-2.9664304,-2.6940846,-2.4433408,-2.6162949,-2.723474,-2.7190804,-2.0804682,-2.0815835,-2.081776,-2.0816708,-2.081857
-2.1775522,-2.1966302,-2.210518,-2.2638333,-2.3578115,-2.4299455,-2.588046,-2.666001,-2.221043,-1.8542042,-1.8351692,-1.7251625,-1.5170698,-1.4539404,-1.041012,0.6010297,1.7485125,2.5301566,2.8318582,2.687627,2.576616,2.3044035,2.1127315,2.2964644,2.3232558,1.9522972,0.87466955,-0.3909076,-0.8426207,-0.80916643,-0.7441111,-0.33866256,1.0119202,1.8328624,1.9454992,1.1878294,0.55922365,-0.15866953,-0.5313107,-0.40294147,-0.19009686,0.9509665,2.9109545,3.747849,3.7596571,3.2306921,2.210199,1.1554375,0.08042277,-1.0814654,-1.5741756,-1.669698,-1.6382339,-1.6871738,-1.7580066,-1.9614224,-2.202232,-2.2935948,-2.240565,-2.0569575,-1.979819,-2.041764,-2.2860942,-2.3127742,-2.076191,-1.7217065,-1.1556118,-0.40049517,0.45823961,0.40608683,-0.0042332485,-0.84049547,-1.4123428,-1.568826,-1.6581572,-1.7280812,-1.6930956,-1.3376955,-0.7051327,0.446104,1.2803125,1.9334741,2.3562326,2.552392,2.6589293,2.7044387,2.8048348,2.9345274,3.0314746,3.0989053,3.097063,2.6536717,1.1289158,-0.80747104,-1.9170125,-2.3494437,-2.3236463,-1.9907914,-1.3020356,-0.7331586,-1.0528328,-1.155853,-1.8127135,-2.4442568,-2.4856787,-2.2470176,-1.2121834,-0.825678,-0.33218563,0.42213526,0.5639289,0.32678992,0.11082424,-0.27982923,-0.7386203,-0.7145035,-0.9057098,-1.5302484,-2.1597483,-2.0201807,-1.7487979,-1.2286788,-0.8609185,-0.7622238,-1.0822989,-1.6074152,-1.9185829,-1.7962317,-1.5862746,-1.4175705,-1.0158765,-1.0462415,-1.3841584,-1.5739077,-1.508848,-1.2682024,-0.77667856,-0.27065855,0.1017963,0.34123674,0.48785663,0.34748933,-0.07654597,-0.7888515,-1.6546313,-2.4435546,-2.7780094,-2.9478056,-3.1569822,-3.2635007,-3.213986,-2.5948756,-0.73209107,0.2898005,0.07478723,-0.4950068,-1.3850851,-2.6073499,-2.662551,-2.8284082,-2.8612633,-2.7981443,-2.7078202,-2.8327453,-3.5999033,-3.6005073,-3.6005483,-3.6005378,-3.6005578
-4.2999578,-4.2021823,-4.1484127,-4.1014075,-4.045652,-3.9960468,-3.9913545,-3.948895,-4.00145,-4.0881543,-3.775005,-3.211787,-2.9864888,-2.8516052,-2.9040704,-3.1812968,-3.185914,-3.3091812,-3.3913205,-3.3979213,-3.520792,-3.8070748,-4.2641935,-4.749153,-5.172733,-5.2133203,-4.395372,-3.6841397,-3.695927,-3.7242346,-3.6530864,-3.9833868,-4.917717,-5.2286816,-5.3364277,-5.635936,-5.6578236,-5.428477,-5.1622763,-5.134557,-5.18169,-5.0404487,-4.708255,-4.542852,-4.182152,-3.249523,-1.9433315,-1.5123413,-1.3042127,-0.8823133,-0.66838825,-0.825106,-1.0305065,-1.412565,-1.6719108,-1.9359986,-2.6547513,-3.4668918,-2.903981,-2.7931998,-2.8560705,-2.729644,-2.5335486,-2.4064877,-2.8290818,-3.5379605,-4.117429,-4.262867,-3.6871037,-2.7484903,-1.5730166,-0.4318202,0.31331858,0.8280097,0.9721547,1.248701,1.362436,1.36264,1.0211244,0.24031888,-0.46417648,-1.3393571,-2.1938186,-2.5712786,-2.870764,-2.9962611,-3.1900702,-3.3990757,-3.6119459,-3.8445916,-4.0165825,-4.1419926,-4.241862,-4.6295366,-4.6696987,-4.505539,-4.4100447,-4.2682486,-4.0660486,-3.7234378,-3.131452,-2.0701137,-2.0652308,-1.5989603,-1.069755,-1.1002719,-1.1769325,-1.2087286,-1.7161144,-3.2801404,-3.8356125,-3.809538,-3.7258248,-3.5009599,-3.1478848,-2.8891392,-2.5738103,-2.08613,-2.0371542,-1.9312527,-2.0381267,-2.4923382,-2.9061627,-3.163372,-3.1199577,-3.070885,-2.886201,-2.4550855,-2.3376663,-2.2294579,-1.7634246,-1.9000967,-2.3172216,-2.8303201,-3.3304,-3.8401833,-4.159383,-4.2234936,-4.1825376,-4.1330104,-3.9001236,-3.0821178,-2.2905796,-1.3496268,-0.935068,-0.5586587,-0.28679663,-0.10527298,-0.11565934,-0.2770923,-0.60072726,-1.5062366,-3.5385528,-5.18373,-5.5557146,-5.55886,-5.451956,-5.2081604,-5.248028,-5.5524435,-5.846019,-6.001814,-5.9734936,-5.8895097,-4.536618,-4.5366306,-4.536725,-4.5366573,-4.5367484
0.008406997,0.004858166,0.06365517,0.14329088,0.27461523,0.27238843,0.14047688,-0.49628115,-1.8646151,-2.0310943,-1.2267597,-0.5468079,-0.43021715,-0.48930967,-0.79213744,-1.5106399,-1.5454817,-1.2381896,-0.92056143,-0.6601075,-0.46463236,-0.34250993,-0.58047163,-0.8114146,0.08974311,1.5682553,3.4783955,4.308431,4.213194,3.402722,3.100359,2.453479,0.90487945,-0.24398342,-0.6372854,-0.28964,0.13162473,0.47488505,0.5970526,0.3485392,0.091007106,-0.15210934,-0.576224,-0.65260583,-0.38764602,0.032040365,0.88351905,1.2998073,1.5293293,1.997844,2.4458027,2.7208078,2.6642165,2.6003795,2.526376,2.3191175,1.870783,1.4583564,1.3447801,1.2396855,1.2770243,1.2083281,1.0502578,0.7133649,0.06362629,-0.6881114,-1.3484476,-2.0971072,-2.6030376,-2.2010367,-1.495006,-0.6931498,-0.021675527,0.26148847,0.3957861,0.45576137,0.541419,0.45769867,0.09766558,-0.53422093,-0.821687,-0.97028077,-0.88614017,-0.82477695,-0.7733207,-0.72354007,-0.73703516,-0.7364739,-0.73044336,-0.68494856,-0.5744202,-0.07532521,0.6917132,1.3430883,2.0167565,2.4647443,2.1261992,1.3205845,0.36994916,-0.10153219,0.528008,1.5049994,2.5457554,2.6752625,2.1463892,1.3574747,0.17131004,-0.2622864,-0.7345336,-0.9191681,-0.67947024,-0.24846946,0.09341827,0.18140766,0.4638969,0.5672767,0.5688579,1.06368,1.8815365,2.0076537,1.8960925,1.6939634,1.4766792,1.2764578,1.272243,0.8184649,1.1548549,0.9892646,0.6351453,0.29374143,-0.15568194,0.014791548,0.15559214,-0.090299904,-0.21421288,-0.30842745,-0.26380426,-0.52912116,-0.994176,-1.318005,-1.4946755,-1.149488,-0.4724521,0.3487937,0.9841962,1.8824869,2.1986158,2.1489878,2.2106683,1.7951223,1.0533725,0.37390605,-0.118011944,1.4959462,4.0748043,6.8951015,8.474283,9.072177,9.016333,8.335711,6.89201,5.9377756,4.0898247,3.7190137,1.3600278,1.360323,1.3604901,1.3603612,1.3605406
-2.0175297,-2.122069,-2.2311435,-2.3365312,-2.493555,-2.5787296,-2.5934203,-2.4404018,-1.8344357,-1.3276774,-1.2402748,-1.2705595,-1.0686353,-1.0262442,-0.7491372,0.60432917,1.6365916,2.3690073,2.5543737,2.522352,2.6798298,3.2176108,4.1862173,4.7160306,4.5156965,3.8741362,1.92304,-0.08681291,-0.40233153,-0.41335684,-0.27211308,0.34600562,2.1468267,3.0329225,2.9449522,2.0344138,0.966884,0.14311245,0.006949544,0.36436063,0.668016,1.317109,2.850087,3.7113833,3.927425,4.0997357,4.248918,3.6567423,2.814516,1.8537924,1.2337708,0.75461984,0.3792913,-0.04281038,-0.34410992,-0.9041134,-1.0978019,-0.53218174,-0.34914774,-0.016057044,0.14511317,-0.16220143,-0.4414819,-1.3102901,-1.3390568,-0.78300124,0.0049957633,0.9109942,1.78075,1.4940264,1.0923779,0.16010106,-0.64792776,-1.0059643,-1.1679109,-1.3123397,-1.3906186,-1.4241623,-1.0841589,-0.32624528,0.2576275,0.8565651,1.297857,1.5133436,1.63343,1.7064629,1.8370973,1.9604301,2.0965824,2.1990979,2.191349,1.9263724,0.96766675,-0.35944825,-0.8558321,-0.2565141,0.7225962,1.2963872,1.9317873,2.0934892,1.5664778,0.87600607,-0.19636923,-0.9233975,-0.66365755,1.7590662,6.264373,8.05712,9.70273,10.497624,10.320766,9.6599865,8.656511,7.049283,5.84138,5.548256,4.703006,2.592156,0.6502209,0.257915,0.5567128,1.1855645,1.6602423,1.7559888,1.0564528,0.07004477,0.0011363626,0.12378408,0.3154231,0.3174529,-0.10899742,-0.7815224,-1.0603132,-0.85059273,-0.58858514,-0.18942562,0.67706877,1.404784,1.7315408,1.9431674,2.2571568,2.1292477,1.5859008,0.8249403,0.039725535,-0.8246727,-1.3015075,-1.5853028,-1.7978544,-1.8236749,-1.8057084,-1.2268543,0.4080543,1.0202211,0.47191963,-0.50323874,-1.5888239,-2.5162778,-2.249527,-2.2033486,-2.1122048,-1.8824342,-1.8565297,-1.8788325,-2.332328,-2.3332102,-2.3333611,-2.3332305,-2.3334413
-2.3911247,-2.2825923,-2.2748737,-2.255331,-2.1877184,-2.0766253,-1.8267033,-1.5440438,-1.3245865,-1.1725726,-1.0332265,-0.88929844,-0.74620795,-0.68103206,-0.50414664,-0.6695029,-0.33945635,0.26479593,0.86667246,1.2766479,1.5991402,1.4507022,0.6831087,-0.2845956,-1.3987172,-2.0265365,-2.4174876,-1.8942544,-1.4051745,-0.41642186,0.35460907,0.8646259,0.40103433,-0.6596991,-1.844091,-2.8719645,-3.071373,-2.8889174,-2.5317845,-2.2390428,-1.9112258,-1.4485278,-0.6188594,-0.6999279,-1.0391862,-1.6379046,-2.0337558,-1.7237179,-1.6606361,-1.7812369,-1.906507,-2.1107168,-2.2577753,-2.5260956,-2.6880903,-2.8768582,-2.7213614,-2.3900206,-1.5758996,-1.229428,-1.1544218,-1.0315286,-0.6582308,0.381198,0.95582306,0.6547059,0.09285301,-0.11595088,-0.33261484,-0.7399293,-1.2439837,-1.6413631,-1.6889064,-1.4993285,-1.4027594,-1.1174742,-0.879565,-0.51880926,-0.41147208,-0.6261031,-0.743571,-0.6838441,-0.5819556,-0.56146544,-0.57708526,-0.54894525,-0.50883794,-0.48695374,-0.5880942,-0.8265989,-1.1722822,-1.9335966,-2.29905,-2.035094,-1.7805245,-1.3750331,-1.0494412,-0.30809256,0.061150193,-0.551029,-1.6982553,-2.705608,-3.1261053,-2.7896247,-2.2106876,-1.9297376,-2.200632,-2.1663837,-1.9112959,-1.6524,-1.5634329,-1.5147039,-1.5483383,-1.4690791,-1.4046075,-1.505914,-1.661693,-1.6534594,-1.9060717,-1.9044907,-1.8997499,-2.0750673,-2.2477424,-2.3660312,-2.5348687,-2.3682976,-1.5607171,-1.0288308,-0.76953137,-0.82309276,-0.6752074,-0.704945,-1.0349967,-1.6106783,-2.1891527,-2.492552,-2.4992156,-2.1869545,-1.8256842,-1.6038396,-1.5712322,-1.833432,-2.1703935,-2.3977053,-2.7149181,-2.7976842,-2.6304154,-2.501543,-2.4030447,-2.4212933,-2.701878,-2.651609,-2.232391,-2.457971,-3.0606847,-3.4601068,-3.918391,-3.6104376,-3.276278,-3.1603055,-2.9859636,-3.1327999,-3.1441727,-3.113679,-2.891343,-2.891602,-2.891721,-2.8916402,-2.8917606
-1.6422291,-1.7272065,-1.8123907,-1.9788494,-2.1986492,-2.3268561,-2.4093356,-2.313726,-1.3984532,-0.27730668,-0.16629994,-0.27888274,-0.20318273,-0.057705924,0.73567337,1.7712306,2.1012254,2.4809468,2.4450533,2.2673903,2.3611448,2.9062934,3.8876476,4.72978,4.5334167,4.0129204,2.9062486,2.246486,2.009848,2.094112,2.413113,4.166047,6.802969,7.3907566,7.498143,7.2467165,6.6197033,5.319841,3.506224,2.750397,2.4287505,2.6132832,3.2111115,3.8482828,4.008993,3.7715373,3.500504,3.6789484,3.5613275,2.724172,1.9509935,1.676403,1.5263437,1.3000135,1.0496652,0.47865725,0.14739032,0.13167968,0.32671565,0.5820765,0.77939004,0.999377,1.4198772,1.6683099,2.1295397,2.6259933,3.5662732,4.8167753,6.106348,6.1397686,6.1660256,5.874654,4.5339117,3.3577778,2.6293712,1.7257743,1.4389701,1.597122,2.175194,2.7399995,2.8320947,2.9431412,3.0252628,3.0659215,3.1080356,3.116859,3.246777,3.425858,3.6668031,3.9222875,3.9710164,3.9824953,3.8670344,2.1285796,0.37905782,-0.39563912,0.0076520145,0.7389313,1.9456903,2.9705544,2.9014318,2.1893392,1.3652399,0.614493,0.28815764,0.6961371,2.0712476,2.046752,1.9871223,2.2670054,2.0585344,1.6733434,1.6021434,1.5376699,1.2055705,1.3440504,1.2651263,1.1214485,1.3610349,1.5278699,1.7891542,2.5762322,3.1351283,3.163022,2.1751835,1.318789,0.42181498,0.42746794,0.881438,1.1422493,1.4741385,1.5435715,1.7915131,3.2907746,5.448947,7.013527,8.5053005,9.292735,9.710043,9.932655,10.082743,9.891335,9.44143,8.779757,7.69614,5.6270413,4.16823,3.3564386,3.7550282,5.1704655,7.547408,9.030987,9.971687,10.066902,9.52059,8.407878,6.666313,3.342247,2.0799541,0.6388894,-0.123899326,-0.29359984,-0.5510261,-0.76017267,-0.3147364,-0.31428218,-0.3142413,-0.3142479,-0.31423423
-2.0728104,-1.9157424,-1.9229118,-1.6853403,-1.3392888,-1.0087253,0.020357244,1.5081729,3.434113,3.8552299,4.1664195,4.235825,4.274264,4.380171,3.7063594,2.5483875,0.8640394,-0.9206884,-1.6020957,-1.7168696,-1.5174146,-1.383467,-1.4887826,-2.2231643,-2.5473318,-2.4225628,-1.85513,-1.1254077,-0.759028,-0.80109274,-1.026807,-1.7175403,-3.0111108,-3.2823396,-2.7934074,-1.0947131,0.32289487,1.418164,2.1572704,2.2286398,1.9514816,1.1572278,-1.0034081,-2.2499313,-2.6382017,-2.5683694,-2.7181487,-3.039267,-3.108593,-2.8729482,-2.8487,-2.9602857,-3.2452912,-3.4943118,-3.4888492,-2.9152174,-2.0809953,-2.1046815,-1.7241417,-1.6802092,-1.4608562,-1.456249,-1.10797,-1.0028566,-1.5505664,-2.0698729,-2.3862047,-2.8156438,-3.5824037,-3.5944602,-3.080772,-2.0978365,-1.6228161,-1.434794,-1.2405663,-0.95034486,-0.8667882,-0.86364365,-1.0366693,-1.286323,-1.6969144,-2.1193514,-2.3913538,-2.4909396,-2.5107198,-2.514408,-2.4932337,-2.480042,-2.5415623,-2.621275,-2.5947394,-2.2935724,-1.7718657,-1.063949,-0.75276893,-1.1491839,-1.8431268,-2.4356022,-2.9601722,-3.1757514,-2.8552139,-2.323808,-1.7891006,-1.307375,-1.061975,-1.1108915,-1.3070455,-1.1738904,-1.5932808,-2.4353745,-2.7293859,-2.8968143,-2.9549193,-2.9291182,-2.9107847,-3.1266453,-3.1761026,-2.7095482,-2.7302434,-2.944499,-3.2102365,-3.6569138,-3.955355,-3.9822168,-3.758161,-3.141828,-2.4969654,-1.9928391,-1.8992624,-1.8032885,-1.5945007,-1.5031995,-1.3958232,-1.2988576,-1.2624726,-1.4187465,-1.5081427,-1.878201,-2.371288,-2.7602673,-3.074276,-3.1413076,-2.7977972,-2.1630943,-1.9193366,-1.8401932,-1.5954218,-1.3957891,-1.4259135,-1.5931661,-1.7120731,-1.9665282,-2.7218456,-3.0594063,-2.7379837,-2.342001,-2.0803123,-1.5261502,-1.5399015,-1.5733275,-2.1077576,-2.2833967,-2.457111,-2.589381,-1.0971094,-1.0956337,-1.0955305,-1.0955951,-1.0954748
-1.2220111,-1.125634,-0.9764671,-0.8041237,-0.67011565,-0.6317733,-0.5454526,-0.67008936,-0.93575186,-0.92919016,-0.12824114,0.5559443,1.0520062,1.2384771,0.47035706,-0.7004916,-1.4345855,-2.0719237,-2.195079,-2.0573425,-1.8505687,-1.8852181,-2.269086,-2.7631664,-2.6911378,-2.3912811,-1.7952702,-1.4776497,-1.2905397,-1.9105594,-2.092271,-2.5365086,-3.1335297,-2.8970935,-2.2729988,-0.9755247,-0.018781185,0.87487984,1.7535,1.6996418,1.5001385,0.6803047,-0.8869023,-1.9185808,-2.3567657,-2.5098896,-1.9612107,-1.4699246,-1.4475914,-1.3691425,-1.2609304,-1.1149257,-1.279607,-1.4600391,-1.3813283,-0.63008183,0.31067532,0.8403696,1.2750131,1.3321571,1.6192358,1.5770676,1.7454638,1.3489294,0.48503473,-0.48329255,-1.6158427,-2.798034,-4.177596,-4.360428,-3.9242744,-3.145532,-2.6379986,-2.3924003,-2.2679102,-2.1900022,-2.2057946,-2.5015073,-2.9565084,-3.4579802,-3.6073148,-3.5789423,-3.3513074,-3.1850214,-3.049087,-2.9643514,-2.8830945,-2.8032722,-2.8121662,-2.8760633,-2.8917098,-2.7065215,-2.4288623,-2.013904,-1.2954401,-1.1144395,-1.3129647,-1.612884,-2.0451932,-2.2300744,-1.9834613,-1.7148263,-1.8019946,-1.8593614,-1.9539256,-2.0572567,-2.163245,-2.1305773,-2.3162546,-1.9750656,-1.3146868,-0.65375876,-0.27653098,-0.41595465,-0.87011683,-1.3571343,-1.5893407,-1.1968236,-1.4214375,-2.0126963,-2.32541,-2.763564,-2.9900608,-2.954049,-1.870079,-0.6707839,0.312208,0.6416227,0.6285084,0.38880914,-0.19192123,0.12475309,0.36963168,-0.3284968,-1.0537301,-1.6286396,-2.4600425,-3.0682464,-3.494802,-3.7589736,-3.838872,-3.57417,-3.0199013,-2.3230038,-2.1478858,-2.1329327,-2.0632555,-1.9794648,-2.0174375,-2.0958185,-2.1868846,-2.5951533,-3.4136834,-3.1396642,-2.2979956,-1.2052588,-0.14842702,0.27930987,0.48318285,0.77214956,0.81731,1.006663,0.958768,0.7977927,0.38857308,0.38892114,0.38901722,0.38895655,0.38904834
0.07880053,0.26421437,0.37060148,0.5510412,0.72134364,0.6856137,0.9026181,1.1132139,2.691522,4.1970644,4.9071465,5.642788,5.5335956,5.3862495,5.0067573,3.811356,2.5398903,1.1402009,0.13487652,-0.15436973,-0.7045957,-1.1921983,-2.276081,-3.3432367,-3.6096873,-3.28576,-2.2407346,-1.7177706,-1.7799549,-1.9822645,-1.955837,-2.4876666,-3.8213425,-4.037838,-3.477439,-2.564001,-1.7959067,-1.0607945,-0.54229385,-0.5767853,-0.85651684,-1.7060964,-2.8321729,-3.3194478,-3.1710587,-2.4359007,-1.0988603,-0.33037704,0.16366223,0.7618343,1.0741488,1.2146583,1.0256388,0.7307825,0.4738332,0.08968235,-0.32985747,-0.82761836,-0.93906784,-1.0744895,-1.2205836,-1.3672342,-1.6156586,-2.1931782,-2.8034232,-3.4444594,-3.9274917,-4.3325233,-4.1261864,-3.2661011,-2.0668087,-1.0845841,-0.51724255,-0.100854695,0.097074226,0.27744272,0.28444496,0.0052299798,-0.52118754,-1.4565606,-2.0214791,-2.442254,-2.7231312,-2.8286948,-2.9049926,-2.9321647,-3.015957,-3.1568732,-3.2906814,-3.4286861,-3.4888241,-3.2121453,-2.5526392,-2.073413,-1.365289,-1.2082055,-1.84045,-2.6064286,-3.0651774,-3.0754075,-2.478374,-1.1656348,-0.2204152,0.32920253,0.34102976,0.05773489,-0.8245667,-1.0520145,-1.4074595,-2.1048717,-2.250164,-2.0644293,-1.9671252,-1.836119,-1.3898239,-1.0810618,-0.53591466,0.0028572083,0.75272477,0.94066393,0.66008025,0.049567297,-0.31156635,-0.4587692,-0.47711223,-1.114488,-1.119014,-1.1362121,-1.3334837,-1.4150611,-1.4647174,-1.2631898,-1.3223999,-1.8141879,-2.4280765,-3.0535889,-3.5718818,-3.9018223,-4.014054,-3.9891338,-3.786611,-3.1354966,-2.4323106,-1.6184212,-1.144046,-0.5337088,-0.14606021,-0.11848292,-0.59826565,-1.1960537,-2.0615783,-2.637465,-3.4414375,-3.5916195,-3.095992,-2.2906454,-1.7516044,-1.2538608,-1.3215684,-0.9676865,-0.8699355,-0.80963767,-0.7416593,-0.6742727,-0.56725025,-0.56666934,-0.56661177,-0.5666548,-0.5665804
0.35565823,0.6768695,0.59982574,0.865511,1.3250513,1.6907651,3.4085627,5.542251,7.774888,8.424868,8.293459,8.135724,7.9473343,7.700977,7.5922885,7.1335278,6.038415,3.7874627,1.9530765,1.3247278,0.87922174,0.5096168,-0.48867017,-1.997975,-3.0538998,-3.1630168,-2.965423,-2.3563375,-1.7325878,-0.5567715,0.02215156,0.097298786,-1.1197238,-2.482886,-3.0639696,-2.5875506,-1.8840579,-1.018188,-0.36683887,-0.11205298,-0.12824854,-0.14188668,-1.1211458,-2.2833712,-2.5055466,-2.0332685,-1.9425526,-1.9502766,-1.9263271,-1.6575576,-1.6495678,-1.8552581,-2.344387,-2.9538097,-3.310847,-3.332358,-2.4678063,-2.0798445,-2.088498,-2.2767005,-2.417843,-2.9357321,-3.1133418,-3.256777,-3.5743344,-3.8009748,-3.888405,-3.9199364,-3.959124,-3.6436243,-2.7726867,-1.6806071,-1.1438323,-0.87704396,-0.7088561,-0.37531114,-0.11222077,0.1827755,0.12072026,-0.3854643,-0.94401646,-1.5122987,-2.0424886,-2.3007627,-2.4262347,-2.4284196,-2.505377,-2.6555212,-2.7874825,-2.8832526,-2.8348486,-2.2927992,-1.4839005,-0.86381835,-0.003694838,0.36600918,0.052226853,-0.6313406,-1.2920427,-1.8136606,-1.7983747,-1.61521,-1.1346312,-0.28020582,0.28095406,0.69762,-0.06952283,-0.61640066,-1.1812418,-2.1332524,-2.6243324,-2.629911,-2.4827075,-2.063943,-1.5292959,-1.557491,-1.7794355,-2.049376,-2.1486692,-2.0522943,-2.138242,-2.6117337,-2.9880855,-3.2039483,-3.5384107,-2.7484746,-1.5428808,-1.5782502,-1.9209244,-2.2192574,-2.2434497,-2.0863557,-2.0498264,-2.1684186,-2.2417297,-2.3380773,-2.042183,-1.9101086,-2.0378819,-2.1427956,-2.1281562,-1.9186218,-1.5866178,-1.1811378,-1.2023284,-1.2647796,-1.1398593,-0.8468416,-0.5062006,-0.36584097,-0.47425404,-0.49199945,-0.81258774,-1.6261547,-1.7833455,-1.589201,-1.3971767,-0.84179664,-1.1721184,-1.1661943,-1.3265873,-1.3464864,-1.4588615,-1.4406931,-0.32846308,-0.3277747,-0.32774782,-0.32780734,-0.32772097
-1.0040612,-0.9591084,-0.93442386,-0.9257133,-0.9887829,-1.070656,-1.2654305,-1.4483358,-1.6708336,-1.696384,-1.8981059,-2.094078,-2.0320456,-1.9597895,-2.2222803,-2.1153016,-2.079906,-2.19664,-2.3492498,-2.5710473,-2.8476558,-2.920187,-2.370483,-1.3285983,-1.1571182,-1.7195177,-3.0552635,-3.355918,-3.032565,-2.6049662,-2.5274558,-2.1732936,-0.737916,-0.12605336,-0.3222825,-1.546265,-2.0774379,-2.191943,-1.9070106,-1.7048664,-1.6487683,-1.7194663,-1.787006,-1.9279703,-2.1400557,-2.5953474,-3.300055,-3.5583458,-3.5076306,-3.282177,-3.0111656,-2.81133,-2.865187,-3.1078742,-3.3266792,-3.2146347,-2.9585125,-2.0832915,-1.7756567,-1.5704174,-1.2412534,-0.8828361,-0.53302085,0.18579869,1.1319488,1.7754648,1.9819266,1.7963767,0.9219696,-0.24723402,-1.7408967,-3.1465127,-3.53118,-3.5243692,-3.410653,-3.2422862,-3.2079735,-3.2346096,-3.1887536,-2.6830482,-2.284258,-1.9805241,-1.9931662,-2.0295048,-2.0910308,-2.205014,-2.230844,-2.2569656,-2.2484152,-2.2336166,-2.3398218,-2.8597589,-3.304093,-3.1220076,-3.1244037,-3.245871,-3.409988,-3.0368526,-2.4596477,-2.0660815,-2.269332,-2.6630778,-2.996233,-2.7493467,-2.4698675,-2.050863,-1.9342697,-2.125814,-2.363433,-2.3454075,-2.0325007,-1.8948028,-1.9524877,-2.0839357,-2.2304096,-2.1358192,-2.028726,-1.869205,-1.8557683,-1.6260723,-1.5901293,-1.5555909,-1.5977218,-1.7546355,-1.9206514,-2.2206945,-2.187394,-1.8736768,-1.4829842,-1.0926372,-0.3702324,0.088299364,0.3976876,0.5835322,0.07899013,-0.3096525,-0.7321514,-0.44991493,-0.11738539,0.010824263,-0.14013258,-0.8745712,-1.7888407,-2.5815234,-2.817344,-2.7566164,-2.5261846,-2.395413,-2.3199458,-2.1479912,-2.0592732,-1.8912792,-0.9919681,-1.0019908,-1.7363651,-2.5675614,-3.368554,-3.867724,-3.326367,-2.060693,-0.9873511,-0.84739137,-0.8296112,-0.98688096,-1.7622745,-1.76363,-1.7638258,-1.7637225,-1.7638888
-2.4348826,-2.3064566,-2.2620509,-2.0963922,-1.8571438,-1.6627998,-1.2106942,-0.48152167,0.4339775,0.8130158,0.97985506,1.0894072,1.0994103,1.011136,0.43160692,-0.43834853,-1.1895566,-1.7896025,-1.9268448,-1.8987753,-1.6934729,-1.5249493,-0.9244112,-0.8187153,0.3344121,2.1373596,4.283455,5.0127764,4.741384,3.990398,3.063058,1.2085342,-1.6323135,-2.9268827,-2.9362614,-2.1234634,-1.4962302,-1.2188237,-1.2712699,-1.5694923,-2.3030415,-3.1069872,-3.6781805,-3.6253474,-3.3888383,-2.987906,-2.4877923,-2.4976215,-2.3876216,-2.1804085,-2.0552914,-2.045413,-1.5811588,-0.6106287,0.24317315,1.6148832,2.7332358,2.865817,3.2269838,3.2285516,3.22957,3.1278832,3.0975268,2.5721357,1.359362,0.6817392,0.045056134,-0.70409244,-1.8392351,-1.8686774,-1.386856,-0.6818113,-0.31008267,-0.10925755,0.012497246,0.16358706,0.12050576,0.0076704174,-0.29461586,-0.9292443,-1.5321639,-2.068008,-2.3920403,-2.5153875,-2.5760655,-2.5693512,-2.6014369,-2.62347,-2.6725104,-2.7314696,-2.7497766,-2.4263544,-1.5383292,-0.6498884,-0.75028414,-1.2779568,-1.9417189,-2.5818594,-2.7319689,-2.666295,-2.3802252,-1.9404149,-1.6803267,-1.1092691,-0.8348122,-1.2661787,-1.5829904,-1.4301714,-1.1793988,-0.61741614,0.22660278,1.099221,1.6426396,2.4132905,2.9949636,2.6864862,2.0225363,1.3125999,-0.5423393,-1.9089177,-2.0537748,-1.9638691,-1.6133156,-0.9989211,0.42768312,1.7563938,2.799636,3.3495457,3.3573108,3.6046789,3.1571784,2.0968375,1.2274666,0.6400726,-0.24503884,-1.0389961,-1.7834481,-2.294704,-2.5902345,-2.7614968,-2.781228,-2.4613123,-2.0824444,-1.6275792,-1.4811862,-1.4008914,-1.2640266,-1.2187424,-1.2515427,-1.3446091,-1.5529544,-1.8704103,-2.343576,-2.936226,-2.9903126,-3.0093212,-3.2112846,-2.6442156,-2.903796,-3.3916252,-3.9162912,-4.0403485,-3.8511338,-3.845048,-2.3803973,-2.3791254,-2.3791134,-2.3790774,-2.3791018
-1.0032958,-0.9048244,-0.78191113,-0.6811048,-0.71291846,-0.8052341,-0.95327866,-1.1497941,-1.2657396,-0.90708786,-0.76836985,-0.91765094,-1.0208961,-0.9673271,-0.7103749,-0.73424786,-0.88184536,-0.7137857,-0.46220294,-0.2719385,-0.20940022,-0.45969707,-0.97276527,-1.0349611,-1.0991825,-1.2308955,-0.92777,-0.741236,-0.48936138,-0.0046156943,0.046188645,-0.10433246,-0.94390976,-1.2918575,-1.5944232,-1.3391833,-0.54518294,0.041507006,0.11171976,-0.045648932,-0.22108346,-0.2515654,-0.47031534,-0.3504243,-0.09987925,0.12378202,-0.025260359,-0.22511652,-0.7219546,-1.417716,-1.8024797,-1.9148533,-2.1428099,-2.452932,-2.617585,-2.6987505,-2.1633132,-1.7754312,-1.5163884,-1.3315816,-1.1036726,-0.8888432,-0.30172107,1.050595,2.3152366,2.7877328,2.6894429,2.4113305,1.4314468,0.7299385,0.251967,-0.17906676,-0.9496896,-1.323535,-1.43388,-1.5716549,-1.5064011,-1.3917207,-1.3520181,-1.3175449,-1.4103036,-1.4033973,-1.2523333,-1.1474288,-0.98273695,-0.8644411,-0.74195194,-0.66478115,-0.6597411,-0.683584,-0.6698113,-0.96000826,-0.8554185,-0.053507596,0.33900586,0.34917486,0.2813133,0.092040084,-0.25778484,-0.30033532,-0.008711195,-0.20544335,-0.14265975,-0.07783994,-0.03561915,0.028812654,-0.7590951,-1.4063866,-1.8434577,-1.5042717,-0.93622756,-0.57931364,-0.426815,-0.3981374,-0.43697545,-0.46009448,-0.91978955,-1.3898802,-2.108398,-2.3278027,-2.4833527,-2.6621985,-2.7398,-2.6945772,-2.623725,-2.1009586,-1.6430641,-1.5156777,-1.3200052,-1.1519824,-0.31709784,1.0470698,1.9432219,2.0712492,1.7387807,1.3533156,0.4532762,-0.03651528,-0.006662369,0.12559047,0.3139123,0.24106888,-0.12207471,-0.3934407,-0.32003114,-0.33089408,-0.5212997,-0.7752122,-0.7363149,-0.63197756,-0.6518476,-0.8520706,-0.6099725,-0.31854016,-0.6509945,-1.1347611,-1.3904679,-1.826374,-2.1623125,-1.5096326,-0.8402037,-0.63769317,-0.61659867,-0.6864886,-0.5745451,-0.5745951,-0.5745725,-0.57459354,-0.57456315
-2.4557712,-2.3577843,-2.3457932,-2.2780886,-2.122844,-1.9470599,-1.6910901,-1.2497687,-0.6216163,-0.4305159,-0.48717606,-0.32268772,-0.41179216,-0.48361528,-0.76186574,-1.3162427,-1.6634412,-1.8969485,-1.8881421,-1.7984295,-1.6349587,-1.516546,-1.7046506,-2.4784048,-2.7811935,-2.3576517,-0.9522741,-0.087290704,-0.35098436,-0.7920062,-0.9133812,-1.5032372,-2.8353162,-3.3529973,-3.4781747,-3.315906,-3.0231166,-2.8362007,-2.8756633,-3.0361757,-3.5473385,-3.983192,-4.199174,-4.0393114,-3.7338138,-3.0245166,-2.2539463,-2.0530815,-1.7244234,-1.2692314,-1.0853698,-1.2763333,-1.4031001,-1.5061588,-1.5375954,-1.3194296,-1.1810174,-1.4015025,-1.0281314,-0.96075106,-1.0049338,-1.0048609,-1.0363327,-1.357636,-2.0369906,-2.7341309,-3.269374,-3.5768037,-3.3497381,-2.3877668,-1.227816,-0.0832991,0.6732569,1.0077049,1.0361311,1.1735122,1.18519,1.1453929,0.97665787,0.48233587,0.06849528,-0.40717787,-0.87058693,-1.1482314,-1.3921828,-1.4797966,-1.620579,-1.7531083,-1.8921709,-2.056915,-2.2125442,-2.4360347,-2.5011766,-2.4090931,-2.2697504,-2.233415,-2.1747587,-2.1371167,-2.2297466,-2.425011,-1.9628415,-0.98548007,-0.7881286,-0.509693,-0.43685234,-0.91021043,-1.07838,-0.6975474,-0.39674127,-1.3247674,-1.9918594,-2.2078996,-2.2784753,-2.0478587,-1.695067,-1.7137458,-1.7694352,-1.582969,-1.5390548,-1.4576726,-1.55733,-1.8811197,-2.1490586,-2.2513537,-2.2858982,-2.1683102,-1.4756225,-1.101145,-1.148278,-1.1591552,-1.6014752,-2.2249002,-2.6768744,-2.8226705,-2.8938017,-3.1139476,-3.1374092,-3.1717215,-3.1781952,-3.1718888,-3.0168445,-2.4187386,-1.823347,-1.2078352,-0.89941216,-0.57515097,-0.34636915,-0.22957775,-0.3234548,-0.6517991,-0.9241697,-0.8038765,-1.4190898,-2.5122726,-2.5489628,-2.1285374,-1.8201162,-1.5097787,-2.136841,-3.1990986,-3.986329,-4.1738176,-4.0528927,-3.8988373,-2.7175865,-2.7164075,-2.7163932,-2.7163672,-2.716374
-3.2167506,-3.0877607,-2.9604936,-2.8791013,-2.867774,-2.8518195,-2.9303174,-3.024291,-3.4183073,-3.277165,-3.0148172,-2.7112353,-2.3181214,-2.0460286,-1.7189424,-1.2461663,-1.1094975,-1.0526948,-0.9959208,-1.0457734,-1.2701473,-1.7094729,-2.1136584,-2.0342197,-1.9769773,-2.149912,-2.4211125,-2.66098,-2.9516113,-2.821858,-2.6928186,-2.547913,-1.9142407,-1.5795422,-1.9596868,-2.9185472,-3.4008393,-3.4002237,-3.0129228,-2.6707795,-2.3001845,-1.8074387,-0.9515729,-0.7523585,-0.74531204,-1.0169752,-1.5016774,-1.8826271,-2.3907862,-2.8872945,-3.0808544,-3.168655,-3.343427,-3.6993356,-3.930488,-4.0674376,-4.414002,-4.5378814,-3.836177,-3.5433364,-3.3282309,-2.8794808,-2.2984304,-1.0202851,0.11973008,0.49506664,0.7028425,0.898057,0.68252563,-0.23206939,-1.3536105,-2.3476477,-2.5151894,-2.3866777,-2.2745755,-2.0826719,-1.9562486,-1.785625,-1.61569,-1.2968545,-1.1570159,-1.1426394,-1.2261072,-1.2867694,-1.3209887,-1.3804324,-1.3803058,-1.343219,-1.33185,-1.3415464,-1.3965765,-1.53014,-1.653657,-2.3932142,-3.1431017,-3.579618,-3.6775374,-3.5505767,-2.9652991,-2.5689154,-2.5339756,-2.3192334,-2.4929247,-2.6079335,-2.660531,-2.8347204,-2.9288566,-3.0780873,-3.2446845,-3.377087,-3.3636293,-3.3382783,-3.3356347,-3.3061237,-3.3972762,-3.3270173,-3.048968,-2.6872265,-2.8270223,-2.7570112,-2.8103452,-2.9603333,-3.0977626,-3.2097955,-3.4919987,-3.8854213,-3.9518018,-3.3969164,-2.9868548,-2.5999393,-1.6063192,-0.954815,-0.6516698,-0.7748785,-1.0521944,-1.3375041,-2.0261946,-2.2647061,-2.0931234,-2.0261986,-2.1290593,-2.474089,-2.8641472,-3.0706325,-3.1348662,-3.0471084,-2.9697042,-3.0110905,-3.2093427,-3.3954227,-3.687027,-3.926515,-3.4755266,-3.375344,-3.7687998,-4.058002,-4.3119206,-4.754523,-4.887783,-4.774993,-4.831113,-4.8660154,-4.8387766,-4.809366,-5.3693466,-5.3699217,-5.370022,-5.3699775,-5.3700523
-1.4745073,-1.4238613,-1.4097664,-1.4426804,-1.4819822,-1.4901513,-1.6570129,-1.7047794,-1.6931415,-2.0798397,-2.3831482,-2.0809512,-2.0890794,-2.1306024,-2.3997083,-3.07294,-3.1803913,-3.2884297,-3.3245487,-3.2757096,-3.363518,-3.5663636,-4.0634527,-4.469841,-5.0043306,-5.0578017,-4.1354947,-3.4714038,-3.533288,-3.6915972,-3.6700187,-3.990995,-4.668206,-4.6822953,-4.555531,-4.504794,-4.364321,-4.1533785,-3.9226885,-3.908679,-3.923606,-3.7971663,-3.88035,-4.2170115,-4.323546,-3.9074645,-2.3725216,-1.2292382,-0.5343072,0.2640852,0.69612503,0.7160336,0.63375753,0.31320333,0.1777602,-0.078521065,-0.69142973,-1.2579647,-1.2933089,-1.3180135,-1.4542416,-1.4161323,-1.6228967,-2.0124366,-2.278806,-2.787284,-3.3713858,-3.7126377,-3.6201835,-3.2420373,-2.6458297,-1.769902,-0.6510114,0.11084886,0.33456108,0.6404852,0.7340604,0.5841038,0.027029466,-1.0902374,-1.7093678,-2.1960235,-2.5288568,-2.6419806,-2.7444606,-2.7330105,-2.814818,-2.9162197,-3.0427842,-3.2165632,-3.3078759,-3.2165227,-3.2613852,-3.6861727,-3.8782864,-3.8384905,-3.4351225,-2.9010675,-3.0050268,-3.4339921,-3.4976792,-2.7199297,-1.9170036,-1.2213906,-1.1057377,-1.6871684,-2.3601508,-2.5904026,-3.043957,-3.5479167,-3.3421814,-2.9380405,-2.6862552,-2.4592876,-2.125301,-1.5681669,-0.54033643,0.7443759,1.2603524,1.1743841,1.0387344,0.5803452,0.30313563,0.1302969,0.22676975,-0.5354663,-1.0460638,-1.1785762,-1.3462228,-1.4315864,-1.3224022,-1.3855604,-1.8105085,-2.532038,-3.0402517,-3.329524,-3.339683,-3.2997816,-3.4066248,-3.5714064,-3.7155085,-3.450322,-2.9714112,-2.4026384,-1.9017171,-1.0923375,-0.6989869,-0.46391997,-0.5282141,-0.7788043,-1.252624,-2.089676,-3.5795658,-4.341012,-4.2572293,-3.9300344,-3.611467,-3.0533895,-2.6681802,-2.7650495,-2.5758371,-2.6777291,-2.5288029,-2.394437,-1.6019318,-1.6019298,-1.6019547,-1.6019329,-1.6019517
-2.052066,-2.1127627,-2.1836586,-2.1304605,-1.9376136,-1.7490314,-1.2113203,-0.5254321,0.7565951,2.078943,2.6321254,2.8167531,2.48747,2.1702335,1.6640087,0.4873511,-0.18076825,-0.37906528,-0.31217718,-0.15605257,0.20893328,0.7830872,1.055694,0.34889904,0.7685447,2.1465921,3.7042007,4.372315,4.663427,4.699919,4.4824324,3.5310774,1.4935749,0.0004156828,-0.6792956,-0.4045088,-0.026873052,0.20255935,0.035389423,-0.22207761,-0.76906896,-1.394261,-1.9986483,-1.6457174,-0.9236809,0.23359093,1.0726804,1.05497,1.2630806,1.3517386,1.1185497,0.84013355,0.7104469,0.76291937,0.7218169,0.5792242,0.33576512,-0.22367226,-0.42331845,-0.5779023,-0.54308224,-0.6040944,-0.6358509,-0.84197974,-1.3661621,-1.7164743,-1.8977954,-2.1050813,-1.7804404,-0.570083,0.5893245,1.5413749,1.7419064,1.5449487,1.4800084,1.4237154,1.414382,1.4567769,1.4133713,1.006456,0.72931236,0.54503924,0.43524384,0.3269408,0.2642712,0.25448608,0.17031601,0.046230525,-0.069012165,-0.12247531,-0.051823765,0.23532167,0.6533764,2.1372924,3.6812577,3.9396796,3.334858,2.5736384,1.3037702,0.03823474,-0.025283627,0.22356656,0.8913191,1.6998109,1.6242862,1.1829875,0.16252276,-0.006256789,0.28678632,-0.03908041,-0.9209394,-1.3159068,-1.225617,-1.115057,-1.0637275,-1.4088149,-1.9455829,-2.0009155,-1.4455582,-1.1877816,-1.2549856,-1.3354897,-1.4534429,-1.5121051,-1.4380888,-1.174937,-0.9712405,-1.123044,-1.4305427,-1.5763409,-1.9781857,-1.8112142,-1.7941945,-1.6495061,-1.5782012,-1.6916393,-1.7627499,-1.875448,-1.90438,-1.8715054,-1.7230222,-1.2459488,-0.7229037,-0.2832353,0.05037579,0.6035526,0.8526169,0.8376085,0.8488987,0.5859741,0.3365145,0.28148574,-0.20671117,-0.15088421,0.6026995,1.073968,1.0376346,1.2529106,0.9072572,0.21736908,-0.55630314,-0.8526665,-1.2187787,-1.2114947,-0.979818,-0.9781837,-0.9780443,-0.9781138,-0.9779737
-1.0969723,-1.1421422,-1.1785376,-1.2372525,-1.2962986,-1.2788622,-1.215049,-0.9945775,-1.2666593,-1.2583082,-1.3038139,-1.4079522,-1.116212,-1.0213509,-0.67556274,0.79390955,2.1022496,3.0080304,3.3479605,3.2240217,2.9039292,2.445134,2.263088,2.3899302,2.2271388,1.3951373,-0.8526763,-2.4081013,-2.5958369,-2.1523852,-1.7401054,-1.1564487,0.346302,1.1309419,1.0945135,-0.017025381,-0.8137194,-1.1784333,-0.75641984,0.041937523,0.968444,2.0283496,3.3849835,3.6077492,3.2458582,2.148371,0.40919566,-0.4720288,-1.1957159,-1.861652,-2.0671473,-2.1374624,-2.256628,-2.454399,-2.5672617,-2.7834063,-3.070292,-2.6755483,-2.2061162,-1.8924658,-1.766658,-1.7985276,-1.9893781,-2.0311675,-1.7659364,-1.2306838,-0.5351146,0.14634056,0.77710813,0.49932617,-0.26019084,-1.4896214,-1.9643006,-2.0579817,-2.0450954,-1.9360819,-1.8317499,-1.5152781,-0.9456966,0.30801344,1.418539,2.354306,2.892904,3.0936584,3.2020197,3.2228837,3.296425,3.3564806,3.4293346,3.4855235,3.3819778,2.4009075,0.36589324,-1.4373631,-2.0633678,-2.425531,-2.190205,-1.8541656,-1.2385652,-0.83031124,-1.2065045,-2.0501766,-2.4213977,-2.535798,-2.2455463,-1.9482274,-1.514728,-1.3600192,-1.1390429,-0.5061457,-0.34304464,-0.6319754,-0.99675417,-1.298638,-1.4455042,-1.3945608,-1.5854878,-2.1938791,-2.375803,-1.8352355,-1.5817266,-1.3281655,-1.3091147,-1.4313688,-1.9228983,-2.294802,-2.3420286,-1.8171035,-1.5208113,-1.215799,-1.1312168,-1.4605219,-1.6689477,-1.4430485,-1.0024542,-0.5966401,-0.18752417,0.06496683,0.32268003,0.61156696,0.63736033,-0.123310715,-0.98785156,-1.8538818,-2.0596976,-1.9535747,-1.9129808,-1.7951629,-1.6593559,-1.6037189,-1.619972,-1.4929209,-0.22582012,0.6368549,0.1296295,-0.87688863,-1.9683895,-3.1138742,-2.7966733,-2.0455723,-1.3332664,-1.2741396,-1.1429763,-1.1880983,-1.3492715,-1.3497938,-1.3499975,-1.3498561,-1.3500628
0.7820092,0.69644165,0.6521549,0.488092,0.35979217,0.28971344,-0.006472774,-0.06304704,-0.38264745,-0.7513985,-0.91035277,-0.53357935,-0.63659203,-0.5345199,-0.32277828,-0.6513508,-1.0278462,-1.5138693,-1.7971163,-1.7952374,-1.9771924,-2.0326867,-2.5245228,-2.9346004,-3.3934548,-3.4411902,-2.3432944,-1.9713743,-2.1333642,-2.8451743,-3.029856,-2.9837575,-3.141943,-2.9123602,-2.7123888,-2.278803,-2.0085647,-1.8589536,-1.826236,-1.8066638,-1.5642667,-1.3357992,-1.278349,-1.484104,-1.2890098,0.018090665,3.1666837,5.351573,6.6458225,7.492549,7.8413115,8.018757,7.945466,7.533637,7.1310625,6.4418454,5.015973,2.6143532,1.6347159,1.1693798,0.62117493,0.43496108,0.1492513,-0.36742952,-0.89312863,-1.6599144,-2.3368843,-2.6112509,-1.9918656,-0.8114511,0.8088249,2.9260554,4.6554933,5.4663963,5.7028046,5.838885,5.83051,5.706808,5.190021,4.075567,3.0332994,1.8932716,0.93727106,0.5432725,0.23402455,0.07561681,-0.1563127,-0.451729,-0.7350868,-1.0377774,-1.230539,-1.1650364,-1.0476828,-1.5804468,-1.7387269,-1.276653,-0.7878311,-0.46174264,-1.3294023,-1.8819704,-1.3739606,0.27264994,2.444869,3.6044836,3.3584232,2.2593727,1.2948294,0.97580683,0.13349944,-1.6107948,-2.103932,-1.8029469,-1.2015641,0.06572459,1.4277706,3.3475423,6.740863,9.685692,11.398006,11.569876,11.368131,11.01674,10.56992,10.232935,9.506364,7.0977087,3.613624,2.4580085,1.7928939,1.3296645,1.1414846,0.3335685,-0.3344669,-1.0551159,-1.1350402,-1.0816998,-0.9186006,-0.8805212,-1.0176884,-1.1590748,-1.1375111,-0.54578745,0.1739228,1.0861176,2.2899373,3.7317405,4.1548505,4.222879,3.940621,3.522007,2.4628708,1.0245434,-1.4705409,-2.3896866,-1.9668736,-1.0621684,-0.3165626,0.09684116,0.42015612,0.6749262,0.7815738,0.69113356,0.5673269,0.7374147,1.3696896,1.3698126,1.3700004,1.3698676,1.3700576
-0.62190586,-0.78629357,-0.9333086,-1.1084383,-1.2824831,-1.3073796,-1.3957149,-1.5466908,-1.4274993,-0.7831438,-0.72800666,-0.91848046,-0.8878252,-0.8282386,0.082532525,1.4616733,2.2279975,3.2719464,3.7361617,4.055576,4.563963,5.309523,6.2141695,6.577664,6.4071326,5.6966286,4.0832143,2.2688062,1.5578074,1.027325,0.9281971,1.5911527,3.2058063,3.627429,3.7389479,3.394804,2.5585256,1.418804,0.24184182,0.2147995,0.42322603,1.078467,2.5210693,3.3929968,3.584645,3.2942815,2.5729926,2.2205892,1.9248506,1.3566277,0.94659775,0.8030375,0.80696964,0.84755754,0.85911685,0.4081629,-0.23099923,-0.8267304,-1.1559396,-0.9787745,-0.9688122,-1.1030874,-1.2291572,-1.4276068,-0.92531335,-0.1365842,1.0573404,2.515667,3.8152385,3.769135,3.4918709,2.6900177,1.3965355,0.5230696,0.0034357999,-0.53816175,-0.612422,-0.30275005,0.4049929,1.5009875,2.272436,2.964326,3.4000998,3.5639856,3.6727905,3.7353492,3.872127,4.0614347,4.2085385,4.2977276,4.231148,3.7780817,2.9059334,1.7370297,1.3081076,2.8393729,5.3782215,7.5830927,9.298936,10.387721,10.899017,9.714744,5.870711,1.5570529,0.024906337,0.52859676,2.2858772,3.1592143,4.8261366,6.266041,6.0335636,5.2946568,4.415302,3.2137425,2.1112487,1.7502856,1.4849288,1.1921885,1.1314236,0.9785179,1.2421634,2.197628,2.9790769,3.3810263,2.7348838,1.3845037,0.04523495,-0.36930314,-0.28615046,-0.41528228,-0.5937643,-0.935277,-1.1942292,-0.7705444,0.39218873,1.8305873,3.8838763,5.3315916,6.0865617,6.425695,6.612095,6.410726,5.8774624,4.694713,2.7750914,0.8962295,-0.081051946,-0.47965997,-0.37051964,0.23363486,1.6696509,4.1354027,6.165659,6.424324,5.844911,4.8692966,3.5811276,1.0745404,0.24076037,-0.8376058,-0.89044666,-0.6050094,-0.34441322,-0.22366042,-1.5511992,-1.5529404,-1.553051,-1.553015,-1.5531205
-1.7151657,-1.7297142,-1.7061946,-1.691662,-1.710572,-1.6402578,-1.655353,-1.2561725,-0.14896312,1.71518,2.8537674,3.3170114,3.493794,3.6549177,3.7180734,3.335277,3.504664,4.1626005,4.6449947,4.722438,4.6662865,4.477578,4.1871767,4.140111,3.9402637,3.3378344,3.2461355,3.788886,3.9216924,4.3589215,4.529233,4.5454173,4.4073296,4.6791134,4.6244254,4.148611,4.123651,4.540538,4.9353795,4.980576,4.6553326,4.0039535,3.7588608,4.1254287,4.245629,4.0707307,3.5248275,3.6115813,4.305497,5.1122713,5.5476403,5.769784,5.791511,5.5021534,5.080111,4.6428685,4.4476175,5.130424,5.68248,5.903835,5.9305506,6.0998344,5.777752,4.968997,4.510977,4.451512,4.3157697,4.032382,3.8922284,3.8656924,3.8057005,4.459366,5.3004136,5.7256403,5.9914947,6.2143307,6.219475,5.951349,5.593434,5.1462455,5.0567465,5.18788,5.392702,5.4882655,5.538147,5.5501413,5.575486,5.596186,5.571527,5.5044794,5.4112797,5.271573,5.5458136,6.037199,5.810942,5.22493,4.5718503,3.9923825,4.287886,4.481818,4.0904765,2.9305682,3.1466117,4.144541,4.180027,3.659832,2.6052601,2.2433434,2.8201928,4.0700655,3.9870996,3.3747559,2.9258976,3.3404682,3.8942542,3.963924,3.807139,4.23085,5.3285413,5.8280516,5.8773966,5.64379,5.3416376,5.1737146,4.7244263,4.557447,5.18409,5.5425725,5.5376215,5.5479784,4.6880884,3.9085636,3.923921,4.212262,3.9928713,3.5491714,2.8030298,2.385997,2.4698758,2.721174,2.9177456,2.7431226,2.382962,2.109599,2.4557128,2.9656317,3.0638742,3.0287108,2.7298176,2.351855,1.9754697,2.1796103,3.0766294,3.0874882,2.5440097,1.8484056,1.6329062,1.680141,1.2246947,0.2722298,-0.56469566,-0.77969444,-0.79765743,-0.7415881,-1.4595854,-1.4585876,-1.4583645,-1.4584693,-1.458297
-4.350558,-4.256201,-4.196987,-4.134513,-4.0428815,-4.0062256,-3.879056,-3.7413034,-3.7420325,-4.2282586,-4.2723994,-3.9437962,-3.7576537,-3.7139509,-3.9646735,-4.0979233,-4.2267838,-4.6596365,-4.9207654,-4.974469,-5.074047,-5.3099146,-5.5101194,-5.671111,-5.758702,-5.710867,-5.605769,-5.3882966,-5.2778406,-5.24109,-5.2624435,-5.616474,-5.9364185,-6.0400953,-6.189371,-6.4206805,-6.5063534,-6.3187346,-5.8557673,-5.6582713,-5.5059824,-5.247708,-5.06049,-5.3605266,-5.4588833,-5.30242,-4.8016205,-4.7392583,-4.88825,-4.8512053,-4.7262,-4.768263,-4.933247,-5.132445,-5.1614733,-4.9813533,-5.1628065,-5.573015,-5.227302,-5.078329,-5.0026197,-4.854233,-4.603096,-4.2237663,-4.105859,-4.2864656,-4.5672913,-4.7073784,-4.807907,-4.8804984,-4.950817,-5.1647964,-4.9901915,-4.6547804,-4.4735656,-4.158267,-4.042322,-4.067234,-4.3023887,-4.5759997,-4.747595,-4.9977303,-5.301754,-5.4316783,-5.51069,-5.5347075,-5.5811987,-5.631467,-5.7077436,-5.80031,-5.8676786,-5.965122,-6.2364607,-6.3939967,-6.1385126,-6.0032187,-5.9285307,-5.74004,-5.868285,-5.9567976,-5.6582317,-4.740211,-4.6764708,-4.556523,-4.2392063,-4.244829,-4.0917063,-3.927309,-4.265087,-5.0785384,-4.974802,-4.53369,-4.307933,-4.3316984,-4.282835,-4.104354,-3.6853786,-3.301771,-3.8594522,-4.0263085,-4.1404123,-4.412314,-4.6318474,-4.7634478,-4.4548764,-4.585814,-4.774626,-4.484374,-4.3371916,-4.164727,-3.525741,-3.3685372,-3.6480765,-4.2695847,-4.8759036,-5.316572,-5.546558,-5.5652704,-5.5777698,-5.5952024,-5.594205,-5.4509835,-5.269474,-5.0133843,-4.9641123,-4.610216,-4.2300544,-3.9865513,-4.0147986,-4.211561,-4.5877495,-5.1559334,-6.002983,-6.4261074,-6.451256,-6.3784456,-6.570051,-6.4427757,-6.2450905,-5.93585,-5.80363,-5.797902,-5.7199807,-5.666081,-4.5014167,-4.5018425,-4.5020247,-4.501917,-4.5020766
