0,1,2,3,4,5,6,7,8,9,10,11,12,13,14,15,16,17,18,19,20,21,22,23,24,25,26,27,28,29,30,31,32,33,34,35,36,37,38,39,40,41,42,43,44,45,46,47,48,49,50,51,52,53,54,55,56,57,58,59,60,61,62,63,64,65,66,67,68,69,70,71,72,73,74,75,76,77,78,79,80,81,82,83,84,85,86,87,88,89,90,91,92,93,94,95,96,97,98,99,100,101,102,103,104,105,106,107,108,109,110,111,112,113,114,115,116,117,118,119,120,121,122,123,124,125,126,127,128,129,130,131,132,133,134,135,136,137,138,139,140,141,142,143,144,145,146,147,148,149,150,151,152,153,154,155,156,157
12.502016,12.232235,12.166467,12.111773,11.968725,11.983959,11.884478,11.469397,9.098419,5.974489,4.076483,2.922038,2.5598893,1.8980294,1.2707992,0.8153351,0.5278686,0.14881137,-0.108538985,-0.4539632,-0.5974457,-0.53418744,-0.27060115,0.055107802,0.85612327,1.4845865,2.0738325,3.1583004,5.108376,6.438522,6.8798513,7.0907745,6.9924846,6.107377,4.0582647,2.0446115,0.5105746,-0.24257392,-0.5013263,0.2503739,0.8157124,1.3022618,1.706733,1.9968579,1.4970702,0.8848389,0.14520119,-0.33875322,-0.7213675,-0.9031842,-0.83075345,-0.50950754,-0.1557682,0.21086377,0.5504165,0.790257,1.0207704,1.2841771,1.4573343,1.631886,1.8151178,1.9679787,2.4448962,4.13443,4.827669,5.9020867,6.416567,6.5037956,6.4547505,4.4139113,2.764597,2.1857896,1.9951339,1.9932325,1.2659485,0.67321324,0.64100456,0.7369372,0.9744684,1.0820112,1.2483375,1.6049395,1.8159883,1.6062518,1.5776589,1.7677805,2.1815927,3.3893328,4.102514,3.0834467,1.8547254,0.8505373,0.5874176,0.3570584,0.18005691,0.060722213,0.4660782,0.7838525,0.62252337,2.0707078,3.571757,4.521857,5.1766577,5.386685,5.298668,5.2670608,5.5282044,5.90701,6.665582,7.4526863,7.813206,7.6722927,6.845207,3.5359805,1.3178055,0.7847761,1.1679764,1.8319166,1.8816341,1.311916,0.91113085,0.67098653,0.4381117,0.13464767,-0.043050766,0.47508612,0.9871685,1.6022367,1.7187853,1.3053906,0.97657657,0.8781248,0.8573879,0.62680304,0.50143504,0.5510621,0.85631406,1.3431289,2.0271277,2.6720662,3.1806026,3.4364197,4.5108156,5.554572,6.7891893,7.5182314,8.0882845,8.897077,9.395342,9.436385,9.685045,9.846488,9.893908,9.905308,9.809871,9.865232,9.865048,9.86515
-2.0202317,-2.3123994,-2.5293484,-2.5083098,-2.3256109,-2.0580335,-1.8581865,-1.5588834,-1.8648896,-2.482049,-2.6950316,-2.1668975,-1.3169458,-0.76134366,-0.44893587,-0.49142283,-0.53210276,-0.2622546,0.33991694,0.45270517,0.2537508,-0.087527886,-0.54922915,-0.8056968,-0.6008041,-0.71933526,-1.4800612,-2.4461212,-2.8805585,-2.9983983,-2.8788428,-2.6175568,-2.3973505,-2.3810313,-2.6196349,-2.9379191,-3.4113812,-3.672606,-3.0137837,-1.9203665,-1.399305,-1.1884445,-1.1133778,-0.5368142,-0.109294966,0.068755865,-0.030682713,-0.08410417,-0.03502806,0.11709751,0.12476723,-0.096950755,-0.52943677,-0.87615997,-1.1516926,-1.3863363,-1.6595836,-1.9276626,-2.07709,-2.2527142,-2.3318524,-2.5111227,-3.0559533,-3.6683726,-3.8895893,-3.8975282,-3.6736617,-3.5036294,-3.2731483,-3.2675824,-2.93233,-2.4753237,-2.1993291,-2.243262,-1.9716098,-1.6395495,-1.6772804,-1.7575073,-1.8294864,-1.8336507,-1.8548672,-1.9465814,-2.1179254,-2.4309845,-2.6185849,-2.5180812,-2.0016263,-1.4452463,-1.3688124,-1.1511004,-0.8405292,-0.86827695,-1.2608951,-1.6810565,-1.822995,-1.7349619,-1.9193958,-2.0471165,-1.7328906,-2.1196828,-2.5988505,-2.8281298,-2.9794965,-3.0369482,-3.0934424,-3.193941,-3.2908273,-3.369155,-3.3375292,-3.07232,-2.931685,-2.8918114,-3.2462282,-3.8286707,-3.8224297,-3.8300066,-4.14114,-4.430729,-4.205934,-3.8672762,-3.5727625,-3.2564077,-2.8577328,-2.4872065,-2.1541963,-2.028271,-1.7024536,-1.3790401,-1.5430655,-2.0290658,-2.6182303,-2.987059,-2.8282437,-2.7372868,-2.869841,-3.1223698,-3.4253044,-3.7747543,-3.9958653,-3.8931837,-3.8745003,-3.8989258,-4.0307183,-4.030464,-3.8340871,-3.8370976,-3.7626696,-3.5740175,-3.3764606,-3.324468,-3.135453,-3.0740805,-3.052279,-2.9756856,-2.9517298,-1.60794,-1.6072419,-1.6072171
-2.1235282,-2.4139862,-2.274531,-2.0787432,-1.9700097,-1.8153037,-1.7296695,-1.6546195,-1.9903164,-1.893475,-1.8128002,-1.9021925,-2.365851,-2.5688236,-2.4747562,-2.541933,-2.7909868,-2.565087,-2.2213392,-2.2758443,-2.2606153,-2.2112734,-2.1363788,-1.8579025,-0.7906889,1.0723428,5.2265525,8.604324,9.775724,10.435521,10.789578,10.98188,11.172167,11.6348,11.746447,10.493241,8.342047,5.4420795,0.9252344,-2.3030891,-3.2378688,-3.6164033,-3.7575507,-3.5460029,-3.3161097,-3.375697,-3.5960402,-3.6377566,-3.5984058,-3.58676,-3.576262,-3.4612288,-3.278164,-3.0826645,-2.959267,-2.8612432,-2.7763484,-2.696282,-2.6578107,-2.7164965,-2.7853754,-2.600264,-2.3851666,-2.1965141,-2.0961323,-2.0870042,-2.108116,-2.0403793,-1.9062276,-1.7171276,-1.3000432,-0.9626303,-0.9604939,-1.0372622,-0.7610171,-0.08211948,0.10746452,0.2374975,0.37507433,0.36256954,0.25945616,0.06909628,-0.21382353,-0.5673056,-0.6214765,-0.64468753,-0.7564965,-0.88607454,-0.81070596,-0.74584126,-1.3191031,-1.9716172,-2.4814394,-3.119028,-3.8130288,-4.0455413,-3.4906893,-2.4747572,-1.6290445,-0.9542004,-0.5069052,-0.5325226,-0.9275882,-1.1966517,-1.3899307,-1.6331031,-2.0926836,-2.5068588,-2.5151677,-2.4810567,-2.6753187,-2.8815324,-2.9838538,-2.9747212,-2.6850216,-2.4594734,-2.2607253,-2.1912766,-2.2595768,-2.208384,-2.1819508,-2.25389,-2.4539037,-2.7020228,-2.8329663,-2.7317543,-2.5174484,-1.6357508,-1.1633248,-1.2354699,-1.6385412,-1.8991396,-2.2252343,-2.6301804,-2.8595304,-2.917493,-2.8323216,-2.81768,-2.794422,-2.840125,-2.86442,-2.9089112,-2.8413076,-2.5497212,-2.188251,-2.0628717,-1.9634837,-1.9891467,-2.1002593,-2.0029962,-1.8558552,-1.7410259,-1.5860903,-1.5976858,-1.5353596,-0.085343555,-0.08518377,-0.08506358
-2.6390038,-2.8211856,-3.040809,-3.2143962,-3.0892487,-2.7822742,-2.5015364,-1.8917637,-1.250749,-1.1552082,-1.2867482,-0.71652657,0.050231785,0.3887861,0.81816196,1.0113177,1.3307412,1.3410879,1.0997229,0.90847236,0.65208083,0.1890744,-0.42147678,-0.8233316,-0.9659554,-1.2555603,-1.8445513,-2.50769,-2.810889,-2.8771424,-2.823546,-2.714662,-2.5295973,-2.3804455,-2.531186,-2.7406416,-2.787416,-2.8636773,-2.8926105,-3.134305,-3.1580591,-3.2041898,-3.0988424,-2.396908,-1.8520892,-1.7002423,-1.7968485,-1.8032182,-1.7682625,-1.7348053,-1.759882,-1.9201139,-2.087844,-2.2004554,-2.2898324,-2.3619266,-2.4176044,-2.4574642,-2.4686108,-2.4888632,-2.421467,-2.0198145,-1.8464242,-2.228702,-2.4854188,-2.3652875,-2.2632213,-2.238417,-2.296894,-2.5057564,-2.1533756,-1.8076932,-1.68316,-1.7678792,-1.7389982,-1.7763729,-1.8388036,-1.8821985,-1.9227602,-1.8937035,-1.9037069,-2.0186236,-2.2954779,-2.6607246,-2.700708,-2.4518623,-1.8605111,-0.8337148,-0.19310138,0.032427553,0.2064507,0.03086996,-0.35256112,-0.89000636,-1.5064721,-1.9697294,-2.3157294,-2.376239,-1.9542003,-2.0365186,-2.1703439,-2.3726907,-2.8562357,-3.0879624,-3.1509323,-3.279313,-3.5460675,-3.8289971,-3.7908983,-3.7089276,-3.6467023,-3.6677442,-3.573854,-3.4244933,-2.6157594,-2.002711,-1.7149258,-2.1112607,-2.2790282,-2.060729,-1.8091136,-1.5610311,-1.3789339,-1.2634424,-0.8823514,-0.47064787,-0.09152192,0.14058122,-0.08160582,-0.5512609,-1.0873505,-1.4864614,-1.2935131,-1.501293,-1.9725873,-2.3621922,-2.508995,-2.6687925,-2.6866379,-2.463626,-2.4236777,-2.4814858,-2.8315344,-3.1846886,-3.304134,-3.337514,-3.2932403,-2.9965343,-2.5307863,-2.2920527,-1.7689123,-1.605432,-1.5483557,-1.6003932,-1.5302981,-0.21522243,-0.21486175,-0.21503262
1.9064362,2.2079182,2.502188,2.1535676,1.6002574,1.0952514,0.9138672,0.7458489,1.2188587,1.1011388,1.2488123,1.004555,0.65425277,0.539919,0.33024445,0.6909829,1.389826,2.3333318,2.6731827,2.965099,3.2399702,3.4260511,3.4946542,3.4938655,3.2919886,3.3138564,3.0044398,1.7881896,0.40375397,-0.37019387,-0.4984244,-0.38541818,-0.42185462,-0.7146461,-0.6367788,-0.21605508,0.3102495,0.87325615,1.3096724,0.8803271,0.6292732,0.36308077,-0.071177155,-0.45207503,-0.61518985,-0.7054079,-0.43243033,0.20142747,0.7264905,1.157842,1.4917879,1.7508123,1.8869095,2.0277529,2.1169856,2.1820893,2.2358685,2.2619126,2.3193681,2.4050329,2.3393586,1.9452292,1.5619187,1.2270912,1.3635073,1.731914,1.7241758,1.4521307,0.84257156,0.5682944,0.63891745,1.0484293,1.6472234,1.9268284,2.2419019,2.7039466,2.8593104,2.7988489,2.7254748,2.6835952,2.579498,2.3896604,2.1297185,1.7737453,0.9883491,0.07725412,-0.97986597,-1.5028653,-1.5139987,-1.3774853,-1.280817,-1.173571,-1.0264565,-0.8818612,-0.8216273,-0.9183854,-1.1959722,-1.2985139,-1.4448495,-1.6683078,-1.7255788,-1.3130755,-0.6318089,-0.19072685,-0.08319147,0.22685447,0.7638563,1.5774037,2.350306,2.4041903,2.0348172,1.3981448,0.9179284,0.96035016,1.3536499,1.4651701,2.0097237,3.142993,3.6539068,3.7993493,3.7923422,3.7134936,3.7299352,3.682263,3.152659,1.7374544,0.30626315,-0.8576711,-1.1305768,-0.9992387,-0.53155875,0.19944096,1.0366907,1.837259,2.3133726,2.4468038,2.1446838,1.7662101,1.3038955,0.90402585,0.7962595,0.89622015,0.9843875,0.99816394,1.0618846,1.082659,0.7164239,0.38889235,0.1776329,0.040003028,-0.33612123,-0.48702312,-0.7460592,-0.84129095,-0.93104666,0.15157056,0.1506789,0.1505182
-1.6934594,-2.0558276,-2.2014587,-2.2248433,-2.2374234,-2.195171,-2.1208832,-1.769711,-1.0405221,-0.46234712,-0.22460583,-0.25485373,-0.14040627,0.2012893,0.47925863,0.46017292,0.19166219,-0.39664203,-0.47299862,-0.095071286,0.069800705,0.07979068,0.1898,0.40974817,0.10065444,-0.80579334,-2.187289,-2.0074823,-1.6790407,-1.5884438,-1.4886811,-1.3475933,-0.8201684,0.063974194,1.5398543,1.9624556,1.5354604,2.0979643,2.969777,3.0411348,2.7470253,2.3239846,1.5670278,0.06200105,-0.41176814,-0.15287104,0.5442947,0.8875188,1.0092316,0.9321643,0.7309747,0.51787317,0.4813375,0.4804539,0.45494407,0.45459807,0.4593671,0.39592588,0.32112634,0.261136,-0.016697377,-0.7094222,-1.5528309,-2.3695273,-2.3125954,-2.370962,-2.1337662,-1.9539328,-1.5185685,-0.36319855,0.5763792,1.0433142,1.4315839,1.8912313,2.8195052,3.0588007,2.985908,2.9081278,2.8654861,2.884411,2.8412604,2.7188802,2.6363673,2.6416984,2.4616458,1.9365549,1.2100595,0.43408728,0.14662123,0.23775169,0.20603792,-0.3232861,-0.6834456,-0.34267294,-0.022572607,0.1278353,-0.29224917,-0.7029372,-1.0078359,-1.9131193,-2.602919,-2.6538,-2.7040627,-2.4738276,-2.295483,-2.1746402,-2.221555,-2.4245458,-2.9066577,-3.1609101,-3.3171062,-3.4475143,-3.368991,-2.466571,-1.4974456,-0.89987564,-0.28449693,0.25967324,0.571617,0.8230568,1.0911757,1.3865894,1.6818361,1.8821676,1.6322637,0.45237043,-0.14608082,-0.20250227,0.018200457,0.7298417,1.3623025,1.2472739,0.9971436,1.0350261,1.2162253,1.6576234,2.19373,2.538714,2.7704685,2.9337823,2.700969,2.4823453,2.2913988,2.3548326,2.193773,1.9624587,2.027423,1.9447743,1.4982865,1.5687773,1.8229682,1.9213023,1.983243,2.0315008,2.0852447,1.0694948,1.0690013,1.0687171
-3.01754,-3.1361837,-3.1896045,-3.1350098,-3.073341,-2.91639,-2.8485622,-2.5927794,-1.9783864,-1.4620711,-1.3516096,-1.0617361,-0.81235766,-0.68888086,-0.76399916,-0.94838226,-0.79348266,-0.45433012,-0.29698348,-0.37154973,-0.38783655,-0.39091918,-0.33242452,-0.28207678,-0.48126322,-1.1501611,-2.1018603,-2.0383668,-1.9588964,-2.222197,-2.340225,-2.2651272,-2.1605802,-2.0142605,-1.6007507,-1.3767498,-1.6722907,-1.9839125,-1.3733662,-1.2210659,-1.1505936,-1.0616293,-1.0212162,-1.3231139,-1.339123,-1.1965666,-1.0801816,-1.3076524,-1.352602,-1.2594396,-1.1851337,-1.1730573,-1.1755397,-1.2274266,-1.3016217,-1.3764064,-1.4842308,-1.5963204,-1.6721705,-1.7120445,-1.8359118,-2.1842752,-2.4559479,-2.7384574,-2.8933644,-2.8513432,-2.8154814,-2.827163,-2.7827044,-2.4729285,-2.206891,-2.0897677,-1.7099543,-1.3823798,-0.88625705,-0.7571883,-0.779815,-0.80480075,-0.8789499,-0.9066932,-0.9456776,-1.0404636,-1.1991074,-1.4606837,-1.7141591,-1.6955383,-1.3918595,-1.3043183,-1.8156962,-2.073381,-1.7864084,-0.9729762,-0.32862788,0.40096304,1.109519,1.233826,0.32324722,-0.63890487,-1.085759,-2.0012116,-2.6955135,-2.8771753,-2.896528,-2.8411145,-2.7334514,-2.709557,-2.7287965,-2.8798447,-3.1230435,-3.1213784,-2.9982362,-2.8155954,-2.6722481,-2.1741884,-1.8641708,-1.76188,-1.7946429,-1.5217294,-1.29756,-1.1653383,-1.0382686,-0.81567746,-0.5356511,-0.46755105,-0.86059463,-1.6540294,-1.596569,-1.8096176,-2.1006212,-2.4469178,-2.6809342,-2.7219987,-2.4849093,-2.3972485,-2.4284263,-2.433477,-2.409853,-2.3173282,-2.0684438,-1.8462818,-1.9512812,-2.0982726,-2.5588775,-2.9053214,-3.1741703,-3.3845692,-3.3806312,-3.2974243,-3.1850336,-3.1297858,-3.0821831,-3.1169798,-3.0199723,-2.973635,-2.9666154,-2.7429616,-2.7428765,-2.7428942
2.4941535,2.7010016,2.623201,3.083109,3.9611976,4.5927196,5.2148247,6.315772,8.681908,10.143305,10.691232,11.197096,11.5452175,11.693651,11.713007,11.586914,11.254371,9.655154,8.191692,6.695116,5.2925777,3.8185349,2.4416656,1.6159935,1.6938646,1.4691427,0.068089426,-1.6476792,-2.5468988,-2.707994,-2.407823,-2.0458572,-1.7752175,-1.7152336,-1.8553562,-2.0180035,-2.3282628,-2.575645,-2.3433046,-2.0594926,-1.8733296,-1.6496563,-1.1981283,-0.55964786,-0.11058007,-0.0787659,-0.48803458,-0.9306182,-1.1860458,-1.2136526,-1.131463,-1.0850581,-0.9689126,-0.8579174,-0.76982105,-0.71141624,-0.6147541,-0.531457,-0.44167703,-0.24442235,0.19743182,1.0050163,1.3996137,1.1934636,0.79847014,0.8351341,0.8044628,0.64424133,0.4048841,0.15587568,0.4047331,0.6364107,0.43286884,-0.15149602,-1.010606,-1.3644285,-1.5652226,-1.6836632,-1.6889721,-1.5511308,-1.373243,-1.1564393,-0.7839855,-0.3665432,-0.019490052,0.2930469,0.4691852,0.16860633,-0.24364978,-0.18992817,-0.096686445,-0.15858488,-0.15493798,0.024080321,0.4895749,0.8724992,0.6317023,-0.05759609,-0.07843253,-0.70944536,-1.2592771,-1.5460263,-1.5317018,-1.5461382,-1.6029098,-1.6319165,-1.606529,-1.4526172,-1.2736573,-1.1569659,-0.933573,-0.8576033,-1.0159664,-1.146126,-0.91543245,-0.69244146,-0.7302772,-1.3976282,-1.59935,-1.3676244,-1.2227153,-1.0735713,-0.72403735,-0.16421634,0.6657955,0.78155965,0.96541655,1.1990193,0.9070379,0.5850154,0.35891074,0.2970814,0.5042935,0.7818004,0.77896124,0.7613975,0.5705381,0.054442763,-0.30331564,-0.1886676,-0.053988174,-0.07079041,-0.43138587,-0.7603828,-0.9110782,-0.8661962,-0.72508377,-0.31605455,0.13297835,0.14607598,-0.032611743,-0.3561248,-0.87525237,-1.1487644,-1.0354241,-0.33684748,-0.33620256,-0.33608797
-1.0406411,-0.9605158,-1.1927602,-1.1867458,-1.0363952,-0.80735064,-0.75104976,-0.7677609,-0.7769259,-0.87619865,-0.82278574,-0.6055571,-0.15175375,0.080635376,-0.023137987,-0.10746969,-0.13504913,-0.45464262,-0.5443667,-0.5092168,-0.61818355,-0.73103726,-0.8040023,-0.84460366,-0.751318,-0.9627233,-0.72280324,-0.19008595,-0.69194794,-1.3452622,-1.5389322,-1.5944269,-1.6381671,-1.8072922,-1.7113698,-1.2486631,-0.9587804,-0.9121314,-0.5383494,-0.43210825,-0.22690733,0.042895734,0.56175005,0.8931308,0.90429354,0.981704,1.0624489,0.8820445,0.670149,0.50025433,0.486608,0.60434717,0.7736152,0.7867877,0.7489123,0.71299493,0.6633505,0.5788361,0.52797455,0.51311475,0.5854462,0.5942332,0.3778778,-0.06257692,-0.1943494,-0.49552873,-0.6781694,-0.60639286,-0.65692437,-0.7859884,-1.5667648,-2.3986447,-2.9115758,-3.1562028,-3.3678694,-3.5996401,-3.679944,-3.7379932,-3.7826972,-3.693496,-3.4472733,-3.0515504,-2.4177365,-1.7619578,-1.2760777,-0.8033676,-0.5581831,-0.86548173,-1.399946,-1.843847,-1.5360265,-0.5397516,0.4548471,1.3914151,2.1583767,1.9699224,0.9562614,0.38878325,0.14348808,-0.63793594,-1.2153251,-1.5552027,-1.3704108,-1.2683815,-1.2496195,-1.128695,-0.91841686,-0.74903405,-0.8762532,-0.901513,-0.8882402,-0.7287722,-0.78570366,-0.72996926,-1.230737,-1.8707292,-2.5775928,-2.9151464,-2.8678288,-2.7504072,-2.648203,-2.4360943,-2.1480727,-1.933842,-1.8801824,-1.8792312,-1.9837822,-2.23671,-2.3377395,-2.4532785,-2.424491,-2.0218143,-1.6313149,-1.1911144,-0.9471735,-1.0412896,-1.3488395,-1.4499016,-1.3202484,-0.9459205,-0.7449391,-0.64443415,-0.5098633,-0.483567,-0.6076339,-0.74737227,-0.8302388,-0.8065282,-0.94696784,-1.099632,-1.3714992,-1.5358413,-1.6085329,-1.6516652,-1.6875923,-1.9093319,-1.9095292,-1.9096789
-2.6103497,-2.9016724,-2.6694841,-2.7433,-2.801256,-2.9746356,-2.9663131,-2.8720315,-2.3306584,-2.1662717,-2.0171952,-2.3246524,-2.3106184,-1.7760303,-1.30649,-0.19276345,2.2265916,7.0418196,9.366297,10.43052,10.96513,11.303282,11.342247,11.064928,10.626127,10.205947,9.2412,6.575908,3.5014844,1.1629086,-0.021612808,-0.423785,-0.5448963,-0.48050472,-0.013607621,0.31114265,0.33347744,0.3969283,0.43106508,-0.4371665,-0.87589693,-1.1989079,-1.6550642,-1.8614594,-1.7797348,-1.6702507,-1.2900014,-0.93182766,-0.6415989,-0.46089697,-0.5277457,-0.6681889,-0.845304,-0.9652865,-1.1045192,-1.1987526,-1.3040545,-1.441221,-1.5255752,-1.5320367,-1.6302142,-1.8017448,-2.106833,-2.346394,-2.0187418,-1.5149539,-0.9350235,-0.72827023,-0.50184363,-0.0012656003,0.3928455,0.813998,1.468612,1.9351726,2.9289193,3.6213412,3.6736507,3.5259628,3.374473,3.2269816,3.0499392,2.7604954,2.452676,2.1850827,1.6093953,0.624582,-0.4922013,-1.5231377,-2.2200046,-2.4556117,-2.7619658,-2.9044814,-3.0565553,-3.1552486,-3.0758839,-2.8318791,-2.978067,-3.3925922,-3.7200713,-3.8085938,-3.5811706,-3.1358967,-2.8383942,-2.514812,-2.3276572,-2.1185222,-1.8187101,-1.3948526,-0.9660637,-0.7440311,-0.5553916,-0.39200416,-0.13556805,0.44236887,0.8147504,0.9909513,1.3447993,1.822691,2.2362738,2.5945992,2.6564279,2.6306424,2.6555467,2.6637392,1.8239714,-0.021354899,-1.4637462,-2.0333486,-1.9702014,-1.478305,-0.7362573,0.2238901,0.9619186,1.5482217,1.6906509,1.4769197,0.9319871,0.46223104,0.1111784,-0.2643666,-0.56017834,-0.6805488,-1.0857495,-1.2771139,-1.4319723,-1.6141555,-1.7952791,-1.9834194,-2.0516396,-2.0859008,-2.149705,-2.1625662,-2.2385924,-2.1656904,-2.2322598,-2.506818,-2.5067873,-2.5067205
-3.3739595,-3.4245915,-3.3160484,-3.1106298,-2.7986722,-2.6994073,-2.6151083,-2.380404,-1.6771898,-0.9386791,-0.65592176,-0.172023,-0.29342818,-0.4033386,-0.18575184,-0.59076816,-1.3684119,-2.137774,-2.151887,-2.1988473,-2.2305703,-2.3450089,-2.5595973,-2.5158887,-1.9943564,-1.3351568,-1.1403875,-1.5352451,-0.8363253,0.016899705,0.3540596,0.3983782,0.585022,0.9028553,0.7272442,0.16525383,-0.41075727,-0.5289127,-0.79326403,-0.62182444,-0.65010977,-0.6243719,-0.5568322,-0.09097881,0.15565126,0.119782075,-0.09897341,-0.34503078,-0.45249453,-0.6773459,-1.0787528,-1.5330858,-1.9842085,-2.3323107,-2.5697985,-2.7305458,-2.8984346,-3.0424216,-3.1498523,-3.189296,-2.9922004,-2.3829665,-1.8928531,-1.854493,-2.1688325,-2.6192272,-3.0859427,-3.281169,-3.3878424,-3.3557146,-2.9119291,-2.4898052,-2.4854083,-2.6253958,-2.5715747,-2.1334805,-2.0825057,-2.0845544,-2.1087961,-2.1736882,-2.2264767,-2.2215395,-2.0972607,-1.7190696,-0.9456252,0.015517175,1.2513673,2.2886043,2.0558624,1.5180926,0.60996807,0.023976468,-0.28982884,-0.8147591,-1.411715,-1.5148139,-1.5092614,-1.7147727,-1.7177709,-1.6865747,-1.4782954,-1.5232686,-1.8461978,-2.0238047,-2.1182556,-2.2335181,-2.5082831,-2.7538543,-2.6276875,-2.6293437,-2.557028,-2.475579,-2.4825046,-2.5248435,-2.4145265,-2.324101,-2.458762,-2.6840458,-2.5524068,-2.293158,-2.0932913,-1.9441085,-1.6502388,-1.1278863,-0.0011072606,1.4180547,2.0362437,2.6220775,2.328413,1.2260981,0.10647784,-0.7687159,-1.242084,-1.5649992,-1.752265,-1.7916672,-1.7007501,-1.7065682,-1.6834402,-1.6368856,-1.5288354,-1.4688911,-1.6042705,-1.8841249,-2.2059717,-2.3244271,-2.270597,-2.3397055,-2.2994087,-2.2510846,-2.1082282,-2.0195365,-1.8288476,-1.6361084,-1.603904,-1.586722,-1.5864071,-1.5862918
-3.4441626,-3.2871096,-3.314596,-3.3828235,-3.5126379,-3.5978696,-3.6791077,-3.6461825,-3.4101171,-3.0100088,-2.8925018,-3.1085544,-3.421671,-3.4947433,-3.5160215,-3.2675376,-2.597508,-1.3638582,-1.0451325,-1.1552557,-1.1282694,-1.0367718,-0.864427,-0.75867796,-1.116256,-1.5572376,-1.8094494,-1.8280089,-2.1887689,-2.6655517,-2.960022,-3.0899565,-3.0961678,-2.7961128,-1.6716552,-0.27525705,0.8727316,1.3992972,1.4457638,0.46013018,-0.29038653,-0.9860436,-1.8913177,-2.8238149,-2.9796286,-2.7793689,-2.2734704,-1.7246978,-1.310298,-1.0349513,-0.9857835,-1.1243861,-1.3489428,-1.5241424,-1.6696035,-1.7880553,-1.9327163,-2.0792048,-2.179176,-2.3405976,-2.6052535,-2.9854755,-3.2739697,-3.7834964,-3.8308764,-3.7670944,-3.4572306,-3.3179505,-3.1266098,-2.6833947,-2.4396844,-2.3980463,-2.1726055,-1.930115,-1.3131565,-0.7998154,-0.6753269,-0.67643267,-0.7577228,-0.7914183,-0.75304466,-0.67812693,-0.6194042,-0.64490026,-0.7701137,-0.943941,-1.2723694,-1.834007,-2.3983393,-2.289359,-1.6707072,-0.66772765,0.15789115,0.51453656,0.11426246,-0.79928327,-2.1763768,-2.558355,-2.1535852,-2.4585483,-2.9255748,-3.152662,-3.299395,-3.3623838,-3.3536446,-3.3194168,-3.1791961,-2.9749231,-3.065361,-3.0250924,-2.9707742,-2.9456089,-2.933972,-2.369072,-1.9643407,-1.812488,-1.7422602,-1.1565335,-0.8561708,-0.6878002,-0.54503787,-0.4067657,-0.28705266,-0.39356118,-1.0483716,-2.0187206,-2.5832756,-3.1710696,-3.1266272,-2.6540763,-2.021464,-1.3401504,-0.95133275,-0.848763,-0.8597716,-0.8460705,-0.77172315,-0.6483317,-0.5663918,-0.6658736,-0.9003522,-1.0393698,-1.4492576,-1.743843,-1.8934882,-1.9883345,-2.040988,-2.1982672,-2.2724907,-2.1456652,-2.182222,-2.1830375,-2.0971704,-2.103015,-2.0715036,-2.6595266,-2.659512,-2.6595573
-1.5646368,-1.459172,-1.4859313,-1.4304047,-1.3634764,-1.4184043,-1.4922303,-1.4610322,-1.4416687,-1.3082448,-1.3072178,-1.5618846,-1.6050464,-1.5107024,-1.5037366,-1.363354,-0.6055401,0.9823484,1.6856402,2.0275772,2.2790117,2.5141444,2.898202,3.1270003,2.762814,2.1460867,0.6682114,-0.17554289,-0.7250153,-1.3913131,-1.767865,-1.9430788,-1.9850727,-1.7862403,-1.4315333,-1.1325144,-0.7873848,-0.20567732,0.6528804,0.71389365,0.41998753,0.015395246,-0.47295475,-1.0116321,-1.3448948,-1.3955562,-1.2717748,-1.0582212,-0.85854965,-0.6798321,-0.58594316,-0.5547719,-0.5748677,-0.6258745,-0.72373635,-0.8005159,-0.90112877,-1.0266464,-1.1499145,-1.2329466,-1.4239922,-1.7987347,-2.1842687,-2.50796,-2.4010205,-2.0883918,-1.7391816,-1.5836792,-1.2602327,-0.63352215,-0.31037056,-0.10351178,0.31443334,0.7482801,1.438629,1.5488293,1.5459645,1.4703119,1.281176,1.0833313,0.7902469,0.4928749,0.3085556,0.20408326,0.08753534,-0.070280194,-0.3887762,-0.677245,-0.95549387,-0.9551596,-0.6830444,-0.032045,0.46548492,0.8551167,0.9957647,0.87431264,-0.13137488,-1.1792532,-1.8224834,-2.4007711,-2.6769269,-2.6373773,-2.5965712,-2.54498,-2.4309478,-2.3849325,-2.330763,-2.2461615,-1.8023183,-1.2328781,-0.79401565,-0.60899806,-0.4517943,-0.53836155,-0.72675407,-0.70908666,-0.4403647,0.6063144,1.210735,1.4379768,1.5497458,1.7411804,2.1318202,2.3692193,2.0494773,1.1256517,0.21935374,-0.7056163,-0.95891297,-0.8797132,-0.42804602,0.32404763,0.933364,1.1729932,1.1875584,0.9641731,0.5108848,0.33219206,0.3988028,0.44593853,0.39675996,0.44295496,0.048704863,-0.38396585,-0.8328267,-1.0685107,-1.3308976,-1.6131089,-1.739439,-2.0080452,-2.437394,-2.5852911,-2.684834,-2.655613,-2.7279553,-3.6194365,-3.6195364,-3.619419
-1.0862625,-0.9012799,-0.6817075,-0.8085152,-1.0745854,-1.4854455,-1.7042696,-1.8876867,-1.7028853,-1.4001917,-1.1818542,-1.233747,-1.2907878,-0.9952171,-0.8829091,-0.17587084,1.3999081,3.1436486,3.4007318,3.4679618,3.6559343,3.8380249,3.9535282,3.831594,3.507653,3.2005095,2.780428,1.3253781,0.080573335,-0.70560193,-1.0033273,-1.0642275,-1.1359327,-1.211473,-0.7949867,-0.024373353,1.3719634,2.624328,3.260755,2.3629947,1.5159234,0.7942903,0.11620565,-0.45902032,-0.8245368,-0.90619326,-0.5032823,0.3097049,1.0554436,1.723141,2.1686292,2.409941,2.481232,2.5096016,2.4621654,2.4291046,2.3579805,2.2525969,2.163033,1.9930549,1.5260484,0.5762714,-0.3948373,-1.0306015,-0.9376298,-0.8642733,-0.38877723,-0.31042504,-0.19721998,0.22332457,0.6044782,1.1797996,1.7838262,2.2824283,3.0282116,3.428494,3.492518,3.488797,3.381915,3.302349,3.3131618,3.3032017,3.2539375,2.7485437,1.7014239,0.33596992,-0.9180898,-1.4561969,-1.7783988,-1.8833277,-1.8728411,-1.9648477,-2.099813,-2.0649657,-1.8429904,-1.8349477,-2.4047112,-2.7391703,-2.7810345,-2.8155675,-2.9177098,-2.9443448,-2.8377008,-2.7098484,-2.6300254,-2.4741433,-2.1543543,-1.5822058,-1.0562086,-0.78489655,-0.59188104,-0.59653795,-0.72754294,-0.8107266,-0.63983667,-0.26146472,0.8636002,2.9633293,3.6494179,4.0362673,4.238582,4.297979,4.3431935,4.146667,3.1463094,1.3360631,-0.090400994,-1.1642147,-1.3376274,-0.8085028,0.0022003949,0.8203593,1.5280998,2.1706119,2.5211592,2.6116211,2.4035845,2.1104143,1.5664303,0.89357114,0.41654086,0.17405371,-0.29249206,-0.5313041,-0.64278126,-0.754827,-1.0125582,-1.0128332,-0.9088532,-1.0191303,-1.2110665,-1.2426287,-1.393321,-1.4071307,-1.4803361,-2.0411756,-2.0415738,-2.0417213
-0.3088122,-0.49068773,-0.5176906,-0.6657356,-0.7551752,-0.9841379,-1.1119974,-1.0819275,-0.37711805,0.28505534,0.45203382,-0.008388966,-0.52346987,-0.7705432,-0.9041256,-0.7337164,-0.23001789,0.3863567,0.2455832,0.011540234,-0.10717031,-0.19465178,-0.09004909,0.1477722,0.054328263,-0.40885153,-0.37279707,0.24826363,-0.10860968,-0.83557737,-1.3227911,-1.5586114,-1.4025936,-0.5261644,2.7119002,6.471133,8.715417,9.326278,9.311991,8.855856,8.2890625,7.513141,5.6884522,2.2622664,0.44637436,-0.13308491,0.08800737,0.6270521,1.0051776,1.1476405,1.1408696,1.0225736,0.8765187,0.69622296,0.54168224,0.4280378,0.30047038,0.15761828,0.04630959,-0.086921036,-0.40838096,-0.8991587,-0.9920261,-0.9457082,-0.8225173,-0.8308655,-0.8440886,-0.90362436,-0.80179524,-0.50929946,-0.38617808,-0.43718678,-0.21834412,0.15635112,0.8146546,1.1368122,1.1870824,1.1621014,1.1165996,1.1998761,1.3188761,1.3146932,1.200542,1.3762329,1.3718574,0.9781357,0.20738074,-0.804659,-1.4145129,-1.7312236,-1.2843547,-0.6056002,-0.02631848,0.49973443,0.66122746,0.4224249,-0.47405237,-0.9824548,-1.1414807,-1.7421039,-2.3024168,-2.2838416,-2.1566777,-1.9273512,-1.7660961,-1.583803,-1.3167969,-0.9430365,-0.95915115,-0.9272703,-0.69034255,-0.61630523,-0.6648698,-0.40809017,-0.11290702,0.16198683,0.52789414,0.81104976,0.972116,0.99541265,1.1388673,1.3190398,1.5013354,1.6558127,1.7092581,1.334391,0.8327388,0.21982679,0.3422824,1.8537419,4.4382157,6.9188647,8.055382,8.637988,9.037881,9.560314,10.245581,10.736606,11.0744295,11.150108,10.923254,10.68854,10.272549,9.98476,9.619739,9.174812,8.934023,8.193859,7.7462854,8.017848,8.156536,8.11487,8.217709,8.191031,8.291262,5.903812,5.9031463,5.9028387
1.5504394,1.5067213,1.8199537,2.0742507,2.0572858,2.121524,1.9582045,1.587633,0.5495994,0.32720554,0.88869894,1.2079501,0.90740955,0.72612834,0.5386449,0.53188145,-0.011993192,-0.4492904,-0.43680894,-0.4009595,-0.4434088,-0.51176286,-0.7172663,-1.1210456,-1.2126161,-0.8201882,-0.10999736,-0.89079857,-0.9732188,-0.5307429,-0.19567929,-0.05487808,-0.1494527,-0.2087627,-0.5147728,-0.9168317,-0.9101382,-0.4458016,-0.70237386,-0.8155894,-0.7727369,-0.66404384,-0.35550907,0.20379104,0.69483554,0.81519663,0.43267122,-0.016983807,-0.22747013,-0.32081214,-0.300277,-0.18981612,-0.09274411,-0.0074076355,0.023833752,0.05096805,0.047238544,0.007882148,-0.004503906,-0.21493083,-0.6164006,-1.1698762,-1.4976203,-1.4787822,-1.3730192,-1.3251685,-1.1219463,-0.9592187,-0.839062,-1.1180356,-1.2054155,-1.2535082,-1.5264151,-1.6376073,-1.440763,-1.1368537,-0.99249196,-0.89006233,-0.7937567,-0.7735173,-0.70234233,-0.6140058,-0.6445254,-0.8558489,-0.8401692,-0.5868348,-0.10473649,0.6848551,1.1950343,1.9944192,2.8172412,2.9592295,2.7917063,2.4161518,1.3852448,0.34666649,-0.28718686,-0.9685529,-1.9607003,-1.9955153,-1.4817394,-1.1609296,-0.97577906,-0.81357795,-0.7269659,-0.53159165,-0.46124378,-0.72109294,-1.2130135,-0.87643105,-0.5881901,-0.47893727,-0.48381907,-0.432136,-0.3180783,-0.45524555,-0.59872544,-0.8461028,-0.8844267,-1.0251939,-1.1802346,-1.3604839,-1.4816895,-1.6821568,-2.0989757,-2.3053086,-1.9036506,-0.889221,-0.26252693,0.26552176,0.32538334,0.07138929,-0.10190621,-0.0451904,0.06711887,0.2116277,0.2784933,0.09628153,-0.22472009,-0.44381988,-0.49352625,-0.35173965,-0.009039983,-0.0014108121,-0.4030509,-0.56701416,-0.61397445,-0.2495137,0.008066684,0.27768654,0.8086588,1.0570204,1.1874821,1.1218121,1.0674115,1.4566984,1.4565463,1.4564626
-1.8006248,-1.8775754,-1.8184301,-1.8213754,-1.8314993,-1.7876496,-1.6458094,-1.4717324,-1.1171471,-1.1684637,-1.3735032,-1.6761267,-1.8065584,-1.6774225,-1.1657547,-0.8405253,-0.95261914,-1.7319462,-2.4225483,-2.684808,-2.759626,-2.8019786,-2.9614832,-3.204922,-3.5017385,-3.372982,-2.5100603,-1.7073578,-1.2500613,-0.82233465,-0.6371678,-0.6663747,-0.8032928,-0.8076362,-1.2310551,-1.4977839,-1.7820926,-2.1369486,-2.2955225,-1.718503,-1.390929,-1.1624386,-1.2151028,-1.0283297,-0.84019876,-0.8303989,-0.87217027,-1.0244361,-1.2904555,-1.6675963,-2.1420884,-2.5405512,-2.7939918,-2.9601374,-3.0336123,-3.0808802,-3.1268468,-3.1711783,-3.2417197,-3.2866693,-3.1318922,-2.5961702,-1.9467137,-1.3835832,-1.4091272,-1.6096392,-1.8111887,-1.8017936,-1.6042991,-1.1319535,-0.8283362,-0.94389033,-1.3362943,-1.5967467,-1.6608648,-1.246492,-1.0939274,-1.0173061,-1.0337402,-1.1508998,-1.304051,-1.4949081,-1.6873583,-1.9033414,-2.0214734,-2.0659108,-1.9608063,-1.9914443,-1.9874763,-1.9336789,-1.8872411,-1.7885746,-1.7461947,-1.8489984,-1.3956258,-0.11692941,2.4800978,3.568983,2.889812,3.4218616,4.3014836,4.3948207,4.0086203,3.8760314,3.9974246,3.8760612,3.5150123,2.8861325,2.3757372,1.9479431,1.8888876,2.2139509,2.4834223,2.7454762,2.551447,2.1939588,0.83285177,-1.3133507,-2.0645485,-2.2774558,-2.3904037,-2.6147902,-2.8326101,-2.7721677,-2.3075738,-1.5211481,-1.1269354,-0.48510575,-0.52417284,-0.78747594,-0.9466468,-0.92026085,-0.9417847,-0.97081923,-1.0534327,-1.0995373,-0.9477553,-0.77382576,-0.5685693,-0.3049634,0.15514418,0.59511125,1.175426,1.2732944,1.0172943,0.6136751,0.20804591,-0.65338475,-1.0985777,-0.978294,-0.73328817,-0.53955615,-0.23506919,0.079111785,0.12116005,0.4870676,0.48710454,0.4870042
-0.6207513,-0.9758358,-0.9861755,-0.9463342,-0.89006454,-0.7147677,-0.67382294,-0.9460043,-1.8716849,-2.2432485,-2.1648133,-2.012667,-2.181457,-2.3173761,-2.4859967,-2.7498643,-3.3657367,-3.4724956,-2.701203,-2.2147176,-1.9518844,-1.6713873,-1.4743718,-1.4252883,-1.259737,-0.7372645,0.20503253,-0.24582171,-0.9333757,-0.8880316,-0.87740755,-0.89878595,-0.8316111,-0.73547333,-1.1029869,-1.2801552,-0.90619606,-1.0217042,-1.9738662,-2.2813306,-2.5171037,-2.6624546,-2.4128203,-1.4966125,-0.6911289,-0.21326122,-0.15065259,0.1585831,0.4896298,0.8170884,1.1030667,1.166123,0.7686896,0.3563817,0.057368785,-0.16175169,-0.40884778,-0.58507776,-0.69605184,-0.89405084,-0.991067,-0.8029334,-0.5749733,-0.557689,-0.715859,-0.8196343,-0.86852294,-0.8419462,-0.80324614,-0.83806336,-0.58723795,-0.12939955,-0.05433221,-0.16633053,-0.19933137,-0.11949822,-0.10580787,-0.06430656,0.031192541,-0.025654495,-0.2251617,-0.50554913,-0.94846463,-1.4033792,-1.4954927,-1.3223522,-0.83062863,0.023459613,0.9393904,1.1813358,0.4589059,-0.7720347,-1.6572313,-2.28619,-2.8377843,-2.8105054,-1.8904768,-1.1327698,-1.1766634,-1.141578,-0.93188775,-0.570854,-0.46114638,-0.48695558,-0.5466707,-0.6297443,-0.639745,-0.5547124,-0.2624194,0.047030926,-0.31641948,-0.9904436,-1.556807,-1.7559979,-1.7996218,-1.9281878,-1.9632412,-1.9408666,-1.9617612,-2.0246139,-2.0561364,-2.0761588,-2.2242534,-2.5853457,-2.6629229,-1.8850832,-0.8512557,0.3650332,0.8140835,0.51908064,-0.3982281,-1.6953099,-2.7075372,-3.3621645,-3.5661705,-3.451109,-3.06648,-2.779711,-2.6667027,-2.7911959,-2.8535023,-2.8786325,-2.546537,-1.9911672,-1.5716715,-1.4609168,-1.2248762,-0.98653793,-1.0100586,-1.1075811,-1.0651457,-0.9822837,-0.89982164,-1.0205714,-1.0061774,-0.19855538,-0.1983647,-0.19831735
-3.3469589,-3.455813,-3.5162263,-3.5243206,-3.5543413,-3.3792665,-3.3540561,-3.3636956,-3.3519115,-3.2039278,-3.13109,-3.2328897,-3.5265834,-3.5755293,-3.4868946,-3.4042041,-3.6390715,-3.291554,-2.706757,-2.5191722,-2.4779263,-2.4302664,-2.4892523,-2.6387906,-2.5653934,-2.2009497,-1.1661401,-0.6839813,-1.0974214,-1.53499,-1.9373102,-2.2511382,-2.3722262,-2.2338614,-2.1869073,-2.004749,-1.6722726,-2.2936876,-3.5991786,-3.9503894,-3.9524055,-4.0433874,-4.2334714,-3.9929943,-3.4717274,-3.2806172,-3.3791401,-3.5065653,-3.4834754,-3.4038637,-3.314753,-3.2528315,-3.233389,-3.1676867,-3.1145105,-3.0648289,-3.0080805,-2.9391942,-2.8761854,-2.8627217,-2.8051267,-2.5934312,-2.6126676,-2.8693905,-3.0347948,-3.4290285,-3.704926,-3.6953967,-3.5505548,-3.1432023,-2.8135657,-2.5637074,-2.5243952,-2.670867,-2.9940062,-3.1458142,-3.179341,-3.1681838,-3.1637635,-3.2589164,-3.4126172,-3.5528684,-3.6559057,-3.689448,-3.5754004,-3.4330497,-3.2107577,-3.1987195,-2.9640102,-2.5941734,-2.6601748,-2.791602,-2.886685,-3.0336041,-3.259522,-3.2662506,-2.74226,-2.1028106,-1.6750443,-1.713111,-1.6553421,-1.7099917,-2.136917,-2.335425,-2.3879008,-2.5418367,-2.7681313,-2.963261,-2.9375184,-2.8186226,-2.9570224,-3.108882,-3.1159544,-2.6404223,-2.2691345,-2.2311625,-2.4474592,-3.101953,-3.4082668,-3.5482068,-3.5653934,-3.6243572,-3.8113956,-4.032522,-3.9482422,-3.269128,-2.940102,-2.588415,-2.4383428,-2.5494676,-2.846878,-2.9539552,-3.0279086,-3.1635032,-3.246894,-3.2944527,-3.3216658,-3.455394,-3.5454617,-3.6282687,-3.6873434,-3.7422686,-3.7197218,-3.5369182,-3.438979,-3.348713,-3.1738465,-3.1413834,-3.199597,-3.1600296,-3.0509548,-2.908956,-2.717693,-2.7612336,-2.7889555,-3.0476568,-3.0475483,-3.0476065
-1.6693869,-1.4216318,-1.0782316,-0.8537046,-0.8221718,-0.9682034,-1.1722934,-1.1849207,-1.1097736,-0.4124606,-0.12516208,0.22511393,0.4846633,0.7047788,0.90439796,0.6629001,0.086734526,-0.843886,-1.3852862,-1.541255,-1.6094139,-1.6671269,-1.7210026,-1.7364193,-1.9599017,-2.3948932,-2.804282,-3.33442,-3.3386652,-2.85355,-2.5075154,-2.316587,-2.048689,-1.6174142,-1.4799995,-1.6060889,-1.6076072,-1.4403138,-1.4920377,-1.6531653,-1.7290056,-1.6628203,-1.3260738,-0.92140895,-0.6721603,-0.61207557,-0.68406534,-0.7616542,-0.71633005,-0.6581438,-0.739684,-0.96082497,-1.2011408,-1.326649,-1.4085616,-1.4679778,-1.5344487,-1.5745953,-1.5842783,-1.6749816,-1.908859,-2.319911,-2.6666024,-3.0401988,-2.954699,-2.8371058,-2.324874,-2.0044584,-1.6690587,-1.4461882,-1.1524932,-1.0809774,-1.0128033,-0.9853766,-0.6261357,-0.5616092,-0.582485,-0.56359816,-0.5476964,-0.47316673,-0.34376022,-0.23125175,-0.23919025,-0.26794744,-0.20355833,-0.22394529,-0.0046423525,0.64931726,1.1736408,1.5151807,1.3025796,0.49424773,-0.17675766,-0.7933853,-1.6728398,-2.2016706,-2.502553,-2.4605632,-2.0498734,-2.0173357,-1.9630222,-2.063462,-2.3628957,-2.5460038,-2.5481067,-2.6064005,-2.6890438,-3.0232375,-3.1198297,-2.7799973,-2.413894,-2.1259503,-1.6179165,-0.9431195,-0.30546212,0.019267065,-0.122973785,-0.8846519,-1.2550211,-1.3030379,-1.2976518,-1.2620441,-1.2773993,-1.311723,-1.1207963,-1.0446713,-0.659956,-0.28411537,-0.04745467,-0.08838755,-0.54531944,-1.153038,-1.4794962,-1.7957199,-2.0550523,-2.2449393,-2.3099668,-2.321082,-2.3045201,-2.2148914,-2.2177908,-2.2980204,-2.5247157,-2.725357,-2.763988,-2.7766056,-2.5920455,-2.3973875,-2.1495285,-1.8432827,-1.4278177,-1.2542021,-1.2213709,-1.2913752,-1.2035892,-0.7264209,-0.72649777,-0.7267212
-1.5555632,-1.6045511,-1.7954972,-2.0765998,-2.3628333,-2.4941611,-2.4988182,-2.5304909,-2.0494857,-2.216475,-2.2287152,-2.1780715,-1.7432029,-1.3775951,-1.3775754,-1.3048182,-0.9533465,-0.4379068,-0.091479555,0.36811525,0.6862945,0.9598404,1.2457364,1.303534,0.91405594,0.5666673,0.4769306,0.6734855,-0.04386726,-0.8399436,-1.1078205,-1.1433054,-1.3082325,-1.7019184,-1.7592156,-1.448158,-0.9227362,-0.5484126,-0.02876003,0.14240912,0.33068597,0.49584165,0.46429193,0.09425187,-0.12609382,-0.08229976,0.43251824,1.0982639,1.5955703,1.9033282,1.9684362,1.9522206,1.8985062,1.7686307,1.619209,1.4925903,1.3593289,1.1923412,1.0923206,1.0638003,1.0162547,0.81614685,0.6231285,0.26230794,0.29669097,0.210262,-0.028281137,-0.05316122,-0.35749882,-0.72695047,-1.3683219,-1.8526261,-2.1152046,-2.1341414,-1.7950771,-1.5390503,-1.4538945,-1.4684373,-1.4622815,-1.3677144,-1.1925902,-0.99402934,-0.65814066,-0.2502749,-0.32092163,-0.6785917,-1.4216683,-2.2313375,-2.2945926,-2.008327,-1.4361026,-0.67565334,-0.34516272,-0.29565752,-0.1828729,-0.33752757,-0.9598153,-1.188982,-1.3179741,-2.0528793,-2.6502945,-2.8041236,-2.4832249,-2.2821565,-2.2568526,-2.1201117,-1.859382,-1.4000664,-1.0255781,-0.93146884,-0.803366,-0.7119119,-0.9436863,-1.2629015,-1.4045998,-1.6601338,-1.630077,-0.9483865,-0.53351086,-0.34999537,-0.29429144,-0.20248094,-0.049139723,0.08821383,-0.17060608,-0.5654296,-1.3423806,-2.0547876,-2.065633,-1.7141321,-1.1917225,-0.6238078,-0.27336934,0.089192316,0.36902988,0.38274297,0.15744038,0.04701172,-0.10493438,-0.17696354,-0.27913284,-0.31989205,-0.3903442,-0.38089874,-0.33684555,-0.37238064,-0.559249,-0.6448461,-1.0208379,-1.421619,-1.8334131,-2.008178,-2.2164118,-2.3193786,-2.4328766,-2.8922188,-2.8926136,-2.8926873
-6.1038446,-6.037937,-5.90091,-5.756171,-5.6284776,-5.439022,-5.3796997,-5.275077,-4.756379,-4.2709074,-4.0462465,-3.9821455,-4.029378,-3.8098702,-3.5054765,-3.349587,-3.5779548,-3.446586,-3.136201,-3.1274836,-3.1379251,-3.1638296,-3.3151429,-3.5282946,-3.7460742,-3.6978188,-2.8729773,-3.0295415,-3.7280312,-4.1452904,-4.461034,-4.6708646,-4.6755,-4.3730364,-3.8815107,-3.1495261,-2.5314584,-2.652335,-3.10204,-2.6762705,-2.22264,-2.030019,-2.1899316,-2.1424842,-1.7548478,-1.5451686,-1.3408284,-1.2813935,-1.2827773,-1.447382,-1.8704748,-2.4133253,-2.999383,-3.4425135,-3.7621071,-3.997902,-4.2585974,-4.517576,-4.674101,-4.870773,-5.008886,-4.9389815,-4.890016,-5.2464037,-5.5099497,-5.967193,-6.151314,-6.143074,-6.100541,-5.6943,-5.2507033,-5.0903683,-5.221968,-5.310254,-4.7828727,-4.1400423,-3.9930177,-3.974359,-4.069001,-4.1875935,-4.2817764,-4.3953705,-4.4823856,-4.513159,-4.51406,-4.542651,-4.5156307,-4.6055326,-4.6731386,-4.3268957,-4.1590905,-4.055437,-4.0430984,-4.311981,-4.7728777,-4.98084,-4.880374,-4.6818104,-4.3963428,-4.2074547,-3.9315622,-3.9760191,-4.4916153,-4.6884003,-4.704234,-4.8406143,-5.1488667,-5.574806,-5.5984955,-5.4057713,-5.3091908,-5.1333184,-4.887401,-4.170744,-3.6968555,-3.77428,-4.530485,-5.25427,-5.1852627,-4.963215,-4.7582417,-4.6177526,-4.4372725,-4.2095757,-3.9349303,-3.452351,-3.3782845,-3.3596587,-3.3923829,-3.479145,-3.5025194,-3.2549946,-3.1130672,-3.1283615,-3.2599654,-3.495585,-3.6806397,-3.8902292,-4.0874467,-4.220876,-4.261834,-4.2320347,-4.263712,-4.313986,-4.366086,-4.4316707,-4.457018,-4.686105,-4.8155594,-4.6606627,-4.5447397,-4.427202,-4.283927,-4.2373886,-4.2242084,-4.076802,-4.076599,-4.076688
0.9548432,0.7005923,0.47631758,0.3370757,0.21711662,0.12457615,-0.00078961253,-0.51769626,-1.931982,-2.0282948,-1.6774892,-0.85147613,-0.6174173,-0.55503714,-0.4128027,-0.7061873,-1.4794604,-2.099753,-1.8405952,-1.3562562,-1.0916095,-0.88223314,-0.8567462,-0.72944856,-0.21362245,0.68398136,1.4207833,0.75176543,0.61945784,1.1323038,1.4146152,1.4452894,1.2659391,1.0733905,0.76796806,0.4819107,-0.19197726,-1.5811981,-2.7030025,-2.3741767,-1.9061584,-1.4467982,-0.5783072,0.3566729,0.8502026,0.7968559,0.20898451,-0.5652854,-1.1678606,-1.6368301,-1.826592,-1.6898863,-1.3064941,-0.807086,-0.27626187,0.2148673,0.87626594,1.6658847,2.3067331,3.2755997,4.7863054,7.0008307,8.368811,8.682786,8.452908,8.033788,7.6087146,7.377091,7.2072077,7.426195,7.4544973,7.201973,6.2832084,5.0487404,1.9966949,0.2456778,-0.19127777,-0.36392853,-0.39105502,-0.49249697,-0.71510446,-0.9423359,-1.139457,-1.0853848,-0.7857927,-0.40451804,0.008003324,0.09774721,0.5860935,0.89631987,0.2496773,-0.715911,-1.0645266,-0.86250037,-0.4854016,0.04683572,0.93106925,1.08236,0.7638079,1.1325439,1.830451,2.1752477,2.2513802,2.1850793,2.126658,1.9576418,1.6020651,1.0926843,0.4728012,0.07936001,-0.22436357,-0.3235265,-0.09293996,0.80088365,1.1486486,1.1436744,0.66195935,-0.42931974,-0.9623511,-1.1360712,-1.3254048,-1.582015,-1.9779683,-2.1476815,-1.5574353,-0.5305759,0.18212035,0.9820894,1.1874768,0.79234374,-0.09732513,-1.2218347,-1.7721353,-1.7218616,-1.4141657,-0.89937866,-0.524752,-0.4358169,-0.43576768,-0.54639584,-0.57074606,-0.5565134,-0.5790552,-0.6624515,-0.96190184,-0.8629522,-0.65285826,-0.3821836,-0.252207,-0.22702739,-0.4279903,-0.5816592,-0.77730507,-0.9083431,-0.9178593,-1.340111,-1.3395281,-1.3391356
-1.7111145,-1.6141683,-1.3780882,-1.4823349,-1.7538409,-1.9850347,-2.046967,-1.9849398,-1.023805,-0.67660415,-0.40579766,-0.36549065,-0.35428143,-0.2225091,-0.23874739,0.25397524,0.95449394,1.7482316,2.0367763,2.284669,2.5052447,2.6124644,2.655645,2.5247865,1.8547139,1.1561058,0.4505244,-0.3121909,-1.5316473,-2.281208,-2.3772786,-2.2168708,-2.1844234,-2.1437287,-1.4638714,-0.47764328,0.42950675,1.3208275,2.1627011,2.35155,2.4805334,2.441978,2.158941,2.0460777,2.2124805,2.9314394,4.959483,7.450987,8.936408,10.03103,10.780483,11.391049,11.8715725,12.027982,12.035117,12.0029,11.921633,11.768914,11.610265,11.373203,10.954016,9.973231,8.638374,6.6979666,6.1630816,4.647617,2.818787,1.9673177,0.77107596,0.054662704,-0.50373113,-0.8348072,-0.7857199,-0.49191654,0.2342793,0.5861201,0.754193,0.79233515,0.8180834,0.8763575,0.94376767,0.96101654,0.970775,1.0703944,0.67147905,-0.012202978,-0.8384312,-1.474736,-1.5823226,-1.2705668,-0.41996202,0.3320111,0.57891047,0.691089,0.702298,0.5255063,0.1722991,0.17554453,0.073340826,-0.59147,-1.2269545,-1.2807264,-0.9418392,-0.68208516,-0.58554465,-0.31962055,0.040480707,0.68243057,1.1738318,0.9693705,0.76283634,0.45749423,0.07843924,0.24467446,0.20596148,0.12887119,0.38326716,1.1203675,1.4342399,1.528435,1.5503398,1.588198,1.5649772,1.4229064,0.93009686,0.22013813,-0.4066987,-0.79810894,-0.7641714,-0.04663962,0.9055302,1.4564314,1.5795951,1.7953647,2.0154448,2.052314,1.9245372,1.8443257,1.4761634,1.039736,0.7701125,0.63441586,0.41850388,0.2432254,0.13331242,0.15109572,-0.016016928,-0.027193997,-0.19150454,-0.23982027,-0.41006988,-0.49852878,-0.5788866,-0.6660984,-0.71719235,-1.2643758,-1.2647029,-1.2647316
-3.1291683,-2.9545417,-2.8431482,-2.6537194,-2.4230022,-2.3014617,-2.255845,-2.172216,-1.3388488,-0.6437767,-0.27999282,-0.027236313,-0.04738675,0.19469202,0.42450112,0.5940225,0.07513635,-0.5531946,-0.83776426,-1.026479,-1.1975808,-1.3538692,-1.5464234,-1.9305167,-2.5344596,-3.1188593,-3.1326957,-2.6979866,-2.7563045,-2.8233132,-2.852083,-2.8065515,-2.5333366,-1.9777718,-0.6975167,0.68420696,1.1168295,1.0849878,1.1385454,1.8248801,2.110559,2.1171398,2.0397701,2.286428,2.8074994,3.0903952,3.2154183,2.641337,1.9610314,1.197891,0.494069,-0.16817865,-0.8025806,-1.275803,-1.5875547,-1.8088276,-2.030514,-2.2421505,-2.3654833,-2.516236,-2.590696,-2.5643866,-2.5577354,-2.7996655,-2.949026,-3.1808336,-3.214266,-3.1684818,-3.1741884,-3.16387,-3.1119754,-3.161962,-3.3590713,-3.5324626,-3.4177485,-3.3186164,-3.3048682,-3.3195314,-3.3595562,-3.367146,-3.3275204,-3.3070507,-3.3477883,-3.5153186,-3.6272612,-3.5807693,-3.2130413,-2.280356,-1.7815247,-1.4874368,-1.3790195,-1.4236119,-1.3291025,-1.2108693,-1.381181,-1.8393009,-2.427792,-2.5822134,-2.5242589,-2.7669487,-2.8282046,-2.7851064,-2.865156,-2.8785121,-2.8658175,-2.881479,-2.9654102,-3.270256,-3.463109,-3.488947,-3.5486631,-3.6321745,-3.8823957,-3.842272,-3.673066,-3.6427727,-3.8909764,-4.176987,-4.1444826,-4.050018,-3.9558287,-3.8127267,-3.676381,-3.568098,-3.424107,-3.2116058,-2.8074121,-2.037297,-1.6680801,-1.4307935,-1.4112654,-1.3720865,-1.3782237,-1.3678946,-1.4524553,-1.6652386,-1.845511,-2.016186,-2.1735058,-2.283893,-2.363531,-2.4420428,-2.5071185,-2.4642987,-2.3864837,-2.2187557,-2.0601864,-1.665241,-1.4824445,-1.509792,-1.5068192,-1.4436456,-1.435727,-1.4416102,-1.442333,-1.3219187,-1.3212175,-1.3210773
-0.265127,0.10913891,0.10200743,-0.100294955,-0.14006358,-0.26141036,-0.21625873,-0.1832757,0.816528,1.8131162,2.1799932,1.9275117,1.5654042,1.2007053,0.7767009,0.83204114,1.4114207,1.4641205,1.2039976,1.3207278,1.5742692,1.9192932,2.3405204,2.7777514,3.0405009,2.8400962,2.3210855,2.487144,2.8979845,2.3367562,1.7284253,1.1049664,0.6525748,0.6376436,1.6114626,2.5991733,3.201933,3.6719384,4.474737,4.139193,3.8194735,3.7697284,3.4387445,2.0571709,1.0555431,0.8088751,0.7432028,0.7346036,0.89184666,1.143748,1.6266325,2.2084699,2.7260275,2.952551,3.053203,3.0762136,3.0908973,3.1100068,3.1536732,3.086875,2.705493,1.9691879,1.605823,1.4787705,1.4565687,1.3151829,1.4383583,1.513335,1.3775713,1.6716843,1.7421982,1.7602304,2.1145327,2.4137173,2.6152482,2.5475934,2.5774534,2.6323366,2.5539496,2.5235164,2.510584,2.4440787,2.4105768,2.6318154,2.5165858,2.0704858,1.2003797,0.014758632,-0.46539098,-0.2675573,0.6632267,1.5908728,2.125604,2.9594936,4.0585775,4.2540927,3.3297482,2.6059754,2.953359,2.8259027,1.8732176,1.3744042,1.685961,1.8858278,2.0996566,2.5042238,3.1871285,3.8553288,3.4344954,2.7948852,2.973097,3.890133,5.655833,7.4112353,8.025862,8.439663,9.233834,9.964022,10.0866785,10.295434,10.446505,10.5446,10.495571,10.40169,10.042944,9.131813,7.196126,3.2137623,2.0062494,2.08425,2.5398664,2.6677246,2.643383,2.5395577,2.5226846,2.5149765,2.4049187,2.4825797,2.6425204,2.721419,2.6802053,2.6986885,2.3926804,1.8767464,1.5061147,1.412107,1.0340143,0.45455718,0.26280704,0.16456038,-0.12035917,-0.3293734,-0.50048906,-0.73637116,-0.7595625,-0.4904582,-0.49092647,-0.49106425
-3.0435941,-2.7965765,-2.6868014,-2.5547256,-2.2621288,-2.207881,-2.1416118,-1.9510306,-1.6361647,-1.4183981,-1.3462236,-0.81552154,-0.544572,-0.40656435,-0.14436755,-0.37037468,-0.6075851,-1.0282916,-1.3651137,-1.5840096,-1.7065526,-1.8955271,-2.2819643,-2.5240676,-2.6941607,-2.7057893,-2.8645208,-3.212523,-2.9137478,-2.2816322,-1.9217092,-1.7746694,-1.4696524,-1.3081814,-1.6766043,-2.0158703,-1.9458034,-1.8399887,-1.8496737,-1.5379269,-1.430782,-1.4131994,-1.3715191,-1.1271498,-0.97144634,-1.0741415,-1.3210101,-1.4075199,-1.3091053,-1.2290165,-1.3395121,-1.6620406,-2.0556636,-2.3359966,-2.5178733,-2.6520784,-2.7671466,-2.8395753,-2.8802824,-2.874522,-2.677747,-2.1615965,-1.7856255,-1.836978,-2.093572,-2.2886815,-2.3138833,-2.3667414,-2.3822508,-2.4051166,-2.1043339,-1.9626034,-1.9103155,-2.0265758,-2.2440052,-2.3361707,-2.3804164,-2.420271,-2.4738216,-2.4804835,-2.4943151,-2.5187638,-2.6336133,-2.6652112,-2.2632675,-1.6548586,-0.8086765,0.31793928,0.7655198,0.72674876,-0.0804357,-0.9320204,-1.493614,-2.255857,-3.2320728,-3.8041854,-3.9813988,-3.9059556,-3.3603206,-2.9388063,-2.5824127,-2.5841675,-2.9112825,-3.1493182,-3.278511,-3.4315777,-3.6681566,-3.8882225,-3.754025,-3.6867976,-3.7609968,-3.6890469,-3.1011393,-2.4056509,-1.832618,-1.6805043,-2.1650872,-2.7672262,-2.8516269,-2.73171,-2.6639256,-2.596984,-2.4536357,-2.114633,-1.3733412,-0.6723725,-0.03899765,0.8532975,1.0849607,0.48511356,-0.29146835,-0.8975086,-1.2102098,-1.7263983,-2.1542048,-2.45499,-2.4474592,-2.3427577,-2.3344178,-2.3618376,-2.3235965,-2.3077826,-2.3436859,-2.5977478,-2.7396047,-2.7747712,-2.656754,-2.7060318,-2.6133358,-2.3701293,-1.9900253,-1.828646,-1.709607,-1.5712917,-1.4652863,-0.58369887,-0.58296615,-0.5827868
-2.1147711,-2.1479223,-2.0454073,-1.7064803,-1.3153875,-1.14092,-1.0489275,-1.0918671,-1.7134948,-1.8029376,-1.6001441,-1.2930682,-1.6584189,-1.9264824,-1.9700272,-2.203055,-2.7296858,-2.8925216,-2.7318127,-2.7896788,-2.8033636,-2.804064,-2.8517742,-2.7171187,-2.4416533,-1.9283578,-0.99203503,-1.3541628,-1.8261735,-1.3717215,-1.027923,-0.58568776,-0.17144018,0.0014800429,-0.26330072,-0.5785138,-0.8727123,-1.4403337,-2.6322231,-3.501813,-3.8376803,-4.087575,-4.2172146,-4.010375,-3.6806252,-3.589348,-3.7612877,-3.7068973,-3.5663977,-3.379912,-3.0897112,-2.765419,-2.5296845,-2.295383,-2.13167,-2.015717,-1.9071505,-1.7820323,-1.6991534,-1.6391804,-1.5177023,-1.084414,-0.56532717,-0.10012691,-0.1501666,-0.19360456,-0.2725488,-0.3818168,-0.40510064,-0.26197326,0.088093385,0.27591705,0.10863882,-0.14409046,-0.6165818,-1.0052397,-1.1278079,-1.1632053,-1.1450827,-1.2036307,-1.4222281,-1.7253209,-2.2435648,-2.805799,-2.9994106,-2.87209,-2.4355726,-1.6437259,-0.73418915,-0.40068603,-1.0753285,-2.0082068,-2.670161,-3.0976214,-3.5781374,-3.7697616,-3.4437127,-3.1482022,-2.9843009,-2.7723217,-2.3849602,-2.1015613,-2.1368175,-2.192433,-2.3552876,-2.5580237,-2.858717,-3.04217,-2.820604,-2.3879948,-2.4248624,-2.6567063,-2.6842551,-2.5656796,-2.2138438,-1.9520953,-1.7403829,-1.6730914,-1.8780394,-2.0717192,-2.212792,-2.324875,-2.446554,-2.5513706,-2.259078,-1.7272174,-1.1071264,-0.13541314,0.13953714,-0.25728428,-0.99652284,-1.8236394,-2.3878512,-2.8196788,-2.9695754,-2.90751,-2.6569595,-2.476653,-2.3807197,-2.4007108,-2.4285872,-2.435532,-2.2416506,-2.048255,-2.0442877,-2.1139941,-2.0337663,-1.9708197,-1.9602078,-1.9338338,-1.7417077,-1.6579466,-1.5644256,-1.6349728,-1.5773596,-1.2999768,-1.2997547,-1.299631
-2.626465,-2.793729,-2.749528,-2.496819,-2.2836943,-2.1509752,-2.0623295,-2.1107764,-2.5270545,-2.473735,-2.2555928,-1.7834373,-1.7213893,-1.6233824,-1.2890037,-1.1901107,-1.7617085,-2.2171385,-2.2850742,-2.3506236,-2.3583617,-2.3803468,-2.464322,-2.5145388,-2.4644752,-1.8666756,0.13533181,0.90014136,0.795287,0.7215636,0.6233522,0.61287504,0.58266306,0.5947784,0.17759673,-0.3416882,-0.50568056,-0.7389195,-1.9172412,-2.4147704,-2.2524064,-2.0162742,-1.7874987,-1.2680547,-0.9094836,-0.76753414,-0.8436503,-1.0220476,-1.205519,-1.4263282,-1.6891646,-1.878763,-2.005515,-2.051025,-2.0636375,-2.0584805,-2.048856,-2.0099566,-2.000511,-2.100802,-2.1179028,-1.7127573,-1.255088,-0.8041348,-0.8817716,-1.0333881,-1.2164689,-1.3422495,-1.3206539,-0.9549849,-0.5781118,-0.484968,-0.8909083,-1.1733761,-1.2925888,-1.081135,-0.96418947,-0.8732432,-0.81525254,-0.93092096,-1.160735,-1.3559763,-1.4842207,-1.5776197,-1.372089,-0.954846,-0.43804976,0.04919155,0.47402024,0.8332793,0.72138053,0.24125557,-0.23840754,-0.73044205,-1.2971357,-1.2188952,-0.17602159,0.38631296,0.047195368,-0.05707202,0.107039645,0.35728437,0.047581673,-0.037054718,-0.12328106,-0.2800302,-0.5225303,-0.72935015,-0.48860198,-0.27710682,-0.38635582,-0.6630935,-1.1215258,-1.3577535,-1.1907963,-1.0997216,-1.2925812,-1.57066,-1.8264973,-1.9610806,-2.0285642,-2.1204076,-2.3251116,-2.4624,-1.9792225,-0.82835954,0.017462566,1.2733519,1.8102626,2.075819,1.9886575,1.7606676,1.1158164,0.5289318,0.102341406,-0.33085322,-0.7206832,-1.2033234,-1.7486815,-2.304923,-2.3946755,-2.3956404,-2.3511171,-2.2424593,-2.2090359,-2.161139,-2.1068773,-2.1046557,-2.1624403,-2.2852745,-2.3133435,-2.2564573,-2.1041806,-2.0096605,-1.9984796,-0.8517125,-0.85166633,-0.85172975
-2.7572944,-2.1601675,-1.6921302,-1.2426171,-0.75656956,-0.8263079,-0.85867244,-0.88998365,-0.69078684,0.11536187,0.5352004,1.5528688,1.713639,1.7275662,2.1527438,2.0215828,1.2590404,-0.25602913,-1.0906206,-1.42329,-1.6889393,-2.0066144,-2.369708,-2.7163062,-3.1694515,-3.2701654,-2.576978,-2.2474601,-1.8233913,-1.3368587,-1.1959126,-1.277982,-1.1868082,-0.8292995,-1.0988604,-1.6974719,-1.8074359,-1.4659369,-1.7194171,-1.4995159,-1.2535831,-0.89823765,-0.36187106,0.34275243,0.8026661,0.9518441,0.57846224,0.014368743,-0.34850028,-0.6905283,-1.0617259,-1.4495434,-1.7487152,-1.8980203,-1.9426914,-1.9613369,-1.9554049,-1.9055412,-1.8580678,-1.9768115,-2.1443653,-2.1561968,-2.1658874,-2.2853556,-2.5781395,-2.7977893,-2.800659,-2.8606498,-2.8223405,-2.502791,-1.926265,-1.6712818,-1.7072115,-1.8139658,-1.6973044,-1.475739,-1.3794922,-1.2786274,-1.1877106,-1.0941622,-0.8964671,-0.59336203,-0.16913846,0.63899046,1.8626323,3.4022799,5.537815,8.337636,10.061211,10.871797,10.9357815,9.7169,8.157186,6.185568,3.4554152,1.7956512,1.0288014,0.050975114,-0.9811868,-0.9696819,-0.693986,-0.65019983,-1.0542661,-1.2024041,-1.1638125,-1.2286712,-1.374708,-1.8395559,-2.2903981,-2.6770048,-2.5939186,-2.432846,-1.7413281,-0.46932232,0.56249106,0.7450013,0.23813432,-0.39955318,-0.5836717,-0.36444065,-0.11710301,0.07983357,0.28844953,0.96916556,3.8115902,7.190029,9.485764,10.869489,11.014341,11.219592,10.918529,9.8449955,8.815609,7.6045866,6.4491625,5.3053865,4.2230535,2.9062655,1.4702009,0.33004978,0.1442342,0.08509973,-0.22404881,-0.63625395,-1.0977333,-1.1841229,-1.1466674,-1.2646067,-0.9833932,-0.90167016,-0.6945041,-0.63066137,-0.75567204,-0.8722706,-0.81622726,-0.20780881,-0.20755354,-0.20764889
0.30097258,0.47169447,0.5796046,0.3012235,-0.3450898,-1.0108976,-1.350982,-1.6009835,-1.9198718,-1.8497773,-1.7291567,-1.709404,-1.7096076,-1.5570621,-1.5106058,-1.1826468,-0.28514352,0.71910566,0.9622409,1.0887653,1.3199278,1.5332981,1.9573321,2.3222568,2.179067,1.8272722,0.988444,-0.3452983,-1.1348034,-1.4423687,-1.4258206,-1.2927849,-1.1883955,-0.942937,-0.16426805,0.98311627,2.9171262,4.4113245,4.912166,3.3423247,1.8157437,0.57748145,-0.49066162,-1.2155364,-1.5967686,-1.6069316,-1.1612496,-0.3765552,0.23089117,0.6992724,0.8928669,0.8670137,0.74756867,0.6457926,0.54409283,0.48233768,0.39632833,0.30958048,0.2400229,0.16336407,-0.07641809,-0.5917869,-0.83267546,-0.14711246,0.81618947,2.2201333,4.0350633,4.821341,5.850749,7.438588,8.35803,8.817334,9.338747,9.839999,10.685476,10.865769,10.825249,10.758655,10.6321335,10.482788,10.176064,9.659615,8.80969,7.2779636,5.195061,2.9278107,0.74461377,-0.80427873,-1.2488594,-1.1602396,-1.0503577,-1.1883429,-1.4047277,-1.4043162,-1.3873329,-1.640955,-2.2837994,-2.3466268,-2.0475752,-2.0679607,-2.1738338,-2.216194,-2.1258833,-1.9710945,-1.8321223,-1.6487147,-1.2929149,-0.6376078,0.17738846,0.69327295,0.8399079,0.2300739,-0.9456168,-1.7516019,-1.7210083,-1.2958224,-0.08287994,1.6429412,2.1441479,2.3775833,2.459612,2.4917965,2.4530141,2.180532,1.4365467,0.015277382,-1.1105576,-1.7224438,-1.6272802,-0.9665791,-0.018324018,0.9741156,1.3934784,1.6741729,1.7823677,1.6962366,1.4506495,1.3185186,0.9305669,0.3380896,-0.15119088,-0.40707985,-0.94147134,-1.2361195,-1.3040555,-1.3296442,-1.2784532,-0.8394971,-0.48374248,-0.5275688,-0.5960133,-0.55770886,-0.7067555,-0.7573284,-0.7906443,-0.9475222,-0.9481547,-0.94841105
-3.6012936,-3.5184765,-3.4762962,-3.390397,-3.1964617,-3.0174756,-2.922791,-2.8503897,-2.2710986,-1.7724968,-1.7456346,-1.5651953,-1.2487935,-1.1782464,-1.2088804,-1.6844798,-2.415769,-2.8263843,-2.4883277,-2.2799308,-2.2032042,-2.190649,-2.347671,-2.6486168,-2.9133372,-3.0042677,-3.3576145,-3.6924071,-3.6225338,-3.473693,-3.4824073,-3.5746489,-3.2715983,-3.0116313,-3.2858028,-3.5899484,-3.272838,-2.298746,-0.47373727,3.5810606,5.5607424,6.741828,8.175389,9.75695,10.347771,10.438365,10.302366,9.815721,9.17129,8.1656885,6.6951203,4.6734962,2.2917893,0.62366796,-0.3643406,-1.03182,-1.6941612,-2.2755146,-2.662076,-3.0521543,-3.2071805,-3.0606472,-2.7706068,-2.6717124,-3.037803,-3.6001244,-4.017849,-4.157194,-4.2194633,-4.340036,-4.141905,-3.795407,-3.607069,-3.5189207,-3.0186985,-2.67046,-2.6569037,-2.6832952,-2.7270508,-2.7280977,-2.7049718,-2.7079003,-2.7232642,-2.6045032,-2.1945314,-1.6060811,-0.71602875,-0.04872188,-0.1566303,-0.19255045,-0.595913,-1.0562394,-1.4657472,-2.244976,-3.1738129,-3.504332,-3.415193,-3.2504683,-3.1808772,-3.1590266,-3.1527066,-3.1560702,-3.3906372,-3.5250874,-3.53213,-3.5632796,-3.5879667,-3.543507,-3.1360073,-2.9561696,-3.1676166,-3.3749151,-3.5285625,-3.6210933,-3.6127322,-3.8318927,-4.3067884,-4.523343,-4.26769,-3.9973297,-3.8105655,-3.6374855,-3.3279722,-2.883074,-2.2313793,-1.0602953,-0.25942177,0.37162215,0.48834544,-0.011297047,-0.7458546,-1.4934725,-2.0149965,-2.450936,-2.699319,-2.8139548,-2.6729195,-2.557682,-2.673119,-2.8771152,-2.9244232,-2.9675708,-2.9506726,-2.9488368,-2.9561572,-3.025743,-3.0088305,-2.9642758,-2.9113812,-2.901664,-2.8007488,-2.7071538,-2.547517,-2.3534112,-2.3271027,-2.2728462,-2.2723224,-2.2722423
-1.6883447,-1.3654423,-1.2221516,-1.0174779,-0.93114895,-1.0192864,-1.082081,-1.1509949,-1.3734779,-0.8833944,-0.54085743,-0.36322638,-0.04851401,0.038975686,0.048722863,-0.2619235,-0.58205044,-0.7924566,-0.7325804,-0.4711148,-0.31973565,-0.18480234,0.22537753,0.8052815,1.1813209,1.0379765,0.12563366,-0.16015843,-0.3198262,-0.40104118,-0.27969795,-0.16827571,0.07231179,0.43444777,0.58869916,0.5207122,0.43357602,0.59989405,1.0601698,0.852504,0.34624177,0.04103872,0.025182001,0.15286992,0.24486485,0.5396541,0.6348314,0.17299184,-0.22780064,-0.569517,-0.8882859,-1.2098491,-1.2716054,-1.2617254,-1.2404628,-1.2040284,-1.1594526,-1.1007143,-1.0600394,-1.034379,-1.1508639,-1.4702215,-1.6948435,-1.9461687,-1.7309129,-1.3961616,-0.7306812,-0.4278992,-0.19914058,0.41581625,1.1204906,1.4869696,1.8381827,2.3627234,3.8012805,4.723372,4.841406,5.0918703,5.439141,6.013786,7.043769,8.163505,9.327616,10.411603,11.255803,11.549159,11.061151,9.092652,6.2922544,4.2619414,3.3332176,2.6947947,2.1756523,1.7337217,1.4325433,1.5416709,1.452792,0.9233242,0.5907681,-0.045381755,-0.5310729,-0.74086905,-0.9097709,-1.1060188,-1.1335034,-1.2844956,-1.5348053,-1.8531654,-1.8889391,-1.9465492,-1.7354467,-1.6412792,-1.294539,-0.6972953,-0.22992529,0.2070054,0.2875105,-0.104757845,-0.05220443,0.3019158,0.4857981,0.61791056,0.8785041,1.1778703,1.433905,1.5610566,1.5700102,0.958884,0.76572156,0.73550034,0.6997975,0.86435056,1.1932352,1.3289573,1.4157934,1.4493935,1.2656419,1.1926749,1.232571,1.234086,1.1625335,1.0752517,0.47319147,-0.09969265,-0.5075837,-0.6833752,-0.6781691,-0.6967333,-0.7936746,-1.0245589,-1.2331321,-1.3898532,-1.6294076,-1.6838992,-1.6060784,-0.17296287,-0.17268158,-0.17254587
-3.588192,-3.503863,-3.5188818,-3.4920363,-3.4234595,-3.2165742,-3.1352448,-2.9893823,-2.5322258,-2.3530698,-2.4825401,-2.5849814,-2.600358,-2.5612154,-2.4540954,-2.543029,-2.821618,-2.6900477,-2.400798,-2.3591337,-2.428742,-2.5546064,-2.8521416,-3.229251,-3.3593981,-3.322102,-3.0652347,-2.990742,-2.7629457,-2.753591,-2.9355047,-3.1588051,-3.1110258,-3.0331423,-3.1521418,-3.0931463,-2.821756,-2.7749238,-2.6268075,-1.0576344,-0.1174752,0.31047225,0.6731521,1.5229257,2.1788175,2.2888443,2.087454,1.5213134,1.0689973,0.54415697,-0.097858846,-0.8025672,-1.4992363,-2.0027518,-2.3255305,-2.5505772,-2.7593088,-2.955759,-3.078092,-3.1658432,-3.0417242,-2.5737958,-2.2451115,-2.35389,-2.8299026,-3.6225648,-4.196055,-4.362889,-4.462157,-4.4802995,-4.4001374,-4.392079,-4.616483,-4.8605967,-5.008994,-4.866497,-4.837974,-4.8449783,-4.903161,-4.9518394,-4.9329433,-4.8360653,-4.616877,-4.3137445,-3.9357924,-3.546624,-3.0685158,-2.6988192,-2.5556834,-2.3271532,-2.4225209,-2.41523,-2.3579767,-2.712212,-3.3081508,-3.6416736,-3.6515079,-3.4588761,-2.9744322,-2.8597665,-2.8064094,-3.062629,-3.515993,-3.7460303,-3.8003433,-3.8947613,-4.053822,-4.1805387,-4.0251837,-3.9928322,-4.138167,-4.1548605,-4.100168,-3.7952967,-3.5582547,-3.6174936,-4.1138744,-4.6765575,-4.6165757,-4.376691,-4.155113,-4.0072155,-3.8174443,-3.5441723,-2.9518113,-2.0618637,-1.8140634,-1.6505525,-1.6767805,-2.034575,-2.443646,-2.5969605,-2.636178,-2.7499907,-2.9157448,-3.0596542,-3.0848646,-3.1858096,-3.3046317,-3.3479257,-3.3256025,-3.354546,-3.435295,-3.5886936,-3.7237442,-3.6881042,-3.577148,-3.695267,-3.6762836,-3.4134774,-3.1543562,-2.958206,-2.7260962,-2.6188016,-2.6089692,-3.418328,-3.418067,-3.418116
-4.0398927,-3.953938,-3.9071789,-3.698074,-3.6900792,-3.6919143,-3.7882955,-3.812861,-3.8083227,-3.5954843,-3.4789536,-3.258607,-2.9866228,-2.7373834,-2.5193436,-2.7319458,-3.0506577,-3.4290257,-3.7765284,-3.964539,-3.9878612,-3.945323,-3.7287884,-3.5486758,-3.8694587,-4.506793,-5.3175,-5.246556,-5.142177,-4.978905,-4.7607164,-4.5265074,-4.367674,-4.1456404,-3.8524017,-3.314786,-2.4925256,-1.651263,-0.8864942,-0.81558394,-1.1908329,-1.4818602,-1.6571381,-1.8868408,-1.9509773,-1.8669378,-1.6566648,-1.5764122,-1.5170115,-1.5310091,-1.7206197,-2.0391884,-2.3584666,-2.644929,-2.8802257,-3.050906,-3.2429576,-3.4353113,-3.5676246,-3.6920028,-3.826469,-3.902537,-3.89737,-4.063014,-4.101035,-4.1189227,-3.9643145,-3.8031235,-3.5735643,-3.0759687,-2.7345924,-2.6020374,-2.622592,-2.525958,-1.9165257,-1.6458852,-1.5965555,-1.6021287,-1.6934607,-1.7414889,-1.7719381,-1.8195934,-1.8690686,-2.076225,-2.4605603,-2.7848675,-2.9557843,-3.0100317,-2.9192555,-2.6694927,-2.4925635,-2.109407,-1.8046925,-1.6860206,-1.7450545,-1.9795939,-2.4931078,-2.6016393,-2.4936392,-2.9875457,-3.416499,-3.7268045,-4.0983186,-4.276683,-4.329929,-4.4965577,-4.7450027,-4.9418035,-4.857751,-4.572848,-4.422084,-4.4805565,-4.82953,-5.1633687,-5.1842194,-5.1613054,-5.0118647,-4.3110585,-3.8878636,-3.6853774,-3.472952,-3.272489,-3.035292,-3.0100622,-3.223803,-3.4957402,-3.4259946,-3.1870172,-3.1323814,-3.0320864,-2.8103976,-2.3817086,-2.1419358,-2.0445354,-2.0739913,-2.2545052,-2.485395,-2.6776283,-2.884666,-3.090309,-3.320332,-3.4607158,-3.7376492,-3.8813164,-3.9933395,-4.0810056,-4.0881557,-4.155944,-4.2634706,-4.275831,-4.239764,-4.1788874,-4.1051903,-4.044682,-4.0588603,-5.181522,-5.1818495,-5.1820683
-2.2385812,-2.2690976,-2.2726207,-2.2519348,-2.2940028,-2.160798,-2.1519794,-2.2262278,-2.3914561,-2.6006691,-2.726328,-3.1149592,-3.3915932,-3.4332724,-3.307527,-3.1531126,-3.2380333,-2.557647,-1.8730751,-1.802628,-1.7889194,-1.7346737,-1.7800486,-1.9069943,-1.707619,-0.8481512,1.2802243,2.175659,1.4735875,0.5830635,-0.1273936,-0.71354395,-1.1481024,-1.3578447,-1.4698145,-1.2187107,-0.7520344,-1.2711351,-2.7179055,-3.7323005,-3.9666057,-4.1365604,-4.532715,-4.5918245,-4.2647753,-4.0894322,-3.9106827,-3.6704035,-3.4460773,-3.2530818,-3.1977313,-3.171521,-3.1520877,-3.13183,-3.1265042,-3.1181586,-3.1141064,-3.1058316,-3.0839708,-3.1071267,-3.0700226,-2.8675766,-2.9788299,-3.3930674,-3.3523905,-3.370634,-3.201062,-2.9691482,-2.7442067,-2.5081253,-2.4544868,-2.5828605,-2.774602,-2.9145257,-2.7918837,-2.433383,-2.2847908,-2.2102075,-2.193015,-2.26775,-2.3358262,-2.3641577,-2.3028426,-2.1729693,-1.9069118,-1.6767508,-1.6714381,-2.3930762,-3.1290994,-3.2431717,-3.240953,-2.9686346,-2.6701753,-2.6983094,-3.097438,-3.3858616,-2.9582086,-1.9694605,-0.9001211,-0.15500328,0.21135318,-0.04291849,-0.6074896,-0.95932126,-1.1031885,-1.2763662,-1.59745,-1.9703492,-2.1742985,-2.2329037,-2.2991285,-2.2732506,-2.0362763,-1.3207792,-1.017277,-1.3198404,-2.001046,-2.776785,-2.985742,-3.1177185,-3.167017,-3.2938094,-3.5266252,-3.726783,-3.8442838,-3.4587498,-3.4590101,-3.425037,-3.302969,-3.2344677,-3.1585627,-2.6620815,-2.468971,-2.5430412,-2.688724,-2.901053,-3.081315,-3.2373593,-3.2739167,-3.2748504,-3.2126508,-3.1446037,-2.8953896,-2.468282,-1.944514,-1.6731825,-1.4701284,-1.3322573,-1.2823973,-1.2259223,-1.3910955,-1.419627,-1.5036044,-1.628092,-1.6217494,-1.1547098,-1.1545975,-1.1545889
0.7110237,0.6986265,0.4903551,0.13526657,-0.084745795,-0.234233,-0.33584386,-0.5233041,-1.0653124,-1.0536642,-0.7710609,-0.0016048104,0.2657675,0.3304784,0.5752319,0.39536065,0.027191967,-0.57468045,-0.66443694,-0.6181262,-0.79468375,-1.1390302,-1.6313193,-2.0180168,-2.0550478,-1.8221643,-2.0426474,-1.8578529,-1.0231907,-0.4400802,-0.22232215,-0.5462745,-0.8034651,-1.073927,-1.3699449,-1.4229164,-1.433564,-1.5802584,-1.2882141,-0.28298467,0.052550048,0.16229133,0.08960366,0.2357931,0.31898156,0.14197752,-0.22983342,-0.5182158,-0.48343182,-0.37179747,-0.46353126,-0.70026255,-0.90233946,-1.0610279,-1.1340314,-1.1751204,-1.1546011,-1.1273384,-1.1103776,-0.88245684,-0.21221983,1.045264,2.1973023,2.9443467,2.7759144,2.5305629,2.3761473,2.2745292,2.131637,2.0305796,1.8275449,1.1430328,0.44723293,-0.23016977,-1.5612948,-2.1309566,-2.2498739,-2.3196518,-2.2999313,-2.2211487,-2.136845,-2.0065205,-1.7323439,-1.1696973,-0.31403387,0.786463,2.0507617,2.6866045,2.4902616,2.5165884,2.0189195,1.5166906,1.1479305,0.5072937,-0.12663877,-0.35741282,-0.56319356,-0.93476725,-0.7461761,-0.05698204,0.34446886,0.120023854,0.08974042,-0.052596197,-0.1438415,-0.15379974,-0.19213566,-0.08219123,-0.021029845,-0.38816792,-0.70184803,-0.83303,-1.0640663,-0.42209205,-0.1005014,-0.1700315,-0.82121813,-1.9762955,-2.273164,-2.097343,-2.037953,-2.0942578,-2.081905,-1.6614127,-0.5961715,0.36791286,0.9556875,2.0032563,2.3180325,1.9129087,1.1739442,0.30467206,-0.51198864,-0.94605076,-1.0734341,-0.86409354,-0.47379926,-0.29418463,-0.020718403,0.39461643,0.8503243,1.1489518,1.3300352,1.1690995,0.80865085,0.6800895,0.6427283,0.4850364,0.57970256,0.74180764,0.5308386,0.30735147,0.25778362,0.31315237,0.37181127,-0.148767,-0.1483357,-0.14811677
-1.1169367,-1.214039,-1.0471984,-1.030953,-1.1554302,-1.3943511,-1.6317396,-1.9224991,-2.3950617,-2.3088284,-1.9818401,-2.0861263,-2.0612454,-1.6549966,-1.2651069,-0.9078889,0.011294767,0.9956033,0.7729666,0.9877794,1.2255626,1.5075508,1.8151815,1.825696,1.8253117,1.6497254,0.9451542,1.0536561,0.48227814,-0.3694896,-0.65877414,-0.8118743,-1.1589937,-1.5823319,-1.6434096,-1.3812568,-0.62018085,0.29459637,0.9681356,0.1653414,-0.3239286,-0.34540737,-0.17104045,-0.3792797,-0.59286547,-0.68404377,-0.5667364,-0.42946917,-0.22464958,-0.05456671,0.107991844,0.30696696,0.5125073,0.6133775,0.62416315,0.6232172,0.5870033,0.50534225,0.40559733,0.22931063,-0.17220202,-0.85863924,-1.4347795,-1.6669259,-1.4404931,-1.1432903,-0.7930008,-0.5666078,-0.44998652,-0.1812197,-0.12551346,0.1302848,0.46330744,0.98360324,2.1543388,2.3248048,2.389598,2.3345966,2.2284207,2.1505117,2.0332665,1.82797,1.558844,1.0585818,0.12579155,-0.7351471,-1.3941882,-1.5023384,-1.3028934,-1.210849,-1.027677,-0.73945045,-0.7890795,-0.73883724,-0.14600502,0.26224425,-0.004726842,-0.34552234,-1.0818917,-1.9498085,-2.539065,-2.621592,-2.4073806,-2.252551,-2.1875114,-2.126966,-1.9801416,-1.6142056,-1.3669081,-1.1663538,-0.96951634,-0.8040268,-0.7898581,-0.6494011,-0.59587383,-0.64722437,-0.23361656,0.99365103,1.6002864,1.79352,1.8658557,1.8056161,1.7998983,1.6278518,0.71496964,-0.5863795,-1.179655,-1.5292133,-1.5696038,-1.215764,-0.66066223,-0.027435333,0.5305658,1.0186765,1.2095621,1.0975912,0.6724222,0.15187532,-0.33902052,-0.66170007,-0.83179355,-0.826038,-0.6713556,-0.31630886,-0.10358709,-0.16817924,-0.42310816,-0.70005924,-1.0038251,-1.0819894,-1.2157993,-1.259402,-1.2841005,-1.1726948,-1.2922044,-1.374372,-1.374899,-1.3751075
-0.6575639,-0.9461485,-0.97689307,-0.8968591,-0.9232898,-0.8350502,-0.7121701,-0.55952406,-0.16353235,-0.12524885,-0.4224104,-1.4503891,-2.0134063,-2.2075272,-2.1043692,-1.9465795,-2.0813699,-1.726718,-1.6229317,-1.8864081,-1.9981582,-2.02027,-2.2473822,-2.752232,-3.419252,-3.1296,-1.578927,0.94089496,1.4357842,1.0508087,0.70874786,0.56834036,0.5008468,0.59360784,0.17614436,-0.38377878,-0.86266875,-1.7537901,-3.052855,-3.450878,-3.182126,-2.7794707,-2.3349886,-1.8921498,-1.6088305,-1.6168207,-1.6745017,-1.8139424,-2.0560842,-2.3690844,-2.6392865,-2.7470615,-2.6776757,-2.5660176,-2.4484854,-2.331321,-2.2060218,-2.073451,-2.0366745,-2.000289,-1.8586347,-1.4647349,-0.9071107,-0.2093448,0.074130744,0.3820268,0.24352825,0.2819271,0.5338912,1.0675284,1.022082,0.633484,0.18960965,0.0054237694,-0.22337368,-0.30417567,-0.20261104,-0.12007876,-0.16275783,-0.4635061,-1.0665863,-1.800508,-2.4222035,-2.673419,-2.556285,-2.2713585,-2.0027606,-2.226633,-2.3575323,-2.3226593,-2.2665353,-2.1173651,-1.989968,-1.9497772,-1.4481267,-0.2239452,2.8017297,6.553101,8.891819,10.221145,10.976002,11.260772,11.038579,10.9543495,10.955738,10.788228,10.23577,9.306219,8.542204,8.128512,7.8569927,7.9154787,8.006463,8.419228,8.266404,7.820486,6.4290805,3.307683,1.5223393,0.290987,-0.46057817,-1.2039629,-2.1603556,-2.8565598,-3.065679,-2.3601122,-1.906349,-1.4823444,-1.4080856,-1.3546348,-1.3188435,-1.1322676,-1.2197416,-1.4903826,-1.7295641,-2.020493,-2.098627,-2.0493982,-2.1815765,-2.5223322,-2.5825877,-2.5844402,-2.152348,-1.6319901,-1.136178,-1.0971363,-1.1468972,-1.5140421,-1.5793154,-1.3983526,-1.0005689,-0.69864875,-0.34850302,-0.13686535,-0.08863726,0.46206063,0.4621919,0.4623389
0.08470085,0.6015376,0.4673452,0.35720494,0.23430651,0.21845561,0.1410915,0.110085934,0.4798628,0.9105921,1.2378712,1.1248064,0.8178004,0.460609,0.07183668,0.13058758,0.2526483,-0.010981239,-0.3036367,-0.42793393,-0.46827617,-0.3417527,0.037507057,0.4156831,0.39374018,-0.079634905,-1.161072,-1.5716151,-1.6012511,-1.6468289,-1.4601231,-1.344788,-1.6978763,-2.1099205,-1.7656095,-0.95049536,-0.5176846,-0.19767337,0.58154976,0.6832528,0.78451896,0.7046848,0.493635,-0.0042558536,-0.03895504,0.3382081,1.0050713,1.5427103,1.5630348,1.5388471,1.7334282,2.0068426,2.3475351,2.5650916,2.6821275,2.7352092,2.791597,2.7787054,2.7732463,2.7442744,2.610045,2.052662,1.3259997,0.18298271,-0.31184098,-1.0714688,-1.8365016,-2.0444427,-2.1167285,-1.9455118,-2.10463,-2.4563136,-2.4346323,-2.4250536,-2.5550246,-2.5513177,-2.5554276,-2.5666554,-2.5472696,-2.36868,-1.9958768,-1.5465319,-1.0851043,-0.64363724,-0.5490556,-0.54157275,-0.78244615,-1.1518297,-0.6751135,0.62037075,3.6887364,7.40089,9.276695,10.343803,11.077969,11.221819,10.933077,10.063194,8.976114,6.8781776,4.233213,2.3362184,1.9376379,1.5853657,1.4204627,1.3604903,1.3682736,1.3566905,0.26114544,-0.96122456,-1.6064322,-1.5960118,-1.3399193,-0.85386395,-0.8530426,-1.0871389,-1.2300763,-1.0124577,-1.0036697,-1.1080729,-1.1349071,-1.0835959,-1.0626385,-1.1248765,-1.5696052,-2.0817044,-2.1019526,-2.2647924,-2.144312,-1.5682949,-0.9236425,-0.5381793,-0.47017473,-0.16995132,0.105238795,0.31022704,0.27536052,0.30670977,0.41387334,0.61401623,0.66201127,0.6672293,0.5878444,0.38270503,0.13752016,0.15453844,0.0061121285,-0.19497696,-0.47845414,-0.64221406,-0.9445883,-1.0873595,-1.0124271,-0.94846594,-0.9317289,-2.076716,-2.076682,-2.076626
-1.0215688,-1.1177256,-1.3874022,-1.5503931,-1.6572893,-1.6326315,-1.6695861,-1.676986,-1.0682662,0.016223155,0.54374987,1.0498796,1.744656,2.1899035,2.3246703,2.5605133,2.498201,1.9098153,1.8332033,2.1732755,2.4808612,2.7470329,2.9578247,3.0662932,2.6552765,2.1804562,1.3039062,0.91584384,1.1766369,1.7309589,1.9004855,2.0068414,2.19822,2.4202895,2.4044487,1.7724967,1.1775466,1.4902556,2.1580548,1.9008927,1.5765717,1.3084176,1.736221,2.6430168,2.8743277,2.7723517,2.4191785,1.8371886,1.5131826,1.446759,1.7213671,2.0456367,2.3450198,2.4649,2.4601116,2.4293878,2.3703082,2.2495897,2.0962052,1.9520812,1.6829484,1.1530716,0.95128036,0.93723464,0.6972988,0.2989977,-0.24970907,-0.5083287,-0.6471637,-0.46308714,-0.38012236,-0.294039,-0.04358788,0.27171454,0.696386,0.6259072,0.56672806,0.50437415,0.39743257,0.32407117,0.17391437,0.03578736,0.10154176,0.4135526,0.770309,1.0309582,1.0505974,0.60226226,0.377353,0.4252175,-0.0063821673,-0.45316717,-0.41295937,0.16800055,1.1500632,1.8205017,1.9801332,1.8069605,1.9093401,2.6445627,3.383047,3.6644912,3.411567,3.237298,3.1818466,3.0290582,2.5587127,1.8328226,1.3441968,0.96091425,0.61448157,0.49115565,0.50066835,0.5882461,0.32938695,0.15207884,0.1711674,0.78552216,1.0296341,1.1761153,1.2050653,1.2591444,1.4006695,1.3954234,0.7411674,0.40401092,1.2994876,2.2992024,2.3541107,2.079655,1.495778,0.7434585,0.3654087,0.58003473,1.031585,1.472513,1.9707234,2.508428,2.8962824,3.0498664,2.936685,2.742885,2.322115,1.9645586,1.3951243,1.0337374,0.76035696,0.36513218,0.003523633,-0.21419522,-0.52094984,-0.65355206,-0.55246335,-0.33994684,-0.2838962,-1.5759029,-1.5759153,-1.575881
-5.827422,-5.8495255,-5.6583066,-5.4785895,-5.34063,-5.2450557,-5.163521,-4.975149,-4.579792,-4.504825,-4.490049,-4.4754796,-4.5619345,-4.4124804,-4.1211367,-4.038369,-3.9376054,-3.0210152,-2.4937491,-2.5563555,-2.6802611,-2.8547225,-3.1172082,-3.4258256,-3.7030582,-3.7403808,-3.1539278,-3.210165,-4.153202,-4.8208833,-5.0653267,-5.0886574,-4.9709454,-4.710683,-4.4375334,-3.8238873,-3.0883245,-3.0887606,-3.5858164,-3.5736713,-3.4907475,-3.55058,-3.9111447,-3.9330375,-3.5202808,-3.2383823,-2.7982848,-2.310984,-2.0005505,-1.9256358,-2.2767334,-2.8595643,-3.5037007,-3.9523883,-4.2612658,-4.471959,-4.6968246,-4.903627,-5.026473,-5.1732345,-5.2414894,-5.067589,-5.085136,-5.5130014,-5.610566,-5.7296023,-5.6251097,-5.5219913,-5.3902116,-4.9980416,-4.491953,-4.2017593,-4.221323,-4.275003,-3.7087975,-3.0494967,-2.906253,-2.8883557,-2.943109,-3.0193744,-3.0877857,-3.2128813,-3.3980489,-3.661102,-3.9135237,-4.1062384,-4.0315886,-3.8158526,-3.9022384,-3.7807126,-3.7211008,-3.5696259,-3.6643975,-4.257477,-5.0945845,-5.4889317,-5.4688435,-5.045214,-4.6635356,-4.9563146,-5.1139274,-5.2049985,-5.57075,-5.691356,-5.718889,-5.8348885,-6.027767,-6.141143,-5.863265,-5.499603,-5.342332,-5.3644657,-5.5179253,-5.1951222,-4.639196,-4.463876,-4.722375,-5.125311,-5.0997925,-4.935438,-4.7654305,-4.667995,-4.5788713,-4.4807634,-4.3178663,-4.319434,-4.5465865,-4.3743606,-4.2492685,-4.1631474,-3.9315457,-3.3829193,-3.0352242,-3.095673,-3.3735933,-3.761843,-4.1223173,-4.519867,-4.953068,-5.327776,-5.5328526,-5.6237717,-5.758822,-5.73481,-5.5807385,-5.5888834,-5.516304,-5.5141697,-5.4203424,-5.2120256,-4.903996,-4.716233,-4.6007266,-4.597585,-4.5870104,-3.9261975,-3.9258554,-3.9259055
