0,1,2,3,4,5,6,7,8,9,10,11,12,13,14,15,16,17,18,19,20,21,22,23,24,25,26,27,28,29,30,31,32,33,34,35,36,37,38,39,40,41,42,43,44,45,46,47,48,49,50,51,52,53,54,55,56,57,58,59,60,61,62,63,64,65,66,67,68,69,70,71,72,73,74,75,76,77,78,79,80,81,82,83,84,85,86,87,88,89,90,91,92,93,94,95,96,97,98,99,100,101,102,103,104,105,106,107,108,109,110,111,112,113,114,115,116,117,118,119,120,121,122,123,124,125,126,127,128,129,130,131,132,133,134,135,136,137,138,139,140,141,142,143,144,145,146,147,148,149,150,151,152,153,154,155,156,157,158,159,160,161,162,163,164,165,166,167,168,169,170,171,172,173,174,175,176,177,178,179,180,181,182,183,184,185,186,187,188,189,190,191,192,193,194,195,196,197,198,199,200,201,202,203
12.096475,11.921359,12.027639,11.913015,12.033885,9.738747,9.738173,11.55979,11.173113,10.007666,8.434636,7.626649,5.22239,4.079341,3.1580858,2.4215674,1.5189773,0.5813856,0.59314144,1.0064857,1.7744687,3.371574,4.9009113,5.6228094,5.903241,4.138852,2.7761703,2.2024236,2.2831564,2.181909,2.4221454,2.4203272,1.9221085,1.0273159,0.24904004,-0.18033513,0.042513117,0.7246542,1.5830674,2.9072828,2.7610235,1.7182848,1.3059653,1.1082561,0.30482337,0.3369639,0.44533423,0.6331715,1.0557829,1.317776,1.4813192,1.5031352,1.5050901,1.5188265,1.6244947,1.7523289,1.8308952,1.868953,1.8437701,1.9063547,1.8564452,1.8468646,1.8693955,1.832346,1.8067873,1.7949574,1.7485416,1.5528781,1.3067894,1.0875483,1.0210158,1.1601126,1.5459523,1.72733,1.6245847,1.6140704,1.4870678,1.2411969,1.074456,0.82561773,0.5767384,0.64155966,0.74984753,0.55798787,0.08385087,-0.3156858,0.59753215,1.8507237,1.160907,0.20441395,0.35855755,1.067512,1.427064,1.7146945,2.3931465,3.7917073,4.417111,5.1421094,5.046763,4.960975,4.687831,4.6140685,3.725016,2.620885,1.6576846,0.6183432,-0.022397801,-0.039202735,-0.25436512,-0.35105592,-0.4148393,-0.40890583,-0.44281876,-0.4408243,-0.3977675,-0.30177414,-0.15076213,-0.030238956,-0.032835513,0.21733433,0.43599218,0.66161716,1.1951039,1.5071763,2.1186888,3.326695,4.760774,5.854664,6.0150576,5.2821283,5.1200314,4.7167583,4.364427,3.4859138,3.3397846,3.0735092,2.8999734,2.5382946,1.8097744,1.1384542,1.0972707,0.896367,0.37808928,0.30729768,0.3451758,0.65758836,1.1416874,1.7652646,2.135447,2.1310215,2.388929,2.5968692,2.4510353,1.9807235,1.7081857,2.0100408,1.8482533,1.045336,0.79341376,0.98759377,1.3631301,1.6529554,1.9813347,2.1891415,2.2926073,2.1839945,2.38971,2.3442554,2.286737,2.2910655,2.3020875,2.31285,2.3900895,2.4181416,2.4699774,2.6103706,2.9650874,3.4355936,3.9512227,4.492145,5.0078545,5.482903,6.604497,6.457821,6.566375,7.082963,7.532647,7.537319,7.2907634,7.8995123,8.246105,8.183364,8.367805,8.483322,8.615501,8.875131,9.243502,9.405434,10.00186,10.479205,10.504868,9.73781,9.737773,9.737753
-2.8263698,-2.7932487,-2.6554089,-2.485798,-2.4808972,-1.5336651,-1.5333548,-2.768293,-2.872775,-2.8298204,-3.03655,-3.0677226,-2.9350784,-2.8339438,-2.6242669,-2.494719,-2.3212357,-2.3329866,-2.364141,-2.412775,-2.4843438,-2.7042756,-2.9091687,-3.0580974,-3.1344442,-3.0486774,-2.7173219,-2.3346133,-2.0543594,-1.7436459,-1.6293774,-1.4035513,-0.88034236,-0.1590626,0.274111,0.11973256,0.19314027,0.4325436,-0.4741262,-1.5019886,-1.5446931,-1.4037676,-1.490552,-1.6387256,-1.6677179,-1.7714912,-1.9314907,-2.2366886,-2.8105426,-3.0719042,-3.1872249,-3.2177567,-3.186399,-3.1896331,-3.222002,-3.2481499,-3.2563891,-3.2354298,-3.1993155,-3.2129831,-3.2159047,-3.210772,-3.2413754,-3.2773268,-3.2788334,-3.2457128,-3.1171706,-2.7082202,-2.3353755,-2.037641,-1.9573026,-2.0867443,-2.383534,-2.5201278,-2.488752,-2.2117736,-1.8981664,-1.6785765,-1.6302773,-1.6961622,-1.7354059,-1.751138,-1.8385916,-1.992549,-2.007339,-1.8883399,-2.0236707,-1.4848807,-1.4128982,-1.6007397,-2.103256,-2.210321,-2.114502,-1.7864122,-1.4415234,-1.7170587,-1.52546,-1.6629788,-1.6128513,-1.323824,-1.2305813,-1.2279052,-0.79233825,-0.39495012,-0.037906587,0.039902,-0.074108124,-0.54321754,-0.75705785,-0.78120685,-0.7883664,-0.7795177,-0.7472813,-0.7137589,-0.6700357,-0.68126196,-0.66616464,-0.44625607,-0.14923659,-0.009499177,0.6283136,1.1750957,1.3710475,1.4493116,1.3252519,0.8592368,-0.4568797,-1.9237654,-2.6467228,-3.1665184,-3.1830788,-3.1544175,-3.0815244,-2.9285436,-2.8309321,-2.7196655,-2.6495728,-2.582003,-2.1537724,-1.6908424,-1.439816,-0.8948678,-0.23534977,0.21275914,0.15381774,-0.36379743,-0.58910453,-0.4856171,-0.4685423,-0.5042083,-0.8953099,-1.5263728,-1.6473448,-1.6159918,-1.5029538,-1.6756186,-1.7486601,-1.8648453,-2.3803682,-2.7712598,-3.405622,-3.563566,-3.5408072,-3.5829895,-3.6026597,-3.5892074,-3.6293445,-3.622839,-3.6026049,-3.6008291,-3.6003783,-3.5938387,-3.578167,-3.5166106,-3.485826,-3.5042536,-3.5403833,-3.5987859,-3.6024685,-3.6028166,-3.5354285,-3.583622,-3.651091,-3.6666927,-3.5194376,-3.4743066,-3.4726372,-3.5751405,-3.616127,-3.6280258,-3.6457908,-3.7722707,-3.784213,-3.7101655,-3.6159077,-3.6041613,-3.4637194,-3.4218926,-3.197483,-2.88013,-2.897511,-1.5331957,-1.53315,-1.5331057
-1.5356174,-1.5726125,-1.5515393,-1.5535696,-1.541229,-0.7707476,-0.7706797,-1.3395492,-1.201709,-0.46994537,0.20427632,0.34855366,0.8430245,1.3214269,1.4098152,1.3995531,1.2258325,-0.06618174,-1.0285323,-1.3580749,-1.4008857,-1.3684995,-1.4461517,-1.5941103,-1.7395375,-1.5636177,-1.3875558,-1.2830489,-1.2506909,-1.1662014,-1.1312191,-1.1192324,-1.1509435,-1.1691608,-1.1444267,-1.3343909,-1.5774615,-1.0404985,0.6104381,0.75242627,0.5631826,0.26458502,0.026140124,-0.20550439,-0.7238367,-0.9008061,-0.8041122,-0.6225762,-0.7577323,-1.0197587,-1.2082555,-1.2700411,-1.2752166,-1.2784618,-1.2257195,-1.2162291,-1.2233566,-1.4051635,-1.6543777,-1.7245506,-1.7252946,-1.6864678,-1.5999032,-1.4856021,-1.3241991,-1.178274,-1.1178656,-1.2515656,-1.3364592,-1.2541933,-1.2731125,-1.453984,-1.5434725,-1.5330412,-1.6612699,-1.8056693,-1.9557064,-2.1373277,-2.3029337,-2.0872593,-1.6134366,-1.1122451,-0.92259187,-1.0777677,-1.3801019,-1.5468233,-0.7836957,-1.0122094,-2.1671245,-2.5651355,-2.638676,-2.8696194,-2.981043,-2.9685817,-2.7777133,-2.7921748,-2.807021,-2.5536113,-2.3799992,-2.4816813,-2.4874716,-2.0813136,-1.5595326,-1.2707422,-1.395536,-1.7085358,-1.5875036,-1.9055924,-2.339091,-2.4026344,-2.4357483,-2.4238262,-2.4247835,-2.4301949,-2.5409997,-2.74968,-2.862347,-2.9873734,-2.9899926,-2.7817526,-2.8322697,-3.121074,-3.2946618,-3.3925323,-3.478631,-3.357255,-2.9029555,-2.4781737,-1.8614006,-1.6585481,-1.490766,-1.568898,-1.7130567,-1.8977607,-1.9488034,-1.9724442,-2.0178738,-2.1182165,-1.9263833,-1.2467045,-0.8742845,-0.85884106,-1.1859745,-1.2142804,-1.4134874,-1.781489,-1.7456791,-1.1400394,-0.6304146,-0.18096492,0.25656974,0.72276235,0.48886186,0.31268,0.044971883,-0.002205819,0.039153844,-0.089148134,-0.23382297,-0.3404745,-0.94039875,-1.8588538,-2.4329162,-2.6794167,-2.79076,-2.8090017,-2.8020773,-2.765938,-2.7962143,-2.8148637,-2.7886195,-2.7948985,-2.776414,-2.779736,-2.7722192,-2.80341,-2.8128397,-2.8312001,-2.7948482,-2.6367412,-2.5172422,-2.2662046,-2.1674993,-2.2496104,-2.2610168,-2.2422009,-2.208524,-2.1133766,-2.1076102,-2.094346,-2.0690074,-2.0755887,-1.983176,-1.7640781,-1.7069603,-1.5749682,-1.5979674,-1.6935341,-1.8778987,-1.9091111,-1.8802238,-0.7708595,-0.77083606,-0.77074045
-1.6882025,-1.5926273,-1.5636566,-1.3395953,-1.3290117,-0.03472349,-0.03422621,-0.9300972,-0.91091037,-0.517995,-0.35178524,-0.31908792,-0.25083625,-0.42914662,-0.46825546,-0.53294075,-0.52425957,-0.7009495,-1.0791885,-1.3311245,-1.3251021,-1.3061346,-1.3743207,-1.6050613,-1.9303113,-2.1551561,-1.8945725,-1.463255,-1.2124355,-0.7246265,-0.30583107,0.27222994,1.4111131,3.5804343,6.358713,9.119513,11.1895685,11.925055,9.309737,4.6447663,1.9907838,1.0741413,0.5907532,0.4160148,0.23646177,-0.1239267,-0.2767762,-0.27457952,-0.05978699,-0.2073082,-0.49437332,-0.63624036,-0.6945185,-0.74870104,-0.76678175,-0.83935046,-0.9315931,-1.156402,-1.4194329,-1.5934492,-1.7121043,-1.7314458,-1.706004,-1.7373977,-1.7328197,-1.7585629,-1.7528791,-1.6147124,-1.4754165,-1.3433751,-1.2564936,-1.1908544,-1.3968594,-1.61275,-1.8057652,-1.698681,-1.295785,-0.8122107,-0.6748015,-0.8109356,-0.9839234,-1.1505665,-1.4206357,-1.5354941,-1.4163747,-1.1552811,-0.853448,-0.59892535,-0.5173341,-0.5877079,-0.930755,-0.6359302,-0.05883515,1.2132732,4.5002756,6.30211,8.170337,8.716149,9.339886,9.712351,9.901054,10.424126,11.374549,11.843641,12.026564,10.992165,8.256816,4.2941227,1.2375585,0.26322764,-0.1868416,-0.37655243,-0.42921677,-0.4399854,-0.44301262,-0.5280589,-0.55641186,-0.17485896,0.7454348,2.2349887,2.8251953,2.6929126,2.7360969,2.6208134,2.1072178,1.7679856,0.8049889,-0.5189428,-1.0039935,-1.4924719,-1.6834171,-1.7180455,-1.8087424,-1.89709,-1.8393879,-1.6953189,-1.6084778,-1.5099231,-0.9377396,-0.23908624,0.3478648,1.6994953,3.4136052,5.5046177,7.9628477,9.444971,10.831746,10.927722,10.237482,9.024868,6.8642917,3.472489,1.6425762,0.83290786,0.54362917,0.23388353,0.11146207,0.016361967,-0.5516552,-0.57420224,-0.54702044,-0.42595577,-0.770647,-1.2027833,-1.382104,-1.4089329,-1.48234,-1.543777,-1.5966246,-1.6461847,-1.6831526,-1.6862055,-1.6802856,-1.6432048,-1.5828118,-1.5633144,-1.6550987,-1.8242488,-1.970628,-1.9998183,-1.9627903,-2.0535202,-2.1497521,-2.0790048,-1.8682891,-1.9218857,-2.0454123,-2.143799,-2.1133103,-2.1521916,-2.152939,-2.3109171,-2.271162,-2.110804,-2.029771,-1.952723,-1.9987237,-1.9649287,-1.8772986,-1.7151327,-1.7539635,-0.034143507,-0.03410524,-0.033973187
0.98504436,0.8940928,0.70038986,0.30748162,0.21625906,0.7607504,0.76045406,0.09292245,0.013462726,-0.15327632,-0.13575216,0.076533675,0.1936808,0.044499412,0.08738725,-0.014062926,-0.20466164,-0.27919543,-0.055194855,0.14077121,0.15667242,-0.17280579,-0.1345242,0.08417346,0.48411244,0.80199945,1.1976706,1.6152353,1.7203934,1.791748,1.7548277,1.7571907,1.7314302,1.6750371,1.3869802,0.7198221,-0.13439453,-0.7460202,-1.0865383,-0.80369973,-0.54705495,-0.29628643,-0.41652447,-0.6161901,-0.9118345,-0.82479566,-0.76082873,-0.79961175,-0.45262223,0.18801829,0.5289426,0.59043837,0.579326,0.63164127,0.48988432,0.3809393,0.33908978,0.5312929,0.856776,1.0025704,1.0935397,1.1102854,1.0780482,1.1185701,1.0582831,0.9735869,0.7842255,0.50667185,0.40036625,0.35042834,0.29742706,0.3860203,0.8714565,1.4734557,2.172555,2.0295582,2.0330472,2.3567314,3.956068,5.819243,7.623891,9.141706,10.435343,11.289016,11.774672,10.921018,7.7266855,3.293225,1.3109959,1.1628906,1.7149627,1.6366577,1.5065336,1.1008314,-0.26380453,-0.95719004,-1.0015991,-0.7430387,-0.46040106,-0.42624065,-0.5055494,-0.35827756,-0.5120143,-0.7371794,-0.930678,-0.8457724,-0.48923957,0.12543355,0.65777224,0.6194917,0.55678666,0.5102365,0.47793755,0.38684082,0.37117422,0.5069761,0.50139344,0.1598089,-0.28745115,-1.5757132,-2.0394464,-1.660665,-1.4366449,-1.2557899,-1.0663707,-0.63038325,-0.22164929,-0.30043644,-0.63735986,-0.51809514,-0.5677321,-0.39783287,-0.056722775,0.45315602,0.5735529,0.70622385,0.672776,0.614341,0.20991081,-0.23768839,-0.2854728,0.15460451,0.8120117,1.0353092,0.76202524,-0.0034118295,-0.85528725,-1.085966,-1.0015837,-1.051668,-1.330244,-1.3222809,-0.85288095,-0.7782917,-0.88481045,-1.00652,-1.4571376,-1.737702,-1.585662,-1.4713221,-0.97226095,0.1360614,0.6923774,0.7628702,0.7780943,0.7281032,0.7052969,0.65659976,0.7073631,0.6794826,0.6502916,0.613568,0.5151304,0.3979772,0.23113436,0.1821408,0.18569857,0.3564427,0.4777394,0.45931518,0.4010809,0.47974417,0.7625145,0.80476725,0.43046927,0.4590647,0.7528774,0.8672492,0.8145635,0.9036778,0.9387382,1.0687457,1.0184383,1.0027342,0.7755835,0.6390587,0.6343179,0.7613336,0.8083756,0.6045817,0.48715073,0.76049817,0.76046574,0.76034987
-3.1415014,-3.1407413,-3.1667423,-3.248086,-3.173297,-1.1894159,-1.1894611,-2.9382315,-2.8137422,-2.3383918,-1.7680844,-1.7237101,-1.2483014,-1.149234,-0.867728,-0.68045825,-0.32440913,0.020871252,0.033677936,0.13118705,0.21734425,-0.15788054,-0.6038302,-0.84801114,-1.2426727,-1.4206644,-1.523945,-1.5940788,-1.7483692,-1.7652171,-1.7165236,-1.7286434,-1.5745208,-1.1467695,-0.64143634,-0.6603855,-0.79948807,-0.45306024,-0.0319351,-0.03682769,0.09783001,0.39191458,0.86605024,1.4512675,2.2560506,1.4951146,0.90148455,0.70657516,0.72962344,0.44279045,0.51182616,0.56541836,0.6493917,0.6904033,0.69544315,0.6851805,0.6573427,0.5262465,0.23011146,0.07824324,-0.084148064,-0.14847903,-0.2835779,-0.58938855,-0.9308915,-1.4238309,-1.8502407,-1.8999119,-1.8671911,-1.8179781,-1.5098455,-1.1894193,-1.5573826,-2.0025954,-2.2723603,-2.2556932,-1.9064101,-1.3319377,-0.88226724,-1.0769632,-1.4343584,-1.7007796,-1.74873,-1.3703043,-0.8065963,-0.780246,-1.5877409,-1.53788,-0.77034676,-0.75339454,-1.2323538,-1.3397697,-1.268044,-1.3553747,-1.438556,-1.3530674,-1.4876163,-1.6601385,-1.5435417,-1.620713,-1.407872,-0.9457669,-0.4277579,-0.020521864,0.16069722,-0.004429616,-0.6345576,-0.77702254,-0.73042357,-0.69227177,-0.6580294,-0.6258215,-0.56690764,-0.5177606,-0.39354914,-0.22950125,-0.120794415,0.16845119,0.31399316,0.6209254,1.0042493,0.9365908,0.8684271,0.69948673,0.2863115,-0.5814407,-1.5189035,-2.3121715,-2.6067743,-2.7179956,-2.707725,-2.6168733,-2.4054346,-2.095869,-2.0183816,-1.8289957,-1.6456981,-1.2649865,-0.7928768,-0.84720683,-1.1062741,-1.2089192,-0.7305004,-0.69544184,-0.77029467,-0.6126635,-0.28731763,0.09363167,0.736169,1.2541255,1.1397886,0.9223294,0.7904765,1.2666713,1.9583724,2.0985432,2.81211,2.913682,1.9077921,1.4717257,1.4472585,1.3621058,1.382514,1.262893,1.0794079,0.9756941,0.9341171,0.8838638,0.8483487,0.7096374,0.6615474,0.55175555,0.4027139,0.16081454,-0.05521609,-0.16043025,-0.31729096,-0.43922204,-0.48123783,-0.54601824,-0.6460541,-0.8070562,-1.1944402,-1.1254184,-0.8752845,-0.8084477,-0.78627616,-0.755799,-0.84285605,-0.74660707,-0.752202,-0.9292434,-1.1365896,-1.4012258,-1.3490574,-1.0936488,-0.9962642,-0.91939306,-0.9636009,-0.9927664,-1.0023487,-1.1893102,-1.1892864,-1.1893132
-2.2374687,-2.2417216,-2.2724843,-2.3134456,-2.254249,-2.3921626,-2.3920481,-2.298733,-2.2932115,-2.4367511,-2.6429303,-2.6729336,-2.726458,-2.780826,-2.7671542,-2.7317104,-2.5870328,-2.0787156,-2.0152798,-2.0062528,-2.1311307,-2.37716,-2.4134998,-2.3287694,-2.4332764,-2.581609,-2.7394886,-2.8247368,-2.7167435,-2.6694558,-2.7053013,-2.6489205,-2.4519002,-2.1383104,-1.5803639,-0.80903494,0.007873058,0.1961951,-0.3683439,-1.3101256,-1.6937132,-1.4309113,-1.2051467,-0.9788119,-0.33835486,-0.29524338,-0.3803059,-0.27249902,0.057619706,0.05165495,-0.07000241,-0.16983166,-0.2733575,-0.42972517,-0.64369637,-0.8178143,-1.013488,-1.197282,-1.4306989,-1.6088952,-1.7128607,-1.7682838,-1.8732138,-2.0622997,-2.1733646,-2.2058463,-1.9848346,-1.3502809,-0.95154685,-0.800693,-0.8306643,-1.0290873,-1.287316,-1.3889552,-1.3739654,-1.4432175,-1.4319417,-1.192361,-0.6482767,-0.28223705,-0.11050764,-0.25108027,-0.40777388,-0.3278232,-0.2779031,-0.43487257,-0.58118474,-1.363199,-1.1693866,-0.8197263,-0.70473766,-1.0214455,-1.1899872,-1.5146265,-1.9344018,-1.838441,-1.8068554,-1.7787633,-1.5860858,-1.527931,-1.4289515,-1.737014,-1.9984832,-2.0880752,-2.1123147,-2.398549,-2.4320288,-2.2028363,-1.7493148,-1.6550121,-1.6435895,-1.6545547,-1.6876462,-1.7018242,-1.6566253,-1.5319655,-1.4358946,-1.1745002,-1.1217816,-1.0969386,-0.66284853,-0.4352106,-0.38341552,-0.3777105,-0.54255223,-0.9472842,-1.1422962,-1.2656589,-1.6260967,-1.5420244,-1.3967707,-1.2628042,-1.0873178,-0.81609464,-0.859349,-0.9250969,-0.8868661,-0.7165129,-0.47077292,-0.7176528,-1.1078739,-1.2573173,-1.0551589,-1.1514864,-1.0506165,-0.8955469,-0.91030115,-1.1216538,-1.3797172,-1.3630371,-1.5640118,-2.0108967,-2.0880508,-1.7805109,-1.464204,-1.5166445,-1.5351675,-1.3484303,-1.1716394,-1.0891459,-0.8874324,-0.6663668,-0.7829561,-1.0192267,-1.1194564,-1.1449612,-1.2719579,-1.2891784,-1.2567501,-1.2620288,-1.3059068,-1.3190899,-1.3264251,-1.288714,-1.3391061,-1.4207251,-1.5969026,-1.7979956,-1.9878738,-2.2073374,-2.3418484,-2.5768456,-2.9784682,-2.970427,-2.762649,-2.7624154,-2.8683949,-2.9779263,-2.9893875,-3.0401087,-3.106295,-3.2071939,-3.2767308,-3.3529358,-3.3089743,-3.3513548,-3.3385448,-3.3038716,-3.104911,-2.960695,-3.019161,-2.3918648,-2.3918118,-2.3918152
-1.1353363,-1.1347566,-1.1679174,-1.1124289,-1.1290865,-0.7894292,-0.7892225,-1.3240331,-1.3502496,-1.2379639,-1.2346396,-1.2207739,-0.84915566,-0.84396356,-0.56001073,-0.38485733,-0.10487573,0.21133786,0.102013536,0.07796929,0.14168708,-0.14075704,-0.7629366,-1.2212789,-1.7832468,-2.388922,-2.3350368,-2.0230846,-1.7876197,-1.4464817,-1.241457,-1.1273162,-0.8902029,-0.5347407,-0.34953302,-0.16862783,0.3344164,0.6709107,-0.107737035,-1.1692661,-0.8875557,-0.5648962,-0.08716057,0.14423662,0.38766357,0.16219711,0.042933762,-0.008320242,-0.026680201,-0.10976982,-0.19515938,-0.21515024,-0.2345568,-0.23304275,-0.21791002,-0.27444753,-0.31716728,-0.33537307,-0.32523873,-0.40120655,-0.44420528,-0.42806372,-0.40776286,-0.3858264,-0.2984377,-0.2137041,-0.052660197,0.16947672,0.23273836,0.05583906,-0.26306024,-0.9774885,-1.765221,-2.0771103,-2.1078212,-1.7550623,-1.0864642,-0.44241938,-0.06175234,-0.0045176744,-0.06060897,-0.20968866,-0.31594557,0.035912514,0.9020005,2.0803597,1.6912453,2.322859,2.3936563,2.039826,1.296995,1.1590085,1.3279386,1.935596,2.832683,2.231598,2.3698359,1.6791866,1.1933222,1.5464165,1.4474022,0.54915774,0.30530155,0.20763776,0.30244654,0.622978,1.0955957,1.2294022,0.97892,1.1406833,1.4379764,1.6329429,1.8960128,2.0991485,2.382669,2.7493432,3.3302069,4.691926,7.16272,9.701664,10.880104,11.326647,11.500908,11.500429,11.297991,10.712257,9.038845,6.22169,3.5739198,1.1731627,0.42954692,0.22004753,0.19521976,0.28061292,0.43615803,0.78519166,1.1381695,1.230502,1.030241,0.87181664,0.95404804,0.82815933,0.48618978,0.6030029,0.75588256,1.119485,1.8261118,1.7168037,1.2992368,0.8787679,0.3810124,-0.34850484,-0.5484269,-0.48278326,-0.20928714,-0.08322655,0.1962472,0.44666597,0.19674869,-0.023321249,-0.18805756,-0.17555779,-0.17732161,-0.29504728,-0.34465674,-0.31517982,-0.37805176,-0.3732251,-0.3793064,-0.39513016,-0.4138169,-0.39669114,-0.37271464,-0.3135997,-0.21587592,-0.15236887,-0.17209092,-0.28646404,-0.39490747,-0.5681263,-0.6454227,-0.9212277,-1.086198,-1.0277038,-0.8631084,-0.8596191,-0.9253636,-1.0786127,-1.1181976,-1.1096423,-1.0811543,-1.1989366,-1.1372992,-0.9817412,-0.9499283,-0.95766,-0.9658481,-0.9286016,-0.94466007,-0.9217433,-0.9147412,-0.78900576,-0.78903365,-0.7890855
-0.70142984,-0.72076964,-0.7555569,-0.8690413,-0.85043883,-2.2414305,-2.2417178,-0.7146066,-0.7014133,-0.8887386,-1.1678857,-1.1410688,-1.0406369,-0.74375904,-0.13602452,0.5165001,1.7515022,4.579151,6.3271384,6.962012,6.752466,6.208724,5.601369,4.9280124,4.0972953,3.8350198,3.264185,2.5893953,2.2211049,1.8287714,1.5604398,1.1774,0.71746624,0.11953904,-0.67006207,-1.1917732,-1.0920963,-0.997972,-1.3653984,-1.6970999,-1.9227221,-1.774194,-1.7662054,-1.5497057,-0.38596338,0.57412755,0.8013924,0.5894593,0.06393202,-0.010331649,0.20997562,0.380917,0.46026048,0.5261729,0.5694815,0.6702565,0.7957427,1.0781116,1.2231406,1.178481,1.1294711,1.0051415,0.81226146,0.53422284,0.24590969,-0.05343943,-0.24524257,-0.3012739,-0.24096134,-0.24972393,-0.22717269,-0.42757866,-0.8627711,-1.1246055,-1.1271468,-0.7931629,-0.75189084,-0.8293126,-0.81977075,-0.9988333,-1.2463762,-1.5738288,-1.7870646,-1.6178255,-1.3827848,-0.79989535,-0.39470008,-0.6247567,-0.23833439,-0.59713554,-0.92844653,-0.7399547,-0.38370553,-0.23478599,-0.3858094,-0.64193624,-0.5592363,-0.36115614,0.035093144,0.4686166,0.46899015,0.092951775,0.35083187,0.8992138,2.4945834,6.5147,10.388774,12.056265,12.1786995,12.162754,12.120743,12.109921,12.086639,12.099594,12.050489,11.930585,11.830722,11.599853,10.795925,8.9325,7.0526834,5.8458195,4.848935,4.46924,3.7924743,2.4264174,0.41855007,-0.90586114,-1.3672802,-1.451358,-1.419439,-1.2061467,-0.9366533,-0.4863366,-0.4048649,-0.42949843,-0.46797287,-0.41015026,-0.010971457,0.2213323,0.021302924,-0.24234954,-0.21046631,-0.62503195,-1.1503603,-1.3478165,-1.4466479,-1.4070749,-1.3108807,-1.2552457,-1.7807027,-2.2793531,-2.5127292,-2.4399588,-2.2355847,-2.1840546,-1.7944231,-1.0275999,-0.36582398,-0.37262154,-0.3688224,-0.41576082,-0.23365091,-0.107203454,-0.07687403,-0.085129134,-0.11890908,-0.073181696,-0.02387049,-0.015603606,-0.020634148,-0.04125415,-0.059641127,-0.0028196722,0.050843153,0.08059741,0.13314979,0.14525285,0.097961,-0.054804556,-0.19870625,-0.45512357,-0.7435563,-0.70661426,-0.597744,-0.7136134,-0.97003907,-1.0512958,-1.0293651,-1.2825627,-1.4801939,-1.4851419,-1.5610144,-1.7998737,-1.808845,-1.9515668,-2.1359003,-2.1927006,-2.2890687,-2.2800932,-2.2155385,-2.2418194,-2.2418642,-2.241928
-3.3178568,-3.298073,-3.3990755,-3.6756907,-3.7246616,-2.0780478,-2.0782168,-3.5796185,-3.5274286,-3.2673771,-2.846007,-2.8405209,-2.9710708,-2.977418,-2.860272,-2.8979023,-3.0294578,-3.0513682,-3.0961242,-3.0661716,-2.930449,-2.7678735,-2.4570067,-2.1530652,-1.8121287,-1.6499137,-1.6355549,-1.7478824,-1.9985415,-2.1683364,-2.2647429,-2.3686676,-2.5478823,-2.67072,-2.6143641,-2.6913736,-3.4491231,-3.974895,-4.1227384,-4.043144,-3.2917786,-2.5985532,-2.2441247,-2.1240096,-1.8448852,-1.733773,-1.569378,-1.323048,-0.5945907,-0.15935211,-0.1608744,-0.25803503,-0.3700397,-0.38267148,-0.5049974,-0.64811,-0.7291795,-0.7481987,-0.6335178,-0.6092046,-0.59903944,-0.61856586,-0.70818174,-0.76543605,-0.84188163,-0.8185175,-0.66758025,-0.36119977,-0.10997476,0.14291777,0.14747216,0.0798395,-0.07482244,-0.13281453,0.004396651,-0.07042681,-0.2803717,-0.47907668,-0.40148515,-0.051243424,0.2308038,0.435326,0.74569494,1.014311,1.2916362,1.4611944,-0.0880864,-1.8774707,-1.6982236,-1.8758467,-1.7137494,-1.7383909,-1.6500361,-1.7685659,-2.8256688,-3.5157385,-4.0211105,-3.9787986,-3.8883417,-3.8811228,-3.922245,-3.6859577,-3.1977408,-2.7992976,-2.5846362,-2.18882,-2.3194568,-2.198866,-1.926749,-1.9935023,-2.126316,-2.2132912,-2.30509,-2.398055,-2.5049522,-2.5213065,-2.5605075,-2.6298728,-2.6955519,-3.3917954,-3.5322902,-3.4353929,-3.3123953,-3.2717822,-3.4130874,-3.488247,-3.4284134,-3.4213018,-3.2875535,-2.7990184,-2.6256406,-2.6254485,-2.4891903,-2.27128,-2.144788,-1.939978,-1.7707556,-1.4700468,-1.2266178,-1.417195,-1.720448,-2.2225845,-2.3842273,-2.5312335,-2.7615273,-3.167942,-3.7447217,-3.5703611,-3.4630837,-3.5415254,-3.6862648,-3.6276133,-3.151848,-2.7468352,-2.4906583,-2.409042,-2.3277879,-2.2935045,-2.1181328,-1.9456263,-1.4470843,-0.47371644,-0.107471704,-0.14006457,-0.16316722,-0.21387206,-0.2562673,-0.379579,-0.41527638,-0.44904667,-0.45922336,-0.4729276,-0.5375263,-0.55925095,-0.571028,-0.5180849,-0.50660884,-0.4784178,-0.5258263,-0.62799567,-0.767153,-0.85031134,-1.0432196,-1.0369024,-1.0124557,-1.0221823,-0.97330153,-0.9389776,-0.868156,-0.89368284,-0.98736364,-1.0802789,-1.1453817,-1.2697331,-1.316812,-1.3438336,-1.3213317,-1.2060636,-1.1611258,-1.2890102,-1.3833424,-2.0780406,-2.078094,-2.0782306
-1.2699124,-1.3337271,-1.4319886,-1.5544707,-1.6134303,-1.61504,-1.6146271,-1.371277,-1.2301147,-0.49711385,0.09091562,0.17136991,0.83322835,0.9758936,0.7062894,0.5140282,0.22916982,-0.18855661,-0.59859836,-1.1998167,-1.5248039,-1.9084775,-2.3078833,-2.563603,-2.8195708,-2.7844691,-2.5547473,-2.4097915,-2.3493145,-2.1687546,-2.044298,-1.8494244,-1.4129951,-0.5901437,0.15368803,0.2338327,0.026196055,0.16292588,0.17849173,0.5434144,0.8716984,1.186681,1.5063884,1.5471745,1.1692431,0.6839283,0.31672633,-0.044019297,-0.73251975,-1.1403512,-1.3540004,-1.422909,-1.4300911,-1.4624639,-1.4448241,-1.5034349,-1.5949521,-1.8249888,-2.0018096,-2.061917,-2.034009,-1.9775196,-1.8753252,-1.7541387,-1.5967,-1.439743,-1.2693427,-1.042846,-0.7040894,-0.15846872,0.07570599,0.3321518,0.4305951,0.2893127,0.021594755,0.06517165,0.19385804,0.17322859,-0.34012106,-0.65700924,-0.7200959,-0.40086597,-0.045704328,-0.04787706,-0.0082576,0.76619565,2.3162284,3.0633163,2.1190238,0.9311075,-0.33839822,-0.99571145,-1.029084,-0.46167177,0.8785525,0.86848676,0.29235917,-0.14722358,-0.5980679,-0.88552475,-0.855299,-0.73027444,-0.4721139,-0.2719468,-0.58344114,-1.1123011,-0.9837627,-0.99701047,-1.4150803,-1.564978,-1.6885524,-1.758574,-1.7900629,-1.8048849,-1.8656379,-1.9909132,-2.0693502,-1.9479921,-1.4565152,-0.6981431,-0.79443777,-0.9883971,-1.0011638,-1.0390207,-0.9617333,-1.3322419,-2.2256308,-2.1743286,-1.8326181,-1.7005244,-1.6860311,-1.7426441,-1.7463733,-1.855445,-1.846176,-1.7666372,-1.7635438,-1.7996471,-1.9623315,-2.0672982,-2.1124277,-1.6028783,-0.75268936,-0.021101445,0.44605133,0.2349976,0.11628305,0.053471908,-0.21198118,-0.44375056,-0.1023301,0.442478,0.41172922,0.5521554,0.8636404,0.9517325,0.88769805,0.5744479,-0.11176881,-0.5124087,-1.0679822,-1.4999046,-1.7151823,-1.8714176,-1.9794171,-1.9809179,-2.0441804,-2.0213087,-2.0368247,-2.0415273,-2.0546336,-2.037361,-1.9928,-1.91858,-1.8199085,-1.8099902,-1.862542,-2.0015798,-2.2290483,-2.3701055,-2.4470792,-2.5216727,-2.5964699,-2.5599585,-2.403016,-2.4520211,-2.563085,-2.5818038,-2.4963868,-2.5165815,-2.5259223,-2.5757518,-2.5585787,-2.4974813,-2.4149437,-2.3266175,-2.1709785,-2.1767256,-2.1819792,-1.9879596,-1.9353449,-1.6146253,-1.614596,-1.6144645
-3.3055196,-3.2221923,-3.2193067,-3.2163506,-3.2418294,-2.3555908,-2.355567,-3.3034863,-3.2788186,-3.0538416,-2.7796779,-2.6431832,-2.5473077,-2.6059668,-2.60157,-2.5846155,-2.5572963,-2.4285386,-2.480702,-2.7137332,-3.0135148,-3.3607173,-3.5017543,-3.4791322,-3.2807214,-2.7073872,-2.4551713,-2.3211899,-2.2143955,-2.185578,-2.3037283,-2.245641,-2.0623658,-1.8028384,-1.4861248,-1.0525141,-1.0127082,-1.3584133,-1.6292222,-2.434506,-2.707924,-2.460828,-2.4724648,-2.5087438,-2.2860055,-2.105377,-1.9473118,-1.74281,-1.515068,-1.4439756,-1.5154345,-1.5902966,-1.6189594,-1.6613941,-1.7725201,-1.8364267,-1.8444234,-1.7807513,-1.7019236,-1.679544,-1.634417,-1.6156626,-1.6095213,-1.533434,-1.3999083,-1.1229608,-0.73882186,-0.20947933,0.024877727,0.05419068,-0.15795475,-0.45984948,-0.7145438,-0.80724573,-0.83790636,-1.0530665,-1.2388511,-1.2965852,-1.0907662,-0.73001575,-0.3638836,-0.11395955,0.15924738,0.2751822,0.15651624,0.037163377,-0.43273577,-1.7653782,-1.4970639,-0.5564269,-0.14770977,-1.0356524,-1.8105398,-2.7045429,-3.7226868,-3.9766746,-4.070909,-4.0322776,-3.8659024,-3.8782918,-3.6497188,-3.4446774,-3.2713242,-2.8611968,-2.435272,-1.9312074,-2.051252,-2.4370215,-2.5760956,-2.7037916,-2.8360686,-2.9116054,-3.0237026,-3.0838609,-3.1486602,-3.245482,-3.4108171,-3.677167,-4.153713,-4.629896,-4.4729156,-4.345237,-4.2451777,-4.18136,-4.195742,-4.2827845,-4.178101,-4.3927646,-4.36492,-3.8550305,-3.65701,-3.5615306,-3.5075736,-3.2896583,-3.2447915,-3.2465763,-3.2086875,-3.0668852,-2.7170324,-2.5035653,-2.4922037,-2.2903569,-1.8364041,-1.70085,-1.6644747,-1.7387521,-2.0026033,-2.1872265,-2.2054353,-2.0698595,-2.2343414,-2.5946562,-2.5276585,-2.3031137,-2.1880782,-2.3869178,-2.6706038,-2.6707382,-2.5461686,-2.3353047,-2.010384,-1.5364074,-1.3370535,-1.2394103,-1.1452986,-1.0797256,-1.0852263,-1.1183451,-1.090782,-1.0626498,-1.0299354,-0.9723451,-0.94121456,-0.87145513,-0.85943747,-0.8974881,-0.98885834,-1.0581834,-1.1429269,-1.2225218,-1.2842243,-1.3696624,-1.6080722,-1.614944,-1.6307087,-1.6977866,-1.756251,-1.7718878,-1.7380123,-1.7674352,-1.7483412,-1.7503599,-1.7367866,-1.6625203,-1.6715562,-1.7911848,-1.9417138,-1.94538,-2.0651004,-2.2535362,-2.2590168,-2.3554754,-2.355457,-2.355484
-1.6632121,-1.5473241,-1.4796795,-1.3559599,-1.2739412,-2.9607024,-2.9610133,-1.2020634,-1.1289223,-1.0385381,-0.8144249,-0.77170205,-0.9684857,-1.1624293,-1.2671261,-1.3855995,-1.4809432,-1.1378806,-1.1205443,-1.3091937,-1.5973475,-1.9896322,-1.8968259,-1.5142428,-1.1122355,-0.9774938,-1.1393186,-1.3368826,-1.396184,-1.528839,-1.5936323,-1.558554,-1.4104983,-1.0794995,-0.46454173,0.10290226,0.029279718,-0.102626495,-1.0365307,-1.6994851,-1.6317028,-0.93730116,-0.62827015,-0.48651782,-0.39510438,-0.28448147,-0.082839295,0.0064343214,-0.066646904,-0.438264,-0.61920404,-0.68808144,-0.77737385,-0.8814018,-0.9719458,-1.0477202,-1.097964,-1.0546057,-0.8504404,-0.80890477,-0.7641078,-0.7575315,-0.7822601,-0.78445065,-0.7542416,-0.59613,-0.3016824,0.044118762,0.08611959,-0.10112548,-0.36511004,-0.70306015,-0.836313,-0.8000979,-0.67070323,-0.5310448,-0.4801939,-0.50652033,-0.5631263,-0.5964291,-0.6186509,-0.44839752,0.19749767,0.80424976,1.183038,0.68069685,-0.74004734,-1.9101462,-1.7240932,-1.0880291,-0.18875927,0.50977135,0.8363749,0.71747446,-0.26394078,-0.879709,-1.3076123,-1.3932135,-1.3420358,-1.3215855,-1.1715839,-1.2637902,-1.3077629,-1.1721567,-1.1529375,-1.1524794,-1.2799201,-1.3108373,-1.1010721,-1.1368053,-1.2282243,-1.3300378,-1.4320853,-1.5162511,-1.5608448,-1.5972452,-1.6646901,-1.6367679,-1.734068,-1.961622,-1.6218286,-1.4015523,-1.3317252,-1.3341343,-1.5361115,-1.9005222,-2.1371288,-2.5498893,-3.0627377,-3.0985527,-2.9913566,-2.880367,-2.756401,-2.5715537,-2.5371852,-2.5028505,-2.4688253,-2.4328983,-2.4233804,-2.4398563,-2.4070153,-1.9655461,-1.1273603,-0.82279265,-0.5983376,-0.618871,-0.9283788,-1.0249168,-1.1356881,-1.2103218,-1.5800261,-1.8528636,-1.747439,-1.257724,-0.71279055,-0.6923172,-0.8529416,-0.84329,-0.6672516,-0.35970342,-0.046373695,0.056289613,0.07036796,0.09104854,0.16258049,0.2350184,0.15672562,0.0905,0.13718235,0.19993636,0.1896725,0.23428538,0.29173115,0.39707905,0.4567838,0.47645584,0.4134493,0.31196934,0.079399616,-0.13663802,-0.3257352,-0.49379262,-0.7696412,-0.627887,-0.6546257,-0.87756,-1.056823,-0.97689414,-0.78042233,-0.91398036,-1.0970063,-1.0028121,-1.1147919,-1.4812276,-1.6370934,-1.834677,-1.9934247,-1.9857454,-1.9527074,-2.0847049,-2.1410303,-2.9611778,-2.9612584,-2.9613097
-2.1394625,-2.0675015,-2.1074803,-2.2949755,-2.3660877,-1.1764743,-1.1765777,-2.3436477,-2.3178751,-2.167575,-1.7445141,-1.4711432,-1.1746497,-1.1556621,-1.109596,-1.1773026,-1.1923125,-0.99818146,-1.08903,-1.238508,-1.270119,-1.4386864,-1.3068993,-1.0044534,-0.4064362,0.2076529,0.5554715,0.78482527,0.8466561,0.911273,0.9729881,1.0759335,1.1004621,1.0665202,1.080776,1.2751342,1.1601235,0.7795254,-0.35705125,-1.3793086,-1.3897401,-1.0910381,-1.1759278,-1.2851098,-1.1451706,-0.8716229,-0.69670725,-0.60108185,-0.47064418,-0.4109461,-0.47051382,-0.5284861,-0.5423626,-0.5089087,-0.53355616,-0.5303333,-0.48248532,-0.35155708,-0.1479892,-0.05492124,-0.028329939,-0.015197709,-0.0262561,-0.0029953718,-0.0020765364,0.068572715,0.12740429,0.16134155,0.16799584,0.13500002,0.03322337,-0.12250011,-0.35719675,-0.45123282,-0.38650477,-0.5631783,-0.77237535,-0.93982893,-0.80921686,-0.51792353,-0.18711284,0.19747311,0.71718615,1.0874383,1.2388394,0.6755789,-0.8778107,-2.4130666,-1.9107625,-0.49274293,1.0150003,1.1735227,0.9028437,0.10354838,-1.4891198,-2.0849946,-1.9657834,-1.911363,-1.622575,-1.5798882,-1.493532,-1.0947299,-0.86808336,-0.70119363,-0.5753949,-0.1513,-0.4239942,-0.5176794,-0.23033273,-0.2875837,-0.3564446,-0.40483847,-0.46942407,-0.53268063,-0.53483105,-0.4598235,-0.46039438,-0.61570567,-0.91222477,-1.6716452,-2.0078866,-2.0416932,-2.0613842,-2.1087792,-2.352529,-2.5519657,-2.6250007,-2.6655858,-2.5770254,-2.0016224,-1.9209003,-1.7891868,-1.6223035,-1.3566083,-1.2011077,-1.0274299,-0.9502313,-0.7467363,-0.44673395,-0.0872325,0.061017513,0.068255424,0.1161347,0.10724664,0.1831348,0.3602,0.28510064,0.16050382,-0.015925035,-0.4615628,-1.1587486,-1.4245695,-1.2323971,-0.99971473,-1.0036802,-1.1340221,-1.4614203,-1.4190876,-0.9384103,-0.7906557,-0.6066391,-0.039135754,0.26522267,0.45289415,0.640372,0.69671917,0.76252425,0.68510485,0.6721709,0.6958782,0.6947963,0.7214599,0.6883177,0.65093386,0.590361,0.60145867,0.62320375,0.67890155,0.72148263,0.6662688,0.56570005,0.6044302,0.63024414,0.7178396,0.43468276,0.34181693,0.46916243,0.5951914,0.6713316,0.564518,0.47936982,0.5392899,0.46498868,0.3632958,0.14714456,0.0465214,-0.030248143,0.0025602728,-0.11433311,-0.5107201,-0.5631393,-1.1763395,-1.1763811,-1.1765032
-0.9809359,-0.9969257,-1.1098436,-1.3800858,-1.3423963,5.7015476,5.701974,-1.2748125,-1.1864108,-1.0741382,-1.1108007,-1.241319,-1.6921102,-2.1390438,-2.573587,-2.7453938,-2.676653,-1.5913059,-1.0413033,-1.0399418,-1.041708,-1.1947321,-1.2261064,-0.9203042,-0.44198966,-0.27292055,-0.4728691,-0.7899231,-1.0224494,-1.2033986,-1.2672561,-1.3112442,-1.2697161,-0.9332043,-0.2909116,0.15607637,-0.42124814,-1.5326593,-2.2508187,-1.535716,-0.9077996,-0.11624383,0.77941775,1.8656329,4.8559294,6.815671,8.0150385,9.006986,10.720822,11.640017,11.926408,12.026836,12.123514,12.150867,12.14531,12.143219,12.178992,12.202196,12.142851,12.081915,12.070954,12.086085,12.084213,12.068573,12.063719,11.99402,11.893311,11.663827,11.122545,10.052738,9.08787,7.214038,4.4307547,2.7330768,1.5765891,0.17055792,-0.90356636,-1.7058525,-2.265832,-2.2185934,-1.8628365,-1.2291965,-0.42093122,0.04240513,0.13676146,-0.14899164,-0.46816698,-0.8849916,-0.60801065,0.325428,0.8127651,0.24351758,-0.1760025,-0.50444376,-0.9942101,-1.3415809,-1.8728603,-1.9266179,-1.9752061,-2.1361876,-2.111978,-2.2110143,-2.3941956,-2.4668527,-2.5069861,-1.884284,-1.1696887,-0.8198335,-1.354219,-1.5614638,-1.6839745,-1.7686181,-1.877238,-1.9601798,-1.9995778,-1.9279363,-1.956378,-1.9403427,-1.8964689,-1.5861895,-1.5364141,-1.6655635,-1.6889813,-1.7338235,-1.8503922,-2.2595077,-2.0830617,-1.955234,-2.1273232,-2.1956983,-2.5522416,-2.686444,-2.5925956,-2.2138906,-1.9916914,-1.7946407,-1.6217256,-1.444348,-1.1838752,-0.98172283,-0.83010715,-0.57222104,-0.036081016,0.20206705,0.8333042,1.274503,0.57552165,-0.8088748,-1.2689638,-1.1068605,-0.45324296,0.37154242,0.8016014,1.7660285,3.2564514,3.7926497,4.84289,6.530292,8.257514,9.173165,10.340241,11.333065,11.508302,11.507355,11.475363,11.52103,11.46006,11.489461,11.506088,11.488152,11.498902,11.478384,11.454586,11.41572,11.34877,11.248114,11.099651,10.9145155,10.782581,10.665473,10.56304,10.417433,9.737549,9.721858,9.95603,9.779492,9.493452,9.457722,9.580516,9.24934,8.968086,8.873823,8.6986065,8.623566,8.681658,8.621913,8.31924,8.110016,7.392432,6.9433274,6.980605,5.702762,5.702713,5.7024927
1.087645,0.9772382,1.0365318,0.945096,0.93937707,1.4386973,1.4387181,1.3380378,1.2529614,0.8991022,0.788556,0.78775734,0.8958539,0.84671915,0.9154128,0.68849975,0.20872027,-0.85855985,-1.544025,-1.883755,-2.0538347,-1.9742777,-1.6198645,-1.267863,-0.63160336,-0.11807379,0.3159722,0.62537265,0.68319976,0.7162979,0.70020384,0.6520238,0.4035895,-0.1801391,-0.89477277,-0.95477057,-0.18289432,0.36156082,-0.06458558,-0.8437898,-0.50814414,-0.52740216,-0.1263429,0.030546993,-0.027464002,-0.008736253,0.25494394,0.5261774,0.37533408,0.18986991,0.19853188,0.19681473,0.20488232,0.20704964,0.22697574,0.19494551,0.08918591,-0.17292894,-0.37078732,-0.3910811,-0.3807975,-0.34927633,-0.29766437,-0.14868797,0.1337561,0.65308356,1.4823998,3.2760954,5.2095914,7.5232735,9.101543,10.880672,12.101543,12.472517,12.637095,12.83766,12.823246,12.649054,12.239456,11.754723,11.044333,10.029809,8.378519,6.4524384,4.174309,1.2781177,0.09276935,0.76092136,1.416084,1.0134335,0.2790805,-0.48333484,-1.0258714,-1.5264769,-2.250331,-2.3555713,-2.0893016,-2.0045485,-1.9769579,-2.001877,-2.20479,-2.163014,-1.7223643,-1.4583565,-1.2916692,-0.8557198,-0.8391417,-0.5375465,-0.29145527,-0.13617393,-0.026069343,0.05805999,0.09769958,0.20929965,0.22217083,0.020831078,-0.22250187,-0.7134708,-1.4463704,-1.7150601,-1.5711819,-1.5695211,-1.4811234,-1.4378624,-1.2300676,-0.7216904,-0.85125667,-0.8265681,-0.6140802,-0.46362796,-0.42941642,-0.63707197,-0.81693,-1.0381174,-1.0326316,-0.9123099,-0.80414206,-0.60127753,-0.24866748,0.4980475,1.0423548,0.9591623,-0.037290007,-0.81818855,-1.4888033,-1.3249447,-0.21821383,0.25565943,0.09114852,-0.6375656,-1.4862248,-0.9829681,-0.3230103,-0.31374723,-0.44777575,-0.10672873,0.487702,0.37438056,0.7117313,0.8767456,0.6365913,-0.021821558,-0.2112031,-0.32606643,-0.42044353,-0.46570632,-0.48519522,-0.42728385,-0.45532477,-0.4847495,-0.49794906,-0.54010695,-0.6095539,-0.6610815,-0.6879366,-0.64129746,-0.4667165,-0.35935742,-0.26983643,-0.31112367,-0.37826872,-0.35795194,-0.47446465,-0.59363306,-0.51050866,-0.2884554,-0.15163401,-0.07830706,-0.214542,-0.04934311,0.016095653,-0.07364285,-0.03908938,0.035398796,0.116920486,0.29781914,0.3696435,0.5613877,0.947989,1.2894906,1.3438152,1.438646,1.4386765,1.4387403
-1.8736664,-1.9965209,-1.9930568,-1.915495,-2.0118647,0.9038593,0.90451014,-1.7189232,-1.5907665,-1.1739572,-1.2520512,-1.5214359,-1.6664169,-1.2736201,-1.2825476,-1.2619228,-1.3120347,-1.3861856,-1.6034908,-1.8677847,-1.8367529,-1.592421,-1.7111654,-1.9862533,-2.4173431,-2.6188235,-2.765608,-2.9833927,-3.1023917,-3.146746,-3.0918128,-3.1134145,-3.1275017,-2.9931922,-2.691992,-2.2332048,-1.6483785,-1.0541888,-0.613753,-1.3470052,-1.8281872,-1.7521731,-1.2203829,-0.937092,-0.76319826,-0.84318167,-0.9859909,-1.1922456,-1.5628734,-1.612851,-1.4911577,-1.3531432,-1.2405343,-1.1934506,-1.0978775,-1.0256968,-0.95559144,-0.9664639,-1.0345274,-1.0259403,-0.9887963,-0.95191944,-0.89560443,-0.83446455,-0.78302336,-0.76256394,-0.7425315,-0.60690814,-0.28763568,0.25773564,0.58508337,0.91350144,0.906883,0.68692803,0.31517887,-0.01398921,-0.3583656,-0.62788296,-1.0361891,-1.188951,-1.2547216,-1.3671594,-1.6398982,-1.8393667,-1.7619658,-0.42927098,1.9905003,2.7179523,1.800499,0.6119286,-1.2136338,-2.2235198,-2.639925,-2.4755836,-1.5931704,-1.2025111,-0.91672367,-0.7214159,-0.8082224,-0.8744843,-1.0370556,-0.9472541,-0.59717995,-0.6476576,-0.97453415,-1.509181,-1.6452104,-1.6784196,-1.5230658,-1.3587978,-1.2356844,-1.1301028,-1.064827,-1.0265611,-1.108052,-1.2405114,-1.3330474,-1.5684044,-1.5906901,-1.4330587,-1.571776,-1.4570744,-1.4404389,-1.333976,-0.9342416,-0.21827126,0.47034663,0.5901612,0.37921068,-0.3731281,-0.5628596,-0.8022808,-1.1972567,-1.7110574,-1.8447776,-1.9300267,-2.0114202,-2.2207608,-2.6721568,-2.9588778,-3.0067837,-3.105136,-3.181002,-2.7688434,-2.1526806,-1.8485007,-1.4132617,-1.1355305,-1.1693363,-1.2107377,-0.9463757,-0.773274,-0.88005185,-0.8994823,-0.92063284,-0.79021275,-0.68349814,-0.6181452,-0.82835215,-1.0880485,-1.5243614,-1.7529777,-1.4819274,-1.1165737,-0.94282657,-0.8629588,-0.7879733,-0.80238664,-0.8362069,-0.8103909,-0.7564849,-0.69900227,-0.61867654,-0.5387835,-0.36957538,-0.16184324,0.062372535,0.21568689,0.2447677,0.26214346,0.24773777,0.17324391,0.029010415,0.02046302,0.14584959,0.024692446,-0.19088137,-0.2864797,-0.20450884,-0.3151937,-0.40638027,-0.488652,-0.5209327,-0.5850176,-0.48163465,-0.48496246,-0.15510191,-0.20163599,-0.3684242,-0.21740632,-0.20076525,0.9048878,0.9049111,0.90494657
0.43845677,0.46236387,0.6975833,0.9852366,1.019876,-0.0047604367,-0.0047440752,0.9467939,0.93210566,0.9894178,1.4069791,1.7028553,2.06631,2.1541986,2.142476,2.2058632,1.9933608,0.36584434,-0.7474556,-0.82302624,-0.6644688,-0.470637,-0.5731064,-0.7975632,-1.0633986,-0.9140539,-0.52559453,-0.24230114,-0.16408163,-0.12277484,-0.21269774,-0.33300453,-0.5950449,-1.0168148,-1.5220003,-2.0352173,-2.3027709,-1.8057961,0.22951606,1.0519164,0.7909298,0.5073919,0.110690735,-0.06882027,0.1598071,0.8172429,1.305718,1.5704851,0.9644277,0.2891935,0.009788886,-0.09309358,-0.1807855,-0.20492394,-0.18449903,-0.12300608,-0.050630227,-0.12026831,-0.35854578,-0.4541583,-0.54808414,-0.60330397,-0.6244639,-0.68866026,-0.79432046,-1.0013678,-1.3606405,-1.9643304,-2.2726195,-2.342289,-2.2367013,-1.7120535,-1.0421093,-0.6960944,-0.59648705,-0.34446618,-0.20669883,-0.28136742,-0.534772,-0.7729559,-0.9698256,-1.3653286,-1.9195409,-2.380684,-2.7119,-2.875023,-2.4406605,-2.0717723,-2.8892899,-3.2610111,-3.0743747,-2.535254,-2.2237062,-1.961668,-1.4949386,-1.0995278,-0.78385556,-0.7513322,-0.7338535,-0.76605606,-0.8284331,-0.45637,-0.2776772,-0.22909528,-0.24413732,-0.80093503,-1.090179,-1.0918239,-1.1380434,-1.1708874,-1.2267101,-1.2344762,-1.251106,-1.2490928,-1.3550456,-1.5689305,-1.6962612,-1.9357874,-2.1674738,-1.9736476,-1.7834307,-1.6924808,-1.683039,-1.6927863,-1.4634887,-0.7627802,0.22261667,0.04507838,-0.13020168,-0.37994063,-0.4024011,-0.5652231,-0.655028,-0.6447951,-0.7358044,-0.694319,-0.72595036,-0.8052666,-0.6266461,-0.18259075,-0.09555586,-0.45039666,-1.189765,-1.5363896,-1.938024,-2.1223414,-1.7879174,-0.88003904,-0.12945381,0.1987861,0.1366574,0.3844807,0.5688764,0.2105732,0.045532104,0.04211367,0.30991098,0.568623,1.0947292,1.109679,0.55116,-0.51878786,-1.0105226,-1.2846044,-1.464428,-1.5937397,-1.5566007,-1.4834197,-1.4982375,-1.5226488,-1.49603,-1.5600886,-1.6087087,-1.7296829,-1.8541019,-1.9515047,-1.9937037,-1.9512533,-1.7817063,-1.5273852,-1.3536814,-1.0958434,-1.2461615,-1.4478786,-1.4220085,-1.3893397,-1.3979561,-1.4012341,-1.3995067,-1.5660487,-1.542538,-1.5269642,-1.4871922,-1.2035254,-1.1331455,-1.015511,-1.085489,-1.1315017,-1.0828061,-0.91956556,-0.9346979,-0.0048303604,-0.004745245,-0.0046767592
-3.002643,-2.9405227,-2.868103,-2.803615,-2.8016486,-2.7287793,-2.7286777,-2.683656,-2.7313519,-2.6656156,-2.5303655,-2.4767842,-2.1676812,-1.8968952,-1.9328641,-1.87598,-1.8222528,-2.3636174,-2.5064716,-2.544084,-2.7483582,-2.8357768,-3.0186625,-3.239489,-3.2592914,-3.0335498,-2.8600411,-2.6764455,-2.5885925,-2.47642,-2.5769114,-2.5652335,-2.3749642,-1.9765327,-1.5542731,-1.4636829,-2.0409582,-2.2047703,-1.3514967,-0.66638863,-0.47903827,-0.80739963,-1.0886056,-1.2163979,-0.87189806,-0.46559006,-0.36478186,-0.5407249,-1.7593529,-2.5236187,-2.7140949,-2.7162461,-2.693525,-2.6705892,-2.6115985,-2.5507503,-2.461351,-2.418536,-2.4582806,-2.492708,-2.5016189,-2.5011535,-2.4798427,-2.4387443,-2.3800154,-2.2931712,-2.1919453,-2.065024,-1.9144065,-1.6367325,-1.5176356,-1.5317967,-1.5324019,-1.4710069,-1.4776441,-1.5889502,-1.8963473,-2.2708697,-2.6345763,-2.5309367,-2.1522956,-1.9218948,-2.091898,-2.5972779,-3.03543,-3.2282462,-3.3672705,-4.3324018,-4.947111,-4.675291,-4.2635584,-4.245642,-4.143627,-3.8977132,-3.2875853,-3.0123053,-3.0096505,-3.1381307,-3.2970982,-3.416224,-3.418789,-3.2784348,-3.2466679,-3.1186876,-2.9970481,-3.0706763,-2.3341177,-2.5679612,-2.84298,-2.879156,-2.890631,-2.8624735,-2.8490653,-2.817258,-2.8453965,-2.9175029,-2.9571457,-3.0462503,-2.9621818,-2.5443444,-2.62085,-2.9828143,-3.3151436,-3.490806,-3.6023514,-3.2472515,-2.4606822,-2.1868005,-1.7215991,-1.5490191,-1.5654004,-1.7481546,-2.0285542,-2.1686687,-2.2966466,-2.4561243,-2.5973363,-2.633927,-2.0813608,-1.1777904,-0.9287032,-1.0889118,-1.4755124,-1.5206685,-1.6084499,-2.1650248,-2.732696,-2.5567315,-2.1471043,-1.7331014,-1.306744,-0.78634846,-0.7183783,-1.0152664,-1.2279488,-1.2797854,-1.2007713,-0.83074903,-0.5360338,-0.7875798,-1.7790397,-3.0474617,-3.5061667,-3.5879107,-3.5961685,-3.5713615,-3.5425828,-3.5037708,-3.5079067,-3.5018163,-3.464306,-3.465508,-3.453153,-3.476357,-3.4896958,-3.5262642,-3.531589,-3.5464292,-3.4697373,-3.3529048,-3.2788718,-3.0806675,-3.1451054,-3.300222,-3.29738,-3.227391,-3.202767,-3.145186,-3.1247492,-3.1062875,-3.10667,-3.0483446,-3.0101733,-2.684621,-2.6178257,-2.540897,-2.5779543,-2.6976247,-2.8635082,-2.7820425,-2.6606817,-2.7284868,-2.7284555,-2.7285092
-1.4008951,-1.3977554,-1.5315013,-1.561326,-1.586113,-0.25618276,-0.25604388,-0.91463697,-0.74451613,-0.25497603,0.06402603,0.1906851,0.5424737,0.54510236,0.72190726,0.59935224,0.3995642,0.075978234,-0.20224285,-0.8376962,-1.2656819,-1.1397363,-0.56989586,-0.14688359,0.1346552,0.2922259,0.3879439,0.3464429,0.13912219,-0.160254,-0.30791327,-0.43345964,-0.6571574,-0.86294866,-0.9157754,-0.7761102,-0.3053127,-0.087115586,-0.9375578,-1.6714158,-1.4665313,-1.6442018,-1.6043067,-1.491258,-1.3699489,-1.5026666,-1.3732334,-1.1342088,-1.0541108,-0.98321575,-0.9302553,-0.8684044,-0.84402704,-0.8439721,-0.79878086,-0.80346346,-0.8617037,-1.0413874,-1.2790458,-1.4093486,-1.4865149,-1.5133845,-1.4923682,-1.4926296,-1.444325,-1.3500807,-1.144854,-0.73536694,-0.35076678,-0.060231537,-0.056409538,-0.14613447,-0.28123465,-0.4089468,-0.48944083,-0.28627345,0.106623605,0.5269467,0.5189064,0.30012035,0.032725044,-0.3079698,-0.8092689,-1.271774,-1.7226562,-2.360416,-2.117757,-0.71582246,-0.083486214,-0.39278552,-0.6748357,-1.0527182,-1.545888,-2.0022998,-2.099625,-1.8448541,-1.7108011,-1.9265163,-2.0219023,-1.9340929,-1.681983,-1.4856763,-1.0134602,-0.6560801,-0.8489172,-1.3728042,-1.7251459,-2.2676291,-2.7817588,-2.8129568,-2.806303,-2.8101027,-2.7754912,-2.7101893,-2.5909624,-2.5378454,-2.469011,-2.1519294,-1.7843874,-0.7834852,-0.28831458,-0.64824426,-0.6638136,-0.6773272,-0.75256693,-1.0314955,-1.4651524,-1.847742,-1.7019007,-1.3759685,-1.4304605,-1.5903313,-1.737781,-1.8013654,-1.7932134,-1.7084957,-1.5764554,-1.2696041,-0.9798171,-0.8189539,-0.79030204,-1.0119283,-1.3645247,-1.6141759,-1.6219344,-1.3296605,-0.9041989,-0.8055209,-0.97697735,-1.3278718,-1.7011132,-1.6828537,-1.6213998,-1.7625194,-2.0402563,-2.0340776,-1.6874521,-1.6857879,-1.8164656,-1.6931653,-1.6218524,-1.6679695,-1.7357554,-1.8404363,-1.9063971,-1.9147003,-1.9328322,-1.9242762,-1.9484363,-1.9829695,-1.9994581,-2.0257874,-2.0619493,-2.0905952,-2.0718868,-2.0618792,-1.9982535,-2.0120754,-2.0491405,-2.1063159,-2.1408622,-2.1658103,-2.138465,-2.222567,-2.1173334,-2.0333312,-1.9896628,-1.9852705,-1.979564,-1.8862939,-1.8077164,-1.9374342,-1.8356352,-1.6630337,-1.599818,-1.5486896,-1.5286415,-1.411931,-1.3959055,-1.4921432,-1.4502268,-0.25591624,-0.2558568,-0.25584692
-1.7564988,-1.7756205,-1.8216486,-1.9274179,-1.9076012,-2.7774956,-2.7777832,-1.7313142,-1.6156673,-1.6467023,-1.6355479,-1.5693295,-1.4653718,-1.3852043,-1.0720121,-0.83536994,-0.42279792,0.3248451,0.731073,0.8512983,0.45885968,-0.23225142,-0.46421495,-0.4044377,0.013170507,0.48261434,0.62597585,0.5721908,0.34906057,0.092105255,-0.16408336,-0.34886628,-0.4512503,-0.5518334,-0.6650716,-0.50888014,-0.64613086,-1.0488758,-1.3953567,-1.533437,-1.4855609,-1.2731948,-1.5210798,-1.6372877,-1.1902647,-0.4741326,-0.2091356,-0.30752593,-0.4859336,-0.3334738,-0.09535022,0.052625656,0.150782,0.22777271,0.23035109,0.28037706,0.35367996,0.6235119,0.92443115,1.0311031,1.0936,1.0493855,0.92640233,0.7911327,0.60587174,0.40311304,0.16303387,-0.17418778,-0.45709535,-0.76424927,-0.72241384,-0.44970834,-0.23204195,-0.086164124,0.13951308,0.3466786,0.12608054,-0.1939659,-0.28676385,-0.3121135,-0.3848971,-0.39332068,-0.037718512,0.4910994,0.8564927,0.70438623,-0.07252191,-0.75818,-0.08040892,0.730634,2.3506355,3.7604778,4.2418113,4.0741105,2.6670527,1.1017992,-0.379484,-0.83944654,-0.83388156,-0.6309581,-0.6946689,-0.9035895,-0.8864263,-0.7308789,-0.2784924,0.22532685,1.1831822,2.4580348,3.5820167,3.7736979,3.8350053,3.7533455,3.7385948,3.5464785,3.4294937,3.5087197,3.634543,3.6712358,3.4150932,1.7706313,0.6946212,0.36820966,0.05900624,0.0070705097,-0.32027042,-1.0843946,-1.673006,-2.2190247,-2.5173917,-2.338802,-2.288683,-2.070721,-1.6560585,-1.0154163,-0.82667196,-0.7314904,-0.7060275,-0.69684285,-0.6894303,-0.7528024,-0.94433224,-1.0571419,-0.82062846,-0.7851168,-0.8577753,-1.0568491,-1.5580947,-1.7917424,-1.6689029,-1.5515156,-1.8728166,-2.2796836,-2.2643492,-2.186845,-2.1493058,-2.2496881,-2.211144,-1.7346331,-0.94966125,-0.7820612,-0.6382603,-0.43847093,-0.17134301,-0.034039155,-0.013552517,0.0063287467,-0.036204323,0.0015825927,0.04625003,0.0437216,0.027293086,-0.012695357,-0.08332135,-0.14927137,-0.24240014,-0.29802918,-0.32309183,-0.32506043,-0.32548535,-0.41823187,-0.5287609,-0.60373753,-0.6729097,-0.64291894,-0.81320405,-0.87417513,-0.8438033,-0.7957194,-0.8453678,-0.95133823,-1.0724792,-0.99767745,-1.1214039,-1.4138356,-1.5509219,-1.7371409,-1.9207689,-1.9425209,-1.965964,-2.0446756,-2.0880263,-2.7778788,-2.777973,-2.7780719
-5.8107243,-5.7512617,-5.7709823,-5.7110863,-5.7812047,-3.4846666,-3.4841843,-5.414378,-5.3305097,-5.011838,-5.0471277,-5.1592703,-5.001973,-4.6662893,-4.32873,-4.1262355,-3.9228346,-3.9422271,-3.974239,-4.24308,-4.540309,-4.821175,-4.999671,-5.0540104,-4.8989916,-4.330365,-3.9699621,-3.8550048,-3.9022655,-3.8611233,-4.001111,-4.0396185,-3.880363,-3.3835053,-2.7773285,-2.4444861,-2.8530474,-3.248551,-3.1682467,-3.3367186,-2.986256,-2.712521,-2.433342,-2.2549193,-1.426548,-1.047506,-1.1182582,-1.4647118,-2.427645,-2.8170018,-2.851275,-2.7999814,-2.734233,-2.699239,-2.674817,-2.6639996,-2.6408916,-2.6843073,-2.7624452,-2.8161364,-2.8032782,-2.8007357,-2.8062146,-2.7788396,-2.7077146,-2.555927,-2.3066385,-1.8248826,-1.3298893,-0.78338367,-0.5875782,-0.5859325,-0.92774206,-1.2140981,-1.4675801,-1.6373273,-2.0263658,-2.5422964,-3.0700908,-3.061578,-2.8062198,-2.5678933,-2.5333014,-2.78434,-3.0307784,-2.9487424,-2.7880473,-3.310497,-3.6117573,-3.6232276,-3.8888593,-4.4129114,-4.7369604,-4.8245687,-4.679216,-4.9175525,-5.1887913,-5.4787135,-5.613495,-5.580043,-5.548087,-5.5083294,-5.051401,-4.6399393,-4.3836684,-4.1163807,-3.2864625,-3.2746525,-3.421487,-3.4824,-3.5337758,-3.543356,-3.581007,-3.5950217,-3.6652794,-3.759258,-3.8912945,-4.131941,-4.181688,-4.0234065,-4.049566,-4.26763,-4.4923244,-4.599815,-4.776392,-5.0682793,-5.240298,-5.2319117,-4.86091,-4.6219983,-4.677631,-4.742871,-4.789522,-4.663596,-4.630357,-4.5614104,-4.526235,-4.414409,-4.1134057,-3.6950502,-3.6734872,-3.6106687,-3.3363047,-2.9815345,-2.8617837,-3.3478537,-3.9563837,-4.1640234,-4.1097984,-3.887114,-3.563126,-3.0810723,-2.8252835,-2.6645923,-2.5431385,-2.5657616,-2.3273122,-1.8288772,-1.7343688,-2.0231695,-2.831595,-3.4777336,-3.607244,-3.6205845,-3.646553,-3.6082397,-3.6402225,-3.6054153,-3.6025834,-3.6077487,-3.583942,-3.5834136,-3.5811327,-3.5616655,-3.522964,-3.527141,-3.520338,-3.5675473,-3.6175556,-3.6823368,-3.7561383,-3.8099165,-3.963222,-4.035518,-4.019241,-4.0476103,-4.1260233,-4.1877966,-4.164581,-4.234943,-4.287546,-4.356862,-4.322667,-4.160016,-4.0992937,-4.1686087,-4.0966363,-4.0928,-4.2242007,-4.247249,-4.189596,-3.4837,-3.4836717,-3.4837255
0.4880177,0.46998534,0.5734243,0.75759447,0.7679254,-1.6086346,-1.608647,0.6151707,0.5352356,0.15414539,0.24508637,0.4429919,1.301402,1.8505521,1.5665627,1.4381051,1.2042167,0.12893811,-0.28301919,-0.10019344,0.2188125,0.5368978,0.20010823,-0.2721283,-0.8365474,-0.9646179,-0.8266643,-0.7408574,-0.6800553,-0.58684933,-0.54653597,-0.6119627,-0.8534705,-1.2746974,-1.6788037,-2.1086364,-2.52079,-2.250126,-0.39419383,0.72204554,0.9015311,0.79390883,0.8595132,0.85074764,0.6690093,0.5481311,0.6135217,0.6962162,0.62130594,0.42571327,0.16817261,0.000968948,-0.11924723,-0.119148165,-0.052763075,-0.021991365,0.041693933,0.12811816,0.24961746,0.2750332,0.2919504,0.30896717,0.30917308,0.29254657,0.20478913,0.021398082,-0.30542526,-1.0148761,-1.3500915,-1.3328278,-1.1158714,-0.82749975,-0.42612475,-0.25306493,-0.08472034,0.34626076,0.6432631,0.725365,0.286076,-0.10910496,-0.42241818,-0.8218421,-1.2989216,-1.6154325,-1.5233276,-0.6242047,0.15381426,0.44695067,-0.2838738,-0.55874616,-0.8756935,-0.892804,-0.750978,-0.36093867,0.14263117,0.32953572,0.49459302,0.6047498,0.4422009,0.32572812,0.12548625,-0.097628206,-0.16470994,-0.347921,-0.58909255,-1.2462568,-1.0709237,-0.90223306,-0.9333692,-0.8062085,-0.7535757,-0.74611485,-0.72620636,-0.7405276,-0.8387004,-0.9535247,-0.95297086,-0.8395867,-0.35740173,0.5076278,0.55723846,0.61542165,0.7089497,0.87227786,1.8205416,4.568757,8.020975,9.71145,10.622207,11.145613,11.240562,11.275242,11.09797,10.644977,10.406696,10.368356,10.369644,10.296775,9.6565895,8.386361,6.9703884,3.9184585,0.77613074,-0.6936653,-1.2932475,-1.7636511,-1.7891424,-1.0337929,-0.50083494,-0.2446869,0.14255793,0.6354892,0.6469045,0.5747319,0.59560275,0.8400538,1.0942743,1.1921661,1.1368406,0.8896166,0.43498352,-0.0435223,-0.45603687,-0.7633512,-0.92369485,-0.9980416,-1.0173624,-0.99765337,-0.9874073,-0.9636766,-0.972414,-0.9844208,-0.99543965,-0.9995091,-0.9768101,-0.9587889,-0.9753599,-1.0423303,-1.1115798,-1.1382632,-1.1467745,-1.066451,-1.2110782,-1.2067034,-1.0746665,-1.089527,-1.1621268,-1.0927818,-0.99706084,-1.0667198,-1.1589786,-1.0916328,-1.1230941,-1.1580559,-1.0976763,-0.96434635,-0.96707755,-1.0524551,-1.2174997,-1.1974883,-1.126907,-1.6089712,-1.608941,-1.6088259
-1.5108129,-1.6459006,-1.9179444,-2.2936974,-2.293764,-1.2757173,-1.2755983,-2.2757,-2.1540275,-1.9052076,-1.6838789,-1.3543761,-0.8537436,-0.7115302,-0.563659,-0.5862981,-0.43478075,0.6941551,2.119767,3.5675712,4.358221,4.9069963,5.4767027,6.1460724,7.220299,8.767404,9.732668,10.335435,10.617893,10.9428215,10.924719,11.07619,11.485022,11.755164,11.109788,9.147315,5.9038334,2.4044895,-0.33269888,-0.8734758,-0.5442133,-0.11181229,-0.042729437,0.037685156,0.5815244,1.1849016,1.363435,1.411214,2.004928,2.6991456,3.2122102,3.4281328,3.4767885,3.5263233,3.4975433,3.3841653,3.1064732,2.7987437,2.6554651,2.69803,2.6883962,2.65208,2.5562282,2.386276,2.084671,1.6718457,1.1280164,0.5083079,0.15718102,-0.049316585,-0.0008478761,0.1300376,0.20557022,0.39231747,0.6079918,0.42271888,0.21885443,0.12316689,0.43078858,0.8935674,1.3553503,1.882088,2.5682673,3.134533,3.4556317,3.0737422,1.7179337,-0.3936334,-0.69747645,-1.1557059,-1.0276034,-0.4833293,-0.025226701,0.09754999,-0.66175866,-1.5131252,-1.7875588,-1.7025874,-1.56546,-1.4838115,-1.5993266,-1.6133676,-1.2854675,-0.99467945,-0.6136115,0.19033596,0.98975754,2.2552793,3.2027533,3.251659,3.190054,3.1255693,3.0276895,2.9039462,2.8030808,2.7633467,2.566886,1.9988447,1.1082505,-0.53713816,-1.2048234,-1.2945212,-1.4026444,-1.4668393,-1.8333741,-2.477241,-2.1068397,-1.5620784,-1.1324122,0.00014799833,0.5765426,1.2479792,2.4741163,4.504944,5.196406,5.5066047,5.5880375,5.9663877,7.5930405,9.08839,9.908499,11.201506,11.90851,11.436718,9.952347,8.184868,4.632724,1.5725555,0.2672112,-0.5246974,-0.8550306,-0.41524822,0.0075537562,0.2645327,0.63355815,0.66157275,0.7217673,1.2161366,2.25067,2.72348,3.4387155,3.9747782,4.2496433,4.119075,3.797977,3.6449134,3.4443703,3.4450579,3.4430118,3.3539157,3.2330322,3.0404706,2.8293347,2.5992584,2.2660682,1.9789773,1.5944505,1.330898,1.1740439,1.0424224,0.8368681,0.7148202,0.5926025,0.7185885,0.3561266,0.19433282,0.20002462,0.3170202,0.38075173,0.291145,0.32962936,0.5786488,0.5666175,0.40203977,0.27940845,0.16216534,0.012695387,0.050137773,0.06184788,-0.32579556,-0.40348637,-1.2752545,-1.2752895,-1.2753869
-1.8282923,-1.8118656,-1.9405464,-2.114631,-2.1524148,-0.9727993,-0.97267467,-1.7971294,-1.6803472,-1.541347,-1.7008231,-1.7999115,-1.9012473,-2.0012748,-1.7202016,-1.6118417,-1.4112226,-1.5179672,-1.4315797,-1.1501417,-0.9772432,-1.0123215,-1.0298713,-0.99686897,-0.8424494,-0.52440566,-0.36022654,-0.415171,-0.5467533,-0.6947875,-0.91807306,-1.1124282,-1.2885664,-1.4027063,-1.4628503,-1.4346013,-1.5920823,-2.0051723,-2.4566083,-2.3524694,-1.5237408,-1.2810671,-0.9441995,-0.6243155,0.4315042,0.4411106,-0.09582326,-0.6212344,-1.2539935,-1.330521,-1.1600134,-1.0304457,-0.9826515,-0.94181603,-0.8844686,-0.83462405,-0.82924604,-0.88560915,-1.0062976,-1.0863338,-1.1429979,-1.1981909,-1.2537932,-1.3403201,-1.3765135,-1.3031626,-1.0612311,-0.5831318,-0.23090822,0.04334825,0.17267528,0.18306497,-0.10502599,-0.41723013,-0.6133723,-0.50721633,-0.5070427,-0.6778809,-1.0594467,-1.3055524,-1.5186269,-1.7452888,-1.9099545,-1.9688368,-2.0739846,-2.0246303,-2.183372,-2.1894178,-1.7705495,-2.3169155,-2.838048,-2.9359696,-2.969488,-2.985801,-2.9709992,-2.9503856,-2.6444461,-2.665473,-2.4415119,-2.1124897,-2.0328054,-2.2084992,-1.8594319,-1.4328512,-0.78000283,-0.14048213,0.35426378,0.33310866,-0.00032778084,-0.14113045,-0.19063768,-0.204543,-0.24435937,-0.18323618,-0.14742774,-0.2540551,-0.40041292,-0.67861646,-1.1982228,-1.5553241,-1.3637483,-1.3854921,-1.5368235,-1.6359798,-1.8636402,-2.4394991,-3.0434043,-3.1351974,-2.7382398,-2.1856008,-2.1040273,-2.0798986,-1.986347,-1.7422367,-1.6923234,-1.6673384,-1.6513066,-1.5484532,-1.2950165,-1.0256644,-1.0315969,-1.0002971,-1.1222233,-1.2442198,-1.342176,-1.4976372,-1.8826404,-2.2436266,-2.507504,-2.664311,-2.5249367,-1.8909788,-1.3545263,-1.1794813,-1.0104765,-0.9945837,-0.6414607,-0.26959935,-0.59175444,-1.0010421,-1.4068762,-1.5991057,-1.4687542,-1.4089673,-1.4250356,-1.4178423,-1.4227054,-1.3951697,-1.403115,-1.4073867,-1.4036814,-1.4230576,-1.4343185,-1.4231976,-1.4118241,-1.417582,-1.3860893,-1.3991715,-1.3773928,-1.410429,-1.465823,-1.5671841,-1.5555772,-1.5624297,-1.6994188,-1.6952795,-1.7915608,-1.8149903,-1.8175383,-1.8143613,-1.6947165,-1.6464334,-1.5072844,-1.407194,-1.3459196,-1.3959727,-1.3423783,-1.2784278,-1.089762,-1.0512328,-1.0212576,-0.97246873,-0.97244817,-0.97249174
0.8533908,0.98610955,0.8973388,0.81843984,0.7672092,0.3856209,0.3855197,0.32462588,0.38847852,0.35281208,0.7401646,1.2867497,2.2193058,2.8762765,3.595411,4.3967905,5.3636446,7.4635153,8.563061,9.089072,9.236132,8.700672,7.9061937,7.4525356,6.926221,6.806696,6.6248083,6.311144,5.9804487,5.5797696,5.457032,5.1191363,4.453672,3.3300362,2.1689837,1.5477152,1.6793551,0.7617023,-0.009222195,0.16633312,-0.27016968,0.041766748,0.17450036,0.24096501,-0.23682378,-0.9203127,-1.2029989,-1.1655488,-0.24809082,0.5176786,0.63721263,0.5860892,0.5662916,0.50582236,0.3633531,0.2870089,0.23948374,0.3589157,0.51276934,0.5823243,0.6631201,0.6744941,0.68403983,0.83953136,1.0234051,1.2709632,1.5099591,1.6480037,1.3686234,0.759983,0.24538106,-0.3878265,-0.5609802,-0.32038742,0.0646016,-0.24533519,-0.42202324,-0.13434324,0.8643832,1.5706954,1.9430127,1.9004389,1.8988534,2.160884,2.270812,1.7775887,1.5562284,2.3494492,4.839407,7.941889,9.99738,10.841651,11.143363,10.968636,9.982378,9.103026,7.850664,7.106826,6.4207745,5.8137355,5.748659,4.685671,2.650756,1.4301953,1.0759317,1.0080181,0.7181648,1.080874,1.658137,1.8089862,1.8216163,1.7878883,1.7502801,1.7140546,1.7570741,1.9562242,2.106031,2.182028,2.0374718,1.5668352,1.6063001,2.1670914,1.9299496,1.7197711,1.3250009,0.6398167,0.6263178,1.0533619,1.1287243,1.5381225,1.7791896,1.9643593,2.1201103,2.383522,2.3838105,2.239222,2.1842592,2.131576,1.605082,0.72804964,0.5888556,1.1280837,1.7464197,1.5572542,1.172093,1.4947612,0.8166366,-0.38955545,-0.83912814,-0.49675578,-0.1340803,-0.2721779,-0.23747186,-0.059111856,0.117778964,-0.07239421,-0.70613265,-0.8900883,-0.9764823,-0.90898293,-0.2726338,0.74756134,0.9745524,1.2825983,1.5765452,1.8136163,1.8127549,1.8586807,1.9493153,2.0684588,2.102584,2.222039,2.3014057,2.4318652,2.549797,2.5193112,2.3870533,2.2820702,2.1406312,2.0182676,1.9641309,2.0389457,2.194776,2.3059547,1.9515897,1.7828813,1.8673625,1.8891864,1.8545797,1.7440119,1.6247417,1.7812622,1.700593,1.7320583,1.524298,1.257672,0.9086317,0.6848518,0.2891653,-0.16672382,-0.20359637,0.3854532,0.38541335,0.3853437
-1.5620534,-1.4947588,-1.5513451,-1.399845,-1.4803771,-1.3140831,-1.3139038,-0.9672215,-0.94960403,-0.8414893,-0.9126702,-1.0250067,-0.58019775,-0.35654044,-0.20693798,-0.31618127,-0.6101263,-1.1675963,-1.3247879,-1.7854214,-2.0948653,-2.056896,-1.8477545,-1.7825766,-1.8348541,-1.5561254,-1.2492845,-1.2179409,-1.349772,-1.3603082,-1.3265399,-1.2385151,-1.0788844,-0.6795629,-0.13040808,0.115257196,0.3835275,0.97761637,0.94237816,0.8487597,1.4409503,1.2441505,1.077335,0.84342873,0.013420612,-0.62182844,-0.6988858,-0.4081922,0.041524336,-0.28199887,-0.823473,-1.090213,-1.2040048,-1.262097,-1.3201804,-1.3765242,-1.4060915,-1.5067289,-1.5743848,-1.5892237,-1.5579506,-1.5214424,-1.4102478,-1.2764562,-1.1576598,-1.0964179,-1.1783258,-1.5066793,-1.7172093,-1.8754307,-2.0191126,-2.0469406,-2.0639672,-2.1579657,-2.2453475,-2.0053585,-1.5680778,-1.1635165,-1.2899556,-1.6106528,-1.8113136,-1.7285982,-1.6576104,-1.7695031,-1.7083833,-1.2750089,-1.4661319,-0.7531513,-0.51846135,-0.8726083,-1.4920189,-1.7824087,-2.0039434,-1.9297378,-1.0930128,-0.5088332,-0.30891907,-0.5487926,-0.5659336,-0.53246236,-0.34355846,0.15217453,0.7730149,1.2152716,1.2071266,1.2092924,0.90439934,0.086231194,-0.8315896,-1.131338,-1.2916727,-1.3751212,-1.4103858,-1.4348304,-1.4864693,-1.6037349,-1.7183211,-1.757584,-1.690521,-1.1356988,-1.2742245,-1.6188943,-1.5022626,-1.4604776,-1.3285785,-1.5867155,-2.3670058,-2.3311543,-1.72246,-1.1505449,-1.1180124,-1.0402559,-1.0040917,-1.1269599,-1.1988195,-1.2375553,-1.2835327,-1.294868,-1.2656145,-1.1970856,-1.1939129,-1.0371058,-0.75957763,-0.21930146,0.44353974,0.8051907,1.5682433,1.9303699,1.7618018,1.3727863,1.3192925,1.4174579,1.3152405,1.1874975,0.72255343,0.55929136,0.4462981,0.03232415,-0.60690117,-0.4775982,-0.21518166,-0.3487863,-1.040358,-1.4414141,-1.5412292,-1.5679306,-1.5794348,-1.5850384,-1.6132022,-1.6397688,-1.6538974,-1.6473862,-1.6359321,-1.6261203,-1.559999,-1.5388095,-1.5153285,-1.5657201,-1.702919,-1.78964,-1.8197833,-1.9304621,-1.8632017,-1.8603122,-1.7403098,-1.7673014,-1.8279588,-1.88408,-1.8813381,-1.9386234,-1.9205319,-2.0252512,-1.9858395,-1.9027599,-1.8733077,-1.8450129,-1.888685,-1.9027362,-2.3082287,-2.6229365,-2.553133,-1.3140566,-1.3140116,-1.3138638
-1.7398021,-1.6586261,-1.4471004,-1.0049487,-0.8979346,-2.1649022,-2.1649883,-0.6937531,-0.80150974,-1.0781137,-1.1868103,-1.2202518,-0.86509746,-0.7790948,-0.87804353,-1.0069637,-1.2865794,-1.9379858,-2.223105,-2.2327645,-2.022548,-1.6901367,-1.305403,-1.1626346,-1.4122183,-1.2391675,-0.86610913,-0.70981586,-0.7733356,-0.7621504,-0.7321427,-0.755962,-0.74149936,-0.5390494,-0.198407,0.36978203,1.4776256,4.0053377,9.598646,11.743172,12.183648,12.272434,12.290094,12.234688,11.853136,10.843004,9.757804,8.657764,5.737408,2.6652446,0.9800173,0.26913702,-0.07575554,-0.24367231,-0.37699774,-0.46637008,-0.53933716,-0.7788079,-1.0847329,-1.1985612,-1.2537116,-1.245686,-1.2020828,-1.2090108,-1.246815,-1.3908324,-1.7021241,-2.3094044,-2.6336043,-2.7103896,-2.564268,-2.1657321,-1.6457049,-1.3499115,-1.235241,-1.0911219,-0.9154851,-0.8382765,-0.8646182,-0.88354915,-0.8470167,-0.89489627,-1.3273907,-1.9285647,-2.3689232,-2.4350734,-1.8274634,-1.882657,-2.6211607,-2.864419,-2.7768278,-2.5908675,-2.468533,-2.1661618,-1.5760264,-1.284151,-1.4847279,-1.6714387,-1.7399106,-1.9186866,-2.033722,-1.6636182,-1.1929746,-1.0600069,-1.2881355,-1.6008699,-1.1581589,-1.5305617,-2.129222,-2.3610125,-2.4741144,-2.511426,-2.5115037,-2.5358438,-2.6240962,-2.760238,-2.8147538,-2.9540913,-2.9198654,-2.2564676,-2.3407912,-2.6789248,-2.69534,-2.6595771,-2.2804294,-1.1809657,-0.48188865,-1.234349,-1.4401104,-1.5754867,-1.5565134,-1.4454288,-1.4326314,-1.354103,-1.3647056,-1.2350783,-1.2486658,-1.1291964,-0.5032049,0.11402416,0.065204024,-0.18053943,-0.39519244,-0.116646886,0.51290524,1.2347391,3.7326846,6.256997,8.057276,9.672149,10.862138,11.622555,11.8228655,11.833778,11.650187,11.557455,11.393644,10.910926,9.747493,8.522082,6.0382743,2.2329738,-0.24926504,-1.3506451,-1.6567156,-1.8118733,-1.8154125,-1.8346794,-1.8580961,-1.9226379,-1.9432476,-2.001402,-2.0530155,-2.1626363,-2.2458181,-2.293635,-2.2889075,-2.2589064,-2.2605743,-2.1568844,-2.0786746,-1.9185295,-1.8980201,-2.00456,-1.8818227,-1.84791,-1.7806201,-1.7141681,-1.7628603,-1.8028028,-1.8077911,-1.9002,-1.8627198,-1.7231588,-1.7679986,-1.6511184,-1.8101461,-1.8459277,-2.1430442,-2.4131482,-2.4086614,-2.1652107,-2.1651926,-2.165081
-1.3006575,-1.2117829,-1.1113207,-0.8772471,-0.8876605,-1.4388249,-1.4384563,-0.97589684,-0.9959475,-0.920219,-0.89202744,-1.0333169,-0.9670793,-0.59157276,-0.31012774,-0.061371744,0.113918155,-0.19553855,-0.5629507,-0.9657992,-1.2745035,-1.5124998,-1.7048478,-1.8842329,-2.1264486,-2.0296545,-1.7514136,-1.5221807,-1.3850235,-1.2134486,-1.0861146,-1.0044494,-0.9812033,-0.97624373,-0.9448823,-1.0335013,-1.1541092,-0.641988,0.6679209,0.6028871,0.21566796,-0.2897882,-0.48736945,-0.64626026,-0.8329532,-0.81273174,-0.81382555,-0.87956357,-1.4729798,-1.8161379,-1.8502524,-1.802254,-1.7816849,-1.7873342,-1.7272135,-1.6874478,-1.6432295,-1.7281394,-1.8278267,-1.8398709,-1.8190037,-1.7809919,-1.7104101,-1.6246896,-1.5504633,-1.5356925,-1.6480403,-1.9637953,-2.0537195,-1.8364692,-1.6368549,-1.3483164,-1.0808797,-0.96742046,-1.031133,-0.9781698,-0.9445743,-1.0126739,-1.3254502,-1.455833,-1.4722021,-1.4636422,-1.6071917,-1.9551587,-2.1948552,-2.1430645,-1.2316628,-1.0091121,-2.0919955,-2.8092566,-3.293141,-3.644094,-3.6676786,-3.37992,-2.571752,-2.2790613,-2.4327579,-2.4858506,-2.5663748,-2.6674008,-2.6043673,-2.058707,-1.455524,-1.024505,-1.0741175,-1.5430036,-1.8768847,-2.3038912,-2.8745883,-2.963317,-2.9632325,-2.9321413,-2.9130368,-2.8932083,-2.925828,-3.009321,-3.073237,-3.1485577,-2.8715272,-1.9176748,-1.74745,-1.9748552,-2.1716976,-2.293904,-2.214779,-1.6564293,-0.984117,-0.943778,-0.4524605,-0.4341204,-0.107709095,-0.018386528,-0.26642734,-0.73824847,-0.8969083,-0.9696743,-1.0487045,-0.9651482,-0.7408664,-0.48066685,-0.5230458,-0.7396897,-1.0790192,-1.102819,-1.2360824,-1.6671053,-1.6453559,-0.95766497,-0.4211154,-0.145625,-0.13013932,0.026015177,-0.24957128,-0.59436584,-0.94687,-1.0011513,-0.89176285,-0.84200764,-0.8846901,-0.87765634,-1.3939731,-2.2513404,-2.5917602,-2.6968946,-2.773779,-2.8020926,-2.798085,-2.747342,-2.754583,-2.758354,-2.7444654,-2.7536116,-2.7286825,-2.7415915,-2.7623687,-2.814814,-2.8173742,-2.7992887,-2.7652197,-2.6596751,-2.5880847,-2.4592,-2.384997,-2.419426,-2.4560094,-2.460568,-2.5156696,-2.5143018,-2.4686246,-2.5187063,-2.4929848,-2.507481,-2.4660249,-2.3720245,-2.3641088,-2.266841,-2.1704192,-2.1344068,-1.9899788,-1.9134083,-1.9606826,-1.438318,-1.4382681,-1.438188
4.4227285,4.835923,4.6500425,4.8669186,4.5317516,0.5008122,0.50073326,5.8246827,6.4815083,8.183366,9.38108,9.650284,10.585781,10.907458,10.9110775,10.676931,10.30271,9.175581,7.081313,4.3533745,1.8162949,0.06769614,-0.653359,-0.9279025,-1.0492117,-0.812599,-0.41557172,-0.33592403,-0.4394978,-0.45936835,-0.373317,-0.27954873,-0.33062187,-0.4484837,-0.39590737,0.10355073,0.8922276,1.4233029,0.6967289,0.34858125,0.056981027,-0.670693,-0.7653272,-0.87384564,-1.1915175,-1.296616,-1.0971947,-0.7573981,-0.5520356,-0.39526388,-0.2870381,-0.19985119,-0.18939781,-0.1619983,-0.07499101,-0.021927774,0.0760593,0.08860703,0.09176502,0.03895566,0.023373349,0.06181872,0.18936314,0.33528033,0.44913477,0.45087805,0.3300344,0.022496618,0.01551196,0.22272432,0.28536353,0.3033297,0.5037758,0.5427593,0.48715764,0.56860703,0.87158334,1.2940385,1.3513095,1.1858969,0.9586415,0.7586788,0.47220466,0.23694634,-0.033884346,-0.44328868,-0.51400995,0.1777652,1.0604264,0.9910908,0.17423981,-0.45005703,-0.86837995,-0.96328497,-0.30038598,0.24126455,0.793694,0.91013265,0.85100293,0.817207,0.73521477,0.77030736,1.0223194,1.2712648,1.1265993,0.44660735,-0.23002201,-1.0100826,-1.9176568,-2.0308452,-2.0284543,-2.0165102,-1.9744259,-1.8807447,-1.765949,-1.7460935,-1.7489933,-1.5369203,-0.98949766,0.15713324,0.28486103,0.07807941,0.13440129,0.09669292,0.15844102,-0.10478324,-1.1643618,-0.5757403,0.34975442,0.8557867,0.62095606,0.1912679,-0.41934603,-1.1067379,-1.271095,-1.2354014,-1.1481177,-0.973836,-1.201333,-1.1390065,-1.0038583,-0.92368865,-1.1021192,-1.10189,-0.770918,-0.36216944,0.2690611,0.59947115,0.3355344,-0.34899437,-0.6779021,-0.33632398,-0.37297443,-0.95766234,-1.6260575,-1.6823514,-1.3478684,-1.3898835,-1.2004391,-0.7202171,-0.42405543,-0.59703565,-0.7278808,-0.7805882,-0.7872827,-0.7525864,-0.7530301,-0.74022806,-0.75396633,-0.7676165,-0.78436935,-0.78978145,-0.7675361,-0.78258544,-0.76392674,-0.7348373,-0.6372173,-0.6120116,-0.68318546,-0.79916304,-0.8708067,-0.9428873,-0.7779218,-0.758275,-0.76270527,-0.73403436,-0.81042206,-0.87754506,-0.8044192,-0.7206291,-0.6022863,-0.68721783,-0.5931225,-0.39952153,-0.36661887,-0.31444973,-0.15245213,0.03617826,0.2661159,0.27492237,0.19878024,0.5006144,0.5006879,0.500769
-1.3561311,-1.288362,-1.2073078,-1.2701242,-1.2124733,-0.88219106,-0.8823915,-1.2955751,-1.3843808,-1.292804,-1.1091017,-0.94531786,-0.85246146,-0.9965235,-1.1704762,-1.356216,-1.5110087,-1.4662217,-1.4818419,-1.4631985,-1.157031,-1.0858614,-0.9355312,-0.70208585,-0.38456056,-0.038389202,0.04322067,0.0075659156,-0.1061892,-0.27736697,-0.26541647,-0.23245975,-0.29279968,-0.393355,-0.35836437,-0.22601879,-0.09536341,0.045608252,-0.3159448,-1.1287954,-1.0579445,-0.6546843,-0.5457922,-0.42504984,0.53389823,1.4652989,2.0111344,2.1643436,1.7414724,1.1811078,0.90996003,0.73955333,0.60921925,0.48279437,0.38091674,0.26595184,0.10894592,-0.076034494,-0.17437042,-0.19883923,-0.2158755,-0.22681327,-0.2680009,-0.32009917,-0.38042763,-0.4159366,-0.48540407,-0.6720188,-0.8305546,-1.0667453,-1.2786026,-1.4254329,-1.5172617,-1.5104485,-1.4980421,-1.5913955,-1.6701365,-1.6920593,-1.5460596,-1.3371384,-1.1092055,-0.9047513,-0.55961764,-0.27873728,-0.14278385,-0.23167756,-1.479379,-3.0946932,-2.636807,-1.5607272,-0.5339949,-0.6769438,-0.9957033,-1.6239972,-2.7806537,-3.054574,-2.8985727,-2.731749,-2.530683,-2.462504,-2.3034055,-2.0001752,-1.8313048,-1.6558592,-1.4947158,-1.1454753,-1.3531178,-2.0210395,-2.2439067,-2.4151826,-2.5529904,-2.6327572,-2.7159443,-2.786323,-2.8280444,-2.8496,-2.856717,-2.8272405,-2.8019323,-2.7138038,-2.504497,-2.5045695,-2.5244646,-2.5434012,-2.7245057,-2.8227553,-2.8159037,-3.1143913,-3.1496692,-2.6115904,-2.4510345,-2.3614082,-2.2884595,-2.122392,-2.0030732,-1.9248447,-1.8511958,-1.5752144,-0.8038551,0.12881875,0.29536906,-0.1669819,-0.5883941,-0.9994619,-1.2643908,-1.3263782,-1.2904546,-0.9012676,-0.6363787,-0.51160187,-0.7402043,-0.96872777,-0.85605145,-0.5759819,-0.49603754,-0.57321376,-0.5122685,-0.1380478,0.5525884,0.8256364,0.6896533,0.38787162,0.3655874,0.2168412,0.12266828,0.05579389,0.022152819,-0.01740665,-0.041390635,-0.05714658,-0.09585008,-0.11482199,-0.1668797,-0.1970589,-0.2877759,-0.3795795,-0.4828928,-0.5535204,-0.63320696,-0.72671956,-0.8152632,-0.86688375,-0.85395557,-0.7476402,-0.9259503,-0.9691545,-0.8346149,-0.73180014,-0.7488201,-0.6665025,-0.5758771,-0.5037066,-0.4823619,-0.6476906,-0.7767493,-0.85870886,-0.8252697,-0.7563346,-0.6393164,-0.85686654,-0.91323125,-0.88245493,-0.8824865,-0.8825161
-2.791913,-2.7262301,-2.6952343,-2.611374,-2.7027392,-2.0239336,-2.023481,-2.515275,-2.429092,-2.1366122,-1.9844673,-1.8850944,-1.7149878,-1.5259856,-1.2643242,-1.003696,-0.872046,-1.4461435,-1.8927448,-2.3065062,-2.5078096,-2.7100425,-3.0552866,-3.2963743,-3.3575604,-3.1273756,-2.7966082,-2.5845478,-2.5277245,-2.3828826,-2.4110744,-2.336256,-2.1688,-1.904725,-1.743918,-1.9734881,-2.2804441,-2.5832963,-2.9721684,-2.6342084,-2.2008586,-2.1392548,-2.401745,-2.6656137,-2.9390733,-2.7431502,-2.489339,-2.265296,-1.8892895,-1.5250788,-1.3423622,-1.2338872,-1.1604812,-1.110723,-1.0535505,-0.9937166,-0.92737615,-0.9097308,-0.91111267,-0.90834475,-0.89791226,-0.90150326,-0.8663089,-0.83281875,-0.7954242,-0.7560494,-0.7651166,-0.828041,-0.7950961,-0.7799961,-0.80413353,-0.6244868,-0.5847994,-0.7438704,-0.9367547,-0.8461847,-0.7712887,-0.85844487,-1.263024,-1.6189276,-1.8949653,-2.0781329,-2.2303023,-2.3948545,-2.3648698,-1.8673382,-1.9827297,-1.6377491,-1.8825012,-1.9119513,-1.9817139,-2.2297497,-2.4893453,-2.4200096,-1.5699552,-0.96282876,-0.6489995,-1.0644678,-1.2209595,-1.1223389,-0.82212,-0.64021885,-0.52486706,-0.30738008,-0.34100145,-0.78138626,-1.2694486,-1.6321082,-1.7258399,-1.7222004,-1.7492421,-1.7782023,-1.7986994,-1.7991264,-1.8403919,-1.9553375,-2.0503976,-2.0833013,-1.931186,-1.310587,-1.1927571,-1.3349204,-1.3026824,-1.316947,-1.2486383,-1.9348011,-2.8768878,-2.788466,-2.52227,-2.4112306,-2.419834,-2.4556618,-2.3930287,-2.2865648,-2.3005624,-2.3547611,-2.452285,-2.6224613,-2.8926582,-3.049553,-3.03298,-2.696099,-2.3619673,-2.0553346,-1.9915986,-2.273746,-2.49943,-2.7032282,-2.914925,-3.0549698,-2.9649878,-2.598524,-2.3896947,-2.3377736,-2.4599016,-2.5598717,-2.5701735,-2.6217523,-2.7985775,-2.7796686,-2.5408664,-1.9742568,-1.6427197,-1.5061457,-1.5139167,-1.5343566,-1.5317547,-1.4520237,-1.4589851,-1.4550004,-1.45007,-1.4647892,-1.4628257,-1.4594785,-1.4362674,-1.4330802,-1.4134498,-1.4447567,-1.4719815,-1.5277638,-1.5814335,-1.7825196,-2.024126,-2.0400615,-1.9931947,-2.070858,-2.2798896,-2.4170737,-2.342638,-2.6025624,-2.6398427,-2.7009203,-2.7111058,-2.638327,-2.5832944,-2.6824145,-2.5740566,-2.547019,-2.5122042,-2.338984,-2.3162532,-2.023298,-2.0232177,-2.0231333
-0.6147807,-0.54693955,-0.50393254,-0.27229133,-0.24098006,0.4891679,0.48924738,-0.20801355,-0.11752761,0.109026566,0.52578676,0.42220497,-0.07403675,-0.80349904,-1.0826569,-1.2471783,-1.3399386,-1.0829699,-0.8790758,-0.93560636,-0.9897747,-0.7580571,-0.5411414,-0.4610833,-0.70271826,-0.7561632,-0.7879177,-0.90544754,-1.111114,-1.4513811,-1.5827197,-1.6579934,-1.6736871,-1.6149162,-1.2439283,-0.8052738,-0.53968966,-0.41802728,-0.44231197,-0.6929127,-0.81036127,-0.94592667,-1.0514417,-1.0263844,-0.87233937,-1.1358211,-1.3037028,-1.0867614,-0.06380257,0.50140905,0.598858,0.5737911,0.525896,0.43040136,0.42006794,0.32269794,0.18759674,-0.008135505,-0.087078005,-0.15656757,-0.1447393,-0.10553326,-0.028849728,0.08245465,0.22690672,0.3852067,0.6429632,0.9996593,0.9926076,0.7068015,0.40274984,-0.046220094,-0.42491245,-0.677593,-0.7166941,-0.5288755,-0.13465904,0.24310099,0.385796,0.34006232,0.30302408,0.19744125,0.30763847,0.6446614,0.9547712,0.3217296,-0.3328116,0.041325927,0.5802864,0.47468767,-0.115386315,-0.45504057,-0.5455777,-0.66412926,-0.84422886,-1.0251932,-1.0259364,-1.2706965,-1.4371899,-1.3797982,-1.0692967,-0.9326608,-0.8047552,-0.45406544,-0.3649938,-0.74030733,-1.8964452,-2.8758848,-2.543571,-2.1409183,-1.7897696,-1.6574799,-1.493398,-1.3219558,-1.0541795,-0.9421693,-0.91175854,-0.6924786,-0.9819751,-1.1180375,-0.6802959,-0.47814843,-0.43519893,-0.40610117,-0.47120908,-0.64994633,-0.41099775,-0.72118264,-1.2047416,-1.1511649,-1.286646,-1.3706002,-1.5558205,-1.665308,-1.6945572,-1.6444321,-1.5739208,-1.4729066,-1.5973463,-1.9349494,-2.2331543,-2.5906577,-2.254549,-1.9957474,-1.6875173,-1.1922946,-0.60198116,-0.6074867,-0.65363246,-0.5646435,-0.67401004,-1.2663877,-1.2527575,-1.2902396,-1.3198712,-1.3435097,-1.0516715,-0.7726464,-0.48236322,-0.21944807,0.29055774,0.89339215,0.91984826,0.8534313,0.8556716,0.9262625,0.82486546,0.8005505,0.8203515,0.8526647,0.82797956,0.8824176,0.9513531,1.0241535,1.0424433,0.988806,0.8213149,0.5877751,0.3011505,0.13209543,0.038027823,-0.11840296,-0.21631877,-0.11089518,-0.08175095,-0.22399414,-0.37138605,-0.39884815,-0.30082554,-0.34292075,-0.3516332,-0.33126777,-0.3227202,-0.54689515,-0.60199946,-0.64981806,-0.7138669,-0.63526434,-0.5823108,-0.79136413,-0.930783,0.488824,0.48882586,0.48900497
-3.302074,-3.2866254,-3.3828318,-3.486803,-3.5780048,-2.5882711,-2.5877638,-3.3465385,-3.319664,-3.0732453,-3.093986,-3.1778846,-2.8460708,-2.5072827,-2.3788261,-2.2427495,-2.1704836,-2.308833,-2.0940926,-2.2435594,-2.6284242,-2.9293742,-3.277975,-3.5292685,-3.4073246,-2.9506145,-2.6324875,-2.4084096,-2.324245,-2.1300268,-2.1748185,-2.1081905,-1.8810699,-1.4112666,-1.0071735,-1.1151116,-1.7074418,-2.2274318,-2.6727242,-2.5661821,-2.0708249,-1.9867947,-2.0928457,-2.3299868,-2.696379,-2.8722057,-3.1396165,-3.5142336,-4.0923862,-3.9244847,-3.661005,-3.4755576,-3.3337216,-3.2508955,-3.150279,-3.0625305,-2.9713302,-2.8994641,-2.841535,-2.826234,-2.7959023,-2.7778094,-2.7249866,-2.6304612,-2.4696748,-2.214127,-1.8921862,-1.4022217,-1.0082324,-0.59969306,-0.46922797,-0.47219336,-0.7452519,-1.0115077,-1.294524,-1.4258795,-1.6914417,-2.0748982,-2.5499847,-2.6146297,-2.4533646,-2.2473898,-2.1286798,-2.2282212,-2.14193,-1.3880122,-1.2835162,-1.5754976,-1.8810439,-1.6729243,-1.7864388,-2.2711296,-2.6657987,-2.7410946,-2.2190187,-2.1459405,-2.2320735,-2.6154268,-2.806179,-2.740858,-2.5987904,-2.5850031,-2.5176423,-2.3325076,-2.1659648,-2.1739872,-1.559887,-1.5938461,-1.7483033,-1.7719953,-1.7948828,-1.7960036,-1.8102808,-1.7906339,-1.8016655,-1.8296163,-1.9004874,-2.0679946,-2.0994687,-2.007758,-2.2669706,-2.5237398,-2.6397498,-2.6978915,-2.720991,-2.8938632,-3.1735451,-2.5577183,-1.6984274,-1.2574251,-1.4078006,-1.524045,-1.6712005,-1.8123113,-1.8573701,-1.9452679,-2.0109236,-2.089262,-2.0669503,-1.8349539,-1.7047873,-1.49492,-1.3811817,-1.1479454,-1.2483162,-1.9938126,-2.833547,-3.1986604,-3.3707,-3.3262334,-2.9123428,-2.4178216,-2.3156574,-2.2848814,-2.3734667,-2.496391,-2.82347,-2.9495523,-3.4000068,-3.7737603,-4.1309967,-4.0022697,-3.6708078,-3.4056747,-3.312713,-3.2370083,-3.2202792,-3.1437612,-3.147333,-3.1209002,-3.0972905,-3.0678425,-3.024047,-2.9740586,-2.9002645,-2.8752754,-2.8413343,-2.8945105,-2.9016154,-2.9507995,-2.9753296,-3.0542684,-3.113318,-3.1599326,-3.1617508,-3.134464,-3.2024326,-3.2676485,-3.2308936,-3.2467275,-3.2183285,-3.201038,-3.1384523,-2.9067423,-2.783812,-2.8087876,-2.7404094,-2.791903,-2.957603,-2.7820554,-2.604444,-2.5873034,-2.5872624,-2.5873036
-4.3816223,-4.3202205,-4.22542,-4.0732994,-4.021621,-4.916486,-4.916544,-3.8266783,-3.8151975,-3.7448742,-3.7935772,-3.8225825,-3.6495128,-3.5213037,-3.419705,-3.4019377,-3.2895126,-3.1494372,-3.1201022,-3.2648053,-3.563686,-4.0767136,-4.253927,-4.2105727,-4.101881,-3.8831236,-3.849248,-3.8525283,-3.8728313,-3.9005735,-3.9910488,-3.9723144,-3.7374048,-3.1684122,-2.5171108,-2.0874054,-2.1628773,-2.1985078,-1.8081017,-2.2309928,-2.032582,-1.6468618,-1.4919791,-1.3760598,-0.644545,-0.3748656,-0.5387764,-0.9871909,-2.093517,-2.6409893,-2.6379838,-2.5645106,-2.504138,-2.5181456,-2.53274,-2.5386643,-2.5472686,-2.5563276,-2.5105805,-2.5049462,-2.47724,-2.4721346,-2.505388,-2.54463,-2.5755699,-2.569099,-2.5130916,-2.364675,-2.2581778,-2.2120976,-2.1756878,-2.0469232,-2.0802455,-2.1616669,-2.2203012,-2.118362,-2.1560698,-2.3307536,-2.652115,-2.8177953,-2.8894649,-2.9182975,-2.9319596,-3.0135741,-3.169218,-3.3166652,-3.268877,-3.762488,-4.0868607,-3.8938217,-3.298881,-3.1377347,-3.1834016,-3.3902478,-3.766572,-4.156258,-4.4098067,-4.6796985,-4.6250563,-4.456614,-4.2553983,-4.090957,-3.621245,-3.142037,-2.7701874,-2.4418075,-1.8966793,-2.0651448,-2.1514204,-2.262516,-2.3429706,-2.4150746,-2.480875,-2.5404758,-2.6031766,-2.64068,-2.6433601,-2.5718772,-2.3769364,-1.9566468,-1.9789281,-2.39219,-2.726181,-2.895998,-3.2806735,-3.9150977,-4.1447945,-4.4099584,-4.5090714,-4.4344325,-4.3628893,-4.2761407,-4.236612,-4.0184164,-3.9341,-3.8265882,-3.7534795,-3.6011245,-3.1801972,-2.9423568,-3.2433128,-3.315196,-2.8226924,-2.6495295,-2.5684948,-2.7729964,-2.9124444,-2.7616112,-2.4823613,-2.0946815,-2.1471395,-2.3825588,-2.3279333,-2.1118913,-1.9385248,-2.0604897,-1.8610368,-1.4397404,-1.379354,-1.6191697,-2.2527843,-2.838211,-2.951969,-2.9855633,-3.0216153,-2.9826412,-3.0497088,-3.037681,-3.017256,-3.0138552,-3.0217762,-3.0325909,-3.031489,-3.0318608,-3.0736024,-3.1414514,-3.2282162,-3.3363705,-3.4246163,-3.5359852,-3.6502163,-3.7604036,-3.9817386,-3.9904845,-4.020064,-4.090787,-4.1728845,-4.1566505,-4.063217,-4.108935,-4.1738853,-4.141569,-4.174503,-4.286126,-4.281715,-4.3399835,-4.351022,-4.343791,-4.2995725,-4.2627296,-4.2564144,-4.9164777,-4.9164915,-4.916523
-2.4045424,-2.2637405,-2.2234757,-2.231545,-2.3179233,-1.5864234,-1.5864282,-2.2156813,-2.2120817,-2.0688827,-2.126462,-2.2962582,-2.5661974,-2.3403423,-2.1509998,-1.923877,-1.7267386,-2.073669,-2.1552668,-2.2032285,-2.354907,-2.4380612,-2.5701528,-2.7812562,-2.741929,-2.4908204,-2.472599,-2.4554446,-2.4630795,-2.3918009,-2.4690876,-2.4299314,-2.2285116,-1.7757609,-1.2627451,-1.1393781,-1.8644109,-2.286903,-2.2561386,-2.7409267,-2.876216,-3.2401648,-3.4534707,-3.5621748,-3.1294014,-2.5243134,-2.2379045,-2.2320726,-2.7313993,-2.797866,-2.6610873,-2.5478077,-2.4742196,-2.4020505,-2.3450541,-2.306466,-2.2312422,-2.1888046,-2.2015128,-2.2014108,-2.169717,-2.158702,-2.1372764,-2.0494583,-1.9277844,-1.7317978,-1.5044129,-1.2368084,-0.99144596,-0.64916897,-0.5600838,-0.7175753,-0.77668667,-0.6929688,-0.68123555,-0.7567172,-1.130472,-1.5859683,-2.0178626,-2.0317807,-1.8034587,-1.5867507,-1.5690057,-1.9005473,-2.280602,-2.3386652,-2.2433088,-2.9713326,-3.493801,-3.488204,-3.4021988,-3.5610218,-3.6800194,-3.7670681,-3.534426,-3.472027,-3.4756804,-3.3946202,-3.479187,-3.5067968,-3.6088834,-3.5937767,-3.2641406,-2.910489,-2.4651642,-1.8382914,-1.058085,-1.3793466,-1.8978295,-2.0273488,-2.0694914,-2.0359838,-2.0315404,-1.9982544,-2.0535083,-2.180009,-2.2837906,-2.485982,-2.460982,-2.2256231,-2.3181303,-2.622352,-2.9261096,-3.0538177,-3.2605329,-3.369252,-3.2717993,-3.085068,-2.6010594,-2.4227371,-2.3832223,-2.5324535,-2.712048,-2.8508039,-2.912459,-3.0088177,-3.0810246,-3.1819148,-2.9325786,-2.1283073,-1.7551713,-1.6097229,-1.5461786,-1.2417153,-1.2540549,-1.875555,-2.7045057,-2.880942,-2.7206452,-2.5756578,-2.5368776,-2.627697,-2.7480412,-3.0414605,-3.3777556,-3.4826622,-3.3037934,-2.8371873,-2.377734,-2.2877936,-2.6934137,-3.124488,-3.1189156,-3.0331059,-3.0141222,-2.985366,-2.9491687,-2.937615,-2.9554753,-2.9714804,-2.9182467,-2.901033,-2.8755033,-2.8646567,-2.8219209,-2.7821515,-2.7165556,-2.6451714,-2.5293534,-2.376849,-2.29542,-2.1167254,-1.9851649,-2.1545687,-2.1715298,-2.0580444,-1.9615796,-1.9962628,-2.0571525,-1.9433992,-1.8794556,-1.8989699,-1.7916824,-1.5069664,-1.4734955,-1.5005288,-1.5084347,-1.5381199,-1.7311943,-1.9167502,-1.8766577,-1.5863819,-1.586423,-1.5865042
-0.25640607,-0.35876474,-0.46444222,-0.6772183,-0.75076926,-0.7394179,-0.738992,-0.6817929,-0.6514265,-0.5273985,-0.28530622,-0.32550353,0.26399478,0.50735843,0.28309917,0.214383,-0.039216556,-0.6557221,-0.6220872,-0.57199436,-0.48124802,-0.505772,-1.0661793,-1.6125543,-1.9753698,-1.9795502,-1.7826564,-1.6092092,-1.5459509,-1.4462839,-1.4181569,-1.4046721,-1.4917314,-1.6532211,-1.8772054,-1.8834541,-1.1546652,-0.26659304,-0.5773389,-0.53946453,-0.6915649,-0.75505567,-0.7828485,-0.9283045,-1.4282758,-1.7049226,-1.8329012,-1.9115942,-1.787543,-1.5074471,-1.4238379,-1.4133956,-1.4195344,-1.416963,-1.4052212,-1.4306021,-1.4334352,-1.4254024,-1.3418872,-1.2969916,-1.2198887,-1.1511992,-1.0531831,-0.909406,-0.7422497,-0.5617487,-0.37772736,-0.24341209,-0.06266552,0.26705533,0.45039704,0.7868412,1.2274487,1.2973456,1.2059345,1.2992392,1.5278602,1.7843235,1.6357732,1.1499554,0.5411464,0.06803697,-0.04258026,0.4477101,1.7382503,5.8854046,9.508682,11.377792,11.204729,9.746881,7.1084566,4.4331145,2.6302605,1.8684235,1.7663856,1.3188899,1.0943731,0.75910306,0.6101906,0.71080637,0.6521133,0.27792156,0.11733279,0.0047938228,-0.16921395,-0.6753288,-0.8326185,-0.35850716,-0.058508337,0.14971656,0.26674116,0.31901747,0.41563234,0.47073612,0.48499498,0.47760442,0.5405887,0.73328424,1.3637143,1.8426516,1.5668666,1.8667428,2.541328,3.0580332,4.2144165,4.819412,3.2438872,2.9636993,2.9241228,2.668437,2.3172047,2.1806512,1.9891932,1.309206,1.0461202,0.86789316,0.8062534,0.56594086,-0.030100167,-0.22627386,-0.09737685,-0.4284736,-1.1926271,-1.438067,-1.5129253,-1.5000147,-0.73751634,-0.22741562,-0.573467,-1.007666,-0.8341406,-1.0452881,-1.3246362,-1.3600068,-1.4116029,-1.3000288,-1.3912547,-1.541151,-1.8244565,-1.9946516,-1.8854434,-1.4654411,-0.9686618,-0.6717713,-0.56556326,-0.51996607,-0.5006384,-0.48979643,-0.5201925,-0.4937931,-0.47455043,-0.39886713,-0.32381982,-0.19641526,-0.0004972606,0.16898829,0.27105397,0.25078365,0.11260163,-0.06515173,-0.14752333,-0.3570288,-0.5270118,-0.5113095,-0.26651365,-0.30159608,-0.50022423,-0.61129075,-0.4823534,-0.532696,-0.48605186,-0.50447387,-0.4485084,-0.48073274,-0.3119523,-0.2720825,-0.319205,-0.38256595,-0.6988009,-0.7018539,-0.5520185,-0.73906183,-0.73903614,-0.73890555
-0.7303512,-0.72894573,-0.7027277,-0.7319013,-0.69572467,-1.127073,-1.127465,-0.33086562,-0.31611606,-0.5651771,-0.65038586,-0.6502583,-0.8214242,-0.82158387,-0.7502852,-0.7863843,-0.8331947,-0.9063855,-0.95766187,-0.90006673,-1.0716871,-1.4730449,-1.4040008,-1.0945971,-0.6226175,-0.21946701,-0.11200967,-0.114421286,-0.21992874,-0.26525828,-0.24775514,-0.24980786,-0.21816476,0.04041724,0.173562,-0.41807866,-1.5268486,-2.1412013,-2.3208425,-2.2363734,-1.9001467,-1.4863226,-1.4750018,-1.4948719,-1.3695331,-1.2715278,-1.2306156,-1.2608073,-1.1072624,-0.8481126,-0.61689377,-0.52737683,-0.48700047,-0.4510876,-0.48209444,-0.49174544,-0.4584243,-0.36939037,-0.11421056,0.011827536,0.08687915,0.1153924,0.06815664,0.038446814,-0.08121441,-0.22800949,-0.4071531,-0.5614581,-0.58361894,-0.57226,-0.5921034,-0.70900387,-0.82669485,-0.8408082,-0.64455575,-0.6245234,-0.71718216,-0.7537172,-0.5632498,-0.42586,-0.4604831,-0.6761642,-0.77197534,-0.58893317,-0.5716917,-0.5245282,-0.5195526,-1.425801,-1.008564,-1.1386275,-0.7980177,-0.3146058,0.028584301,-0.01648894,-0.8912565,-1.4941753,-1.7136288,-1.460328,-1.1683676,-1.1248435,-1.1937279,-1.0349649,-0.7579725,-0.4369945,0.0071239565,0.78783953,0.9909326,1.2595179,1.8447764,1.7992182,1.7390215,1.6580244,1.5729667,1.4707408,1.3803313,1.3756676,1.3147992,1.0366428,0.48123294,-1.1571438,-1.9894614,-2.1943223,-2.3612025,-2.4633236,-2.807271,-3.278585,-3.5090797,-3.2723026,-2.9915771,-2.3995972,-2.0683904,-1.7948647,-1.6272465,-1.4943844,-1.440206,-1.4074546,-1.3507931,-1.1882745,-0.90599954,-0.7876517,-0.8463727,-0.3886708,0.49097627,0.5584106,0.2037831,-0.52194446,-1.5499387,-1.9683967,-2.0510926,-1.9712437,-2.1497664,-2.3215456,-2.1933546,-1.9692924,-1.8957102,-1.9560186,-1.7828605,-1.6192374,-1.2259014,-1.0482969,-0.8441106,-0.51554567,-0.4331798,-0.41432333,-0.42897618,-0.38248044,-0.4162936,-0.46323058,-0.45057583,-0.45720062,-0.45859635,-0.49492308,-0.5314105,-0.58901674,-0.67604095,-0.71870923,-0.7365056,-0.6949929,-0.6271782,-0.62614787,-0.67865837,-0.6029618,-0.48902255,-0.48191082,-0.6087382,-0.61547637,-0.59806955,-0.55126035,-0.4079008,-0.43228573,-0.5690274,-0.47885236,-0.6257276,-0.8603358,-0.92060435,-0.94599473,-0.95724934,-0.991966,-0.88695544,-0.8003702,-0.8285276,-1.1276202,-1.1276252,-1.1276534
-1.36047,-1.2523146,-1.0626553,-0.61932087,-0.6915426,-0.16066971,-0.16088744,-0.6585773,-0.56106836,-0.314311,-0.24441504,-0.40141004,-0.8984015,-0.61433727,-0.5977533,-0.42336997,-0.3204564,-0.29018155,-0.51990753,-0.86820287,-0.9896318,-0.890146,-1.0877309,-1.4409148,-1.9080149,-1.9411967,-2.2115588,-2.4897854,-2.5357976,-2.4980736,-2.4489024,-2.3827612,-2.2014818,-1.869993,-1.4106556,-1.0883032,-1.3636415,-1.140121,-0.0710589,-0.20205069,-0.7283174,-0.9815983,-0.9152186,-0.87074363,-0.8131963,-0.6071429,-0.48085037,-0.53365433,-0.9949668,-1.1233029,-1.0497999,-0.91189754,-0.8535859,-0.814167,-0.7596454,-0.7023871,-0.60867375,-0.46426708,-0.37044656,-0.3112381,-0.28169823,-0.28792337,-0.2646792,-0.23975918,-0.28516734,-0.4221288,-0.65654457,-0.9987662,-1.0525069,-0.7451765,-0.4752018,-0.22682527,0.07257724,0.24351239,0.1731238,-0.15472808,-0.5585202,-0.96478194,-1.4708357,-1.6470208,-1.638468,-1.6269625,-1.9239233,-2.4568129,-2.9354897,-2.7942338,-1.6294637,-1.5011497,-2.3746023,-2.698544,-3.339608,-3.7045374,-3.7985115,-3.6130824,-2.820321,-2.2762308,-2.0595596,-1.7248672,-1.7637374,-1.9291055,-1.9505024,-1.6784102,-1.411419,-1.3647411,-1.4532863,-1.0998186,-0.41895866,-0.90433496,-1.4849551,-1.5288608,-1.4695487,-1.3699226,-1.2983575,-1.2553828,-1.3253698,-1.4525388,-1.5272038,-1.7131294,-1.6313283,-1.0083629,-0.8715762,-1.2942505,-1.7462305,-1.9745431,-2.2769425,-2.1714287,-1.231056,-0.27292114,0.073627144,-0.21331254,-0.2209296,-0.27026087,-0.73107177,-1.2912757,-1.501714,-1.7986697,-2.0174105,-2.279191,-2.304141,-2.043396,-1.8743551,-1.6963334,-1.50689,-1.0022258,-0.47972995,-0.49647588,-0.7098669,-0.5198767,-0.1185644,0.34191045,0.76336116,0.713668,0.43670073,0.18441215,-0.3184482,-0.34706768,-0.46141747,-0.47044677,-0.48863003,-0.5632885,-0.9513937,-1.5925775,-1.9106764,-1.9435029,-1.9676815,-1.9928558,-1.9454161,-1.9300915,-1.9445183,-1.929666,-1.8849586,-1.8956586,-1.8808694,-1.8985417,-1.9239293,-1.9094592,-1.8920637,-1.7839997,-1.6208738,-1.3508097,-1.1643372,-0.96261233,-0.8354709,-0.9549442,-0.9764204,-1.0352752,-1.0350938,-1.1052523,-1.1031263,-1.0980654,-1.0125457,-0.9529335,-0.8551776,-0.692702,-0.6209633,-0.56318927,-0.33177447,-0.36850768,-0.21363354,-0.14892298,-0.28226423,-0.16130741,-0.16131699,-0.16119045
0.8462942,0.6802592,0.5550763,0.41794854,0.45930237,-1.603209,-1.603286,-0.32570603,-0.4335305,-0.6883414,-0.67825437,-0.2577314,0.33354297,0.2858813,0.2280274,0.24871746,0.4797073,0.9026611,0.7660372,0.8073143,0.4763653,0.053120837,-0.102801025,0.05173056,0.44820118,1.1338712,1.4491601,1.511601,1.6584473,1.708267,1.5129515,1.5477884,1.8161445,1.8625069,1.6518555,1.7933493,1.6660161,0.19288923,-0.66206026,-0.45149732,-0.49895138,-0.27904233,-0.5651133,-0.8370779,-1.3786016,-1.419711,-1.416578,-1.4694235,-1.4577091,-1.2091405,-1.0770905,-0.9783238,-0.88615626,-0.81152815,-0.7655777,-0.6584599,-0.5463863,-0.2619493,0.030032225,0.1430627,0.21367016,0.21284032,0.18587457,0.21617453,0.26199403,0.360914,0.49466956,0.6677943,0.62787527,0.34298947,0.111326575,-0.3659191,-0.6219624,-0.4836684,-0.23323454,-0.24951226,-0.23705427,0.009132862,0.67429775,1.0481559,1.1489439,1.019665,0.7937566,0.6579051,0.4444532,-0.23521242,-0.8610179,-1.1413051,-0.08048869,0.80144817,1.1574306,1.2720695,1.4269066,1.1079199,0.24909338,-0.18845788,-0.30006427,-0.16772199,0.08086325,0.07451164,0.001523192,-0.26695958,-0.6320385,-0.5512547,0.14840621,1.2985115,1.3631785,2.1869173,3.6770449,4.1821337,4.4664207,4.6138415,4.6718426,4.7239256,4.795448,4.8081737,4.6413603,4.314362,3.3464198,1.4963444,0.7503333,0.77745736,0.60300064,0.5508328,0.34614548,-0.2596409,-0.5432725,-0.55463535,-0.69798315,-0.23851328,0.13866873,0.56427175,1.0165329,1.6924324,1.8135549,1.7378571,1.6764841,1.5881147,1.562657,1.5707192,1.7274661,2.091115,2.3441048,1.9560158,1.8322785,1.9998807,1.1675256,-0.15508905,-0.7516352,-0.7046008,-0.5583903,-0.5761739,-0.52074814,-0.45333576,-0.3280602,-0.5458173,-1.063781,-1.0828174,-0.73535615,-0.68687934,-0.61172754,-0.47760046,-0.15417284,0.2493566,0.44355872,0.57307637,0.5538585,0.5850697,0.65432096,0.7090323,0.7261348,0.74776924,0.7412865,0.7961595,0.82607013,0.79463136,0.7301816,0.6284561,0.556677,0.4404173,0.3176452,0.18940885,-0.004578173,0.056221757,-0.12048061,-0.20314357,-0.21693124,-0.13448483,-0.19352758,-0.23200181,-0.2791138,-0.12465805,-0.13583535,-0.17281985,-0.18648046,-0.28690606,-0.3886033,-0.4333052,-0.31782246,-0.14018895,-0.06208332,-1.6030862,-1.6030228,-1.6030842
-2.5700786,-2.589487,-2.5677898,-2.453556,-2.3815742,-1.9013983,-1.9011242,-2.743785,-2.737535,-2.788813,-2.4842587,-2.3950574,-2.0166597,-1.89949,-1.5911063,-1.355767,-1.2345945,-1.4716849,-1.645824,-1.5318856,-1.3477384,-1.4400139,-1.6890174,-1.6949372,-1.4334075,-0.8426706,-0.43935776,-0.054571636,0.22644839,0.47151998,0.38127917,0.4771239,0.82321775,0.9056055,0.57692015,0.5323791,1.0532819,1.3036671,0.745969,2.2275639,3.2371151,3.6720204,3.4214067,3.085391,1.9088157,0.98232996,0.5704765,0.4053596,0.80023074,1.1068761,1.1663624,1.2091143,1.242996,1.2562897,1.2339697,1.2402759,1.2571585,1.2682071,1.2364643,1.2601867,1.2807802,1.2851107,1.2997077,1.2745773,1.2157258,1.0998541,0.93008107,0.6504338,0.28269678,-0.17844792,-0.18679924,0.23402095,0.8515369,1.1301712,1.2092158,1.3395334,1.3484871,1.0061655,0.2844582,-0.2477906,-0.6502929,-0.74427813,-0.5430281,-0.22337678,0.20841838,-0.18854384,-0.6640701,0.79508895,0.6342654,-0.004505649,-0.22296555,0.156509,0.42402792,0.5306874,0.2705298,0.24920969,0.5630842,0.5989746,1.0756996,1.2955903,1.6499283,2.2453823,2.9138188,3.2667878,3.075397,2.3037808,1.5085028,2.128391,2.8356133,2.9842715,3.0620441,3.060913,3.0647836,3.0374522,3.0218766,3.0314345,2.9595177,2.6462505,2.0303876,1.5544498,1.9184611,2.2675633,2.4422371,2.4623647,2.333373,1.5360433,0.15796652,0.5799,1.1446629,1.5397315,1.4215859,1.5460104,1.5185076,1.4391031,1.2829214,1.2318234,1.1563185,0.97276145,0.3271137,-0.18767774,-0.103375256,0.57625014,1.0830218,0.9673619,0.7250497,1.0327154,1.9530404,2.1173685,1.7400995,1.549629,2.2382271,3.384091,3.745176,3.8865845,3.434103,3.1394467,2.645384,2.0710742,1.291114,1.1467738,1.5914185,2.316407,2.6589277,2.879798,3.008894,3.0326426,3.0852757,3.0907502,3.078589,3.072145,3.1070611,3.1550586,3.165898,3.149118,3.153357,3.1703427,3.0910926,2.983855,2.8471503,2.7015471,2.4942453,2.2190132,1.5246838,1.656368,1.5744505,1.2133133,0.84493816,0.82334816,0.98393357,0.5114672,0.29690307,0.35477635,0.19912462,-0.005451929,-0.17386878,-0.3672943,-0.62734795,-0.7978524,-1.1226807,-1.2249643,-1.1948634,-1.900868,-1.9008994,-1.9009504
-5.2481427,-5.174254,-5.1787252,-5.140257,-5.206025,-3.5735955,-3.5734222,-4.6919384,-4.5986404,-4.150832,-4.1027117,-4.2041388,-4.180815,-4.011548,-3.947339,-3.9845712,-3.979115,-4.00769,-4.0445347,-4.335225,-4.7045064,-4.987825,-5.0367374,-5.0569944,-5.0203347,-4.665516,-4.3769536,-4.247282,-4.2802587,-4.214176,-4.247986,-4.1696,-3.8708177,-3.0742083,-2.100907,-1.6546905,-2.1482792,-2.352086,-2.1220498,-3.1548078,-3.2036948,-3.112617,-2.971286,-2.859652,-1.9032781,-1.2550043,-1.1217083,-1.3267369,-2.3344145,-2.9225314,-3.072639,-3.0851097,-3.0711408,-3.0660422,-3.0729632,-3.1014915,-3.107308,-3.1627905,-3.1923003,-3.2272644,-3.2149324,-3.2007382,-3.1886196,-3.1414387,-3.0625062,-2.9216566,-2.7361054,-2.418598,-2.0587707,-1.6372845,-1.5947671,-1.7735183,-2.18963,-2.4447155,-2.6151056,-2.7052436,-2.8869352,-3.0908158,-3.2773576,-3.128829,-2.7900074,-2.494213,-2.4110823,-2.612317,-2.8290234,-2.5535479,-2.6534991,-4.1051364,-4.5300245,-4.5099344,-4.5570893,-5.0710454,-5.4154105,-5.5800347,-5.485466,-5.68445,-5.794363,-5.952625,-6.0193725,-5.9524174,-5.9015408,-5.7083282,-5.1108923,-4.5638013,-4.1826286,-3.6890836,-2.9636354,-3.5182037,-4.1003227,-4.2826185,-4.3814697,-4.4131985,-4.4462194,-4.458807,-4.526685,-4.6494994,-4.7459803,-4.7950954,-4.5842257,-4.2471995,-4.370196,-4.790625,-5.00363,-5.0847626,-5.28386,-5.47137,-5.435148,-5.728702,-5.6428204,-5.4958506,-5.4810405,-5.5521417,-5.6297865,-5.521158,-5.42713,-5.3081884,-5.2305937,-5.030311,-4.3033147,-3.4774313,-3.3810663,-3.382938,-3.0390558,-2.486033,-2.1790662,-2.7203968,-3.3615692,-3.2985497,-3.032969,-2.8712473,-3.11756,-3.4170072,-3.417973,-3.3630123,-3.2513673,-3.269174,-2.9599218,-2.4349694,-2.0941944,-2.2204854,-3.0206468,-3.8619137,-4.2008166,-4.403417,-4.522402,-4.5306845,-4.5956225,-4.5869536,-4.589356,-4.6108694,-4.612985,-4.6453376,-4.6625233,-4.6780834,-4.7240973,-4.7887554,-4.83579,-4.89565,-4.9218493,-4.9351864,-4.940419,-4.9325533,-4.991185,-5.098057,-5.019474,-4.9785166,-4.9744473,-5.0006313,-4.9648066,-4.9360046,-4.906213,-4.9777007,-4.906966,-4.72795,-4.623756,-4.579153,-4.4871492,-4.411564,-4.3660135,-4.3498135,-4.3652396,-3.5733118,-3.5732763,-3.573239
