0,1,2,3,4,5,6,7,8,9,10,11,12,13,14,15,16,17,18,19,20,21,22,23,24,25,26,27,28,29,30,31,32,33,34,35,36,37,38,39,40,41,42,43,44,45,46,47,48,49,50,51,52,53,54,55,56,57,58,59,60,61,62,63,64,65,66,67,68,69,70,71,72,73,74,75,76,77,78,79,80,81,82,83,84,85,86,87,88,89,90,91,92,93,94,95,96,97,98,99,100,101,102,103,104,105,106,107,108,109,110,111,112,113,114,115,116,117,118,119,120,121,122,123,124,125,126,127,128,129,130,131,132,133,134,135,136,137,138,139,140,141,142,143,144,145,146,147,148,149,150,151,152,153,154,155,156,157,158,159,160,161,162,163,164,165,166,167,168,169,170,171,172,173,174,175,176,177,178,179,180,181,182,183,184,185,186,187,188,189,190,191,192
9.730433,9.778848,9.613031,9.198873,8.392884,7.3063445,5.4960623,4.4860835,4.52249,4.884068,5.3412867,4.5701056,3.743957,3.2156897,3.0626106,2.8755631,2.793412,2.2009768,1.6537764,1.3248636,1.1378479,0.9286656,0.65240806,0.5236635,0.43626168,0.27299225,0.25538927,0.15018862,-0.49967745,-0.17650568,0.48223618,0.674845,0.60276943,0.40156734,0.21284008,-0.34741178,-0.89875406,-1.1768869,-1.1816504,-0.98446536,-0.70819277,-0.21269047,0.30035925,0.8346908,0.8835361,0.76023674,0.42012206,0.16088161,0.29592538,1.094319,2.0066938,3.2481956,4.301873,6.142638,6.7114162,5.981212,4.4619417,4.2992706,3.904123,2.7231865,1.541884,0.64797544,0.34157118,0.18823065,0.04502782,0.21359842,0.4665049,1.06366,1.8313003,2.6401424,3.3804245,3.284195,3.3635597,3.417605,3.5389504,3.3595128,3.129493,2.0454137,1.1420994,1.3691946,1.9960915,2.9652634,4.021611,4.222457,3.9678292,3.9672396,4.119978,4.685855,5.1360927,5.6723347,6.2336426,6.909938,7.0250673,6.5757623,5.289117,4.285776,4.3300805,4.232828,3.800562,3.7441993,3.4653404,3.3261142,3.2270436,3.2487736,3.163343,3.1904826,3.3944354,4.1358013,4.9216747,5.756263,6.783395,7.629451,8.361084,8.352646,7.4387226,5.9457397,3.5187278,1.0519853,0.22996537,-0.12280363,-0.4402285,-0.5947587,-0.41513288,-0.22980767,-0.0359063,0.122319505,0.16968909,0.19838534,0.32396644,0.5823523,0.9516644,1.1668398,1.3539335,1.2754676,0.92485136,1.2076061,1.7282052,2.192556,2.002433,1.7011156,1.6204286,1.1969867,0.20470774,-0.706848,-1.0726528,-1.2591345,-1.0892925,-1.0706413,-0.92849016,-0.6923161,-0.24059731,0.548915,1.1577754,1.129799,0.7124691,0.2529496,-0.086814135,-0.11094424,-0.27299023,-0.44429332,-0.42348614,-0.2695538,-0.061160058,-0.08977762,-0.042566746,0.03978011,0.17562991,0.3724313,0.7017609,1.2698386,1.8319075,3.0494483,4.88002,5.717675,6.353009,6.716384,6.580801,6.3245044,6.261533,6.47491,6.520297,6.925198,7.114608,7.544293,7.874645,8.124845,8.363753,8.811158,8.9669285,9.341653,9.335143,9.33507,9.335218
-2.4891486,-2.4625025,-2.4211087,-2.458837,-2.4983644,-2.4606743,-2.6306586,-2.458727,-2.4085038,-2.3987484,-2.5076506,-2.5028882,-2.4291182,-2.4591105,-2.4176412,-2.348225,-2.3333135,-2.3717856,-2.475582,-2.6143498,-2.6678665,-2.668427,-2.4956331,-2.148991,-1.6553087,-1.4360672,-1.3405131,-1.4789982,-2.2009013,-2.8340685,-2.9747634,-2.8897781,-2.8238652,-2.7526271,-2.7454462,-2.833521,-2.9320393,-3.4124365,-4.0713305,-4.0455475,-3.6903195,-2.9882164,-1.9524839,-1.2306361,-1.2227162,-1.4713995,-1.4713056,-1.541526,-1.9780989,-2.4918876,-2.828144,-3.2937632,-3.732761,-4.1957836,-4.370286,-4.0579205,-3.7329617,-3.6406322,-3.3997974,-2.9974916,-2.367261,-2.3342571,-2.077726,-1.5972242,-1.0239993,-0.7849,-0.97922254,-1.6964246,-2.3634217,-2.678219,-2.8004994,-2.7598302,-2.688221,-2.7535317,-2.7664177,-2.6725235,-2.6912732,-2.7126603,-2.8578603,-3.1703403,-3.3849661,-3.5679102,-3.5915437,-3.4293118,-3.3089824,-3.2256904,-3.3335834,-3.3579621,-3.3570127,-3.297629,-3.2391338,-3.3405366,-3.5374808,-3.6117826,-3.8348267,-3.9532044,-3.8713572,-3.7633948,-3.7329798,-3.8421388,-3.7520027,-3.6607385,-3.6326518,-3.4819043,-3.1572812,-2.9495583,-2.7741942,-2.843029,-2.8087392,-2.7372775,-3.0185401,-3.2582088,-3.6371684,-3.6786115,-3.5781374,-3.4166925,-3.0997543,-2.2993965,-2.1571083,-2.0387015,-2.070345,-2.0800345,-2.234275,-2.5296578,-2.7142107,-2.8205159,-2.859574,-2.84157,-2.7432375,-2.612092,-2.4678726,-2.3493326,-2.5338612,-2.9055684,-3.317522,-3.5811014,-3.4456153,-3.321135,-3.2200396,-3.1529806,-3.1514475,-3.2895236,-3.5546935,-4.1054006,-4.2856627,-3.9749756,-3.5623074,-3.2366328,-2.8470683,-2.6765087,-2.292328,-1.8655187,-1.8024722,-1.7487416,-1.9983395,-2.2827773,-2.5377378,-2.7649775,-2.9912925,-3.1618783,-3.2059393,-3.2266407,-3.201954,-3.1029131,-2.96495,-2.8843317,-2.7930079,-2.727723,-2.7291117,-2.7496023,-2.7727938,-2.9396753,-2.8433557,-2.9831152,-3.2117033,-3.3772292,-3.4459534,-3.2004857,-3.0226893,-3.1135683,-3.1997232,-2.9545841,-3.0741708,-3.1831207,-3.2076104,-3.227741,-3.2335777,-3.2036333,-3.1570191,-2.1303477,-2.1268673,-2.126841,-2.1269178
-0.21561816,-0.2787066,-0.30663925,-0.25714365,-0.23105067,-0.29698864,-0.23748933,-0.6554991,-0.83936894,-0.8710611,-0.73592114,-0.5416733,-0.84653115,-0.8299738,-0.79696256,-0.7310937,-0.5763624,-0.3655231,-0.31780896,-0.44390377,-0.8660805,-1.3439021,-1.7623928,-2.0470824,-2.1620834,-1.967742,-1.6933181,-1.1290866,-0.16829222,0.22637731,0.4349469,0.45757866,0.42042112,0.5244689,0.44415087,0.3247563,-0.24199598,-0.9840738,-1.4659135,-1.7302864,-1.5071317,-0.09449861,1.0584221,1.295958,0.4093166,-0.14049159,-0.43637282,-0.75182587,-1.592386,-2.382619,-2.5394993,-2.2831047,-2.1818848,-2.1250248,-2.1096218,-1.4484942,-1.5990654,-1.4837134,-1.5450685,-1.4951345,-1.1274801,-1.0339181,-1.3531728,-1.6289968,-1.75018,-1.7785115,-1.6549442,-1.3851867,-1.4242383,-1.5787151,-1.4437373,-1.3422198,-1.0002356,-0.7641604,-0.80687916,-0.7819826,-0.85443664,-1.1719383,-1.3655488,-1.260812,-1.275573,-1.7264609,-2.2765918,-2.5777838,-2.7902236,-2.7376647,-2.4983225,-2.4866478,-2.4982185,-2.4467084,-2.3584182,-2.393483,-2.3902473,-2.3448753,-2.23215,-2.08348,-1.8974543,-1.9892554,-2.0526855,-1.9007766,-1.7224395,-1.7611196,-1.947675,-2.349175,-2.692089,-2.8145676,-2.8700492,-2.7269368,-2.57622,-2.4769816,-2.0590982,-1.840635,-1.6905522,-1.583123,-1.399612,-1.127291,-0.48608115,0.2463088,0.70908964,0.64822555,0.08797844,-0.61886257,-1.123368,-1.6411535,-1.949724,-2.1387427,-2.2746618,-2.4197054,-2.5727286,-2.752735,-2.886502,-2.7940478,-2.6675453,-2.5288603,-2.4575918,-2.2428567,-1.3664384,-0.41226435,-0.115789175,-0.1065843,-0.041462347,-0.50906575,-1.349169,-1.8295083,-1.9680542,-2.6269972,-3.162566,-3.4223757,-3.5374737,-3.4683018,-3.217853,-2.6064165,-2.1130471,-1.3936827,-1.3615434,-1.5378478,-1.748558,-1.9096856,-2.0922022,-2.4359946,-2.8154635,-3.1194239,-3.3107345,-3.462076,-3.6356435,-3.8403354,-3.9858222,-4.0356107,-4.014865,-3.9021614,-3.717754,-3.296106,-2.5381372,-2.2483938,-2.1008806,-2.1639707,-2.321373,-2.4376595,-2.4246924,-2.5109122,-2.5070624,-2.5041068,-2.574135,-2.7384453,-2.8401895,-2.870221,-2.8472915,-2.8290327,-2.6569011,-0.43025494,-0.42522508,-0.42508256,-0.42525405
-1.4688601,-1.4391932,-1.3504934,-1.12645,-0.7599984,-0.20082584,-0.10591656,-0.14584033,-0.055201918,0.049865678,0.03402877,0.12896837,0.3548568,0.56660235,0.7832726,1.0787238,1.3837755,1.4946705,1.4504124,1.4014522,1.2996417,0.9214108,0.4052754,-0.035160705,-0.5319233,-0.9316735,-1.2680082,-1.404154,-1.4771372,-1.802074,-2.2082932,-2.4057117,-2.4336548,-2.4566517,-2.512989,-2.4447672,-2.2233992,-2.162634,-2.0836263,-1.8007329,-1.6618075,-1.6560841,-1.1687524,-0.5394844,-0.108664304,0.18665855,0.47307634,0.36228067,-0.5007802,-1.2399071,-1.4774001,-1.4116501,-1.3689129,-1.3055847,-1.1913003,-1.2632453,-1.3437796,-1.2621201,-1.2224275,-1.165413,-0.6514968,-0.48687565,-0.6112878,-0.8405547,-0.9619183,-0.84721476,-0.7412311,-0.67509073,-0.85592353,-1.067825,-1.3039267,-1.4002967,-1.3995203,-1.5453353,-1.6235974,-1.6850576,-1.6902072,-1.5760493,-1.4349043,-1.4502039,-1.5019221,-1.5582738,-1.7742529,-1.890342,-1.9528421,-1.8376335,-1.8153074,-1.9131334,-2.0429401,-2.1810791,-2.1620543,-2.447401,-2.7583947,-2.8296587,-2.8229792,-2.5840628,-2.4622617,-2.2355976,-1.9917814,-2.102168,-1.8039443,-1.586168,-1.5419208,-1.488045,-1.2967564,-1.1752899,-1.1221743,-1.316387,-1.4662467,-1.5216372,-1.8031813,-1.995753,-2.5331488,-2.6689286,-2.3183458,-1.795247,-1.2450628,-0.80243593,-0.7613629,-0.83491445,-1.0230308,-0.7664746,-0.5525901,-0.81135786,-1.1278979,-1.3649869,-1.4990451,-1.5510793,-1.5346115,-1.4841118,-1.4453034,-1.4176016,-1.6399531,-1.8728917,-1.9500978,-1.9910998,-2.1482177,-2.484045,-2.6322627,-2.6982374,-2.7594893,-2.8919406,-2.8962996,-2.7447553,-2.5556693,-2.5214827,-2.5846763,-2.5975056,-2.5252879,-2.4818776,-2.2251728,-1.6190741,-1.384411,-1.1638976,-1.3989784,-1.6760768,-1.7764839,-1.7795684,-1.9011599,-2.085322,-2.1973643,-2.2575178,-2.3029733,-2.4075656,-2.4004307,-2.434724,-2.5549502,-2.653759,-2.7614412,-2.840849,-2.8803282,-2.764577,-2.3285785,-2.3273196,-2.5083487,-2.685676,-2.850797,-2.6586895,-2.5020118,-2.663523,-2.6732452,-2.4229445,-2.4174106,-2.4054694,-2.3542824,-2.3183007,-2.3718657,-2.3875995,-2.4815974,-0.41275853,-0.4012874,-0.4011237,-0.40143633
-0.085391626,-0.145387,-0.50157624,-0.81982434,-1.4077492,-1.6358863,-1.6020092,-1.6469306,-1.7511528,-1.8195927,-1.8623562,-1.9743551,-2.2293184,-2.323536,-2.2210534,-2.0007493,-1.7082177,-1.272144,-0.7134815,0.038598713,0.58803123,1.0743668,1.4641454,1.7061429,1.9148672,2.053402,1.9982948,1.7185904,0.7642418,-0.4390438,-0.8409532,-0.6100056,-0.39914984,-0.10107206,0.24280652,0.9346762,2.4908304,3.8271074,4.808806,5.5987415,4.948875,2.8110602,0.2995197,-1.2855915,-1.4200596,-1.0450523,-0.65546155,-0.21312672,0.74400693,1.1050901,0.7410475,0.108063415,-0.32151058,-0.3922968,-0.006821215,-0.116828024,0.18362406,0.123047605,0.03662038,-0.30848375,-0.7814053,-0.7681947,-0.7001957,-0.35893655,0.16795947,0.34299517,0.33473262,0.0034608394,-0.63061607,-1.0937886,-1.4410963,-1.6441214,-1.7909368,-1.8635263,-1.7923927,-1.8289144,-1.8968763,-1.7381382,-1.290737,-0.8967022,-0.6735963,-0.53503203,-0.36394444,-0.106108546,0.4494026,0.5799543,0.36753803,0.2536246,0.31188017,0.382939,0.304404,0.14280358,0.17077026,0.12754664,0.09797836,0.12405081,0.203228,0.39342648,0.5552966,0.49249014,0.3442995,0.33930123,0.5310941,0.7137377,0.64456344,0.5097631,0.20272222,-0.46234524,-0.9893228,-1.2658274,-1.467675,-1.0463672,-0.45574373,-0.23873654,-0.23069333,-0.23943351,0.05451966,0.095758244,-0.23914799,-0.6258066,-0.15541644,0.6931571,1.5125635,2.0191975,2.378439,2.600864,2.7534509,2.8570611,2.9132,2.8333192,2.6467218,2.4399421,2.2545226,1.8989471,1.550874,0.54295385,-0.9721365,-1.726575,-1.8512098,-1.8781425,-1.9416124,-1.6667974,-0.6411158,1.0312438,2.2204795,2.9694438,3.1465151,3.093772,2.8794742,2.4928296,1.6678258,0.15833561,-0.91888696,-1.3991193,-1.2096701,-0.77869505,-0.27704287,0.27997303,0.81901455,1.3374934,1.7050753,1.9397428,2.0364838,2.1635454,2.235242,2.363663,2.3701959,2.2092538,1.860702,1.31373,0.654492,-0.93169916,-2.2926378,-2.046497,-1.6665014,-1.246896,-0.8962699,-0.75471854,-0.5857987,-0.4075824,-0.5383688,-0.64393467,-0.47097683,-0.58353627,-0.32699496,-0.27787673,-0.58749753,-0.49640194,-0.5927895,0.6527409,0.65152544,0.65163463,0.6515386
-0.5439198,-0.51933414,-0.52459097,-0.4885734,-0.2896817,-0.027746022,0.22537522,0.23240389,0.21396218,0.084711015,-0.041993737,0.2354842,0.74333185,0.98288816,0.97709435,0.870957,0.7135114,0.7524997,0.549683,0.13307256,-0.004931718,0.042304084,0.20155062,0.16021633,-0.2037599,-0.6694062,-1.1490736,-1.8808165,-2.1586366,-2.007878,-2.2667387,-2.2607467,-2.2255068,-2.2083135,-2.2318635,-2.1661923,-1.8679433,-1.619238,-1.495373,-1.1411059,-1.2856054,-1.7598186,-1.6316651,-1.6080822,-1.4548374,-1.3244033,-1.0188829,-1.1604931,-1.5613996,-1.8455398,-2.0953615,-2.3022385,-2.2470193,-2.7148638,-3.3751774,-3.5028024,-3.086947,-3.0597816,-2.8298616,-1.865643,-0.40293896,-0.012484282,-0.1896109,0.103853285,0.37180972,0.31537297,0.039220452,-0.44397476,-0.81984603,-1.1633048,-1.431725,-1.3109635,-1.1753311,-1.1993074,-1.1040918,-0.94989437,-0.38624144,0.2422542,0.3845236,-0.036448784,-0.33858573,-0.5172975,-1.0382625,-1.0533128,-1.0771661,-1.0385991,-0.7016028,-0.47404543,-0.6334569,-0.98609614,-1.0925697,-0.8954632,-0.30906266,-0.23977979,0.22376665,1.0164876,1.5208298,2.1684308,3.2108545,4.091873,5.6759396,6.4302483,6.6977673,6.687949,6.490551,6.181637,5.5756493,4.837867,3.9394145,3.053258,1.379354,-0.1352083,-1.7732008,-2.4628062,-2.7201338,-2.4578152,-1.6657963,-0.6624184,-0.29775488,0.13171908,-0.20343468,-0.75706834,-1.071697,-0.7159923,-0.30802736,0.025556773,0.20165288,0.33412415,0.43630826,0.39694634,0.24781208,0.04112684,-0.50356275,-1.0227605,-1.2083457,-1.3512428,-1.824006,-2.3893094,-2.5041876,-2.4535036,-2.3681312,-2.0241148,-1.4243627,-1.3770796,-1.3639792,-0.79879475,-0.41444772,-0.26359478,-0.21948296,-0.18943048,-0.36520675,-0.59777474,-1.0042171,-1.0671642,-1.0550457,-0.9556868,-0.6106924,-0.5841089,-0.636268,-0.75185305,-0.80391794,-0.90929306,-1.0418557,-1.1159537,-1.0971415,-1.0261433,-1.0350617,-1.0652838,-1.1437677,-1.3493637,-1.5423132,-1.89831,-2.651434,-3.1516452,-3.404283,-3.4648778,-3.231032,-3.1011488,-3.1437337,-2.876336,-2.445455,-2.3785944,-2.2655435,-1.9174459,-1.8205522,-1.7033317,-1.4510227,-1.0925448,-1.4729351,-0.48066467,-0.47696924,-0.47688532,-0.4769179
-1.5176816,-1.5067272,-1.4446597,-1.5716735,-1.5781766,-1.3754789,-1.1912193,-0.6576092,-0.44969758,-0.30939177,-0.3105865,-0.29771638,-0.03765112,0.07514398,0.07693553,0.09005354,-0.05399984,-0.29876733,-0.6580793,-1.1275022,-1.2875539,-1.1880854,-0.94511217,-0.7829602,-0.6639687,-0.6386956,-0.66971815,-0.8530558,-0.97923565,-1.1689675,-1.7177423,-2.2085357,-2.1708946,-2.107945,-2.0002797,-1.629065,-0.9680347,-0.4137159,0.02398029,0.7853371,1.1986246,1.0203452,0.5531563,-0.57414985,-1.6798444,-2.1697662,-2.1714025,-2.089149,-1.8658564,-1.7125438,-1.8753651,-1.9775878,-1.8723123,-1.444541,-0.9471183,-1.4488186,-1.5332855,-1.575949,-1.4603848,-0.9955323,-0.08820071,0.25308016,-0.067203484,0.2586577,0.6222348,0.70087963,0.43401206,0.012322813,-0.26705664,-0.3833532,-0.7248807,-0.98609644,-1.1554513,-1.0888882,-0.90990824,-0.7135707,-0.3951806,0.045428522,0.25757548,-0.17941569,-0.55553544,-0.9709971,-1.3642693,-1.4267005,-1.4851987,-1.5355691,-1.5357488,-1.518798,-1.5484965,-1.6369537,-1.8159786,-1.9581797,-2.1381161,-2.2477994,-2.335503,-2.2591379,-2.082015,-1.9926577,-1.9408177,-1.977775,-1.9470576,-1.889804,-1.8933408,-2.0140948,-2.1903965,-2.376451,-2.6784246,-3.0250998,-3.3988643,-3.5857794,-3.8236802,-3.923518,-3.784638,-3.666657,-3.6701603,-3.5626445,-3.3760502,-3.0758672,-2.7394621,-2.2921655,-1.9752603,-1.6059897,-1.2472311,-0.7856262,-0.41383424,-0.15646124,0.036948126,0.18544172,0.26626474,0.3372963,0.30987293,0.24451768,-0.055602856,-0.46271786,-0.75049245,-0.9398005,-1.3290422,-2.1192455,-2.418942,-2.3689928,-2.3327656,-1.933799,-1.0975845,-0.41644976,-0.063927084,0.5854259,1.0425396,1.2148418,1.2649608,1.2834284,1.0405891,0.3959409,-0.10591042,-0.5657049,-0.46604759,-0.25549313,-0.078926995,0.030583903,0.14435014,0.17980114,0.24924538,0.25671956,0.19528437,0.12182823,0.13609278,0.2002611,0.23534071,0.20828283,0.080691725,-0.2799526,-0.6766917,-1.2601783,-2.415029,-3.1728435,-3.5480433,-3.638,-3.631432,-3.5584908,-3.5824494,-3.2581558,-2.8939753,-2.4585419,-2.2723815,-1.7507939,-1.6954436,-1.7033293,-1.7947888,-1.9472541,-1.9827735,-2.007773,-2.0060043,-2.0059786,-2.0059943
-0.27833506,-0.2822833,-0.3310525,-0.24048208,0.07780551,0.6619676,0.94915867,0.85170865,0.83642477,0.8501779,0.6750722,0.7673316,0.5257045,0.30684114,0.15077738,-0.052255094,-0.16528122,-0.5594975,-0.86140066,-1.019532,-1.0289651,-0.9411525,-0.69999677,-0.23296016,0.37956232,0.7126984,0.6640607,0.23036599,-0.8922632,-1.96068,-2.5868998,-2.7659853,-2.7147791,-2.6061115,-2.5253582,-2.218212,-1.7197733,-1.5970185,-1.7816416,-1.3666773,-0.4197653,0.04732904,0.22428767,0.63380384,0.8716009,1.3631431,1.9142747,1.9805309,1.525177,1.2137358,1.200376,1.2096474,0.9984788,0.36829835,-0.103067175,-0.29842412,-0.25048178,-0.36902297,-0.13011268,0.35235333,0.9999661,1.0621644,1.2921343,1.3814732,1.6265004,1.8570664,2.0022562,1.4660331,0.21108034,-0.37724978,-0.7777748,-0.9463247,-1.1476374,-1.3184841,-1.472982,-1.456424,-1.2698042,-0.9329628,-0.796589,-0.7687588,-0.47637534,-0.08664699,0.11314115,0.13164607,0.24023,0.3220444,0.19443753,-0.07291497,-0.16427365,-0.20214437,-0.13285197,-0.46400073,-0.7447126,-0.72153425,-0.7566713,-0.70891005,-0.7387159,-0.731998,-0.8016851,-1.1520367,-1.2829986,-1.1052334,-0.7694008,-0.044125244,0.7954801,1.2654493,1.6438854,1.4295502,1.295093,1.2868128,0.7249037,0.45855337,-0.19098929,-0.26094493,0.045270532,0.41391405,0.72030365,0.9941267,0.94842726,1.0267549,0.9520854,0.656195,0.009373009,-0.40073285,-0.68704903,-0.83681357,-0.87878716,-0.80226845,-0.5871873,-0.29792207,0.05995649,0.3085499,0.30906695,0.29326805,0.31524327,0.19377218,-0.6429024,-1.7553954,-2.0787277,-2.0986524,-1.9209217,-1.6683838,-1.4880252,-2.067676,-2.4464357,-2.147038,-1.7655298,-1.4770142,-1.011881,-0.78803575,-0.3277202,0.31628266,0.5313003,0.4589021,0.107032925,-0.18145996,-0.31423655,-0.5404161,-0.8803372,-1.1465888,-1.275536,-1.2822967,-1.1952745,-1.08535,-0.928384,-0.89058536,-0.8275325,-0.7647894,-0.6773037,-0.44287148,-0.19134845,0.13831893,0.43454915,0.19650778,-0.2322304,-0.3866719,-0.2441159,0.22302186,0.5594461,0.32423282,0.21378103,0.7339932,0.66853046,0.5279455,0.6624643,0.72240084,0.5323671,0.4713202,0.21093719,0.69923925,0.7035911,0.7036424,0.703501
-0.9309319,-0.9417658,-1.04777,-1.1897413,-1.0003018,-0.8270632,-0.6971658,-0.41466966,-0.20731787,-0.1706514,-0.2987495,-0.4520124,-0.46597803,-0.28387815,-0.18828869,-0.21860918,-0.45116293,-0.8617755,-1.0717989,-1.1742166,-1.0441586,-0.65160155,-0.12987173,0.505713,1.0259206,1.0889606,1.0544918,1.083965,0.3613754,-0.37845054,-0.96300983,-1.4015018,-1.5147876,-1.7353721,-1.9221158,-1.9743528,-1.4871681,-0.7155082,-0.3291481,-0.21972066,-0.35164377,-1.0909666,-1.7054732,-2.1021318,-1.9327447,-1.5345279,-1.1146739,-0.469532,1.1217657,2.4394598,2.6908991,2.2770243,1.6853437,0.6257991,-0.52352697,-0.6261547,-0.13737893,-0.11802003,0.5407407,3.0657725,6.819271,9.071028,10.4012165,10.939419,11.1352215,11.1917,11.054869,10.020892,8.3317995,6.0982113,3.251763,0.6263455,-1.1039,-1.3819202,-1.4048167,-1.3307879,-1.4330435,-1.3091702,-0.91257054,-0.9247645,-1.1793635,-1.6576943,-1.9279598,-1.8945234,-1.8749478,-1.974894,-2.0706434,-2.0032508,-1.950537,-1.9379145,-1.9772774,-1.8177412,-1.5999606,-1.3894906,-1.3553224,-1.6862742,-1.9265163,-2.038821,-2.138743,-2.2191331,-2.3592176,-2.3435037,-2.1982694,-1.8606315,-1.5261922,-1.3173132,-1.1524954,-1.3441645,-1.5631952,-1.7459297,-2.1396933,-2.2551801,-2.2055712,-2.1218019,-2.1311975,-2.2343638,-2.5032392,-2.5984838,-2.5416005,-2.3552623,-2.131843,-1.9086508,-1.9709618,-1.8696749,-1.7932982,-1.7291181,-1.6659219,-1.623574,-1.6794603,-1.7984123,-1.9129012,-2.010849,-2.0441856,-1.9076278,-1.5539871,-1.1606733,-1.4502953,-1.9475726,-2.0343633,-2.0208511,-2.016797,-1.6776513,-0.7705111,0.52578896,0.94537944,1.4793453,1.5799611,1.6391327,1.3910908,0.9043688,0.264804,-0.6313047,-0.9857542,-1.0357349,-0.95231295,-0.9134791,-0.8495885,-0.6198509,-0.33995283,0.24459367,0.84822243,1.3203678,1.8209662,2.396428,2.650762,2.7777066,2.9731963,3.0998635,3.0655227,2.8462753,2.5706851,1.9441617,0.93069524,0.3241309,-0.28534573,-0.59286344,-0.32776508,-0.09892517,-0.121720344,-0.32883832,-0.3801767,-0.63905585,-0.7612928,-0.59395844,-0.7375493,-1.0310763,-1.0905683,-1.1860193,-1.257248,-2.123042,-2.1199713,-2.1198244,-2.1200025
-2.466339,-2.441646,-2.2710545,-2.0584602,-1.9687474,-2.1116214,-2.080083,-2.2090755,-2.4010768,-2.574971,-2.609301,-2.447537,-2.3337677,-2.3472037,-2.3846009,-2.4132826,-2.3423655,-1.9736552,-1.4353843,-0.83857524,-0.18949226,0.41431895,0.73660564,0.89627063,1.0350839,1.0130115,0.9199485,0.3195082,-0.81740296,-1.6293179,-1.9035189,-1.7496603,-1.663227,-1.6496606,-1.6556311,-1.7892578,-1.7778678,-1.4544048,-0.7392049,0.11094916,0.18382037,-0.51633894,-1.3734461,-1.9375136,-2.678896,-2.8606842,-2.630147,-2.4852653,-2.1833808,-2.1872373,-2.5289237,-3.1119084,-3.585063,-3.9037676,-3.4095361,-2.9871402,-2.2770567,-2.157525,-2.0662293,-1.7881511,-1.8595898,-2.2520092,-2.8055687,-2.9318018,-2.7810507,-2.8192577,-2.909587,-2.8519201,-2.6444602,-2.7305658,-2.789104,-2.5843728,-2.2969537,-2.2591515,-2.1998434,-2.1224952,-1.9799967,-1.8221451,-1.6829281,-1.4697284,-1.2597973,-0.95637584,-0.68630314,-0.34335634,0.15027729,0.3193667,0.17269847,-0.16582033,-0.36767706,-0.49157202,-0.50317883,-0.3002192,0.34784913,0.65744126,0.9354081,1.1551124,1.286834,1.3095794,1.2251372,1.0272526,0.68351746,0.46264353,0.27092028,-0.1803804,-0.6753787,-1.1069932,-1.7822806,-2.6251752,-3.2904751,-3.7180233,-3.8587077,-3.769407,-3.5815268,-3.4524236,-2.945941,-2.4331598,-1.3962687,0.22816253,0.5728779,1.4492328,3.5215054,5.919916,7.6604557,8.379143,8.640916,8.793678,8.904654,8.997614,9.058182,9.033977,8.945528,8.853639,8.630336,7.994236,7.0779467,4.6584306,1.2622988,-0.8167622,-1.307704,-1.4120237,-1.6259737,-1.6498804,-1.289577,-0.5382708,0.40218028,1.0307188,1.491049,1.5870589,1.5456636,1.5599871,1.2650807,0.6181426,0.24320036,0.048082173,-0.022426635,-0.07035194,-0.17752485,-0.32667145,-0.38694215,-0.5693139,-0.770636,-1.0291373,-1.4029565,-1.5995779,-1.6378596,-1.5964084,-1.6905718,-1.9261268,-2.3431118,-3.0773392,-3.8051205,-4.652834,-4.9551997,-4.597375,-4.0394006,-3.687403,-3.5126228,-3.6123602,-3.6320558,-3.3793626,-3.2555332,-3.0608225,-2.8061535,-2.665987,-2.342508,-2.038797,-2.3813546,-2.7361648,-3.137029,-3.0614786,-3.0677862,-3.0679674,-3.0677109
-2.2033377,-2.2228138,-2.229337,-2.2324512,-2.164449,-2.0621676,-1.9550238,-1.5771499,-1.485219,-1.3991116,-1.1296751,-0.7452909,-0.5647887,-0.515442,-0.55704784,-0.59908676,-0.62020886,-0.7730234,-1.002424,-1.4579883,-1.9863446,-2.4991353,-2.809887,-2.9579813,-2.9113896,-2.7537081,-2.6270955,-2.5946069,-2.0962167,-1.4640102,-1.1518487,-1.1584085,-1.3116003,-1.330436,-1.3711774,-1.6073066,-2.3014882,-2.9533563,-3.1689687,-2.850554,-1.7332966,0.8540516,3.400331,5.089015,4.8579445,2.8809333,1.0162075,0.24651912,-0.31519732,-0.7722058,-0.7859974,-0.6650106,-0.9299921,-1.7585889,-2.554658,-2.297645,-2.1341522,-1.9930391,-1.896897,-2.061087,-2.380052,-2.1960597,-1.6907525,-1.5031371,-1.4294494,-1.4401865,-1.4060249,-1.6157099,-1.97387,-2.0592666,-2.015126,-1.7785175,-1.5286074,-1.4922003,-1.606226,-1.5751,-1.5657581,-1.6593461,-1.9414207,-2.2301636,-2.4134462,-2.3320045,-2.0303128,-1.9256198,-2.0796456,-2.0614407,-1.9690309,-1.9295735,-1.9442035,-1.9266574,-1.8024472,-1.7334018,-1.6161438,-1.5530665,-1.5396671,-1.5750353,-1.622454,-1.6844254,-1.6958041,-1.6390034,-1.5340544,-1.4593692,-1.4841694,-1.5659238,-1.4352611,-1.2821729,-1.1245706,-1.2087244,-1.4225194,-1.5940284,-1.6605086,-1.7902269,-2.1383042,-2.3387618,-2.2364862,-1.9238607,-1.1130209,-0.45830435,-0.06745842,-0.16844115,-0.47630268,-0.52512765,-0.7221193,-1.2196099,-1.5445576,-1.7392344,-1.8652035,-1.9674617,-2.0538492,-2.0948508,-2.1158133,-2.0538874,-2.1097093,-2.1586037,-2.1417296,-1.5604316,-0.71947145,-0.35376492,-0.30967534,-0.424071,-0.5372019,-1.069162,-1.8897235,-2.6302822,-2.93363,-3.091557,-2.938354,-2.664961,-2.1785138,-1.6263752,-0.63056886,0.5365479,0.88045263,1.3999203,1.2093431,0.8183401,0.44146317,0.00609985,-0.4798036,-1.053858,-1.5552379,-1.8522269,-1.8996475,-1.9499032,-2.05157,-2.2139647,-2.3428319,-2.3466494,-2.247392,-2.1109204,-2.1377819,-2.127768,-1.9823247,-2.0341458,-2.0358274,-2.266849,-2.6716192,-2.8377938,-2.9055302,-3.0283747,-2.859019,-2.8824155,-3.0015292,-2.9212608,-2.9731245,-3.003231,-2.9526498,-3.0509322,-2.8235383,-2.2451348,-2.2399912,-2.2399054,-2.2401004
-2.5494885,-2.526996,-2.3596373,-2.3649213,-2.3196323,-2.0456862,-1.6280824,-1.4021955,-1.5870908,-1.8252591,-2.2000093,-2.1714509,-2.2622848,-2.145284,-2.0593386,-2.0543985,-2.102555,-2.3366108,-2.3370461,-2.1746614,-1.878717,-1.5192873,-1.3091626,-1.3112599,-1.4645771,-1.6137633,-1.7464373,-1.7691548,-1.1186724,-0.82931364,-1.0175556,-1.1611063,-1.0447159,-0.70510924,-0.117158204,1.428566,3.2870028,4.8623533,5.822535,6.51655,6.3320484,5.092429,2.418127,-0.695415,-2.7900567,-3.4430184,-3.3498983,-3.0074375,-2.199644,-1.761528,-1.888485,-2.671145,-3.2009413,-3.813305,-3.8233116,-3.7029097,-3.4587061,-3.3659873,-3.3093164,-3.2792287,-3.1185732,-3.1778905,-3.571502,-3.487578,-3.2602081,-3.2568598,-3.3991418,-3.313602,-2.8698359,-2.8801033,-3.165729,-3.284919,-3.192037,-3.046705,-2.8490076,-2.7225673,-2.405605,-1.8186939,-1.0727589,-0.74992216,-0.5978676,-0.6511445,-0.7990092,-0.66069806,-0.44546562,-0.40683228,-0.3665921,-0.47719705,-0.5281833,-0.58472496,-0.83822703,-1.3027842,-1.8638015,-2.001269,-1.8714997,-1.5713034,-1.3881011,-1.2218544,-1.0914571,-1.0887274,-1.1151106,-1.1934087,-1.3691496,-1.8330188,-2.299491,-2.6033738,-2.9425638,-3.2429795,-3.7160306,-4.2111363,-4.6409845,-4.75548,-4.545646,-4.294554,-4.061068,-3.8468556,-3.7620802,-3.5342948,-3.3918996,-3.1963882,-2.8101187,-2.2717216,-1.8228024,-1.5601559,-1.3996912,-1.3092071,-1.2188044,-1.1839337,-1.2109661,-1.2906078,-1.5083717,-1.7090707,-1.9564981,-2.2390552,-2.4025702,-2.9026577,-3.3879442,-3.494753,-3.4713764,-3.3943796,-3.445752,-3.2600684,-2.620562,-1.7653857,-1.152256,-0.6945467,-0.6387509,-0.6957786,-0.8133111,-0.8226047,-1.0104059,-1.4206021,-1.6581144,-1.8637688,-1.6716048,-1.4061763,-1.1796947,-0.9708413,-0.6817305,-0.41675198,-0.28188905,-0.3644994,-0.60850704,-0.8490412,-1.0299494,-1.051314,-1.1407927,-1.2969902,-1.5187278,-1.9041469,-2.3508883,-3.2428281,-4.5740104,-4.863167,-4.8348956,-4.6627846,-4.544829,-4.5827665,-4.6242476,-4.199704,-3.9620924,-3.7718058,-3.6569495,-3.48239,-3.628045,-3.7127523,-3.6642466,-3.631239,-3.6052415,-3.9146123,-3.913641,-3.913638,-3.913596
-1.891467,-1.8212162,-1.4462991,-1.1944649,-0.9524958,-0.8351743,-0.6783154,-0.5959594,-0.663974,-0.72916466,-0.7652689,-0.6837828,-0.5392402,-0.47719985,-0.4463192,-0.43050364,-0.47179094,-0.5393214,-0.60053545,-0.61544764,-0.35981554,0.017451264,0.32857484,0.52011514,0.67559284,0.6034733,0.40432256,-0.22137138,-1.713402,-2.586976,-2.7919838,-2.6992035,-2.6518662,-2.6419954,-2.6076293,-2.3892872,-1.7578268,-0.3809352,1.3264289,2.7280335,2.6938086,1.752229,0.63141125,-0.60875094,-1.419395,-1.7471637,-1.6855335,-1.5725238,-1.267901,-1.0380614,-1.0825953,-1.6882321,-2.2806468,-3.15528,-2.9617078,-2.8668356,-2.593778,-2.4998698,-2.4167423,-2.418176,-2.296632,-2.392898,-2.4563024,-2.0221465,-1.6994064,-1.7241987,-1.8600113,-1.8312395,-1.4110634,-1.2229393,-1.4179633,-1.6720676,-1.690171,-1.6651791,-1.5609034,-1.5863614,-1.5906391,-1.4648013,-1.1632836,-0.8264945,-0.4789051,-0.23962188,-0.22032414,-0.047233522,0.31592536,0.37744182,0.26121002,0.051632077,-0.046955913,-0.14153108,-0.24987681,-0.24405906,0.119782835,0.29024938,0.40843058,0.43947655,0.3638001,0.37698746,0.31313685,0.19673282,-0.016391337,-0.04008712,-0.011744797,-0.13106193,-0.3271151,-0.55143034,-1.0035417,-1.6261001,-2.1290002,-2.4550896,-2.6769426,-2.7098606,-2.5123756,-2.3060205,-1.9289576,-1.7411914,-1.4915345,-1.2310938,-1.3091516,-0.8342179,0.42706317,2.0504873,3.2515044,3.968151,4.33142,4.5286403,4.698054,4.8150496,4.8921475,4.930708,4.7832155,4.665858,4.4239216,3.81616,3.1465049,1.2625592,-0.64263946,-1.4987732,-1.4560825,-1.2549052,-1.0805454,-0.12907705,1.9606462,4.212578,5.63965,6.525794,6.8398066,6.8115435,6.766284,6.871851,6.847698,6.3812017,5.7570157,4.8698483,4.671386,4.5260696,4.339997,4.3507614,4.380329,4.170863,3.8980384,3.552672,3.1031218,2.7136626,2.5475688,2.495243,2.3296902,2.0929255,1.7372344,1.0378251,0.26008976,-0.5432113,-1.7506415,-2.3593912,-2.5046263,-2.5053225,-2.4094028,-2.3437982,-2.3722732,-1.9859563,-1.738119,-1.5748461,-1.5257479,-1.2867562,-1.1770718,-1.148186,-1.5625913,-2.0004497,-2.1390011,-3.8424184,-3.851471,-3.8517418,-3.8513446
-1.9091353,-1.9124858,-1.7689514,-1.525568,-1.412046,-1.4655609,-1.2596529,-1.4081693,-1.865941,-2.3500528,-2.6659102,-2.4683852,-2.49782,-2.4892235,-2.338829,-2.0964103,-1.771986,-1.4513214,-1.1254909,-0.77084917,-0.45087704,0.06216611,0.42423332,0.5450162,0.5559983,0.33976626,-0.08166087,-0.5179477,-1.2139689,-1.7515953,-1.945393,-1.8431661,-1.7649875,-1.7855048,-1.8541262,-1.9397156,-1.6755135,-0.7484305,0.46121907,1.5035266,1.3671191,-0.28712887,-2.0170996,-2.8626165,-2.6463237,-2.1138263,-1.5143981,-0.9984596,-0.59667003,-0.8182524,-1.3104057,-2.1444526,-2.607999,-3.0301194,-2.2828488,-2.0826745,-1.8501213,-1.8262999,-1.9951278,-2.1503274,-2.1332402,-1.9839325,-1.9130977,-1.6391244,-1.2394354,-1.2280055,-1.3247299,-1.490316,-1.5054334,-1.7517343,-2.0438304,-2.267802,-2.3186495,-2.3973446,-2.3750968,-2.4170098,-2.4271948,-2.375122,-1.9592617,-1.2492847,-0.53538096,0.5309294,1.4464293,2.0484905,2.7235806,3.1111028,3.0401669,2.559707,2.2741332,2.1292212,2.393693,3.0811808,4.4605403,4.990285,5.7480702,6.264539,6.3056927,6.4210935,6.4271097,6.24339,5.9094405,5.325035,4.5530186,3.075239,1.4974828,0.40626085,-0.8751681,-1.9340062,-2.5831573,-3.2600179,-3.573825,-3.45723,-3.0423198,-2.848279,-2.6036735,-2.371519,-1.7153624,-1.0643876,-0.938638,-0.53073597,0.5012586,1.33518,1.9111228,2.2093754,2.4199433,2.5576377,2.7070231,2.8205342,2.846756,2.721293,2.4485888,2.2827153,1.9704857,1.3611844,0.79468995,-0.67744666,-1.8782638,-2.1222599,-2.1537063,-2.192453,-2.3182797,-2.0914426,-0.8365273,1.0637456,2.2296038,3.0923572,3.38287,3.352962,3.2673259,3.1677833,2.6271005,1.37218,0.3252559,-0.49522677,-0.46397072,-0.22254732,0.22433685,0.67364883,1.045118,1.3593249,1.6029109,1.692787,1.6421139,1.6829548,1.704762,1.7765169,1.714401,1.5015231,1.082428,0.30811718,-0.56347895,-2.1312463,-3.4348674,-3.3497088,-3.0192952,-2.7513094,-2.4394102,-2.3572958,-2.2982826,-1.6212223,-1.5104845,-1.5198779,-1.1370041,-0.9796965,-0.75704086,-0.53004587,-0.52595645,-0.6210371,-1.1929083,-2.993144,-3.0002806,-3.0004506,-3.0001762
-0.7349877,-0.7110584,-0.6517579,-0.57660455,-0.5885927,-0.59070945,-0.463005,-0.5530023,-0.62426794,-0.8255848,-1.1429595,-1.1051762,-1.208925,-1.2218369,-1.26667,-1.2867281,-1.2329223,-0.97424746,-0.64419466,-0.38587493,-0.17737591,-0.03421855,0.092387676,0.12974077,-0.0609335,-0.31425846,-0.44664156,-0.7118565,-0.70611,-1.0036275,-1.5101781,-1.9148629,-2.021371,-2.0609307,-2.0351021,-1.7534825,-1.1337867,-0.2184565,0.8173785,1.41304,1.0147357,-0.080605775,-1.086277,-1.7674686,-1.8751539,-1.9647796,-1.8784668,-1.5023227,-0.6031884,-0.31650677,-0.53704625,-1.242377,-1.5478091,-2.10925,-2.6150844,-3.104897,-3.017069,-3.143004,-3.2126539,-3.2160757,-2.7796645,-2.2349737,-2.0358026,-1.7923433,-1.7074524,-1.9142592,-2.2465303,-2.347859,-1.8686169,-1.8047812,-1.7974279,-1.6354908,-1.4339936,-1.2663355,-0.8206228,-0.40028274,0.88287604,3.0144806,5.82435,7.9119787,9.283361,10.012697,9.8711815,9.529293,9.063422,8.841618,8.9686575,9.07141,8.872955,8.503595,7.9740295,7.385194,6.649786,6.4203305,6.4946756,6.6900187,6.701167,7.006365,7.3417873,7.421239,7.4367895,7.3931775,7.357368,7.2711406,7.043679,6.743021,6.2265873,5.6339207,4.8264265,3.9178748,2.3859124,1.031015,-0.75725067,-1.4976226,-1.8356091,-1.8147463,-1.8530538,-2.3151236,-2.3645706,-2.238048,-1.8326216,-1.256995,-1.1470861,-1.0283345,-0.86609954,-0.68543524,-0.5079554,-0.32913044,-0.16755572,-0.01851657,-0.0030584931,-0.05179234,-0.2055988,-0.26454496,-0.40551186,-0.80390406,-1.5364763,-2.2199352,-2.5144234,-2.626958,-2.6941042,-2.4435773,-1.7085315,-0.6019355,0.14824411,0.69433475,0.77448004,0.74307424,0.61172247,0.4203686,-0.12574926,-0.95639,-1.589042,-2.0036433,-1.9217422,-1.6693898,-1.1968293,-0.9087861,-0.6832653,-0.5494614,-0.46882924,-0.45875403,-0.46447027,-0.44996402,-0.46803585,-0.3469404,-0.33079666,-0.3709923,-0.4256256,-0.5831024,-0.76230097,-0.97905105,-1.8347883,-2.2653046,-2.4503696,-2.414756,-2.1364908,-2.0296836,-2.0471401,-1.5988593,-1.2332684,-1.0168937,-0.87816745,-0.53745186,-0.538444,-0.41408172,0.08836615,0.6014332,-0.034357786,0.2554723,0.25837654,0.2585065,0.25840467
8.509238,8.442474,8.148955,7.719261,7.3337507,7.3805666,7.8445654,7.211021,6.3285837,6.024335,5.9332247,6.264328,4.5839276,3.6884155,3.0564785,2.433451,2.2781243,1.1306791,0.34958872,-0.065636605,-0.23371327,-0.40867478,-0.59593767,-0.7443047,-0.9720186,-1.0742638,-1.0479604,-1.1099298,-1.6587386,-1.9106611,-1.4712417,-0.83388287,-0.66304225,-0.46235693,-0.24907914,0.10030072,-0.49621165,-1.0609298,-1.0995393,-1.0758233,-1.6544719,-2.3612847,-2.596158,-2.3227284,-1.4754893,-0.43852404,-0.38515604,-1.0270889,-1.4573289,-1.8172829,-2.3679898,-2.2918503,-1.9107697,-1.2949616,-0.9462403,-0.3969708,-0.013638828,-0.008728828,0.08982101,0.32776004,-0.19756001,-0.7207796,-0.67136806,-0.700283,-0.90430635,-1.1638993,-1.348502,-1.2620809,-0.7663291,-0.3430363,0.42574534,1.3244824,1.691977,1.891711,2.2920473,2.7779078,3.3613248,3.4828205,2.7468257,2.116592,1.6089323,1.4571782,1.5539467,1.7395098,1.8782785,1.7724491,1.5430622,1.4328827,1.3179436,1.2312987,1.3767953,1.5312077,1.8877877,1.9662526,2.174631,2.3940103,2.9564075,2.409389,1.5852895,1.3389523,0.7090783,0.2802363,-0.16939217,-0.8947725,-1.5426433,-1.8791713,-2.1763914,-2.05266,-1.7699373,-1.516592,-1.1408345,-0.6970898,-0.2381901,-0.35843733,-0.9922172,-1.5045464,-1.4025021,-0.51252633,0.020980686,0.13273606,-0.057985246,-0.61888325,-0.81093556,-0.60011554,-0.3201715,-0.26141262,-0.38853708,-0.64816034,-0.91975576,-1.0960983,-1.2374488,-1.413441,-1.5135918,-1.9282482,-2.5371983,-3.078262,-2.6671293,-1.6145858,-0.9673759,-0.76398855,-0.5306606,-0.33162314,-0.97863424,-1.6615036,-1.5745659,-1.5606043,-1.4967833,-1.4858383,-1.6828597,-1.8309026,-2.045699,-2.0430312,-1.5321205,-1.1020098,-0.97516227,-0.8977764,-0.9456804,-0.9801465,-0.90822357,-0.8359036,-0.9155455,-1.120223,-1.3542937,-1.4715947,-1.5182617,-1.5276088,-1.6947198,-1.8896226,-2.2457442,-2.7919457,-3.164602,-3.3907418,-2.847652,-2.4030275,-1.9889319,-1.720484,-1.6833725,-1.8299334,-1.8590274,-1.6756006,-1.5590662,-1.3931096,-1.2320617,-0.9327111,-0.68680304,-0.4314115,0.09626023,0.48314393,0.40811047,6.018305,6.0150256,6.0149684,6.015154
-0.93974996,-0.9804292,-1.1994889,-1.4173414,-1.5327735,-1.7324135,-2.0214064,-2.2922843,-2.3423731,-2.334465,-2.2651868,-2.2350178,-2.1512413,-2.103424,-2.1937582,-2.3596108,-2.460703,-2.5018158,-2.3675702,-2.2379172,-2.3148856,-2.4813454,-2.4780188,-2.2427902,-1.5227989,-0.5332311,0.4312845,1.5762143,1.4526643,1.8713453,2.627617,2.7580214,2.5830164,2.2723553,1.9668444,1.3797375,0.34500065,-0.7702104,-1.5606267,-2.3432243,-2.1159651,-0.41082436,0.70710546,1.228663,1.4752771,1.2983013,0.79050523,0.4841308,-0.6658486,-1.4269311,-1.0786731,-0.5832945,-0.41310716,-0.7356154,-1.4542208,-2.1031864,-2.4735494,-2.4821224,-2.6644094,-2.7367167,-2.410256,-1.94787,-2.028391,-2.158614,-2.0734563,-1.8537346,-1.5185603,-1.0382825,-0.94116575,-0.8993574,-0.74077344,-0.6020404,-0.47843537,-0.31133568,-0.5354675,-0.58716357,-0.8668065,-1.417192,-2.1601353,-2.539744,-2.6425219,-2.2001705,-1.0263386,-0.20784944,0.06552781,0.18626861,0.32721996,0.611086,0.8785927,1.1740685,1.2077022,0.8131653,-0.027249739,-0.072355464,0.11659533,0.013087094,-0.3747449,-0.45132992,-0.4530824,-0.42736012,-0.74553436,-1.0068684,-1.2750256,-1.5205748,-1.5304512,-1.3727927,-0.9585108,-0.5804381,-0.3081085,-0.115598634,-0.07027356,-0.76047784,-1.3336772,-1.5002655,-1.4889165,-1.4951613,-1.6379602,-1.1747612,-0.82765007,-0.88661003,-1.172351,-1.5350652,-1.7943152,-2.139537,-2.2942314,-2.3730922,-2.4003434,-2.3661528,-2.22464,-1.9674246,-1.5228479,-0.96519744,-0.13707687,0.86106306,1.2382693,1.4678111,2.5418954,3.5104923,3.764186,3.7033882,3.513838,3.1966023,2.3737357,1.2934526,0.39523166,-0.968065,-1.849516,-2.0916,-2.1345716,-2.1136494,-1.9871062,-1.6182884,-1.3537186,-1.046489,-0.9862494,-0.9880427,-1.2380536,-1.5920061,-1.8384871,-2.0554748,-2.1859703,-2.0396984,-1.8032221,-1.7110204,-1.7439055,-1.832755,-1.7863781,-1.6852812,-1.4323413,-0.9457654,-0.4584239,0.2069831,0.90984744,1.1674839,0.9898105,0.7463988,0.37572965,0.13669878,0.15484759,-0.46851036,-0.8456,-1.263498,-1.399158,-1.938574,-2.0810647,-2.0768704,-2.2256746,-2.0899427,-1.7613736,0.54923606,0.55731714,0.55755424,0.55718505
-1.196221,-1.179664,-1.1894975,-1.2869805,-1.3113542,-1.4243195,-1.53811,-1.2578833,-1.1795492,-1.1329572,-1.2003418,-1.3079989,-1.4626267,-1.4585167,-1.4650453,-1.4473741,-1.459212,-1.2473605,-0.9725714,-0.6850232,-0.75071967,-1.0687865,-1.4741942,-1.8991793,-2.271108,-2.2302794,-1.9452256,-1.4285743,-1.0223624,-1.040874,-0.52632076,0.29658252,0.51673865,0.75684357,0.93190825,0.93305755,0.54035,-0.3204962,-1.2545877,-2.1052518,-2.2715876,-1.4098904,-0.18539467,0.69950753,0.59862185,0.46747023,0.41580462,-0.13149312,-1.0530982,-1.4233351,-1.3610749,-0.9091896,-0.43190825,0.20329638,-0.102203995,0.0038190782,-0.27928156,-0.27128166,-0.44252717,-1.0774109,-1.2281872,-0.6625323,-0.56273293,-1.0103409,-1.386579,-1.3537643,-0.8592529,0.41656613,1.0212276,1.3003972,2.0564032,2.680194,2.8154027,2.651472,2.4815805,2.5053148,2.3212872,2.0448337,1.8203743,1.5431235,0.91021794,-0.3018573,-1.4606936,-1.9247952,-2.238606,-2.2990885,-2.102994,-1.9559903,-1.8496435,-1.7053865,-1.6096742,-1.4276109,-1.6182754,-1.8287308,-2.0575583,-2.0212681,-1.8056808,-1.8856653,-1.9329846,-1.6636485,-1.4049299,-1.4162022,-1.4602679,-1.323986,-1.0272621,-0.7046662,-0.02934745,1.315252,2.4988992,2.9142182,3.1511743,3.2325845,3.137959,3.083231,2.733362,2.5180387,1.962848,1.5185833,1.3379343,1.002922,0.23004448,-0.6451928,-1.1883886,-1.4502739,-1.6491694,-1.7940695,-1.964345,-2.1531405,-2.321898,-2.4552722,-2.4555001,-2.3457665,-2.08815,-1.8232359,-1.6141177,-1.4580683,-0.9612455,-0.36724657,-0.11445482,0.07442202,0.21601927,-0.06402514,-0.79512584,-1.5117815,-2.0589046,-2.7370136,-2.8442492,-2.805377,-2.747299,-2.535473,-2.0321512,-1.0487251,-0.39987484,-0.18108958,-0.4891084,-0.98936284,-1.6021903,-2.0611696,-2.333249,-2.496177,-2.5353386,-2.5650864,-2.5737314,-2.4880128,-2.4463956,-2.4813242,-2.3875465,-2.1762998,-1.7574401,-0.95105463,0.031498432,1.4701242,2.5184522,2.678793,2.9068663,2.9566553,2.6588514,2.3702695,2.1332085,2.023551,2.0282607,1.680129,1.5673295,1.3329408,1.1613427,1.18361,1.5450052,1.769931,2.354166,1.6395555,1.6353931,1.6352123,1.6353984
-3.2521806,-3.2547913,-3.2720475,-3.3179405,-3.2558296,-3.3056993,-3.3106613,-3.179983,-3.00697,-2.8489268,-2.7759776,-2.9073033,-2.8889503,-2.8426328,-2.859083,-2.8302565,-2.8551517,-2.5399432,-2.208383,-2.0259328,-2.2264884,-2.5479465,-2.7987947,-2.9479327,-3.0308962,-2.867206,-2.4451833,-1.5701354,0.19895175,1.1087228,1.8020422,2.5335763,2.7084403,2.9657984,3.1827452,3.0475807,2.2044878,1.2206931,0.11626701,-1.653202,-2.7883294,-3.0462508,-2.887511,-2.7859325,-2.9090767,-2.6374326,-2.537729,-2.6858625,-3.0834095,-3.244584,-2.8611193,-1.9568126,-1.3522425,-0.8037222,-0.96659315,-0.9747863,-0.99076676,-1.0723226,-1.3259084,-1.6547161,-1.870884,-1.087178,-0.741184,-0.9597429,-0.7108957,0.19213818,2.3597128,6.188035,8.365746,9.5140915,10.619073,11.1335125,11.10479,11.044462,10.982416,10.965313,10.65889,10.338829,9.750012,8.618063,7.0211344,4.5222397,1.3067446,-1.0566772,-2.1687217,-2.6350608,-2.901288,-3.1655288,-3.2992094,-3.306558,-3.270906,-3.1957724,-3.1134694,-3.128497,-3.1137636,-3.0580142,-2.9939275,-3.1231556,-3.161368,-2.9590478,-2.7394805,-2.7284021,-2.8149788,-2.9036007,-2.8613331,-2.6971407,-2.2083766,-1.4242594,-0.72168887,-0.6383377,-0.74301046,-1.0842639,-1.6135027,-1.7247089,-1.7516857,-1.6034849,-1.4233456,-1.1823215,-1.009702,-1.3462048,-1.957247,-2.3582335,-2.6699972,-3.0651913,-3.3171353,-3.425265,-3.4782517,-3.502835,-3.51784,-3.539218,-3.46945,-3.2908804,-2.8302722,-2.1535993,-1.597299,-1.0359282,-0.21966976,0.46788102,0.70427316,0.80621165,0.69210815,0.103578955,-0.8432424,-1.6741421,-2.2440772,-3.23919,-3.9028716,-4.194337,-4.4258227,-4.508086,-4.4557304,-4.0031548,-3.5824509,-3.4869132,-3.495327,-3.6136322,-3.8500633,-4.1016464,-4.274738,-4.427417,-4.506364,-4.571703,-4.6173153,-4.5421877,-4.51684,-4.547919,-4.516111,-4.4424257,-4.287538,-3.8202155,-3.0803275,-1.8301733,-0.92525387,-0.84432393,-1.0009328,-1.1870503,-1.290147,-1.3604736,-1.5752466,-1.7216115,-1.7875923,-1.8793781,-2.0606017,-2.4066868,-2.6202683,-2.7121255,-2.6041985,-2.6044798,-2.2841098,-2.264389,-2.2631805,-2.2631116,-2.2632556
3.5928004,3.677384,4.7741547,6.186806,7.7654157,8.653121,9.248734,10.034743,10.375299,10.398196,10.251013,10.24143,10.851337,11.126252,11.208821,11.142448,10.998514,10.56022,9.859804,8.793571,7.6831646,6.2415214,4.412723,2.4710884,0.5438973,-0.49916926,-1.3110027,-2.0123231,-2.2187996,-2.0857253,-2.1351354,-2.115716,-2.0394187,-1.9696765,-1.8552008,-1.483788,-1.5165477,-1.4189844,-1.4256654,-1.7133452,-2.124063,-2.3996444,-1.9880025,-1.424471,-1.0772433,-0.54857475,-0.47133273,-1.0471296,-1.8202221,-2.5802894,-3.4777377,-3.683537,-3.24335,-2.3166986,-1.3079302,-0.7303511,-0.63257474,-0.7428849,-0.79398066,-0.7471972,-0.7430264,-0.9524879,-1.2973332,-1.7543714,-2.0770226,-2.1447153,-2.0980978,-1.7401714,-1.1831235,-0.9146889,-0.72602594,-0.32255673,-0.29396564,-0.4825688,-0.4897688,-0.24868938,0.12475109,0.55303556,0.7158824,0.5765321,0.28066236,-0.17945258,-0.820882,-1.2867477,-1.6848516,-1.6894387,-1.6167374,-1.812166,-2.0769403,-2.339222,-2.405324,-2.327368,-2.2095811,-2.2097092,-2.0256977,-1.6565623,-1.4730995,-1.5429106,-1.6172097,-1.704883,-1.6767132,-1.7044228,-1.8874266,-2.3371053,-2.7004156,-2.9219499,-3.1788383,-3.2665272,-3.3144493,-3.3405156,-3.2620244,-3.164452,-2.8444796,-2.5549622,-2.1427042,-1.8667264,-1.2992268,-0.4463134,-0.18592009,-0.016625497,-0.3825469,-0.49287406,-0.4253215,-0.61683774,-0.83478284,-0.94150436,-1.0112898,-1.0882235,-1.1748668,-1.2841413,-1.3588526,-1.3509133,-1.660238,-2.0892658,-2.4226446,-2.9974937,-2.8361783,-2.3532665,-2.056468,-1.8779328,-1.7189419,-1.5662653,-1.6271534,-1.5904835,-1.5247514,-1.6337812,-1.7719575,-1.9077972,-2.004146,-1.888313,-1.7051619,-1.4541684,-1.1851659,-0.7275231,-0.52249616,-0.43120563,-0.40796578,-0.50252324,-0.6439396,-0.9767545,-1.378206,-1.8639392,-2.2819138,-2.5837488,-2.7046328,-2.7836068,-2.9694743,-3.1598878,-3.4633594,-3.8537056,-4.0181293,-4.0345554,-3.849677,-3.8118324,-3.7378302,-3.719688,-3.8703387,-3.9393024,-4.022377,-4.072313,-4.0165286,-3.7576337,-3.6266518,-3.29411,-3.2245533,-3.047224,-2.6541886,-2.6582155,-2.8693538,1.2953074,1.2957768,1.2956011,1.2959282
-2.4491673,-2.4875658,-2.5225482,-2.2343514,-1.8465714,-1.7968518,-1.697207,-1.6296111,-1.5742363,-1.6507094,-1.734132,-1.7750413,-1.6900835,-1.6081842,-1.5283461,-1.4685078,-1.5117985,-1.3445784,-1.2680415,-1.1594948,-0.8555354,-0.31440818,0.25039572,0.7744405,1.0634443,0.8905531,0.6396712,0.3409127,-0.30283988,-1.2671572,-1.6824335,-1.5878676,-1.6089352,-1.6733603,-1.8066769,-2.1110466,-1.7146314,-0.7702944,0.1247189,0.84108657,0.47161976,-0.7356461,-1.7894044,-2.3770533,-2.26052,-2.0784955,-1.8722277,-1.62953,-0.971444,-0.5878006,-0.6120987,-1.039062,-1.4447801,-1.8647767,-1.9417372,-1.8622519,-1.3607655,-1.3489803,-1.1984789,-0.9045968,-0.89263976,-0.6634469,0.18937427,1.2504534,2.1140113,2.1900604,1.7720335,0.8886269,0.14193138,-0.5888677,-1.2603736,-1.8754852,-2.2526145,-2.3296165,-2.2527752,-2.252025,-2.438923,-2.3927257,-1.9894215,-1.5857898,-1.4101053,-1.4928595,-1.5227196,-1.4628311,-1.3112711,-1.3802022,-1.5668812,-1.6338519,-1.7224793,-1.8455958,-2.0032973,-1.970679,-1.642331,-1.4149088,-1.2547712,-1.3904079,-1.5595684,-1.5685285,-1.5301934,-1.5846448,-1.6331685,-1.603335,-1.4578828,-1.2354956,-1.1883336,-1.2166643,-1.3624336,-1.8036656,-2.089994,-2.230468,-2.1742375,-1.8596393,-1.6955693,-1.826999,-1.9447275,-1.9537745,-1.6830711,-1.3983254,-1.3634504,-1.1796774,-0.5365849,0.3081242,0.7784636,1.0173011,1.0376419,1.0132523,0.9475027,0.83341277,0.63561916,0.3168776,-0.025523067,-0.32877988,-0.5408666,-0.729214,-0.7308765,-0.9602101,-1.4946307,-1.8251761,-1.8253692,-1.8212285,-1.8988776,-1.8097115,-1.1543599,0.12858751,1.0700493,1.8831662,2.01221,2.0631647,1.8097737,1.2589798,0.46750793,-0.6315202,-1.2898858,-1.4223064,-1.1430926,-0.7847384,-0.3885916,0.1310535,0.852528,2.007011,3.0908568,3.8619275,4.454512,4.9470115,5.1814013,5.3069324,5.393893,5.4037995,5.2753015,5.028757,4.824993,4.11792,2.6362169,1.8677114,1.3046337,0.7134762,0.7130859,0.72629607,0.72828686,0.5502527,0.4588781,-0.020703658,-0.042293146,0.15931694,0.18292685,-0.04079312,-0.3088373,-0.47057724,-0.46977034,-2.6461806,-2.6514642,-2.6516016,-2.6514218
-4.465681,-4.478115,-4.411713,-4.326808,-4.19632,-4.1543846,-4.071007,-4.121768,-4.279089,-4.3597903,-4.3999205,-4.273246,-4.2704086,-4.2885666,-4.399084,-4.526619,-4.6578426,-4.7571206,-4.7071614,-4.639303,-4.687102,-4.8196707,-4.8963156,-4.8835845,-4.689987,-4.2871475,-3.5958643,-2.5844133,-0.9260005,-0.15354839,0.35566306,0.68195343,0.692847,0.75544417,0.80605376,0.5815718,-0.2791467,-1.2611032,-2.2874544,-3.466971,-4.1796474,-4.1075,-3.8186297,-3.5509858,-3.7754889,-4.0876617,-4.2182856,-4.377778,-4.7211843,-5.3050275,-5.602972,-5.714182,-5.8847613,-6.0866065,-6.103445,-5.3204594,-4.6212363,-4.5889196,-4.64883,-4.6254754,-4.81942,-4.662402,-4.545056,-4.418925,-4.051346,-3.8083377,-3.540971,-3.2759264,-3.482727,-3.76705,-3.5424762,-2.9337747,-2.444199,-2.2390528,-2.2812595,-2.107598,-2.1055517,-2.0315566,-1.9948776,-2.1266644,-2.3648598,-2.7082634,-2.9138265,-3.173424,-3.387097,-3.5917692,-3.7893858,-4.0353494,-4.1427402,-4.15751,-4.2073135,-4.37996,-4.5832095,-4.516186,-4.26351,-4.1550035,-4.206719,-4.3540497,-4.4609857,-4.5346932,-4.730506,-4.90757,-5.132248,-5.431716,-5.54133,-5.5349827,-5.36327,-5.14921,-4.9689283,-5.0075717,-4.9729557,-5.172574,-5.382339,-5.3747625,-5.202035,-5.0824814,-4.8838367,-3.8893619,-3.3749318,-3.3069162,-3.3543537,-3.0774932,-2.999694,-3.3321192,-3.6328444,-3.8533025,-3.972871,-4.0750046,-4.1939893,-4.3164845,-4.433216,-4.412866,-4.1982536,-3.7843597,-3.5169463,-3.43671,-2.8879871,-2.0186305,-1.7200007,-1.6538992,-1.8564627,-2.3792484,-3.1855168,-3.7636104,-3.9551547,-4.5074673,-4.9092627,-5.025385,-5.1344967,-5.167931,-5.146309,-4.926244,-4.6413345,-4.387292,-4.338092,-4.407185,-4.6403894,-4.919243,-5.087822,-5.237432,-5.3109584,-5.3677626,-5.39176,-5.3274374,-5.3236156,-5.351925,-5.3551483,-5.3745503,-5.426257,-5.4063044,-5.217711,-4.774873,-4.3737836,-4.248278,-4.275621,-4.495851,-4.668334,-4.769948,-4.9085183,-5.1881247,-5.3009,-5.473425,-5.646153,-5.942752,-6.178718,-6.318071,-6.325817,-6.3335705,-6.1155677,-4.2955875,-4.289298,-4.289125,-4.289382
-1.1520221,-1.1344532,-1.1375864,-1.2053574,-1.3409683,-1.4152721,-1.225025,-0.76231587,-0.4603151,-0.07802354,0.14294147,-0.032759354,-0.026851684,0.007346168,-0.17524092,-0.45198256,-0.77041686,-0.87193894,-0.68565077,-0.51758873,-0.56810606,-0.73284787,-0.85333014,-0.90579236,-0.81217754,-0.5393646,-0.45385858,-0.41390598,-0.3844205,0.04246965,1.1472292,2.1776817,2.4898431,2.9933999,3.571893,4.254966,3.9116876,2.5763943,1.1715721,-0.5190433,-0.66495436,0.0233818,0.48318616,1.4151043,2.0358024,2.3305798,2.305746,2.238863,2.0971718,2.5887213,3.6459136,5.3489676,6.2140274,7.3848743,8.627176,9.749962,10.474323,10.605524,10.7219305,10.8513,9.815123,8.409057,6.142568,3.6253357,1.2996883,0.6224283,0.7391719,1.1040246,0.770355,1.1016669,2.023126,3.179338,3.5981035,3.4729075,3.1173642,2.9354963,2.8529167,2.8704221,2.382343,1.6123447,0.9897674,0.29207623,-0.5215347,-1.101344,-1.3940451,-1.5872175,-1.712004,-1.8011124,-1.767909,-1.6832266,-1.6295669,-1.8182107,-2.0637448,-2.0475104,-1.9417374,-1.7941841,-1.6453686,-1.7528328,-1.7589314,-1.536214,-1.1859426,-0.7963383,-0.2283038,0.8443579,1.9282116,2.7396567,3.8002956,4.7896633,5.484989,6.117844,6.8052855,6.906679,6.8068132,6.7054777,6.55609,6.410573,5.6037083,3.824994,2.7154245,1.8323117,0.92503756,-0.06100295,-0.3847931,-0.30736944,-0.21233872,-0.138217,-0.16217925,-0.175236,-0.16144869,-0.0023158751,0.3335204,0.40924805,0.78466654,1.1880908,1.5787779,1.8355169,2.1171215,2.4357347,2.7586784,3.038499,3.138456,2.6121407,1.5007836,0.19635753,-0.64957786,-1.3776305,-1.531699,-1.5457625,-1.5923076,-1.5855012,-1.4480826,-0.77520126,-0.20770699,0.11671748,-0.021756489,-0.34547156,-0.76394343,-1.238234,-1.5650042,-1.6623999,-1.5257035,-1.2327554,-0.9695368,-0.7005374,-0.61550725,-0.61239696,-0.39336503,0.015226543,0.7365373,1.9631577,3.021763,4.3714285,5.688166,6.037896,6.203658,6.2556057,6.1758556,6.1173286,6.027079,5.894167,5.8754196,5.944707,5.9090314,5.633421,5.2926836,5.1000733,5.155222,4.93478,5.0174055,1.7999015,1.7956448,1.7955507,1.7955971
-1.1936853,-1.2870798,-1.6281462,-1.721952,-1.4889038,-1.3401036,-0.95281583,-0.8505378,-0.92332923,-1.1252775,-1.2907478,-1.090286,-0.8180445,-0.67980933,-0.49077326,-0.1290736,0.22528711,0.98571277,1.4095299,1.6596141,1.9964776,2.2815113,2.4359345,2.3081603,2.044655,1.877877,1.6389377,1.5729012,0.8915686,-0.12653533,-0.84872127,-0.9416413,-0.8746273,-0.88145053,-0.9604612,-1.0171127,-0.3743518,0.81846726,1.946588,2.6926498,2.6154876,1.5266681,0.058098555,-0.8792679,-0.8973932,-0.82136554,-0.52606523,-0.085076615,0.66707957,0.70185524,0.25314468,-0.68780243,-1.3957527,-1.9375091,-1.5585823,-1.3273742,-0.7476493,-0.70541525,-0.63155115,-0.28547937,0.22142184,1.0275993,2.0747135,3.05345,3.587339,3.359445,2.7816052,1.5645356,0.7491533,0.1586554,-0.5267198,-1.1091018,-1.5611043,-1.6878768,-1.6124535,-1.577549,-1.4449737,-0.8504749,0.22567421,0.84948283,0.63006485,0.12903637,-0.0029018223,0.1245358,0.3954521,0.39396182,0.17966744,0.065921426,-0.073409855,-0.3020949,-0.53279364,-0.5269737,-0.07622799,0.15105245,0.4160439,0.5342526,0.6643096,0.8343673,1.1060432,1.1236472,1.0488461,0.92769575,0.96104044,0.99276173,0.789957,0.5504706,0.13221282,-0.47384354,-0.92745113,-1.116819,-1.2601871,-1.0898403,-0.82204384,-0.8296946,-0.76140225,-0.78233767,-0.58346653,-0.44846436,-0.4280612,-0.42076278,0.22862434,0.99514645,1.5548468,2.225089,2.6003103,2.7348986,2.770275,2.7535625,2.6189225,2.3530884,1.9191327,1.4759657,1.1833608,1.0316246,1.1876161,0.95583045,-0.027861211,-0.6312969,-0.6286787,-0.57908815,-0.4763618,0.06184319,1.2450365,2.5577042,3.1053357,3.571291,3.72909,3.806151,3.6462383,3.1227741,2.0960233,0.30784443,-0.7539959,-0.99196005,-0.5037898,0.22806792,1.0034692,1.8150027,2.637896,3.4466164,3.9090738,4.147377,4.241093,4.3203936,4.3323135,4.4536486,4.420541,4.249002,3.944216,3.4298038,2.7345593,1.1045489,-0.49655378,-0.7015158,-0.81570035,-0.8028917,-0.5532052,-0.3620822,-0.23943242,-0.19909123,-0.39779457,-0.6449907,-0.7210272,-0.7596824,-0.63410515,-0.8755182,-1.2019188,-1.1448818,-1.4428651,-2.0923822,-2.0899155,-2.089703,-2.0899491
-1.624763,-1.6491011,-1.686756,-1.7273207,-1.6930097,-1.6969835,-1.6082451,-1.7275231,-1.886405,-1.9297801,-1.9249998,-1.7876508,-1.8610177,-1.8559129,-1.8780122,-1.8576524,-1.8938727,-1.9726322,-1.9587197,-1.8802195,-1.7343111,-1.5750825,-1.4286219,-1.3139981,-1.3469305,-1.4884913,-1.5514909,-1.3682456,-1.020121,-1.1878495,-1.2920947,-1.2939811,-1.2446105,-1.187043,-1.0801136,-0.8535782,-0.91668564,-0.8965818,-0.98242116,-1.0547707,-1.4212732,-2.123727,-2.4607325,-2.2290816,-1.8713894,-1.8798885,-2.2002523,-2.7381616,-3.0190098,-2.9061828,-2.9931278,-3.372737,-3.6238942,-3.66572,-3.164946,-2.4909225,-2.064732,-2.16758,-2.1756635,-1.729754,-1.3210491,-1.2818868,-1.1479477,-0.8209283,-0.49581522,-0.43117663,-0.6416882,-1.1272827,-1.4317112,-1.6987036,-1.6597844,-1.1592333,-0.8990087,-0.8672819,-0.79447925,-0.46148595,0.06629598,0.777558,0.94693077,0.10290551,-0.72410184,-1.19345,-1.3301411,-1.4074855,-1.462673,-1.5880334,-1.818932,-2.0553584,-2.2259898,-2.3809376,-2.4505742,-2.4115317,-2.2164042,-2.0647316,-1.9411191,-1.9480748,-2.0181873,-2.2020931,-2.358443,-2.549615,-2.9078102,-3.2066898,-3.4057732,-3.5621,-3.674375,-3.7395992,-3.7617228,-3.7770844,-3.736792,-3.6739807,-3.5119834,-3.3557656,-3.141878,-2.95747,-2.6234283,-2.5721686,-2.4814816,-2.0344038,-1.6445305,-1.7661242,-2.2099464,-2.2668834,-2.240848,-2.2139602,-2.2269888,-2.2944508,-2.3550525,-2.4298162,-2.608275,-2.8546104,-3.1949947,-3.5446362,-3.8603024,-4.0420938,-3.9613018,-3.6289487,-3.1199386,-2.4976406,-2.1124847,-1.9005613,-1.8551551,-1.9091905,-2.2153573,-2.1305714,-1.7556916,-1.554889,-1.6736523,-1.7953651,-2.0350604,-2.3005786,-2.6439867,-2.8979797,-2.6521559,-2.230098,-2.0589342,-2.045373,-2.1268208,-2.1529715,-2.0820823,-1.9243376,-1.7953463,-1.7678952,-1.7255759,-1.6071541,-1.5462999,-1.5728897,-1.6246473,-1.6992311,-1.907197,-2.2553158,-2.5020711,-2.9570832,-3.2233233,-3.1947298,-3.1986108,-3.2115073,-3.185369,-3.1346483,-3.2037785,-3.1397839,-3.0916977,-3.015708,-2.969265,-2.9644809,-3.16826,-3.3344781,-3.2118344,-3.21314,-3.2470326,-2.4327717,-2.4257543,-2.425524,-2.4258375
-1.3197408,-1.3463569,-1.1880641,-0.7914388,-0.50342023,-0.27348316,0.21763238,0.42595884,0.5314765,0.46373135,0.26810256,0.22791952,0.68723106,0.95333016,1.1739765,1.4056128,1.4944463,1.6937482,1.7660415,1.8712635,2.0012288,2.2504919,2.575574,2.8447685,2.9625554,2.8378425,2.5049663,1.82739,1.5400589,1.8725235,1.5080559,0.918181,0.9048256,0.9483254,1.034017,1.4540155,2.2793162,2.4324756,2.2794495,2.3624673,2.254383,1.4109042,0.5898354,-0.06617154,0.3900192,1.8604219,3.8021586,6.069117,8.508647,9.461686,9.676415,9.27579,8.918531,7.849109,6.0483418,3.76798,2.5574083,2.431698,2.4319072,2.1588395,1.9852983,1.5205487,1.7147005,2.2363307,2.6003284,2.4298093,1.8036377,0.8132628,0.47207093,0.36493036,-0.010235399,-0.4747982,-0.71321803,-0.45930398,-0.12744991,0.05292105,0.32749626,0.6911377,1.0125763,1.0693731,1.3676677,1.8668042,2.0714035,2.176744,2.4096117,2.4784303,2.431851,2.343163,2.4864724,2.6412606,2.4157343,1.9231384,1.5025117,1.4109421,1.383942,1.3283675,1.0611501,1.1504773,1.2258348,1.1765532,1.2363249,1.4452671,1.7648649,2.1710918,2.4464946,2.4844956,2.3452942,1.8869843,1.3433537,0.75626814,0.2350479,0.28119618,0.5462948,0.6651424,0.5137559,0.37705198,0.26099855,0.21988903,0.414764,1.2655205,2.4982586,3.037236,3.2367077,3.7230382,4.037618,4.141927,4.21725,4.254758,4.2709465,4.2483673,4.0152187,3.7614202,3.482808,3.2214828,3.036046,3.2678123,3.0328062,1.9707421,1.4276581,1.2994869,1.6669391,3.0298138,4.7874565,5.242759,4.9065514,5.124108,5.338256,5.410177,5.3906164,5.3860545,5.2300873,4.4274416,3.263238,1.8615618,1.8929043,2.3026042,2.841761,3.4491978,3.8785143,4.150635,4.2713146,4.4244246,4.61119,4.8377476,4.8893476,4.9429092,5.0255685,4.999447,4.8738356,4.5903687,4.259959,3.5399652,2.115448,1.5124769,1.1589154,1.0873994,1.3879578,1.6586828,1.8406742,2.125297,2.0107484,1.9253743,1.992054,2.0141952,2.211382,2.3324604,2.2040188,2.0013528,1.917119,0.032766864,0.029840287,0.029719874,0.029871661
-1.1267176,-1.0771363,-0.8548759,-0.71244,-0.72291934,-0.557734,-0.4055105,-0.035848737,-0.095814526,-0.22278833,-0.2817458,-0.042163134,0.10061473,0.084260106,0.031065464,-0.018411279,0.031024396,-0.051144123,0.014680743,0.01845932,-0.3387323,-0.97545195,-1.6724589,-2.2868903,-2.8437822,-3.2227688,-3.5165138,-3.7634287,-3.1215641,-2.50262,-2.389446,-2.3958802,-2.4597578,-2.4576707,-2.4451327,-2.2814472,-2.363975,-2.738574,-3.0430133,-3.1369138,-2.4550352,-1.0953385,0.4043662,2.0736566,2.6843228,1.2251114,0.011665583,-0.92830837,-1.7928195,-2.3510754,-2.8116603,-2.8323083,-2.65331,-2.6019902,-2.089697,-0.65723014,-0.045695364,0.04242307,0.16830945,0.19347265,-0.29074726,-0.8299828,-1.1038516,-1.6172609,-2.3080814,-2.6108174,-2.841361,-3.2992387,-3.6322498,-3.9019833,-3.98555,-3.579044,-3.3687897,-3.6131744,-3.7831907,-3.8607397,-3.9448142,-3.9950438,-3.8925452,-3.6323624,-3.3139038,-2.8472004,-2.2951667,-2.0894742,-2.2362156,-2.1645825,-1.9785365,-2.0143578,-2.1656213,-2.3709931,-2.3805413,-2.4475114,-2.4950542,-2.400528,-2.0477571,-1.7635707,-1.8397963,-1.8841466,-1.8632114,-1.8908902,-1.8235567,-1.8735417,-2.112627,-2.4818172,-2.5632334,-2.5196214,-2.4341178,-2.2993011,-2.1286464,-1.9404213,-1.6108264,-1.4793763,-1.1968168,-1.1020963,-0.93637747,-0.6896293,0.047385752,0.82963014,0.92965245,0.8573974,0.5709233,0.54506576,0.39474282,-0.37106052,-1.0567353,-1.4869874,-1.7550071,-1.973573,-2.1792762,-2.2961614,-2.3839397,-2.4473617,-2.6657877,-2.8147504,-2.7070198,-2.6322339,-2.6775365,-2.496398,-2.5334501,-2.6796212,-2.896198,-3.443861,-4.094657,-4.319002,-4.1483955,-3.9245496,-3.779946,-3.676498,-3.4849038,-3.1624153,-2.4331856,-1.3139174,-0.7500309,-0.17675096,-0.42621934,-0.8900762,-1.2595457,-1.7602711,-2.3118072,-2.8011584,-3.0574598,-3.1827724,-3.2202368,-3.2698865,-3.2786486,-3.273696,-3.2657404,-3.2312768,-3.148779,-3.0582657,-3.0380402,-2.6154256,-1.8902509,-1.4976959,-1.0990546,-1.0112009,-1.3359175,-1.5473173,-1.6909027,-1.7250948,-1.5388552,-1.5522791,-1.534756,-1.5526823,-1.694767,-1.7467606,-1.8073294,-2.10383,-2.0305634,-1.7447675,-1.7377365,-1.7376566,-1.7378212
-0.97780097,-0.9445131,-0.94370604,-1.120991,-1.4402936,-1.4992471,-1.3841275,-1.0131301,-0.96346474,-0.8582773,-0.7891071,-0.8290839,-1.2757505,-1.4225636,-1.541274,-1.630457,-1.6933796,-1.8480403,-1.9630663,-2.0574985,-2.3798947,-2.8740902,-3.3841968,-3.8472116,-4.350731,-4.6350446,-4.7802415,-4.731841,-3.8265562,-3.4616516,-3.0300794,-2.4266503,-2.2629888,-1.9650364,-1.8129544,-1.8180274,-2.1668727,-2.676782,-3.1184738,-3.3831944,-3.0546045,-2.0517702,-0.5795896,0.69489205,0.59377587,-0.5882246,-1.2333317,-1.6973989,-2.3388398,-2.7360032,-2.508503,-1.5187058,-0.57553536,0.1221517,0.07426509,0.753052,0.8085411,0.9253297,1.0376945,1.1651545,1.2418718,0.7992141,-0.20745757,-1.2160237,-2.0403047,-2.1197379,-1.7580346,-0.77837056,-0.5451193,-0.65097654,-0.32882372,0.023558676,0.15132731,-0.08673072,-0.13901871,-0.15716612,-0.21630353,-0.31324446,-0.19120763,-0.1568987,-0.57201284,-1.2508048,-1.8335458,-2.0030117,-2.1360612,-2.080229,-1.8889947,-1.8018838,-1.7951518,-1.7178059,-1.4163442,-1.0270042,-0.9730285,-1.089126,-1.0788746,-0.9028226,-0.7965368,-1.1127834,-1.3397022,-1.2402089,-1.0465217,-0.9879788,-1.1117005,-1.3461134,-1.4524603,-1.401648,-1.2652068,-0.8470282,-0.45577696,-0.22895432,0.14038713,0.53566146,0.8008402,0.78229827,0.2828273,0.048703767,0.25765318,0.25426975,0.10252779,-0.12662515,-0.7153556,-1.510631,-1.9408991,-2.2564428,-2.4514208,-2.550322,-2.6234245,-2.7045507,-2.7641358,-2.7741451,-2.698701,-2.5562327,-2.3521333,-2.184855,-1.9190762,-2.0380766,-2.0746918,-1.8768185,-1.8705083,-1.892915,-1.9140897,-2.3854556,-3.084862,-3.447345,-3.6459236,-3.9957163,-3.97476,-3.9383414,-3.9078684,-3.7756205,-3.5814908,-3.185946,-2.7101924,-2.3579729,-2.5374963,-2.8769934,-3.1998076,-3.5307574,-3.7970634,-3.987937,-4.002018,-3.96143,-3.9235902,-3.838048,-3.7815385,-3.744315,-3.628862,-3.4523797,-3.1480665,-2.6408815,-2.136101,-1.0109782,0.28178203,0.5119766,0.7466552,0.753423,0.44176143,0.16019902,-0.08389334,-0.238318,-0.06849159,-0.28698114,-0.28062,-0.23895656,-0.42920396,-0.4761206,-0.39921698,-0.74666035,-0.5524632,-0.2858113,-0.28679597,-0.28689176,-0.28680307
-1.9308614,-1.9381156,-1.8991268,-1.8855442,-1.8046279,-1.7361321,-1.5658288,-1.4556909,-1.4134524,-1.3319485,-1.145966,-1.0052736,-0.9058789,-0.8799031,-0.94515425,-1.0068893,-1.0816189,-1.3029948,-1.6988919,-2.2309785,-2.716064,-3.1045089,-3.3394613,-3.4542053,-3.3939497,-3.1139412,-2.7377553,-2.054416,-1.1979562,-0.5880678,0.045912474,0.46672416,0.4786824,0.46215895,0.33735758,-0.094566315,-0.8105205,-1.3200296,-1.6854376,-2.364232,-2.5010831,-0.8019021,1.2671478,2.1309638,2.4002938,2.2163982,1.5838306,0.86151147,-0.12267813,-1.1469394,-1.7238029,-1.5930822,-1.3815918,-1.3967534,-1.9818726,-1.4347941,-1.2734108,-1.0987785,-1.0320584,-0.6773396,-0.4740135,-0.7691123,-1.4184972,-2.0548544,-2.4241455,-2.3450384,-1.8520093,-0.7134901,-0.29935616,-0.2096048,0.11826974,0.43528536,0.65014416,0.71662384,0.40354615,0.32113624,0.2627361,0.20858613,-0.008719623,-0.318857,-0.93496877,-1.7585967,-2.3251026,-2.4981084,-2.5532598,-2.537582,-2.4813452,-2.4399257,-2.3461215,-2.2221017,-2.1299038,-2.1453726,-2.410772,-2.4618943,-2.4496305,-2.4302347,-2.4090068,-2.566267,-2.6971245,-2.6514006,-2.6707082,-2.7337594,-2.8195612,-2.8295677,-2.7065952,-2.4950452,-2.044011,-1.3157331,-0.5722451,0.16517946,1.0834682,1.3671821,1.4739522,1.3813559,1.6393101,2.2371988,3.2018123,4.141254,4.722728,4.825349,4.4735017,3.3140209,2.0443254,0.86376387,0.0133135915,-0.6244023,-1.0989058,-1.5090654,-1.8530102,-2.197196,-2.4343185,-2.3685338,-2.02202,-1.5189087,-1.1325572,-0.9048094,-0.15618426,0.76735157,1.1034563,1.1740711,1.076096,0.39418015,-0.57481617,-1.0400333,-1.5654404,-2.6482706,-3.2310214,-3.4723217,-3.6099508,-3.555569,-3.2737584,-2.4502203,-1.7481358,-0.89882207,-0.8288724,-1.0500498,-1.462934,-1.9383653,-2.2684436,-2.6478872,-3.0963316,-3.4278998,-3.6290493,-3.7772386,-3.8899407,-4.021146,-4.0794005,-4.0177445,-3.7902973,-3.272016,-2.6962016,-1.7094872,-0.5623967,-0.197671,-0.18395855,-0.1834293,-0.35039106,-0.47751433,-0.45898598,-0.6900344,-0.706359,-0.83317924,-1.0072107,-1.2346287,-1.3540208,-1.4474674,-1.56078,-1.7741381,-1.5075113,-1.4503443,-1.4470011,-1.4469498,-1.4470752
-1.344802,-1.3511453,-1.2011542,-0.8355532,-0.42297605,-0.06850004,0.2810369,0.38010946,0.35851413,0.5620019,0.8404893,0.96967936,0.82909906,0.6141675,0.30488968,-0.026425838,-0.2185972,-0.820691,-1.2070895,-1.4358443,-1.5644585,-1.873079,-2.3033023,-2.6243231,-2.849196,-2.8814008,-2.7750566,-2.564198,-1.717528,-1.0401253,-0.65378976,-0.6718182,-0.6903243,-0.7553035,-0.82497865,-0.7715912,-1.2918342,-1.6169342,-1.686983,-2.0379417,-1.4686526,0.7047909,3.1802275,5.0146885,7.3660808,9.572512,10.136766,9.753096,8.010359,5.0129795,1.6868016,-0.02979318,-0.52858305,-0.43270352,-0.22151718,0.3284009,0.7130723,0.5882115,0.36508673,-0.14294752,-1.5215698,-1.7799485,-1.582908,-2.0753422,-2.6675434,-2.9144785,-2.8358045,-2.1116066,-1.3178856,-0.8707663,-0.4757575,-0.105662815,-0.20202304,-0.53046125,-0.98089314,-1.0751195,-1.0412805,-0.9425113,-1.1437398,-1.0749416,-0.96233624,-0.66188973,-0.26208872,-0.25244892,-0.34042174,-0.35087365,-0.53380173,-0.75729334,-0.9923053,-1.3281686,-1.5944008,-1.728438,-1.6524304,-1.5804374,-1.2776268,-0.98479456,-1.0306665,-1.202794,-1.3945764,-1.5419184,-1.76435,-1.9098359,-2.0106215,-2.063149,-1.9543339,-1.7844844,-1.4294649,-1.0141115,-0.68048227,-0.21894087,0.96143746,1.6977437,2.885292,3.8733616,5.783259,7.220316,8.449543,9.278506,9.5665865,9.27942,8.565657,7.718047,6.1121416,4.1328993,2.3766432,1.083043,0.15033975,-0.62323403,-1.2867241,-1.9166899,-2.5325546,-2.914312,-3.1517005,-3.260126,-3.1243372,-3.1838608,-2.6772754,-1.7401402,-1.2533789,-1.0380574,-1.0038985,-1.3097447,-1.8298862,-1.8624151,-1.8134975,-2.2636483,-2.56594,-2.640337,-2.5385146,-2.2474675,-1.422014,0.060506955,0.97254336,2.1224566,2.3739934,2.3739855,2.11837,1.5592389,1.0542214,0.35943827,-0.540156,-1.2624626,-1.7494942,-2.1488097,-2.3661137,-2.5917819,-2.8650098,-2.9959786,-3.0242677,-2.9306564,-2.745259,-2.2431202,-1.7075146,-1.5463293,-1.4671429,-1.3968,-1.62295,-1.805443,-1.922477,-2.2987132,-2.4476752,-2.6174927,-2.6329408,-2.6558688,-2.6830359,-2.6790283,-2.5295944,-2.6583617,-2.5572114,-0.8137527,-0.8038008,-0.80353916,-0.80394375
-0.056137353,0.03512633,0.56299835,0.950065,0.9513137,0.96921533,1.3196058,1.2952763,0.7643419,0.10970196,-0.37886834,-0.022713631,-0.016806006,0.23441255,0.5694627,0.89631844,1.1593876,0.9925093,0.69378024,0.42440802,0.5198963,0.892179,1.1137317,0.9527364,0.6172597,0.22132248,-0.28861743,-0.7069088,-1.4411829,-1.6420085,-1.7693672,-1.7288634,-1.6825545,-1.6866187,-1.7295969,-1.8479536,-1.7051357,-1.0289088,-0.09220858,0.8150822,0.65484595,-0.6521681,-1.738116,-2.316549,-2.324295,-2.1878085,-2.0247853,-1.8014243,-1.5325341,-1.5600532,-1.7061415,-2.5816965,-2.980227,-3.208653,-2.7171283,-2.6915545,-2.67282,-2.6466537,-2.809332,-2.9210582,-2.5447788,-2.0815659,-2.3474104,-2.5803103,-2.588315,-2.5781522,-2.596623,-2.0897126,-1.3674188,-1.4843036,-1.9144382,-2.2917047,-2.3035755,-2.3789272,-2.3811097,-2.4691093,-2.499005,-2.2910914,-1.4448743,-0.50573087,-0.03243244,0.19354762,0.10437392,0.19953401,0.5013338,0.73732316,0.77505887,0.4524915,0.2283758,0.07678862,0.05773479,0.13091247,0.484346,0.66848236,1.0234647,1.2575778,1.1807736,1.253849,1.3347783,1.2234664,1.1414368,0.8341207,0.3902896,-0.37020373,-1.0891833,-1.5791285,-2.0984836,-2.4158404,-2.6574812,-2.9064155,-3.092819,-3.074936,-2.9444218,-2.9029353,-2.6349149,-2.327497,-1.7652636,-1.36959,-1.304302,-0.9655154,-0.2848761,0.44208348,1.1699636,1.6664164,2.0203912,2.2313838,2.4309669,2.6155896,2.7197912,2.6308672,2.4132304,2.2485533,1.8035765,1.0510879,0.27846897,-1.400552,-2.3801024,-2.4310708,-2.3474178,-2.2786448,-2.3855796,-2.3534086,-1.5567778,-0.038741678,1.0437875,1.8394525,2.157297,2.14931,2.0527275,1.9863019,1.4606055,0.38649213,-0.15631387,-0.33326858,-0.19487764,-0.10989383,0.07707399,0.19718292,0.33483028,0.43549043,0.42456138,0.24500982,-0.08182322,-0.31809175,-0.43369845,-0.4230756,-0.5358496,-0.7742126,-1.1742294,-1.8939317,-2.6411188,-3.6093996,-4.0601797,-3.953144,-3.6847167,-3.5249224,-3.4887862,-3.539002,-3.508892,-3.1712866,-3.0969234,-2.9962335,-2.9242942,-2.648875,-2.5120373,-2.3626924,-2.3934088,-2.3564973,-2.6319802,-1.5691142,-1.5738959,-1.5740249,-1.5737762
-2.8318584,-2.8257892,-2.7133799,-2.6173081,-2.471378,-2.430996,-2.4481866,-2.245234,-2.280253,-2.423007,-2.4464417,-2.2411563,-2.0128353,-2.0210717,-1.9959524,-1.9209327,-1.8881751,-1.7962365,-1.7110614,-1.7314091,-1.9617021,-2.330631,-2.6473808,-2.902609,-3.0804842,-3.1638415,-3.1620662,-3.1388946,-2.4644942,-1.8985329,-1.5789008,-1.529397,-1.5843954,-1.6641519,-1.6360755,-1.6008221,-1.8990839,-2.5047433,-3.0915737,-3.287809,-3.0164475,-2.2784429,-1.3696126,-0.40531677,0.09853746,-0.32042927,-0.8673123,-1.5949497,-2.3739016,-2.9106297,-3.4040298,-3.871539,-4.101386,-4.143735,-3.8462248,-3.211977,-3.069561,-2.9590464,-2.9777403,-3.3917913,-3.7639399,-3.6869178,-3.2372217,-2.9649057,-2.8053536,-2.8298101,-2.9320843,-3.3699987,-3.8075297,-3.9309974,-3.568696,-2.763474,-2.3119411,-2.4140344,-2.5420823,-2.521335,-2.6810853,-2.9255815,-3.2091303,-3.1585875,-2.750811,-2.3068564,-1.8447671,-1.7403286,-1.94131,-2.024822,-2.0366518,-2.0706644,-2.1653483,-2.3067615,-2.395999,-2.3626394,-2.338426,-2.225791,-2.0468264,-1.9953263,-2.1077075,-2.0765562,-2.0076241,-2.0233078,-2.0619354,-2.2365296,-2.4641047,-2.6610374,-2.577967,-2.4531946,-2.1966848,-1.7007596,-1.1066817,-0.80001855,-0.7593905,-1.0606815,-1.6814568,-1.8720965,-1.6912814,-1.3523455,-0.80371004,-0.1622966,0.11281076,0.08706421,-0.34415513,-0.68341297,-1.178422,-1.7011929,-2.1246002,-2.4093752,-2.6070883,-2.7762642,-2.9428568,-3.0659099,-3.1436386,-3.1908627,-3.3517241,-3.4923258,-3.5254154,-3.1380496,-2.4870143,-1.8842044,-1.7100003,-1.7110825,-1.7976582,-2.1727972,-2.8239503,-3.577448,-3.9085763,-3.8743641,-3.5996265,-3.2936199,-2.8491,-2.3821738,-1.3946002,-0.047913283,0.4502283,0.75054103,0.39254266,-0.17560315,-0.8491365,-1.4237629,-1.8167477,-2.0364637,-2.1015563,-2.1455045,-2.1120276,-2.0649848,-2.0276651,-2.073555,-2.0500946,-1.9615073,-1.78022,-1.4749568,-1.1426884,-0.5474403,0.113845244,0.1979585,0.2439519,-0.006517046,-0.4365753,-0.5714519,-0.7088195,-0.9593145,-0.97652495,-1.4061067,-1.6625884,-1.9865925,-2.2561371,-2.402687,-2.3735158,-2.4046872,-2.0749524,-2.4090977,-2.4038732,-2.4038525,-2.4039555
-0.9532494,-0.83759594,-0.47013807,-0.19910212,-0.18920255,-0.0048882663,0.07154015,0.08973829,0.25455165,0.2684784,0.40944362,0.55699515,1.148181,1.394032,1.4427717,1.3832483,1.4279078,1.909039,2.1999874,2.2047617,2.0449855,1.8653651,1.6575482,1.4007571,0.9950223,0.68015265,0.43375215,0.10536185,0.49745664,0.57661736,-0.1864898,-1.0016158,-1.248735,-1.4516996,-1.5498512,-1.4157946,-0.7145148,0.36250892,1.4382349,3.1202688,4.414447,5.1413064,5.326969,4.482832,2.787959,1.0752256,0.2224693,-0.26409602,-1.0946898,-1.7024688,-2.020344,-2.0677364,-1.7241313,-1.2439886,-0.87676835,-0.9717113,-1.0690718,-1.1811062,-1.3040879,-1.4128803,-1.243131,-1.7892363,-2.5751438,-2.826706,-2.6022072,-2.3360188,-2.330207,-2.1311462,-1.7461792,-1.8982574,-2.2969055,-2.1867895,-1.9964063,-2.0934448,-2.2612705,-2.2921805,-2.2476785,-2.012213,-1.7556252,-1.6791742,-1.6512203,-1.5092971,-1.3219442,-1.0833062,-0.8109346,-0.6636856,-0.5340104,-0.55014807,-0.5750309,-0.62341267,-0.74769455,-0.9665235,-1.2530636,-1.3321639,-1.2718548,-1.1077046,-1.2280124,-1.1588303,-1.0274881,-1.032394,-0.92239463,-0.70858896,-0.521904,-0.3774639,-0.24546966,-0.2226166,-0.35600436,-0.58755803,-0.94765866,-1.3166463,-1.6712581,-1.7910979,-1.6624755,-1.3843143,-0.9628225,-0.7486608,-0.40300384,-0.17495953,-0.40469673,-0.47960842,-0.6466545,-0.5141888,-0.21435061,0.07341272,0.3287993,0.5782562,0.8263078,1.1228429,1.437313,1.627213,1.6499611,1.5642807,1.1131551,0.57793444,0.38425168,0.35403815,-0.38471687,-1.3520727,-1.4569304,-1.2867504,-1.2266531,-0.92259264,-0.35988045,-0.07928696,0.5302246,1.769293,2.765933,3.5444355,4.617676,5.490388,6.5718317,7.441981,8.081038,8.338709,8.490111,8.580164,8.580545,8.321103,7.811721,7.0282497,6.2052197,5.4127913,4.6877885,3.8686094,3.4792347,3.0988352,2.6255682,2.2388349,1.8581569,1.2520894,0.79459286,0.12798728,-0.8944119,-1.6645665,-2.0282855,-2.1522865,-2.0758538,-2.1403031,-2.1309645,-2.2056117,-2.1850328,-2.2990904,-2.4321308,-2.4104314,-2.3281946,-2.23179,-2.2286716,-2.190031,-2.1300921,-0.6843424,-0.6832458,-0.6832481,-0.6832706
-3.418601,-3.4392648,-3.4694936,-3.4621992,-3.3670897,-3.3640237,-3.4274728,-3.4118757,-3.392363,-3.3836746,-3.3143668,-3.2615032,-3.1025085,-3.0986137,-3.0975401,-3.0705414,-3.1064968,-3.1323297,-3.1304882,-3.1719265,-3.3598762,-3.6275775,-3.7842479,-3.8102357,-3.7407918,-3.6428723,-3.4223533,-2.9748836,-1.4947982,-0.37816194,0.085047916,0.14605647,0.07630427,0.06919652,0.17777245,0.16309392,-0.41611555,-1.1560886,-1.8429087,-2.5884414,-2.8693404,-2.5088143,-2.1895082,-1.8289365,-1.5740998,-1.624325,-1.9659237,-2.2488494,-2.4986262,-2.9131489,-3.1358864,-3.098669,-3.2319884,-3.388597,-3.148665,-2.3930988,-1.9070415,-1.8659861,-1.963165,-2.3560457,-3.1939163,-3.069367,-2.1740775,-1.6796331,-1.0781417,-0.5774998,0.19995098,0.41744488,-0.3453005,-0.44318599,-0.07454122,0.60312074,1.1006242,1.2100288,1.1455088,1.0830133,0.87443364,0.50964016,-0.045659505,-0.38594955,-0.1729735,0.23163056,0.20587906,-0.72042215,-1.5331056,-2.0040631,-2.3597383,-2.6425803,-2.823186,-2.9658961,-3.070414,-3.2230437,-3.2947397,-3.1821742,-3.016026,-3.0674183,-3.2079458,-3.2612984,-3.285995,-3.3296962,-3.3550181,-3.3792477,-3.4514031,-3.5216365,-3.4200811,-3.2616973,-2.8588579,-2.5543523,-2.4530728,-2.5508394,-2.586822,-2.8229597,-3.2596292,-3.2686448,-2.8941584,-2.5374217,-2.241438,-1.7456434,-1.4739723,-1.7263422,-2.1284056,-2.1281557,-2.357214,-2.8442416,-3.2551074,-3.5386314,-3.7141771,-3.831254,-3.9475703,-4.03704,-4.0939293,-4.1396103,-4.1014824,-3.9163456,-3.6575575,-2.9158769,-1.8423989,-0.9431931,-0.77591753,-0.846751,-1.0962474,-1.8163347,-2.940816,-3.840776,-4.153357,-4.465484,-4.688681,-4.6934576,-4.6219935,-4.521537,-4.1492987,-3.4295697,-3.000472,-2.6278505,-2.6053438,-2.7081702,-2.9127026,-3.1610847,-3.3591373,-3.4991398,-3.594216,-3.652632,-3.6408134,-3.601491,-3.5943835,-3.6467786,-3.6517515,-3.619979,-3.5562172,-3.3104777,-2.9578028,-2.3828263,-1.7791488,-1.5995492,-1.6674762,-1.8527303,-2.0410738,-2.04386,-2.217688,-2.4396787,-2.5034652,-2.6112297,-2.878306,-3.2700796,-3.605761,-3.8391738,-3.841342,-3.8662307,-3.5895963,-3.450694,-3.4441266,-3.4439728,-3.4442523
-3.0847054,-3.0687966,-2.7974472,-2.6027756,-2.4939432,-2.333443,-2.0004644,-1.7885643,-1.8952115,-2.013535,-2.067456,-1.9040241,-1.565512,-1.3223591,-1.1117555,-0.7975862,-0.63970554,-0.121934935,-0.09732222,-0.34401086,-0.5261294,-0.56211954,-0.5076637,-0.6061847,-0.9217525,-1.2697175,-1.5351945,-1.4620651,-0.75535226,-1.056015,-1.6976185,-2.1581154,-2.2692642,-2.4093723,-2.5191488,-2.6236968,-2.4552798,-1.891051,-1.5079706,-1.2491235,-1.6502327,-2.2834883,-2.6499896,-3.026966,-3.4095154,-3.8477721,-4.0159855,-4.192271,-4.271092,-4.2489038,-4.2662563,-4.8088675,-5.182067,-5.5440187,-5.4675674,-4.9870176,-4.331562,-4.215043,-4.0873985,-3.6164856,-3.1309025,-3.0435894,-3.2644522,-3.032128,-2.7101114,-2.6432436,-2.7955017,-2.7559536,-2.6562212,-2.993217,-3.2765331,-3.2952542,-3.1733127,-3.1210685,-3.0994554,-3.068148,-3.037262,-2.7279363,-2.288766,-2.1583989,-2.4178817,-2.9630044,-3.459913,-3.6271405,-3.713604,-3.7641516,-3.7747743,-3.839778,-3.979434,-4.1475267,-4.247168,-4.155458,-3.943209,-3.8921657,-3.7084467,-3.494688,-3.473628,-3.376737,-3.2130895,-3.1576786,-2.936122,-2.848407,-2.8908348,-3.1325026,-3.3793638,-3.5511203,-3.7560964,-3.9985478,-4.2618074,-4.50456,-4.73045,-4.848469,-4.8366747,-4.7248874,-4.585248,-4.495681,-4.2198887,-3.7586753,-3.5119848,-3.4811432,-3.5464222,-3.3066258,-3.09898,-3.0277388,-2.9690392,-2.928608,-2.8679807,-2.829879,-2.8755813,-3.0370467,-3.276532,-3.421689,-3.7813869,-4.197111,-4.384128,-4.5827847,-4.1356425,-3.3823962,-2.9846969,-2.7921343,-2.8455656,-2.941332,-2.610721,-1.7620106,-1.2049927,-0.85853934,-0.8827166,-0.9200107,-1.017332,-1.148731,-1.4549723,-1.898471,-1.9460493,-1.6120615,-1.2263877,-0.8632417,-0.4215859,-0.08793447,0.24503954,0.50749826,0.62594485,0.50048625,0.20705336,-0.031861648,-0.20218825,-0.38845485,-0.5779415,-0.6972394,-0.92973024,-1.286558,-1.5425009,-2.24651,-3.4004478,-4.032704,-4.4583154,-4.736521,-4.7727733,-4.78023,-4.8664217,-4.87564,-4.840866,-4.8956494,-4.9363995,-4.866689,-5.0087843,-5.128465,-5.1030583,-5.095253,-5.0876274,-5.128651,-5.1295166,-5.1295633,-5.1294603
-1.7793853,-1.805434,-1.8919008,-1.960783,-1.9301624,-1.9638219,-2.0413187,-2.5052176,-2.6515188,-2.6701822,-2.7324302,-2.8671303,-3.1714163,-3.1988382,-3.274103,-3.4133775,-3.5289602,-3.5092893,-3.2423759,-2.838078,-2.6484742,-2.611431,-2.6251817,-2.4639506,-1.9629059,-1.1445918,0.2493227,2.4259834,5.884013,7.3993664,8.049084,8.362156,8.335799,8.418964,8.385472,8.069576,7.2119474,5.8927817,3.9754252,1.1580372,-0.5730785,-1.3075051,-1.7675928,-2.1173255,-3.0126843,-3.2698567,-3.1152892,-2.9780726,-3.0238214,-3.0444584,-2.7726398,-2.4796453,-2.6501493,-2.5881217,-2.6554801,-2.1515398,-1.7818053,-1.8056709,-1.9934628,-1.9979196,-2.366849,-2.464934,-2.6892567,-3.002372,-3.0367618,-2.805625,-2.1623693,-0.9144397,-0.2579096,-0.15090224,0.2129086,0.6319986,1.274045,1.8044438,1.7291384,1.6448362,1.1865346,0.64935595,0.13766293,-0.20024103,-0.471067,-1.1119703,-1.8653882,-2.3919058,-2.5606213,-2.705597,-2.8372164,-3.0284472,-3.0361948,-2.909494,-2.822088,-2.860128,-2.9363046,-2.8900213,-2.7549744,-2.752211,-2.7696512,-2.9250085,-3.0591807,-3.063109,-3.1748786,-3.3023987,-3.4767473,-3.7435563,-3.8829505,-3.8621614,-3.5975857,-3.0548604,-2.4933405,-2.3316333,-1.9311855,-1.8343663,-1.8425272,-1.7044944,-1.5572159,-1.5947418,-2.0285697,-1.628264,-1.3683517,-1.4742064,-1.6632792,-1.6247046,-1.6813905,-2.1034038,-2.4915714,-2.7670326,-2.919724,-3.0417824,-3.1557603,-3.2237697,-3.155623,-2.8922036,-2.191887,-1.1510527,-0.48012877,-0.07285918,0.5002756,1.174221,1.3395531,1.4072976,1.2161348,0.66599894,-0.23737311,-1.1727911,-1.6618176,-2.7678494,-3.6671047,-4.1305623,-4.487689,-4.621311,-4.5452147,-3.9519277,-3.373157,-3.083521,-3.0325775,-3.1069694,-3.3452058,-3.5763905,-3.7879405,-4.0301895,-4.200324,-4.3370447,-4.4517636,-4.4938526,-4.564662,-4.641057,-4.675215,-4.699734,-4.6857038,-4.44883,-3.9325871,-2.772452,-1.5907197,-1.0846379,-0.893801,-0.9320698,-0.76623285,-0.8062086,-0.9126731,-1.1816773,-1.4647775,-1.5317363,-1.7750809,-2.2745438,-2.4936996,-2.6296844,-2.6591845,-2.6843014,-2.504984,-1.4846966,-1.4812355,-1.4811038,-1.4813129
-0.7304127,-0.7368739,-0.781969,-0.79223305,-0.7353284,-0.5399767,-0.20871502,0.47072476,0.70515156,0.80942816,0.81244004,0.92504907,0.9966887,0.9911986,0.8913201,0.69239235,0.53093785,0.17733838,0.00023946166,-0.20461603,-0.45071393,-0.65764934,-0.77183115,-0.7543296,-0.6129725,-0.5508813,-0.78654796,-1.3449639,-1.004648,0.13985446,0.54659414,0.05674783,-0.22926421,-0.36729562,-0.32817292,-0.028559059,0.04967244,-0.13305072,-0.42063224,0.0881297,2.414231,5.664603,7.319021,7.8663816,7.4819317,5.936575,4.0475426,3.0121791,2.3494306,2.0394175,1.985795,2.113981,1.7753762,1.2851496,1.3053586,1.9173034,2.4356143,2.5047858,2.723228,1.9145203,0.15680301,-0.24938476,0.34187385,-0.11904267,-0.89789945,-1.2480425,-1.2419423,-1.1350834,-0.59172004,-0.0031165779,0.07831031,0.21837759,0.422927,0.34959114,0.014595449,-0.35711968,-0.63216573,-0.8335505,-1.3411239,-1.8981119,-2.0247152,-1.5861013,-0.4783638,0.2219097,0.45128042,0.44544345,0.42898965,0.5431819,0.6149919,0.65009695,0.59383017,0.2682981,-0.33461824,-0.2958601,-0.05709445,0.0045771673,-0.29298615,-0.43952578,-0.5558114,-0.70269907,-0.771936,-0.5312934,-0.07076466,0.7608364,1.7088444,2.3775158,3.1910825,3.4543724,3.2483394,3.154291,2.9769826,2.3516316,1.4114331,1.0675513,1.4021074,2.4878798,3.8224854,3.854388,3.8432794,3.195129,2.243674,1.2668365,0.4411006,-0.123812124,-0.6237545,-1.0093477,-1.2962272,-1.4975109,-1.6421156,-1.6609427,-1.5352547,-1.5758791,-1.5765287,-1.5312402,-1.2549682,-0.55951166,-0.2131681,-0.15115285,-0.2545318,-0.37769145,-0.55677617,-1.1553521,-2.2848353,-3.2617383,-3.642518,-3.3437905,-2.8750677,-2.459438,-2.0073931,-1.6683671,-0.95508915,0.16836399,0.80531895,1.515985,1.4884324,1.3927789,1.2179418,0.74601376,0.46576616,0.58613,0.79126096,1.052935,1.2977456,1.3958483,1.4143177,1.3666003,1.4325912,1.6629603,2.1590474,2.920583,3.4271326,4.0919647,4.545906,4.716706,4.5010576,4.2762527,4.160279,4.229364,4.2293663,4.0115395,4.13312,4.197969,3.956408,3.8166704,3.4675589,3.2442293,3.3159397,3.148371,3.0634775,1.0609937,1.0668862,1.0669842,1.0667472
-0.6981391,-0.7241633,-0.67773294,-0.51791704,-0.7522068,-1.090203,-1.1513841,-1.5358263,-1.7490196,-1.7882211,-1.7171214,-1.6577766,-1.4359334,-1.3279455,-1.0712142,-0.45880544,0.2908343,3.041926,5.485818,7.494248,8.709504,9.592677,10.195712,10.574175,10.764235,10.782999,10.608545,9.895996,7.043165,3.2735183,0.7373631,-0.8522649,-1.0462787,-1.3874866,-1.6217242,-1.6163116,-0.8769838,0.13153628,0.9577322,1.3810596,1.0251448,-0.23324539,-1.5184928,-2.1122863,-1.9080367,-1.5240068,-1.0957755,-0.8718437,-0.7350794,-0.7302828,-0.9764715,-1.6840658,-2.3777483,-2.8626394,-2.6279674,-2.3330307,-1.4508274,-1.3676888,-1.098774,-0.48345286,-0.47719112,-0.3441931,0.03800945,0.5779854,0.8891847,0.62366784,-0.08226861,-1.0925516,-1.3133633,-1.4623897,-1.6179912,-1.7711811,-1.727228,-1.6724395,-1.6244375,-1.7806711,-1.8938409,-1.6882827,-1.2315692,-0.8352076,-0.8426082,-1.1028291,-1.2470323,-1.126188,-0.8495585,-0.8474776,-1.0348603,-1.0996706,-1.1979775,-1.2989712,-1.2208133,-0.7324686,0.068051554,0.27818745,0.43531978,0.4595734,0.45529383,0.47088495,0.3916473,0.33158258,0.28633928,0.36361498,0.6126735,0.7854256,0.61400354,0.3875937,-0.009363964,-0.5847982,-1.070875,-1.5852993,-1.9431939,-2.1063051,-1.9814351,-1.910855,-1.7608604,-1.5999669,-1.0077806,-0.25487098,-0.16947515,0.04982081,0.93786204,1.942331,2.6158414,2.8479424,3.0106394,3.0519006,2.9864762,2.7955155,2.4787045,1.9985634,1.503032,1.1350937,0.61858964,0.0035411716,-0.3769061,-1.0273324,-1.6598576,-1.7265277,-1.6061282,-1.5673723,-1.6831018,-1.6727738,-1.0217249,0.34251037,1.3693751,2.084556,2.2783399,2.2702246,2.059214,1.7139235,1.0853286,0.2084435,-0.22456074,-0.102971554,0.27516186,0.80567336,1.4686408,2.1555243,2.7243414,3.0548549,3.1454687,3.0847316,2.8883355,2.9101224,2.978813,2.981118,2.8732429,2.7155542,2.3808343,1.8294325,1.2761531,-0.09146573,-1.7178538,-2.0149322,-2.0770578,-2.0799458,-1.7453418,-1.5716262,-1.5295599,-1.166358,-1.068315,-1.1628838,-0.91611385,-0.9490251,-0.7795806,-0.6818458,-0.6343428,-0.66223955,-1.0995805,-0.23742536,-0.24060479,-0.24068259,-0.24056402
-0.43772137,-0.4707936,-0.73258495,-1.0119641,-1.1820316,-1.3827056,-1.6341865,-2.357329,-2.4576397,-2.4231303,-2.281849,-2.2476506,-2.156579,-2.1204498,-2.1806846,-2.289401,-2.4096553,-2.390193,-2.1873405,-1.9636209,-2.0270157,-2.2935371,-2.4854546,-2.3792682,-1.5879766,-0.22374658,1.5484228,4.611583,8.293453,9.242451,9.373506,9.144709,9.005586,8.607528,8.099043,7.1649184,5.8607874,4.8812027,3.7859445,1.1597481,-0.6219137,-0.9141257,-0.6935333,-0.31824988,-0.29724413,0.10013775,0.4317411,0.63685924,-0.10531701,-0.65364665,-0.22532986,0.2822248,0.39845568,0.051319633,-0.8884007,-1.5048972,-1.9287801,-1.833698,-2.0993233,-2.0492053,-1.2209922,-0.37884578,-0.9048134,-1.342164,-1.5925376,-1.479841,-0.90450364,0.34406155,1.347919,1.9206114,2.1913767,1.9620179,1.8985605,2.1832263,2.0240393,1.8585008,1.2259662,0.4061563,-0.29460633,-0.51880693,-0.8852657,-1.7219527,-2.4078736,-2.6150017,-2.6822543,-2.6570203,-2.4719608,-2.2943332,-2.1214283,-1.9064212,-1.8124108,-1.6874119,-1.7863938,-1.7447566,-1.6525774,-1.7212708,-1.9691076,-2.1289904,-2.2288585,-2.2140691,-2.5280619,-2.9328709,-3.4015431,-3.9265203,-4.1695848,-4.108615,-3.7065513,-2.9281704,-2.0959573,-1.1687787,-0.1631974,-0.06395459,0.2219108,0.540336,0.88387525,0.8305509,0.09945912,0.06014604,0.2588856,0.14049709,-0.0065537095,-0.3293891,-0.7172271,-1.3772573,-1.7757182,-1.9618175,-2.0113592,-1.9952884,-1.8588164,-1.6008648,-1.1022441,-0.3128094,1.2306334,3.8793087,6.035049,8.15133,9.42626,9.982641,10.051458,10.02918,9.944436,9.627009,8.761597,7.5300293,6.008914,2.997869,0.6691787,-0.5822127,-1.4349852,-1.9100435,-2.3118615,-2.1243234,-1.678711,-1.3713689,-1.305811,-1.3134083,-1.6152141,-1.8341043,-1.9322838,-2.0963516,-2.2658136,-2.236358,-2.202197,-2.325026,-2.5069878,-2.653171,-2.7054687,-2.714029,-2.5966988,-2.2562146,-1.7936457,-0.95102215,0.30369148,0.8956568,1.0899198,1.1985736,1.0374925,0.8665801,0.97689533,0.31135225,-0.15276003,-0.44594747,-0.6557979,-1.3598237,-1.5408292,-1.5503299,-1.8552933,-2.1288195,-1.8788726,-0.40805417,-0.40736663,-0.40733144,-0.40739447
-0.9025209,-0.9819025,-1.3655965,-1.7287449,-1.8350111,-1.6536812,-1.2701198,-1.2085217,-1.2413138,-1.2387552,-1.4282266,-1.4756796,-1.6103754,-1.5290784,-1.479765,-1.3901794,-1.3749194,-1.185638,-0.9069299,-0.4706528,0.22324948,0.9527388,1.5034304,1.7536321,1.7622821,1.5760372,1.2659019,0.77726626,0.37835282,0.053594656,-0.607293,-0.9895401,-0.9239118,-0.8015842,-0.6216011,-0.0835881,0.97254455,1.6450341,2.0320907,2.3914351,2.3408237,1.6552296,0.4611747,-1.0059853,-1.1061125,-0.79239655,-0.5382281,-0.100227326,0.7503087,1.4060367,1.2707804,0.92442375,0.62212706,0.32996562,0.612003,0.36956257,0.37047482,0.29188696,0.5422577,1.0746733,1.646908,2.370479,3.282015,4.0188503,4.4257975,4.365498,3.918653,2.8499923,2.411208,2.265101,1.4108627,0.32741672,-0.77998745,-0.9441583,-0.7393743,-0.67397535,-0.6448732,-0.2877649,0.3307244,0.5519804,0.5158051,0.42901707,0.42565614,0.4346097,0.4472109,0.39632744,0.29965016,0.31495205,0.35356578,0.22609359,-0.11005956,-0.43452185,-0.528116,-0.48889643,-0.3826152,-0.42102164,-0.46362156,-0.36210388,-0.16878562,-0.08411087,-0.04283359,0.036643647,0.36470345,0.9332169,1.3225062,1.4605043,1.3794026,0.84854686,0.33263463,-0.034703255,-0.6005912,-0.54015446,-0.18250555,-0.11578828,-0.37430692,-0.62366897,-0.85462093,-1.3750181,-1.5578706,-1.5778348,-1.4844418,-1.827024,-2.1426883,-1.8292023,-1.4457009,-1.0707968,-0.7451389,-0.45033997,-0.24465989,-0.07139018,0.022590041,-0.06613755,-0.11040729,-0.17203872,-0.2203815,-0.05476118,0.034827426,-0.4858021,-0.6939565,-0.6898886,-0.38223684,0.6564286,2.1686301,2.9753954,2.9598088,3.3429534,3.3660133,3.444797,3.320438,2.8559785,2.0473557,0.48761046,-0.6484833,-1.4091918,-1.1412219,-0.58359075,0.03627458,0.7896568,1.66481,2.6424265,3.226977,3.4855642,3.5902765,3.632208,3.6283388,3.7060382,3.7710364,3.8102365,3.7924945,3.5834627,3.267364,2.3691149,0.76558316,0.1011236,-0.31648862,-0.38141263,-0.28527722,-0.1393938,-0.046335958,0.066783085,0.051691413,-0.028145991,-0.0052521005,-0.0032554492,-0.10938005,-0.3718698,-0.4696207,-0.2758267,-0.08798779,-3.194397,-3.1996603,-3.1996574,-3.1995187
-0.665712,-0.69765687,-0.8690981,-1.070349,-0.9365837,-0.66710895,-0.16090968,0.76680046,1.1796386,1.074939,1.0615821,1.3828149,2.365626,2.6570153,2.79745,2.995409,2.994031,2.9019337,2.554008,2.132183,2.0349889,2.2739022,2.7655616,3.154165,3.3446436,3.2903643,3.1506495,2.7252343,2.5664809,3.4906516,4.2165737,4.799112,4.829574,4.7995,4.6137304,3.764727,2.560409,1.7239437,1.2738956,1.3844417,1.291843,0.795393,0.9463639,1.1910152,1.1535032,1.1585611,0.9826921,0.59649885,0.091175005,0.59111273,1.2644153,1.1523407,0.97846836,0.5938484,1.0269086,1.9910088,2.4807527,2.5753016,2.457988,2.0642018,1.27153,0.9991297,1.6690867,2.3582816,2.7539675,2.7166424,2.3230019,1.1304247,0.5687846,0.9715667,1.6536857,2.4191673,2.8690805,2.9146214,2.8492103,2.7295856,2.4320004,2.1083753,1.4957442,1.0694548,1.2031001,1.7220994,2.148148,2.5179493,2.6460009,2.6534882,2.9033594,2.9530692,2.8502264,2.606242,2.3933473,2.2488837,2.1262493,2.223843,2.4678667,2.616705,2.5114427,2.627758,2.9717746,3.0561445,3.2405272,3.3648193,3.4003263,3.2856317,3.0023508,2.6422153,2.0591779,1.7017231,1.5167218,1.3568391,1.343581,1.1564363,0.8673574,0.71532816,0.7287239,1.1070076,1.7323017,1.937324,2.1237917,2.108749,1.6442883,1.0485322,1.0273108,1.458276,1.8681989,2.204206,2.5003853,2.7937703,3.0134654,3.2016857,3.3669882,3.477522,3.5501611,3.586575,3.6117797,4.4402275,5.727191,6.2858377,6.3699274,6.3636284,6.179252,5.7166643,4.76893,3.7312121,3.3651743,3.6608176,3.9205604,3.9624188,3.9409778,3.9710946,3.8280776,3.5979922,3.8816962,4.1304812,4.3629704,4.574623,4.6526423,4.4833684,4.2139006,3.9011703,3.6617408,3.4811544,3.3734214,3.357554,3.3944154,3.4486165,3.512204,3.4986022,3.418416,3.1303432,2.7952425,2.56431,2.9732037,3.154412,3.249705,3.3582282,3.525484,3.6242661,3.579222,3.3678436,3.2473316,2.9756007,2.7779415,2.3994427,2.1518686,2.0272546,1.8566169,1.6440663,1.6748388,-1.3475292,-1.3513484,-1.351529,-1.3513259
-4.7256165,-4.7087445,-4.535142,-4.357481,-4.246447,-4.1947536,-4.1592283,-4.3709583,-4.6221476,-4.70292,-4.742729,-4.6455426,-4.785269,-4.7888412,-4.8092227,-4.814646,-4.7718353,-4.535218,-4.2252407,-3.9693913,-3.9466896,-4.10888,-4.371991,-4.6223726,-4.7627354,-4.6735053,-4.386732,-3.626073,-2.364361,-2.4548602,-2.610035,-2.612374,-2.6605103,-2.7044291,-2.7530212,-2.8280888,-3.008879,-2.9529827,-2.899515,-3.181703,-3.5045424,-3.3785958,-3.301209,-3.2944126,-3.7692785,-4.4106283,-4.68474,-4.85991,-5.1576767,-5.8676634,-6.455641,-6.762294,-6.9568057,-7.0870705,-6.968429,-6.362852,-5.7916846,-5.721828,-5.7332296,-5.5054145,-5.1500325,-4.8397565,-5.0773687,-5.218378,-5.003223,-4.7499237,-4.313959,-3.387924,-3.015585,-3.354166,-3.5692818,-3.5374844,-3.4184687,-3.4326594,-3.5188408,-3.4389968,-3.4599173,-3.266534,-2.83701,-2.6451178,-2.9698114,-3.7306867,-4.385154,-4.7718534,-4.944346,-5.0047636,-5.1217446,-5.2968626,-5.454162,-5.544697,-5.5718956,-5.5281763,-5.4107475,-5.3601975,-5.194791,-4.9924326,-4.9085917,-4.936816,-5.011913,-5.099095,-5.2239485,-5.4270816,-5.7224207,-6.165344,-6.405543,-6.466902,-6.406086,-6.326808,-6.227737,-6.182515,-6.104125,-6.1438246,-6.126523,-5.9616766,-5.6380982,-5.4319143,-5.029559,-4.0039554,-3.5688524,-3.554892,-3.4104707,-2.833928,-2.6337812,-3.0915213,-3.533043,-3.8391259,-4.020933,-4.175362,-4.329965,-4.5326996,-4.752897,-4.8082533,-4.83506,-4.711278,-4.534936,-4.9660587,-5.268317,-4.842703,-4.568181,-4.4784784,-4.662112,-5.162081,-5.4778957,-5.0612593,-4.6588125,-4.9180117,-5.2463994,-5.370739,-5.4507046,-5.497789,-5.517702,-5.4240894,-5.2519193,-4.8571706,-4.805121,-4.8521967,-4.9358926,-5.033242,-5.0322337,-5.071335,-5.172246,-5.348585,-5.5492406,-5.654186,-5.721582,-5.798605,-5.9117546,-6.0300083,-6.210183,-6.385789,-6.4255285,-6.483617,-6.52957,-6.4998016,-6.486245,-6.590137,-6.761244,-6.866535,-6.9439054,-7.0541162,-7.075488,-7.0640793,-7.086171,-7.143037,-7.220596,-7.253891,-7.2250566,-7.2517695,-7.2149963,-4.8163915,-4.809358,-4.809166,-4.809439
