0,1,2,3,4,5,6,7,8,9,10,11,12,13,14,15,16,17,18,19,20,21,22,23,24,25,26,27,28,29,30,31,32,33,34,35,36,37,38,39,40,41,42,43,44,45,46,47,48,49,50,51,52,53,54,55,56,57,58,59,60,61,62,63,64,65,66,67,68,69,70,71,72,73,74,75,76,77,78,79,80,81,82,83,84,85,86,87,88,89,90,91,92,93,94,95,96,97,98,99,100,101,102,103,104,105,106,107,108,109,110,111,112,113,114,115,116,117,118,119,120,121,122,123,124,125,126,127,128,129,130,131,132,133,134,135,136,137,138,139,140,141,142,143,144,145,146,147,148,149,150,151,152,153,154,155,156,157,158,159,160,161,162,163,164,165,166,167,168,169,170,171,172,173,174,175,176,177,178,179,180,181,182,183,184,185,186,187,188,189,190,191,192,193
12.531746,12.725372,12.821202,9.268269,12.812675,12.696451,12.510004,12.136982,11.014929,9.567982,7.6388454,5.155467,3.8680182,3.359262,2.79256,2.5131025,2.3813066,2.2158878,1.7365708,0.9765723,0.31545192,0.020500243,-0.31140146,-0.4430974,-0.5504206,-0.6242546,-0.6771304,-0.7561917,-0.8181503,-0.6671796,-0.3364996,-0.05276701,0.2185953,1.1199082,1.2487985,0.82041955,0.27843657,-0.05955124,-0.074833035,-0.018049657,0.03453502,0.03037247,-0.21767376,-0.43895775,-0.34896597,0.4579596,1.6640921,2.0229995,2.1071212,2.2210414,2.2721517,1.9480917,1.5201542,0.682484,0.35520884,0.29133722,0.15826057,0.15080287,0.3226856,0.5302222,0.58062977,0.49113625,0.31719226,0.13175327,-0.3289551,-0.5585241,-0.5314687,-0.38224235,-0.25536588,-0.11593291,-0.08487868,0.050775915,0.19446322,0.41078496,0.49321696,0.66802514,0.6551367,0.7125666,1.2328436,2.0295618,3.0971584,3.5644057,3.3587596,2.9473984,2.3195481,1.2775654,0.31581122,-0.0012428574,-0.51588476,-0.53959423,-0.4615181,-0.3603086,-0.17678952,0.08363314,0.3465567,0.5691083,0.52686197,0.34460083,0.73721164,1.1636304,1.7416432,2.2633102,3.040073,3.6213412,4.1596813,4.429812,5.0095162,5.4278884,4.590532,2.915906,1.7053368,0.9378572,0.91519886,1.5193726,2.1449242,2.4880147,2.9064326,2.0824552,0.3429275,-0.0046411306,-0.17903383,-0.44954836,-0.56112605,-0.5513099,-0.45113367,-0.34618276,-0.2717979,-0.27935573,-0.0767663,0.15145388,0.4201306,0.5645698,0.91074204,1.2446034,1.3489337,1.3999021,1.3190144,0.9739125,0.32250273,-0.2777424,-0.546863,-0.44026244,0.0055661798,0.87808716,1.6229979,2.1331372,2.5509162,3.0656958,2.870726,1.9328158,1.6259041,1.4593842,1.2056651,1.0964807,0.8017767,0.51956373,0.24943522,0.15492535,0.15181576,0.05280149,-0.16751567,-0.5410526,-0.7006898,-0.7258373,-0.6960712,-0.567766,-0.44253272,-0.14136657,0.30553272,1.069965,2.25559,3.022831,2.2444,1.4730308,0.9150468,0.7072712,0.7921606,0.8329417,0.80232835,0.90948427,1.0358315,1.4172277,2.1719303,2.5964804,2.8112836,3.2182846,3.5497403,4.003809,4.516203,5.3056984,6.9837904,8.029343,9.266838,9.267084
-2.546678,-2.5724235,-2.6001236,-0.069654584,-2.6033623,-2.6238596,-2.643116,-2.660081,-2.7569845,-3.0149765,-3.2605808,-3.2087295,-2.9846945,-3.0041206,-3.0665164,-3.077484,-3.0648918,-3.083042,-3.1058712,-3.13827,-3.1273136,-2.905692,-2.6564336,-2.495469,-2.3397365,-2.2398953,-2.2031498,-2.167361,-2.156267,-2.2180882,-2.495821,-3.0559344,-3.3955598,-3.152069,-2.8129592,-2.876917,-3.3039775,-3.8808303,-4.3631554,-4.03057,-3.7984664,-3.6247797,-3.5351143,-3.5514865,-3.5658555,-3.5984359,-3.179003,-2.746551,-2.551822,-2.358118,-2.3115726,-2.2405427,-2.1055357,-1.9659355,-1.7809803,-1.7622004,-1.7585598,-1.7099293,-2.066637,-2.367436,-2.6286726,-2.7001042,-2.5717506,-2.442759,-2.1127243,-1.7094806,-1.2797862,-1.0595059,-0.8723003,-0.7566782,-0.7106568,-0.7087623,-0.5911462,0.7575958,2.5187979,2.7648046,2.7715583,2.7484674,2.5276222,2.2438037,1.7700751,0.92488414,0.2703462,-0.11698538,-0.34784034,-0.423943,-0.6467737,-1.0231675,-1.5594685,-1.9886725,-2.0983114,-2.0596333,-1.9014453,-1.6509415,-1.4269909,-1.2604035,-1.0679519,-1.0990559,-1.4085324,-1.7555151,-2.1037438,-2.37368,-2.486147,-2.5991359,-2.6050184,-2.4685836,-2.3813796,-2.4153416,-2.1179073,-1.445934,-1.21488,-1.2008064,-1.8928031,-2.0389314,-0.71029085,-0.62970597,-0.69526577,-1.080381,-1.198957,-1.3011322,-0.8021609,-0.10095608,0.39801913,0.6036385,0.726141,0.8134804,0.9194512,0.9478974,0.69164616,0.4523488,-0.04496765,-0.6967014,-0.92991126,-1.1741076,-1.2921743,-1.3889041,-1.5086366,-1.6179692,-1.6210848,-1.6214064,-1.547328,-1.855869,-2.385055,-2.682505,-2.9617605,-3.190558,-3.332215,-3.2927372,-2.4958177,-2.0021093,-1.6779343,-1.5911067,-1.6350732,-1.7581666,-1.7734649,-1.8584583,-2.0985234,-2.3742435,-2.238638,-1.9845941,-1.575843,-1.0962138,-0.8177216,-0.6154748,-0.30234927,0.402938,0.9434054,1.7411747,2.337597,2.4709225,1.7969935,1.4928043,1.3789681,1.0059346,0.8024258,0.751413,0.92259705,1.2951071,1.7549056,2.0864158,2.500039,3.1384013,3.4568114,3.647991,3.3360155,3.1372137,3.075877,2.884235,2.8299778,2.624769,1.886111,1.3311658,-0.06911036,-0.069188565
-0.8030966,-0.5798956,-0.5384781,0.18423648,-0.6885572,-0.76444316,-0.8466575,-0.90994716,-0.9999188,-0.8165606,-0.23118278,-0.057239935,-0.007377684,-0.040360898,-0.006281674,0.100853175,0.22990878,0.21207623,0.0008727908,-0.22019857,-0.20635259,-0.087705374,-0.46129975,-0.75903505,-0.98735553,-1.1465197,-1.2483271,-1.3187981,-1.43915,-2.087438,-2.5842934,-2.3877475,-1.8009713,-1.2831739,-1.0352855,-1.406734,-2.1322145,-2.1753502,-1.9848131,-2.1177473,-1.7910728,-0.8224135,1.0757121,3.597805,5.6817517,8.328314,10.393789,10.831762,10.941692,11.000796,11.050433,11.132893,11.194379,10.71343,9.075731,6.9072533,4.646349,2.6300483,1.1298492,0.75955236,0.41322392,0.17744422,0.009129345,-0.3301981,-0.96169,-1.7508059,-2.2931638,-2.5478334,-2.7885072,-2.7519991,-2.4609725,-2.2420578,-2.59417,-2.7148938,-2.6656156,-2.6030061,-2.6919932,-2.7721753,-2.8271341,-2.7503662,-2.4889674,-1.9900452,-2.0670042,-2.0599294,-2.1464014,-2.5350978,-3.0376492,-3.3496695,-3.110981,-2.8076887,-2.5829058,-2.416574,-2.2234507,-1.9742599,-1.5969388,-1.2778171,-0.4715926,0.46672672,1.126054,1.3320764,1.0299536,0.5543759,0.1348781,-0.2283536,-0.41127536,-0.48123038,-0.22976816,0.24399087,0.34911153,-0.1301999,-0.84882534,-1.0604625,-1.8084757,-2.7290568,-2.8097568,-2.1946466,-1.8422482,-1.8943753,-2.2559314,-2.2497349,-2.0520465,-2.0492475,-2.1154175,-2.1508317,-2.1637821,-2.1646285,-2.18228,-2.102432,-1.6666062,-1.4055636,-1.183363,-0.93063766,-0.6269474,-0.0138203055,0.6947545,0.9744128,1.4325593,1.8095713,1.8240268,1.3735125,0.3895073,-0.36448202,-1.0729287,-1.3581411,-1.1913606,-0.98575425,-1.0411794,-1.2997011,-1.4891517,-1.5789604,-1.428825,-1.3427019,-1.3176516,-1.4472855,-1.3846971,-0.95181227,-0.6519603,-0.64960206,-0.9484446,-1.1464019,-1.259832,-1.2569368,-1.1982313,-1.2381586,-1.4166797,-1.7858561,-2.0852094,-2.319232,-2.3552036,-2.1459312,-1.9314129,-1.6028682,-2.1117105,-2.524969,-2.7202573,-3.1577744,-3.4601316,-3.5865517,-3.6301298,-3.5627892,-3.306358,-2.816279,-2.4564595,-2.4788864,-2.503992,-2.430927,-2.4253347,-2.2731044,-2.1735194,-1.997741,-1.6498669,-1.4131446,0.18352811,0.1836928
-1.785377,-1.8651543,-1.8641922,0.41465935,-1.649781,-1.5612581,-1.3766541,-1.2371526,-1.1058536,-0.9149632,-0.90404326,-0.88049597,-0.9170527,-1.0832413,-1.1799716,-1.3272288,-1.2406089,-1.1646808,-1.0747645,-1.0483276,-0.9732083,-0.81257117,-0.684587,-0.70467615,-0.79970574,-0.8913385,-1.0053227,-1.0791523,-1.2008756,-1.676268,-2.0842657,-2.600873,-3.0799727,-3.2302027,-2.9242089,-2.8705063,-2.8945904,-2.8303113,-2.539153,-2.1352954,-1.8722132,-1.6741259,-1.3152027,-1.0783775,-1.0837965,-1.4793353,-1.8087283,-1.8794646,-1.8857083,-1.8671308,-1.9235743,-1.890916,-1.730665,-1.3081981,-0.70253086,-0.5702221,-0.687389,-0.7613874,-0.90234554,-0.8075871,-0.52374536,-0.10921502,0.030876458,-0.032765925,-0.18515792,-0.13454823,0.20937616,0.6084025,1.6812212,3.751299,5.944076,8.177054,9.963043,10.712109,10.204968,9.863184,9.696447,9.376082,8.561138,7.239794,5.3354254,1.5858545,0.048671722,-0.56827307,-1.0801048,-1.3032081,-1.3936955,-2.110055,-2.384653,-2.2201715,-2.2275677,-2.1895776,-2.0109696,-1.7830445,-1.4608252,-1.0653446,-0.59870815,-0.4190852,-0.7460261,-1.1470637,-1.4987652,-1.6787281,-1.6292992,-1.5604643,-1.3894532,-1.2094455,-1.0050457,-0.6597952,-0.10717547,0.6085358,0.46582046,0.36411273,0.15428759,-1.0999088,-1.6240792,-1.3049396,-0.99349546,-1.8470616,-1.9742033,-1.3528132,-0.7645421,-0.64043385,-0.719759,-0.6765001,-0.66985166,-0.52489173,-0.2411496,0.081027836,0.15529701,0.10215926,0.1713154,-0.25708422,-0.82207596,-1.4808908,-1.56969,-1.4652436,-1.4238994,-1.0935006,-0.66144645,-0.29879022,-0.1685738,-0.24053335,-0.8745166,-1.2807077,-1.1590476,-0.9493638,-1.0391552,-1.3072666,-1.2794344,-1.3085812,-1.2577786,-1.2302572,-1.1369388,-1.0559944,-0.4524154,0.38634354,0.88467073,0.7310025,-0.002238959,-0.4552246,-0.93004173,-1.2083676,-1.2735265,-1.3064481,-1.4310834,-1.7439259,-1.9054118,-1.9962288,-2.0564344,-2.2393327,-2.2259045,-1.2104398,-1.2046978,-1.5238795,-1.6338308,-1.841573,-1.9185046,-1.7453358,-1.5273967,-1.3388574,-1.0397729,-0.57907313,-0.2546336,-0.020917896,0.32800627,0.6810492,0.7673459,0.76924556,0.7841592,0.7149045,0.74057806,0.76554394,0.41489118,0.4147476
0.45755452,0.26035014,0.15705362,-0.20969088,-0.07475951,-0.030161291,-0.0927853,-0.15684694,-0.13001588,-0.09248802,-0.2499197,-0.2542832,-0.22692816,-0.17414388,-0.026922971,-0.04195872,-0.48557317,-0.8039235,-1.010167,-0.6602475,0.12872642,0.84066653,1.2774193,1.4520551,1.5102121,1.5224767,1.4405725,1.3213167,1.1265229,1.238694,1.1977576,0.77334213,0.28504032,-1.140078,-1.7078309,-1.5732129,-1.190384,-0.88577646,-0.48912248,0.2942791,0.7161519,0.9146418,0.76581913,0.12504992,-0.543118,-1.4534845,-1.7897894,-1.3643295,-1.0410628,-0.9051159,-0.8377519,-0.79097986,-0.8196323,-1.036765,-0.94345355,-0.5454396,-0.3235881,-0.12694067,0.48768038,1.1616262,2.1503477,3.0285742,3.323409,3.5368052,3.8828874,4.093749,4.016659,3.788446,3.3899748,2.6743176,1.852179,0.96654385,0.18877292,-0.18005165,-0.06479555,0.2574916,0.39521948,0.25378358,-0.10156644,-0.47293562,-0.7606699,-0.79848254,-0.69567007,-0.982308,-1.1027466,-1.1588062,-0.55335736,0.48393646,1.3450217,1.8566488,2.0376964,2.0323837,1.9372923,1.863302,1.6244566,1.1867006,0.2687958,-0.8688467,-1.4184704,-1.6502396,-1.6507931,-1.4147863,-1.2133324,-0.8963231,-0.80085635,-0.897103,-1.0895479,-1.1256117,-1.2619193,-1.0467986,-0.58673877,-1.0618253,-1.6632454,-1.5653799,-1.0077903,-0.72281307,-0.17502403,0.49427792,0.82601476,0.5839889,0.40185612,0.79433125,0.87968993,0.8303647,0.7711893,0.6733964,0.5577583,0.45199305,0.3228467,0.17420653,-0.10289863,-0.50204265,-0.7122253,-0.733319,-0.8504572,-0.9253253,-0.88202643,-0.740739,-0.37683272,-0.17213258,-0.15749949,-0.4000617,-0.50191295,-0.8459172,-1.3191546,-1.650069,-1.7218034,-1.4799104,-1.3442047,-1.3082399,-1.2005022,-0.74058557,0.19632357,2.0983844,5.351487,8.049063,9.511132,10.945592,11.524422,11.655518,11.674842,11.610332,11.536833,11.45458,11.32274,11.113277,10.947237,10.623424,10.19059,9.343342,6.965328,2.6751742,1.3567836,1.4770746,1.6464264,2.2716386,2.7251399,2.9365783,2.7942724,2.428829,1.9107368,0.72605795,-0.5603287,-1.0861955,-1.4233482,-1.4136063,-1.3351893,-1.2239435,-1.1899489,-1.0587009,-0.65870225,-0.23990867,-0.20868152,-0.20914982
-2.1917033,-2.1309586,-2.1463866,-0.8740035,-2.0903015,-2.0454097,-1.9461784,-1.7663758,-1.5398716,-1.5416262,-1.536196,-1.3394697,-1.0228988,-0.895633,-0.8613112,-0.8489754,-0.45052335,-0.06549358,0.52057993,0.9581563,0.6658516,-0.12209974,-0.51048815,-0.60789305,-0.65656066,-0.6407364,-0.5592032,-0.43547308,-0.13230327,0.26662973,0.6407425,0.42243046,-0.12883851,-0.79265976,-1.0487914,-0.8863735,-0.29219633,-0.34262806,-0.6501241,0.23332681,0.60994184,0.46761665,0.03863226,-0.28033075,-0.39918062,-0.4087643,-0.88973594,-1.1227452,-1.074954,-1.0581286,-1.0179064,-0.8145943,-0.5520487,0.23938118,0.5204067,0.63118947,0.54288316,0.6079083,0.78643495,0.8433918,0.81606334,0.8071779,0.8344234,0.8040141,0.50722647,0.12332824,-0.22229825,-0.3831787,-0.5050869,-0.7394502,-1.150556,-1.6612537,-1.48119,-0.93933886,-0.5825131,-0.53514,-0.5913028,-0.68565506,-0.98724425,-1.1943865,-1.3532444,-1.4577348,-1.0934173,-0.5064479,0.55599743,2.6149025,3.2386117,2.4670382,0.80159456,0.031486183,0.07296121,0.0011172295,-0.16433531,-0.4459481,-0.9100157,-1.4645114,-1.6727991,-1.3899748,-1.2357813,-1.2641692,-1.5020446,-1.7926084,-1.8707168,-1.836102,-1.739933,-1.7897261,-1.9894508,-2.1755977,-1.6278064,-0.13522491,0.4495782,0.17664897,-0.5678529,-1.4589477,-2.23808,-2.0327141,-1.2637446,-1.346756,-2.0147321,-1.5715215,-0.8768337,-0.502296,-0.5087985,-0.4559571,-0.40537268,-0.23895752,0.12712222,0.62137383,0.72479826,0.5778264,0.4017746,0.17304075,-0.43802068,-1.1189058,-1.409509,-1.4683506,-1.4778283,-0.75443786,0.07412475,0.77434826,0.60250723,0.40270978,0.63024205,0.5011921,0.41385835,0.41815352,0.41245586,0.47954798,1.0835816,1.6297609,1.7906449,1.6781659,1.4202065,0.99542636,0.34529677,-0.42081738,-0.6420556,-0.83506346,-0.9044136,-0.9482968,-0.8947375,-0.63418335,-0.35449332,-0.05674957,0.25028536,0.50272596,0.50718176,0.2117565,-0.22573917,-0.78971946,-1.4741006,-1.9203913,-1.6297305,-1.2938178,-1.1707232,-1.4974682,-1.9808095,-2.3629913,-2.505052,-2.5206218,-2.451099,-2.159903,-1.6277535,-1.2435029,-1.063437,-1.1216128,-1.1656954,-1.2852013,-1.291085,-1.4193665,-1.6475322,-1.8444564,-0.8737886,-0.873671
-2.6657205,-2.677993,-2.69118,-2.5527902,-2.7069552,-2.7625926,-2.8269768,-2.8550668,-2.776105,-2.9253867,-3.0894237,-2.8999527,-2.570665,-2.4222436,-2.2525969,-2.1027427,-1.8312765,-1.5323334,-0.88847446,-0.045185577,0.46137103,0.5198006,0.5014987,0.4741357,0.43276608,0.41011924,0.33139822,0.24580607,0.14808749,0.09977853,-0.19853362,-0.6383307,-0.37413356,-0.20362432,-1.1334932,-1.165926,-0.94396424,-0.74383414,-0.54703605,-0.35922024,-0.23668538,-0.2341668,-0.50374717,-0.9106138,-1.182189,-1.815016,-2.5958805,-2.6393757,-2.5473478,-2.4841065,-2.4247303,-2.3308668,-2.2562115,-2.1468425,-2.128771,-1.8654559,-1.148767,-0.5358676,-0.6012265,-0.95133805,-1.1773627,-1.3038428,-1.3230119,-1.2281656,-0.9098965,-0.62834316,-0.5589708,-0.6325128,-0.7294648,-1.1432872,-1.7227564,-2.0220666,-1.5830486,-1.3840744,-1.3725706,-1.4489789,-1.4291437,-1.4608147,-1.5312974,-1.3800232,-1.40552,-1.796421,-1.7819908,-1.3677006,-0.9271227,-0.09887787,0.63768995,0.91925883,1.464364,1.8692719,1.8562293,1.8154532,1.7653697,1.4843125,1.0058415,0.5935979,-0.19094971,-1.1487082,-1.9186143,-2.5403006,-3.0293875,-3.2629719,-3.3900995,-3.564221,-3.7522824,-3.780837,-3.7774487,-3.5870066,-3.09565,-2.0994692,-1.4636374,-1.1795034,-0.9387809,-0.5023289,-0.22685611,-0.3013631,-1.212654,-1.6014029,-1.5163434,-1.1886734,-0.8467067,-0.7513623,-0.756811,-0.7108342,-0.64873254,-0.56070936,-0.38315192,-0.27866346,-0.28641725,-0.19382384,0.16215613,0.11253774,-0.076813474,-0.43315893,-0.67844,-0.79348314,-1.0758963,-1.3488728,-1.1804037,-0.83017194,-0.41381395,-0.32711422,-0.093489885,-0.23351458,-0.7206626,-1.0624077,-1.152417,-0.7291074,0.15732992,0.5477438,0.67719877,0.77767175,0.7990535,0.68714666,0.42291877,-0.0217157,-0.29228872,-0.56406194,-0.8149012,-0.9455997,-1.162364,-1.3114183,-1.4428518,-1.4791806,-1.4388416,-1.4174984,-1.3726494,-1.4103127,-1.5376816,-1.8126371,-1.761735,-1.7161996,-1.3022921,-0.86315453,-0.60820454,-0.44631344,-0.41814038,-0.58196735,-0.7367561,-0.8819024,-1.057291,-1.1555954,-1.1647061,-1.2834262,-1.4393382,-1.4288408,-1.5173022,-1.6555287,-1.7637948,-1.903346,-2.060823,-2.1330318,-2.5521407,-2.552233
-0.9970964,-0.9833167,-0.99060905,6.2618885,-0.9736795,-0.92625284,-0.87378234,-0.8207802,-1.0850738,-1.275327,-1.125097,-0.7330162,-0.4809999,-0.39827874,-0.30021268,-0.29884857,-0.1711686,-0.029642716,0.1768601,0.24071677,-0.061103508,-0.26628494,-0.22778404,-0.179077,-0.1627059,-0.15116695,-0.16006613,-0.14436641,-0.1521821,0.18892363,0.8375335,1.1332804,0.8783014,0.8979969,0.8603957,0.9255879,1.1579316,0.917629,0.18477663,0.014663458,0.056418598,0.22590828,0.40967667,0.45116696,0.20833445,-0.66805977,-1.5147064,-1.7190063,-1.7368991,-1.6930323,-1.8042485,-1.746806,-1.5164826,-1.2001313,-0.9626299,-0.76223016,-0.8656091,-1.0138962,-1.3429595,-1.4313351,-1.5259104,-1.2116474,-0.65776,-0.27731436,-0.07777825,0.13096222,0.46361884,0.65303934,0.93744135,1.4672316,1.8240849,1.5515819,1.5137653,2.9853015,3.6224895,3.4126775,3.290764,3.0803828,2.3322794,1.7501385,1.4890249,0.7581561,0.051377207,-0.19121572,-0.12434757,0.20600732,0.19627854,-0.35651088,-1.2988224,-1.7221785,-1.6596254,-1.5264008,-1.29771,-1.0436363,-0.79502505,-0.78953314,-0.83938104,-0.9401467,-1.2192007,-1.5635211,-1.7408699,-1.6868764,-1.4266523,-1.2062982,-1.025989,-0.81070244,-0.6848993,-0.73265874,-0.7428211,-0.8123712,-0.9101863,-0.6428112,0.081682146,1.1764874,5.107421,8.873854,10.771266,11.144786,10.629506,9.876743,8.879993,7.4629107,6.2688537,5.612767,4.9011917,4.6453896,4.4802747,4.3020186,3.6750581,3.1598024,2.033978,0.8505249,0.33006805,-0.108452454,-0.31480184,-0.43214506,-0.56628215,-0.267032,0.060625583,0.2043696,-0.0568376,-0.2154385,-0.32743657,-0.2876318,-0.18964572,-0.3894581,-0.85349774,-1.5028381,-1.4827112,-1.2883974,-1.1022407,-1.0402368,-1.1876173,-1.6422675,-2.1823144,-2.2403233,-2.1106474,-1.9989502,-1.9276805,-1.8264294,-1.7855358,-1.7986629,-1.803935,-1.815279,-1.8052138,-1.6646719,-1.4672308,-1.1940584,-0.9725721,-1.1139104,-1.158865,-0.026993677,0.23163924,0.1557118,0.21709798,0.54552346,1.1720954,2.3256795,3.675258,5.139878,6.6726503,8.382175,9.663056,10.4713745,10.991314,11.1381235,11.055747,11.024857,10.957441,10.787122,10.414121,9.96769,6.2643347,6.263342
-1.5160617,-1.6891605,-1.6751456,-1.5190742,-1.4683996,-1.4869572,-1.5498055,-1.7003645,-1.7081344,-1.5529108,-1.5347152,-1.5148201,-1.4543927,-1.4375975,-1.3523157,-1.3414713,-1.4010935,-1.4070277,-1.1911488,-0.9232789,-1.0909942,-1.7561413,-2.0404925,-2.0452042,-2.0379672,-1.9902601,-2.0159183,-2.0564885,-2.1019735,-1.8298926,-1.6203418,-1.6089911,-1.5632768,-1.6035806,-1.2128389,-0.79896426,-0.25251353,-0.37497437,-0.8252301,-0.7478036,-0.49319828,-0.43911773,-0.478361,-0.47114122,-0.44355553,-0.8043607,-1.5159217,-1.5797663,-1.5559987,-1.5206885,-1.5548522,-1.5049702,-1.4595242,-1.5749419,-1.5640609,-1.2771674,-0.768437,-0.5492797,-0.81333184,-1.150477,-1.2762051,-0.978096,-0.3063461,0.239809,1.0382984,1.4099793,1.4275132,1.2546892,0.8667407,0.21968742,-0.29561213,-0.78446937,-0.7173327,-0.56801414,-0.20529486,-0.04840885,0.019574568,-0.090048134,-0.23093177,-0.23366354,-0.43603086,-0.8822374,-1.1421,-1.1978022,-1.0955309,-0.8161676,-0.8803096,-0.9498038,-1.9537206,-2.268595,-2.3455613,-2.27872,-2.087894,-1.9958518,-1.9339366,-1.484467,-0.95308274,-0.96731746,-1.3308289,-1.4477025,-1.3269749,-0.9435106,-0.4187705,-0.083997995,0.025572062,-0.061906457,-0.53905165,-1.1879256,-1.2973475,-1.2402947,-0.572972,0.05156283,1.0741692,2.368299,2.2167664,0.6628845,-0.20168495,0.9070413,4.9098077,7.665107,9.757778,10.914119,11.444228,11.677183,11.89028,11.983065,11.998616,11.714425,11.182218,10.798587,9.645504,7.7703934,5.491359,2.3094764,0.33022892,-0.2301662,-0.8896202,-1.382225,-1.5261762,-1.1683507,-0.29424602,0.340092,0.9066393,1.1448927,0.95382255,0.52021265,0.27292913,-0.17954725,-0.9553497,-1.1924534,-1.4946253,-1.5525014,-1.6257813,-1.4818718,-1.3976784,-1.2066498,-1.1340739,-1.0264175,-0.9084828,-0.879737,-1.0638285,-1.3495843,-1.5951676,-1.6861339,-1.6633301,-1.6648153,-1.5881801,-1.4509299,-1.3748293,-1.4168103,-1.1703502,-1.063518,-0.8847035,-0.91370606,-1.1639912,-1.5060805,-1.601496,-1.5977864,-1.4822888,-1.342594,-1.2281073,-1.1697311,-1.0110021,-0.63739085,0.21226425,1.0649145,1.550674,1.4644516,1.2525734,0.91865784,0.22339134,-0.24959955,-1.518241,-1.5183959
-2.6934733,-2.6298923,-2.575065,-3.3389382,-2.5200937,-2.4747367,-2.4662766,-2.375391,-2.2431028,-2.164834,-2.4184163,-2.1323533,-1.8903875,-1.6770147,-1.1575432,-0.6282332,-0.17344111,0.37187085,1.576328,3.8267815,6.2718983,8.069521,8.981593,9.316744,9.603392,9.790171,9.905208,9.971371,10.029818,10.082538,9.864673,8.88709,7.1895723,3.2719278,-0.021653295,-0.6583376,-0.988603,-0.9604817,-0.4581331,-0.08220987,-0.110626385,-0.33607158,-0.77840143,-1.3086147,-1.7481688,-2.205111,-2.3517764,-2.1975183,-2.0594559,-1.9750873,-1.8533514,-1.6983716,-1.5735395,-1.3679178,-1.5212389,-1.677122,-1.3852594,-0.9809057,-0.50650096,-0.3438364,-0.3037619,-0.59855306,-1.0141678,-1.184152,-1.1747997,-0.9829345,-0.88608575,-0.9032514,-0.93518925,-1.2089485,-1.522851,-1.9740475,-2.9564204,-3.525367,-3.1955216,-3.1583233,-3.1529596,-3.1444557,-3.292106,-3.5557265,-3.791329,-3.5101585,-3.183625,-3.1297734,-2.9591818,-2.5907412,-2.033225,-1.4485333,-0.41864643,0.56288207,0.89346635,0.96887356,0.83360577,0.52663773,-0.12132709,-1.0584629,-2.182774,-2.864793,-2.8864217,-2.7975292,-2.780993,-2.809989,-2.9344769,-2.9787579,-2.985741,-2.9866776,-2.9010193,-2.7675304,-3.015958,-3.3369389,-3.5852141,-3.7625535,-3.558736,-3.025587,-3.1801128,-3.9665365,-3.7323878,-2.2296503,-1.57304,-1.6407962,-1.729144,-1.8808341,-2.0231743,-2.129169,-2.2905161,-2.5192287,-2.7772846,-2.8106065,-2.6567183,-2.482883,-1.7449073,-1.4220734,-1.3073224,-1.1143789,-1.1211492,-1.2160503,-1.3541098,-1.5133742,-1.5514255,-1.6137975,-1.381285,-1.0897052,-0.7257463,-0.75398296,-1.1544162,-1.6564043,-2.124988,-2.6148257,-2.2859945,-1.7625058,-1.5768454,-1.4757084,-1.2785404,-0.9846091,-0.33617622,0.010658592,-0.063460946,-0.41822797,-0.72756875,-0.8570026,-0.98206055,-1.0996718,-1.2039943,-1.3735582,-1.637152,-1.8559923,-1.9329674,-2.0539806,-2.0265884,-1.8111112,-2.0158682,-2.6885023,-2.6525748,-2.3758655,-2.1053412,-1.5907438,-1.3170626,-1.0792886,-0.8656551,-0.78681576,-0.83764714,-1.4294009,-2.3802733,-2.6586518,-2.7305422,-2.9239945,-3.1192846,-3.238981,-3.2632153,-3.2880332,-3.2681847,-3.1340518,-3.3391576,-3.3392003
-2.6362062,-2.4235573,-2.4134617,-0.29502425,-2.4756224,-2.4701297,-2.3948898,-2.1825945,-1.7351565,-1.3746824,-1.126598,-1.0647345,-0.77586997,-0.77860683,-0.74207276,-0.68040895,-0.59903884,-0.595404,-0.7971583,-1.3084735,-1.6700414,-1.612413,-1.6199597,-1.6842006,-1.76561,-1.8532848,-1.9223492,-1.9550822,-1.953206,-2.2097344,-2.224547,-1.8382456,-1.3717982,-0.9562056,-0.3449637,-0.4790757,-0.82376575,-1.0597382,-1.4819157,-1.6298636,-1.2081639,-0.3942054,0.71106875,1.0442705,0.93125397,0.9668443,1.3687229,1.1444917,0.910588,0.83998656,0.8691799,0.8096155,0.7270811,0.61270875,0.57694185,0.59084284,0.67375016,0.5516948,0.22369738,-0.09607388,-0.73048854,-1.4565251,-1.7917855,-1.9366112,-2.0739744,-2.1471753,-2.0458133,-1.9015348,-1.5487645,-0.8156468,-0.021492667,0.5354528,-0.026763562,-0.6148356,-0.9589484,-1.2410522,-1.269645,-1.1033947,-0.855263,-0.5763239,-0.38444227,-0.23278731,-0.28013295,-0.19471325,-0.320016,-0.6676419,-1.038474,-1.3825986,-1.4758459,-1.800601,-1.9363339,-2.049528,-2.1820626,-2.2092662,-2.1749187,-2.2247803,-2.0208669,-1.256577,-0.67674625,-0.48879063,-0.668329,-1.0082965,-1.3244995,-1.6171243,-1.7970892,-1.8391349,-1.7934763,-1.6844394,-1.4075928,-0.5504675,-1.0301014,-1.0516739,-1.1632061,-1.8696539,-2.102503,-1.4233632,-0.48787507,-0.11115693,-1.1321735,-1.2588148,-1.2002244,-1.8168398,-2.237896,-2.4070902,-2.4985275,-2.5420368,-2.5370436,-2.4501934,-2.366106,-2.4070892,-2.822391,-3.1615543,-2.8507586,-2.2176018,-1.1826296,-0.5855713,0.0651035,0.090119004,-0.5195054,-1.0853565,-1.112339,-0.6984823,-0.7993734,-0.76689124,-0.59338105,-0.5719591,-0.67891455,-1.0363269,-0.8994621,-0.591431,-0.3943171,-0.2954967,-0.18893942,-0.36794153,-0.5746722,-0.56048155,-0.4166983,-0.36118746,-0.60066354,-0.70971143,-0.6477796,-0.42857337,-0.21580954,-0.106878,-0.061652858,-0.015558466,-0.027697958,-0.020788059,0.027120113,0.1129573,-0.14225604,0.24508533,-0.33390808,-0.9824693,-1.4298892,-1.7769523,-1.8506464,-1.8107696,-1.7236505,-1.5806631,-1.2875416,-0.70367783,-0.24320759,-0.06224798,0.08270936,-0.0903,-0.26461813,-0.31154817,-0.34015045,-0.46273184,-0.8710691,-1.1961634,-0.29500058,-0.29492033
-4.2422013,-4.2866955,-4.3023567,-4.124733,-4.214948,-4.2298174,-4.328186,-4.454028,-4.2997084,-4.3131986,-4.2969766,-3.8901029,-3.5528977,-3.4994907,-3.4896407,-3.4884503,-3.510543,-3.472693,-3.199853,-2.5404115,-1.7853476,-1.2302362,-0.9685673,-0.86376643,-0.76554185,-0.68630743,-0.6117001,-0.5086047,-0.33005908,-0.041107625,-0.06531621,-0.13934934,-0.4766769,-1.4456892,-2.1798418,-2.1929257,-1.7622764,-0.9273335,0.2877459,0.95905656,0.7466304,0.37185222,-0.22955352,-0.7845926,-1.1286694,-1.748775,-2.8683786,-3.1391926,-3.133162,-3.1209297,-3.0532937,-2.8536181,-2.6398842,-1.9020779,-1.0694852,-0.66003174,-0.6171503,-0.6477886,-0.9474633,-1.3018932,-1.5944049,-1.9563036,-2.217311,-2.3182006,-2.2995396,-2.2930837,-2.4508162,-2.6382298,-2.8267274,-3.1484706,-3.3686426,-3.2235346,-2.7638683,-2.671212,-2.3301282,-2.1229737,-1.9741671,-1.6963806,-1.4699669,-1.7520125,-2.4275203,-3.0614352,-2.930626,-2.6888442,-2.370603,-1.6142542,-0.22069004,0.9826141,3.764831,5.370225,5.562622,5.732652,5.866992,5.748537,5.2702203,4.47362,3.1480637,1.4763486,0.28674236,-0.5409272,-1.13438,-1.3566701,-1.471551,-1.6239964,-1.8322821,-1.8781059,-1.912704,-1.9181986,-2.0096226,-2.005601,-1.6112065,-1.5662949,-1.4465628,-1.4747329,-2.505833,-3.2267144,-3.910808,-4.0324903,-3.3177962,-2.7752676,-2.7907462,-2.9438038,-2.8329148,-2.7442904,-2.6850069,-2.714578,-2.746859,-2.759704,-2.6792889,-2.5131216,-1.9235644,-1.5781207,-1.4500124,-1.4939208,-1.614525,-1.7388602,-1.9835225,-2.321519,-2.2766755,-1.9709225,-1.4680052,-1.5945086,-1.7907609,-2.1467025,-2.6906424,-2.8961358,-2.8550882,-2.699255,-2.3532405,-1.8676052,-1.5627927,-1.4062626,-1.2853771,-1.181032,-0.8976735,-0.7662558,-0.81593037,-1.0030135,-1.1878617,-1.2662805,-1.3277369,-1.3049016,-1.3297082,-1.3360634,-1.3324448,-1.4187431,-1.4588372,-1.573843,-1.8027319,-2.153893,-2.8121939,-3.3863688,-2.9092326,-2.3334863,-1.7809361,-1.2058164,-1.1007125,-1.3381593,-1.5939152,-1.8305622,-2.1233933,-2.6147888,-3.255126,-3.724609,-4.094907,-4.3988132,-4.5224085,-4.650378,-4.702181,-4.7888684,-4.8163934,-4.708059,-4.1244354,-4.1243615
-1.9020965,-2.072458,-2.0591185,-3.297882,-1.7168021,-1.660906,-1.6203207,-1.4938605,-1.2595601,-1.456651,-1.8534665,-1.9053853,-1.6015582,-1.385179,-1.1286514,-0.9743215,-1.0611327,-0.9951565,-0.6805874,0.0692002,1.1319882,1.8855529,2.3602276,2.5973773,2.7936676,2.909665,2.9481816,2.9232578,2.8649337,2.7813687,2.3641272,1.7249862,1.3823098,0.48652726,-0.5778017,-0.48284543,0.12359187,0.76660645,1.5481611,2.076577,2.1782029,1.9977455,1.4749024,0.8361713,0.37814996,-0.47194743,-1.5917089,-1.8172071,-1.8436356,-1.8000798,-1.6892742,-1.4683683,-1.291942,-1.0172201,-1.1793332,-1.1515727,-0.4449892,0.20744199,0.7807616,0.8376429,1.0395931,1.0143712,0.8806838,0.9634938,1.4559014,1.9931961,2.2765105,2.4168282,2.7944937,2.8558354,2.5774302,2.194884,1.3168715,-0.15786526,-1.1458999,-1.4484202,-1.3810713,-1.2467637,-1.2000809,-1.2615016,-1.4347693,-1.8689728,-1.933386,-1.9169841,-1.9005792,-1.543575,-0.655338,0.26436692,1.7999973,2.6871247,2.7449293,2.8085983,2.7810502,2.3941066,1.8076198,1.2063801,-0.03655429,-1.2628765,-1.7881739,-2.3016999,-2.8382225,-3.1269083,-3.3409028,-3.4558375,-3.5393696,-3.532733,-3.5191822,-3.542275,-3.5704894,-3.0994322,-3.0379903,-3.0210938,-2.2748473,-1.3607788,-1.4078128,-2.1004121,-2.3617342,-2.0024562,-1.5965137,-1.2276281,-0.89291143,-0.87826854,-0.8172605,-0.801379,-0.8892273,-1.0604463,-1.3291196,-1.5652328,-1.6388599,-1.5246094,-0.9426238,-0.58964896,-0.32093757,-0.059868187,-0.18604079,-0.43117052,-0.85289663,-1.4248581,-1.6301694,-1.5767386,-1.0503649,-0.28482473,0.31861103,0.51604825,0.108533345,-0.34067032,-0.72912073,-1.032685,-0.8710427,-0.6198816,-0.63169324,-0.63937646,-0.55775154,-0.47667286,-0.12069678,0.15495977,0.16813058,0.19508003,0.22288358,0.25126016,0.28675726,0.313341,0.2437488,0.15312645,-0.0056342036,-0.30818456,-0.5655699,-1.0133013,-1.527148,-2.2015655,-2.7040758,-2.7641017,-2.4523084,-1.8415991,-1.2904227,-0.6143974,-0.30734867,-0.24002302,-0.14830081,-0.09007647,-0.18937235,-0.5881335,-1.0179757,-1.1743208,-1.0952933,-1.0624789,-1.1577307,-1.3556893,-1.5484693,-1.7781494,-2.1471553,-2.2517695,-3.2981749,-3.2981281
-1.6469815,-1.8655767,-1.861468,-3.0387344,-1.6102018,-1.518079,-1.523437,-1.6475554,-1.5880992,-1.4043577,-1.140197,-0.68135405,-0.5180136,-0.44862905,-0.2518298,-0.21073677,-0.43427312,-0.49173737,-0.2049498,0.84977335,1.7649686,1.9162266,1.9386303,2.0424924,2.158365,2.248562,2.2920823,2.3105593,2.3441663,2.4520211,2.0545988,1.4671347,0.6618994,-0.68723947,-1.5885708,-1.6282651,-1.1742187,-0.49530846,0.5257579,1.3188168,1.4124757,1.190045,0.61292547,-0.07080419,-0.61211604,-1.1140895,-1.477615,-1.4113162,-1.2591792,-1.1953917,-1.1356591,-1.0617418,-1.0283465,-0.99053967,-0.84247017,-0.42426187,-0.17167626,0.0961743,0.5057552,0.6079398,0.7948592,0.96324646,1.0648124,1.2476716,1.6526041,1.8858474,1.7689183,1.5317136,1.1519983,0.5151894,0.004681468,-0.48945844,-0.92119503,-1.0561806,-1.0318382,-1.0054492,-0.9333272,-0.9524997,-1.128651,-1.5275189,-1.9765707,-2.2982943,-2.1739306,-2.3084455,-2.178352,-1.6197332,-0.38893005,1.216524,3.176218,4.110221,4.259413,4.2518563,4.084277,3.7773151,3.103169,1.7289318,-0.063604206,-1.3142377,-1.5611801,-1.6604295,-1.6751425,-1.6624005,-1.8051348,-1.7557204,-1.6851051,-1.7192392,-1.7544311,-1.7609739,-1.9461944,-2.0751824,-1.9642544,-1.8680382,-1.2586613,-0.64802206,-0.94223344,-1.5622563,-1.5040427,-1.0412886,-0.6161229,-0.5183345,-0.74563026,-0.7422557,-0.6194213,-0.6089841,-0.68122965,-0.7737835,-0.9094584,-0.9303526,-0.9624876,-1.0566589,-1.1754699,-1.2708372,-1.3818345,-1.3946338,-1.4125695,-1.4650147,-1.629422,-1.7893829,-1.6069907,-1.2456625,-0.7556297,-0.7657557,-0.55684805,-0.60383666,-1.0832345,-1.4579287,-1.7599556,-2.188771,-2.0932312,-1.8063767,-1.6692094,-1.3946134,-0.9871907,-0.47693565,0.31979918,0.9164833,1.2540119,1.8324863,2.321462,2.529705,2.6357007,2.6530714,2.61723,2.5988007,2.546684,2.4424634,2.2914433,1.9379759,1.4553307,0.5983,-0.5508774,-1.9527874,-1.747384,-0.9778481,-0.29580274,0.6699452,1.0668122,1.1479062,1.0725913,0.907954,0.46199048,-0.5958433,-1.6388307,-2.0681076,-2.461196,-2.7260065,-2.870092,-2.945684,-2.9201255,-2.8880296,-2.6911912,-2.4745998,-3.0386033,-3.0386806
-1.7010009,-1.8673689,-1.8971684,-0.2422375,-1.877296,-1.8679109,-1.8756397,-1.9389176,-1.7101289,-1.2995461,-1.181861,-1.2143071,-1.2615137,-1.2920685,-1.2727464,-1.3219883,-1.3138585,-1.3246709,-1.2487433,-0.8369896,-0.2625327,0.18891922,0.403883,0.40965837,0.4384451,0.5197139,0.6867288,0.94775534,1.3747139,1.6850619,2.1517239,2.3040893,1.8906429,1.3796434,1.6118907,2.0239196,4.114747,6.393611,8.098747,8.915832,8.946919,8.923804,8.892888,8.750672,8.53924,7.0538607,2.4438405,0.2187514,-0.5432017,-0.9448782,-1.2912941,-1.3649199,-1.2885227,-0.59509337,0.027337546,-0.052317813,-0.47854733,-0.81518686,-1.152445,-1.4231262,-1.9272456,-2.470938,-2.5882921,-2.464301,-2.1081808,-1.6848109,-1.4276652,-1.3783761,-1.2572736,-1.1092497,-1.171143,-1.4034213,-1.5549631,-2.1420498,-2.3832169,-2.290205,-2.2319307,-2.2497654,-2.3347208,-2.4411297,-2.396288,-2.3203192,-2.04879,-1.9747248,-1.8200581,-1.4177328,-0.52128476,0.23283502,1.0042475,0.814011,0.7497563,0.68189204,0.5239489,0.35246065,0.059759617,-0.12505536,-0.6223516,-1.356891,-1.7525678,-1.944972,-1.7583003,-1.3413562,-0.8795605,-0.5199221,-0.4013442,-0.5758525,-1.0843982,-1.6311036,-1.9113926,-2.0986483,-1.6360418,-0.9823892,0.25258473,0.9058962,-0.059250772,-0.19092831,-0.5458307,-0.8412031,-0.98658603,-0.6027177,-0.5708269,-0.9340297,-1.4316893,-1.6502104,-1.7863946,-1.9097912,-1.8843935,-1.7549866,-1.7082913,-1.6391469,-1.2683448,-0.9785206,-1.14285,-1.5117654,-1.6430385,-1.5871316,-1.6743827,-1.8909854,-1.9515485,-1.7730951,-0.8848623,-0.74055445,-1.0293285,-1.2028877,-1.3438748,-1.2147839,-1.0212208,-1.0297316,-1.5828723,-1.7608049,-1.7948802,-1.8063741,-1.7655156,-1.4695392,-0.73274004,-0.10024536,0.07286972,0.2269778,0.27811792,0.23793828,0.16156125,0.1228891,0.122825116,0.2037434,0.30017173,0.27913997,0.21230504,-0.07742578,-0.37113285,-0.44910836,-0.7402226,-1.6432941,-1.5876615,-1.0625596,-0.6691684,-0.377302,-0.47190362,-0.715959,-0.8703888,-0.9373979,-0.9904776,-0.8747341,-0.6266773,-0.6914168,-0.87081194,-1.1578825,-1.142669,-1.2536163,-1.2909604,-1.3991888,-1.4226778,-1.3281012,-0.24191593,-0.24186091
1.9567838,2.1631699,2.1168506,2.200213,1.984579,1.9466954,1.7665058,1.4787146,0.7513697,0.009888276,-0.30491036,-0.5180107,-0.8405115,-1.1734936,-1.4937079,-1.4190784,-1.1346126,-0.9522431,-0.81983566,-1.085973,-1.4694527,-1.7137954,-1.7374284,-1.7249886,-1.6586156,-1.5863318,-1.5409596,-1.5175049,-1.5278759,-1.8226194,-2.4049366,-2.5023956,-2.2734146,-1.6796982,-0.72908914,-0.17609654,0.13945425,-0.0870874,-0.6423392,-1.612321,-2.002147,-2.0263731,-1.8039683,-1.7711036,-1.9122858,-1.6638675,-0.73562723,-0.40849853,-0.33211985,-0.31330696,-0.22491871,-0.2396197,-0.43450522,-1.0976447,-1.5839715,-1.8034177,-1.9588811,-1.8749392,-1.5142065,-1.3360593,-1.2203383,-1.1214011,-1.066684,-0.99472034,-1.0013878,-1.1322763,-1.252439,-1.3662226,-1.6138326,-2.0025582,-2.4475226,-2.8913646,-3.0108519,-2.4311442,-1.8609012,-1.9735866,-2.11099,-2.2668207,-2.4515827,-2.843727,-2.7941175,-1.5321084,-0.8668166,-0.47566944,-0.21885653,-0.9625371,-1.9554007,-2.1850138,-2.1942637,-1.8633738,-1.7509775,-1.7296071,-1.7925042,-2.0073645,-2.3999994,-2.9492292,-3.0660274,-2.7204823,-2.1660368,-1.492229,-1.1046996,-1.1550707,-1.4215648,-1.7443466,-1.9798039,-2.2003403,-2.2102704,-2.049039,-1.8821766,-1.3693054,-1.9701965,-2.4720964,-2.0946531,-1.2586515,-1.1523293,-1.2171012,-0.23344725,0.40061283,0.61060685,0.3347487,-0.15022972,-0.25554317,-0.15906985,-0.14119416,-0.16027611,-0.27296227,-0.5007656,-0.69943494,-0.6548389,-0.4236057,-0.23835735,-0.14790533,0.0785639,-0.021148387,-0.29299128,-0.38920718,-0.27162108,0.046638735,0.23120353,0.13555965,-0.88780105,-1.1430575,-1.1350545,-1.179413,-0.9896903,-0.51578677,0.07780695,0.732832,1.1637781,0.90311253,0.6475344,0.40911242,0.198895,0.17714258,0.4586157,0.7932625,0.895536,0.8687308,0.7400666,0.68338513,0.62803453,0.44996604,0.28781408,0.1448529,-0.050466895,-0.42229748,-0.6736009,-1.0226085,-1.3304769,-1.5683544,-1.6095037,-1.2132806,-0.8980367,-1.2239798,-1.4715931,-1.5481949,-1.5073086,-1.4633949,-1.5332474,-1.6839997,-1.7678857,-1.8509345,-1.3701994,-0.82986015,-0.5744376,-0.5538328,-0.5567887,-0.5442273,-0.44750717,-0.31709802,-0.04132171,0.1367838,2.1999006,2.2000651
-1.8950539,-1.6973009,-1.7167727,0.72987086,-1.8065126,-1.8285522,-1.703257,-1.4739963,-1.406232,-1.1443298,-1.1016711,-1.1715294,-1.3884838,-1.3997482,-1.3470036,-1.3778431,-1.3260483,-1.2169135,-1.0805864,-1.0229704,-1.088774,-1.3303047,-1.4360721,-1.5099559,-1.5252705,-1.546685,-1.540405,-1.5097523,-1.4614561,-1.4473047,-1.0442412,-0.48645094,-0.10281488,0.03678213,0.022639468,-0.23371805,-0.49510366,-0.43576992,-0.48821843,-0.9397636,-1.0785792,-0.9388091,-0.39796305,0.041127786,-0.0012688339,-0.20906386,0.48474905,0.69152653,0.60353965,0.5042535,0.45397887,0.17885283,0.01017276,0.02624948,-0.15209468,-0.7022567,-1.2767997,-1.6064377,-1.8198078,-2.020469,-2.3168957,-2.458984,-2.3585174,-2.324429,-2.4195204,-2.4743934,-2.408708,-2.3277159,-2.1734486,-1.8016467,-1.2904743,-0.601145,-0.35110793,-0.20488301,0.14074841,0.1422961,0.07369253,0.16490276,0.36262134,0.33220983,-0.007989109,0.28699294,0.48989362,0.49173656,0.18370588,-0.33809316,-0.7576854,-1.0887612,-1.8485494,-2.5603151,-2.7499614,-2.8109107,-2.8168495,-2.625551,-2.1675515,-1.7053435,-1.3451889,-0.4928298,0.074039206,0.38779518,0.2573952,-0.18518746,-0.83968806,-1.3001337,-1.470101,-1.4663483,-1.5185895,-1.6432662,-1.5070634,-1.3519114,-1.2372653,-0.77783686,-0.7696327,-1.1546086,-1.4182799,-1.4253001,-1.1220096,-0.2274138,-0.328095,-1.0118219,-1.2447219,-1.5350581,-1.7473145,-1.8379037,-1.8812671,-1.8678539,-1.7557819,-1.623124,-1.3568794,-1.19707,-1.1497866,-0.8992562,-0.41186318,-0.023189127,-0.05283159,-0.17220777,-0.10592458,0.06857464,0.051086828,-0.20381454,-0.72864884,-1.5229535,-2.1112854,-2.0001194,-1.4986286,-1.1208935,-1.0856367,-1.4015898,-1.667024,-1.3223174,-1.0091794,-0.9734853,-1.0182799,-1.2035844,-1.5571902,-1.7718458,-1.7777665,-1.9010092,-2.0040402,-1.9681598,-1.7800515,-1.534445,-1.3732007,-1.2833825,-1.1788602,-0.9158555,-0.7144733,-0.4247493,-0.096727654,0.3615359,0.2108565,0.18514985,0.052653395,-0.24596992,-0.662715,-1.3520072,-1.7361324,-1.9071255,-1.904468,-1.8161719,-1.5897065,-1.180703,-0.78143126,-0.36107194,0.17510724,0.2856221,0.42308247,0.66204804,0.7994888,0.9754268,0.96788937,0.8851193,0.73089755,0.7307229
1.6197443,1.7504389,1.7175827,-0.054810375,1.544061,1.4690138,1.3281752,1.2337141,1.0080702,0.27057025,-0.3330956,-0.9693303,-1.2023103,-1.2427764,-1.3350104,-1.1200151,-1.0060806,-1.0627949,-1.3421776,-1.7485056,-1.7424566,-1.2132596,-1.0823504,-1.1499296,-1.2155051,-1.2897803,-1.2984257,-1.3520416,-1.4158568,-1.5391952,-1.73701,-1.540066,-1.0716859,-0.3365317,-0.1416395,-0.5403898,-1.4891772,-2.030283,-2.3205352,-2.6948576,-2.9775038,-3.0885115,-2.8885038,-2.1985197,-1.6737609,-1.2571782,-0.52905184,-0.18029751,-0.04187259,0.07648347,0.18066458,0.22201554,0.14724734,-0.17588717,-0.4014206,-0.5166662,-0.46856344,-0.30668327,0.0040012,0.21013796,0.3169161,0.3252735,0.11108321,-0.18233848,-0.732026,-1.1829534,-1.4423065,-1.5501509,-1.8284882,-2.0487094,-2.1127617,-2.1369839,-2.0156524,-1.0487105,0.5153096,1.0619478,1.0104742,1.0968046,1.3501235,1.8276851,2.2901628,2.9572234,2.819207,2.525813,2.1930172,1.4856918,0.8375786,0.4398369,0.7463894,0.55971795,0.30826768,0.0813455,-0.14350241,-0.2326845,-0.24604154,-0.3975551,-0.18816373,0.40333888,0.9386164,1.2507412,1.1344161,0.68473226,0.29847643,-0.043053888,-0.29303008,-0.447247,-0.5427525,-0.62964165,-0.76662135,-0.98641175,-1.4966092,-1.6794626,-2.3702972,-2.4513602,-1.8635377,-1.5121891,-1.0886394,-0.7357883,-0.7712479,-1.240168,-1.244098,-1.0048871,-0.8970896,-0.8638922,-0.8813996,-1.0114794,-1.2883205,-1.5320717,-1.2839786,-0.9136835,-0.13950369,0.7155619,1.3613153,1.65446,1.3684633,1.0044076,0.66714406,0.65290725,0.67204696,0.48029643,0.24335383,0.17152996,-0.044491187,-0.18782514,-0.2499609,-0.30868173,-0.29537842,-0.23468548,0.010892574,0.10490955,0.13969935,0.056740478,-0.0967635,-0.3769352,-0.79477966,-1.1012787,-1.3405893,-1.649842,-1.7535763,-1.7791462,-1.6941957,-1.5364165,-1.3773798,-1.3164709,-1.2492381,-1.1095624,-1.0406523,-0.75112176,-0.30547327,0.42864913,1.0579545,1.7955624,1.6351231,1.2183264,1.0527501,0.6645493,0.42198557,0.1593911,-0.08283058,-0.23893274,-0.24273966,-0.2285618,-0.530863,-0.9563446,-1.4067868,-1.6474112,-1.7366353,-1.7270305,-1.6977198,-1.5836887,-1.3866519,-1.3356234,-0.05601126,-0.055755764
-2.3537083,-2.2410705,-2.2468715,-2.918783,-2.473874,-2.5141163,-2.5437365,-2.4950392,-2.352283,-2.1162782,-2.0161407,-1.9520583,-1.8071041,-1.6775672,-1.6266359,-1.475359,-1.3367819,-1.2893976,-1.3177034,-1.469543,-1.4706357,-1.5471574,-1.9654734,-2.1906629,-2.3277192,-2.3964102,-2.426544,-2.4535685,-2.488973,-2.7043219,-2.8780775,-2.4207864,-1.5975399,-0.9433711,-0.9468801,-1.3724847,-2.512856,-3.0752351,-3.3542118,-3.8348405,-4.057722,-4.044893,-3.6482959,-2.7453563,-1.882374,-1.2375437,-0.7362905,-0.744508,-0.85902244,-0.98084855,-1.022741,-1.0991997,-1.2427752,-1.5501786,-1.6691294,-1.8574253,-2.1069226,-2.2690606,-2.4346318,-2.5872526,-2.7529342,-2.700283,-2.511879,-2.4157596,-2.3230817,-2.3403764,-2.3883288,-2.4560003,-2.5425673,-2.4671593,-2.2554393,-2.0630035,-2.4733405,-3.0148711,-3.160018,-3.1127017,-3.1645834,-3.112833,-2.9387398,-2.9243174,-2.9212046,-2.1404512,-1.9582906,-2.1249964,-2.3520486,-2.8624127,-3.2338386,-3.4012094,-2.9277358,-2.5897925,-2.2333143,-1.8632318,-1.4085448,-0.83216894,-0.06601907,0.42992094,1.1321623,1.9461678,2.4949377,2.8585005,2.8386679,2.371326,1.6852823,0.9212946,0.40251634,0.24851255,0.34834006,0.23406312,-0.25993672,-2.0506995,-2.447175,-2.4327183,-2.860384,-3.4482956,-3.2231004,-3.3216562,-3.7296786,-3.5427547,-2.7163856,-2.2081997,-1.8167694,-1.6318957,-1.6069437,-1.6173904,-1.6458578,-1.6675149,-1.6580157,-1.5360785,-1.0661869,-0.6245735,0.32546028,0.9689934,1.1128908,0.9680314,0.7045727,0.55103135,0.5138046,0.21094587,-0.3309018,-1.0514424,-1.936946,-2.0856028,-2.2301302,-2.3351798,-2.248148,-2.0377274,-1.7836127,-1.5932531,-1.7445024,-1.9659977,-1.9697205,-1.9962518,-2.0442197,-2.0783253,-1.8660117,-1.4690783,-1.3724012,-1.6721879,-2.026726,-2.1743748,-2.2796793,-2.3390465,-2.3920536,-2.5004907,-2.6798286,-2.9034426,-3.021482,-3.0653493,-3.0695732,-3.157361,-3.573083,-3.320188,-3.5837443,-3.8774986,-3.9391017,-4.1584597,-4.2852135,-4.3273907,-4.293544,-4.171861,-3.9063973,-3.4380152,-3.2742195,-3.4150753,-3.4909768,-3.5059078,-3.5191178,-3.537283,-3.560341,-3.6112013,-3.6082678,-3.5742774,-2.9194446,-2.919184
-1.9527804,-1.7929962,-1.8184481,-0.11084154,-1.8576546,-1.8397615,-1.8501035,-1.9002149,-1.8819535,-2.3491168,-2.4564838,-2.4046502,-2.4401088,-2.7728758,-3.0429845,-2.979138,-2.526453,-2.1707487,-1.7618368,-1.6948524,-1.8179376,-1.6552963,-1.5402002,-1.5370541,-1.5136521,-1.4742808,-1.3779695,-1.2903498,-1.0934696,-1.1767825,-1.7092754,-2.4879618,-3.037067,-2.7369013,-1.7561411,-1.4047244,-1.4688799,-1.7539192,-1.8833638,-2.484982,-2.8456135,-2.9966295,-3.0572987,-3.129581,-2.9965954,-2.487314,-2.1883898,-2.1729877,-2.209428,-2.2174163,-2.2384372,-2.1540864,-2.0209045,-1.7515786,-1.7167804,-1.5315881,-0.96743053,-0.33545128,-0.04042612,-0.13537133,-0.24012104,-0.4230215,-0.847898,-1.3051102,-2.160025,-2.8506093,-3.2748873,-3.3714495,-3.276061,-3.095539,-2.741118,-2.557956,-2.6682436,-2.4103684,-1.7447846,-1.9487627,-2.0335393,-1.889257,-1.8778538,-2.223577,-2.4298813,-2.0166285,-1.493334,-0.8045454,-0.2454904,0.086789906,-0.15853652,-0.7706257,-0.63329643,-0.6642036,-0.7946317,-0.9680891,-1.2714837,-1.6137931,-1.990359,-2.5662217,-2.9201593,-2.5319397,-2.193931,-1.7788793,-1.7804782,-2.1207118,-2.3911455,-2.5420897,-2.4751127,-2.3338299,-1.9837935,-1.4848325,-0.9992877,-0.49662462,-0.79033935,-1.3912507,-1.671582,-2.5523262,-3.519833,-2.2551994,-0.780481,-0.7754054,-1.6032553,-1.7528305,-2.004207,-2.298883,-2.378261,-2.3158226,-2.243015,-2.0700855,-1.8354166,-1.7454435,-1.8127153,-1.8400136,-1.8232546,-1.5808922,-1.6856366,-1.86796,-1.8215457,-1.7093077,-1.3574162,-0.48964068,0.28092495,0.86153233,0.56868756,0.9584104,1.3005729,1.7791085,3.3072526,5.2057066,6.8419657,8.960567,11.2358675,11.983734,12.040235,12.001649,11.987163,11.921127,11.0039215,8.910419,6.698801,3.387063,1.1408165,0.16242322,-0.6594076,-1.0939007,-1.2494457,-1.3044021,-1.3966904,-1.593303,-1.6704631,-1.6820703,-1.7214332,-1.8555968,-1.9165639,-1.4473505,-0.98023546,-0.83460325,-0.70089215,-0.90918845,-1.3493831,-1.6843419,-1.9328892,-2.1883588,-2.2989006,-2.1122699,-1.5060158,-1.1157625,-0.9073874,-0.9984263,-1.2197556,-1.3813009,-1.3004241,-1.3337917,-1.4357218,-1.5609345,-0.1099583,-0.110006385
-2.2433875,-2.33193,-2.3021727,-3.508915,-2.2391243,-2.2191882,-2.2346158,-2.302122,-2.0009863,-1.6767058,-1.5364003,-1.3160515,-1.2659413,-1.1673574,-0.939672,-0.8077018,-1.0070417,-1.1803222,-1.3420994,-1.2252163,-0.8333505,-0.5219608,-0.24592462,-0.10245831,-0.02670183,0.04306145,0.011335418,-0.050020322,-0.20252748,-0.21661933,-0.3835955,-0.7148028,-0.8532692,-1.6078818,-2.0434713,-1.8007212,-1.3985369,-1.277563,-1.0819746,-0.7550835,-0.59846306,-0.77546513,-1.1606548,-1.48654,-1.614749,-1.720218,-1.622541,-1.2501152,-1.0563319,-0.9593648,-0.9213064,-0.86955583,-0.87691617,-1.1617615,-1.4057763,-1.477977,-1.2721388,-1.0511069,-0.55101144,0.27959192,2.4326124,5.2675853,7.29643,8.383157,9.601505,10.270402,10.575157,10.626253,10.572303,10.314928,9.807516,8.522674,5.7695556,2.1847847,0.10025968,-0.17442009,-0.18810542,-0.419839,-0.74555016,-1.0983844,-1.3701737,-1.5407815,-1.5173206,-1.7073691,-1.7962574,-1.783055,-1.6294863,-1.1354803,-0.86467606,-0.6849259,-0.6496139,-0.64389426,-0.68525577,-0.7528939,-0.7792555,-0.40050066,-0.16944253,-0.600149,-0.98269045,-1.2132818,-1.227748,-1.0170616,-0.89554995,-0.768742,-0.68571365,-0.76854265,-1.1888957,-1.7242618,-1.8622694,-1.8777812,-1.5705674,-1.6554934,-1.4867096,-0.9644091,-1.0453837,-1.8839462,-2.2550418,-1.6110015,-0.3707129,0.20056103,0.832395,1.8744284,2.4758444,2.6372342,2.7661083,2.72464,2.4632463,1.9110466,1.2584279,0.8997499,0.5188907,0.0733847,-0.44328406,-0.8565319,-1.107817,-1.204736,-1.334416,-1.4572833,-1.3365297,-1.1466341,-0.9644616,-0.90935755,-0.9435232,-1.2170552,-1.8084297,-2.2566886,-2.3362668,-2.059063,-2.078233,-1.8929287,-2.0078235,-2.1185436,-2.237171,-2.1658416,-1.7095562,-0.7676322,-0.07006404,0.90594244,1.8098302,2.3219156,2.786902,3.071774,3.055098,2.9425235,2.7996569,2.6566737,2.5157182,2.2027285,1.7369015,1.048395,0.22654444,-1.1199961,-1.4505993,-1.2195659,-1.0649762,-0.8162495,-0.7077229,-0.69761866,-0.7127366,-0.79007226,-1.0055071,-1.4786036,-2.2267928,-2.4260113,-2.0940113,-1.6250196,-1.422069,-1.5543623,-1.7699856,-2.018234,-2.4424284,-2.5796545,-3.5088744,-3.50891
-6.034977,-5.868444,-5.875126,-3.7012868,-5.976575,-5.9663,-5.926387,-5.7646055,-5.3815713,-5.091212,-4.9737425,-4.6300564,-4.4035354,-4.338044,-4.1624274,-3.9737308,-3.7860599,-3.631133,-3.4028506,-3.1706963,-2.9299026,-2.7928438,-2.9418943,-3.0403583,-3.098718,-3.1118536,-3.1249921,-3.105156,-3.0644965,-3.2286892,-3.4525528,-3.3172584,-2.9980683,-3.0988073,-2.9941063,-3.1582594,-3.6880894,-3.9205728,-3.9010868,-4.1380906,-4.2817307,-4.217316,-3.816645,-3.362482,-3.0977411,-3.0960722,-2.7520347,-2.6158376,-2.6635838,-2.7132902,-2.6709409,-2.640868,-2.5953007,-2.5048203,-2.6886954,-3.2823877,-3.7295985,-3.8842885,-4.113085,-4.4311905,-4.754592,-4.7768927,-4.5139174,-4.3318677,-4.05568,-3.8615544,-3.746888,-3.7317913,-3.6872988,-3.558348,-3.2589624,-2.9175653,-3.4230697,-4.2260084,-4.204283,-4.1971674,-4.189171,-3.965544,-3.7191443,-3.9888473,-4.13581,-2.9475749,-2.1863856,-1.965924,-1.8804584,-2.052029,-2.2283068,-2.0586784,-1.8184876,-2.1350384,-1.9997172,-1.7296131,-1.4426985,-0.9128034,-0.20387103,0.36249676,0.5806531,0.89348316,1.3298306,1.6110767,1.448839,0.80243105,-0.15547505,-0.8925995,-1.3261647,-1.5030358,-1.8211212,-2.397112,-2.936238,-4.1227336,-4.3942785,-4.2177167,-4.360612,-4.920531,-5.3279543,-5.314973,-4.974556,-4.061532,-3.3406603,-3.105333,-2.8458564,-2.7874053,-2.808173,-2.8328505,-2.821819,-2.8523192,-2.806786,-2.6943264,-2.4401102,-2.2341747,-1.958061,-1.9609312,-1.9752529,-2.1626782,-2.359387,-2.495967,-2.5038652,-2.5707924,-2.6993003,-2.9624796,-3.0667338,-3.14993,-3.6772776,-4.0561686,-4.276317,-4.2783446,-4.207288,-3.9857013,-3.4209414,-3.0370202,-2.8249187,-2.8248448,-2.863089,-2.957532,-2.7310667,-2.205687,-2.0240533,-2.3215325,-2.6439266,-2.7350032,-2.689147,-2.5184615,-2.4532473,-2.461454,-2.4331186,-2.1947904,-1.9304807,-1.5483885,-1.3126279,-1.2895826,-1.9612677,-2.2135086,-2.1723742,-2.2649825,-2.3133981,-2.671707,-3.0597193,-3.4043393,-3.602326,-3.7532983,-3.731566,-3.5630968,-3.6467795,-3.7480834,-3.787382,-3.9301276,-3.9741445,-4.0601654,-4.068235,-4.158569,-4.3517423,-4.422089,-3.700706,-3.700647
0.58230686,0.64366496,0.63485664,-0.87222946,0.5400183,0.49535716,0.43230924,0.45629758,0.24542257,0.34919244,0.8456931,1.2737772,1.5808977,1.7866595,1.7895637,1.7676129,1.8807596,1.9384282,1.7818906,1.2099499,0.6954955,0.41249794,0.2152752,0.12102884,0.10246192,0.07874818,0.13980186,0.16682597,0.051344946,0.038214877,0.7767505,2.3536887,3.0391932,3.3227954,3.3954463,3.343411,2.7433772,2.4909248,1.5698043,0.111644775,-0.45673227,-0.6969667,-0.79955655,-0.7977088,-0.9769793,-1.2129211,-0.5342523,-0.1825223,-0.08912906,-0.11381693,-0.08416103,-0.050000496,-0.013258159,-0.17505959,-0.50266486,-0.665502,-0.6367829,-0.66944265,-0.60278285,-0.4912539,-0.5568474,-0.5449634,-0.5298314,-0.6125773,-0.8704482,-1.0023599,-0.91284883,-0.8661556,-0.9349121,-0.71289223,-0.54896134,-0.71957004,-0.7597938,-0.4540723,-0.5154545,-0.6471416,-0.71590185,-0.68156374,-0.534182,-0.11114162,0.4535072,1.0567466,1.1147094,1.0667552,0.92200845,0.41156206,-0.2716107,-0.82646936,-1.9186659,-2.5431821,-2.5712485,-2.4781518,-2.2430964,-1.9636185,-1.647622,-1.58692,-1.0368859,0.109792314,1.3273499,2.6272953,4.052466,4.904487,5.3612227,5.5231423,5.3823953,5.3881855,5.5052032,5.287301,4.5273705,2.1842432,0.7926134,0.17713857,-0.6535609,-0.8638263,-0.1467309,0.14298798,0.4383126,0.48223302,-0.69778454,-1.5293164,-1.4569845,-1.1235123,-0.95149475,-0.8650742,-0.86347246,-0.8310891,-0.7906376,-0.557277,-0.15232354,0.050488383,0.2999294,0.5840608,0.8666888,1.192297,1.1254792,0.986425,0.9420737,0.95059043,0.72212565,0.43519258,-0.19036113,0.26211965,1.022306,1.7739725,2.462511,2.72782,2.688716,2.0814905,0.99222594,0.59414077,0.35294473,0.17172879,-0.08410019,-0.50874466,-1.0795116,-1.4240901,-1.5480709,-1.4802848,-1.3764127,-1.2830782,-1.0776796,-0.9867085,-0.9352611,-1.0061295,-1.159508,-1.4090326,-1.631372,-1.6979979,-1.4484105,-0.73174196,0.41476518,1.4291764,0.85872316,0.005646333,-0.76809,-1.7948709,-2.1525636,-2.1598306,-2.0128586,-1.8024149,-1.4634182,-0.8701003,-0.080124065,0.35511413,0.58552647,0.504274,0.38721508,0.41946205,0.306974,0.20199281,-0.24349189,-0.6581754,-0.87291014,-0.8728082
-1.1901635,-1.4204752,-1.5033863,-2.798071,-1.8561808,-1.8893256,-1.8572506,-1.7822856,-1.3748963,-0.91892743,-0.708592,-0.4278718,-0.33940566,-0.19032186,0.08561611,0.055801988,-0.28486165,-0.5084454,-0.5477904,-0.0101028085,0.6469876,0.967877,1.2628857,1.3891194,1.4427583,1.4805746,1.4533205,1.4180406,1.3260343,1.1346706,0.7768643,0.21118793,-0.1763605,-1.0757409,-1.2115831,-0.8461758,-0.07797687,0.33772838,0.7734151,1.3011433,1.4611504,1.3266213,0.933156,0.29740316,-0.17854798,-0.53292984,-0.93773293,-0.97373325,-0.97383857,-1.0533549,-1.1742642,-1.3320786,-1.4820011,-1.7365541,-1.5331633,-1.099868,-0.65861523,-0.3118616,0.29683262,0.804782,1.3306831,1.4156643,1.0817982,0.94359934,1.1837703,1.6470356,1.9583898,2.0632875,2.0538776,1.6875455,1.1914403,0.7074646,0.18636638,-0.5393601,-0.7500125,-0.6041482,-0.5186686,-0.5992139,-0.818828,-1.078615,-1.326796,-1.7443522,-1.823268,-2.0146618,-2.0147855,-1.8806534,-1.397772,-0.6596173,-0.13805434,0.17600979,0.27224496,0.27652085,0.24969327,0.0934253,-0.09913941,0.010249868,-0.59579235,-1.7628918,-2.289145,-2.4263601,-2.372813,-2.1894822,-2.1097822,-1.7628641,-1.5994658,-1.6888018,-2.0273511,-2.2483542,-2.16691,-1.2499161,-0.2679646,-0.11489956,0.14741258,0.58390087,0.44682568,0.45911497,0.14456539,-0.091887,0.17733625,0.20261218,0.39706704,1.7165946,2.5596404,2.8346653,3.0847821,3.1097019,3.0211415,2.7208793,2.1706033,1.7328839,0.82144153,-0.15599036,-0.6395433,-0.90526843,-0.9841688,-0.9717831,-0.9817419,-0.97724676,-0.72031,-0.41159344,-0.253712,-0.21521814,-0.31531966,-0.67772627,-1.1608636,-1.6627482,-2.0028055,-1.8620367,-1.2136829,-0.5627003,-0.44909516,-0.26005965,0.16723964,1.1376657,2.3771913,2.6961782,2.7269232,3.032843,3.4894693,3.7325227,4.0375223,4.186855,4.139725,4.104916,4.157832,4.2864747,4.3599405,4.2386236,3.910883,3.2816563,1.8665937,-0.44203052,-0.7285885,-0.19398046,0.34047377,1.1444299,1.4983628,1.6420822,1.5351875,1.2937536,0.86838245,-0.012477085,-1.2454069,-1.9367913,-2.1810164,-2.157079,-2.1541746,-2.230314,-2.3185844,-2.415265,-2.4197278,-2.3535113,-2.7971401,-2.7975566
-2.8590827,-2.901437,-2.9458356,-1.6371326,-3.1845107,-3.2851086,-3.3567834,-3.3541675,-3.113277,-2.971222,-2.7786434,-2.2674007,-1.9797735,-2.0268512,-2.0032501,-1.9414611,-1.5845413,-1.2318845,-0.64286387,-0.24698326,-0.612519,-1.1418511,-1.5225645,-1.6192622,-1.6651695,-1.653759,-1.6453955,-1.6152124,-1.5598493,-1.6085849,-1.8828597,-1.9277506,-1.67605,-1.5157993,-1.1384118,-0.8198718,-0.5732583,-0.8445804,-1.2239498,-1.6681243,-1.9266487,-2.104036,-2.145334,-2.0013747,-1.7554214,-1.5127975,-1.499397,-1.5610781,-1.5560968,-1.5306041,-1.481582,-1.2248796,-0.93286973,-0.4485147,-0.5227227,-1.0076697,-1.2355602,-1.2761964,-1.7055023,-2.1160867,-2.4963546,-2.600536,-2.3407736,-2.1281824,-1.9089702,-1.9451853,-2.2423947,-2.5022883,-2.7879746,-3.0999732,-3.1844234,-3.0325308,-2.8309302,-2.552824,-1.8694602,-1.7835963,-1.8336332,-1.8442411,-1.756814,-1.8770922,-1.8826637,-0.93730855,-0.16393535,0.37038842,0.9397968,1.0511782,0.29439437,-0.38588378,-0.62460566,-0.77739394,-0.89004797,-0.9627043,-1.130145,-1.3781532,-1.6012578,-1.5887768,-1.5776799,-1.5677402,-1.5485525,-1.3445811,-1.2939456,-1.5074687,-1.7694323,-2.0279546,-2.1996894,-2.229988,-2.2362177,-2.1666782,-1.8413703,-1.6792698,-1.7907758,-1.8546495,-1.6761426,-1.6124105,-1.9278469,-1.8819369,-1.5699191,-0.41680515,0.7567827,0.73291016,-0.08458537,-0.33110207,-0.2771464,-0.27365798,-0.21262148,-0.2036528,-0.23514777,-0.4340555,-0.6834409,-0.6793554,-0.47015235,-0.24227634,-0.34973544,-0.87807137,-1.1964487,-1.2313498,-1.1532445,-1.0021722,-1.0216712,-1.1535969,-2.198022,-2.428008,-2.7600825,-3.2217784,-3.625468,-3.8295474,-3.7799323,-3.2414074,-2.0954754,-1.5387499,-1.4456829,-1.4903148,-1.6699054,-1.7828012,-1.5005611,-0.92901117,-0.7730813,-1.0016737,-1.3212713,-1.4950757,-1.7036984,-1.8627541,-1.9755694,-2.047646,-2.058765,-1.9633315,-1.7909343,-1.5147088,-1.3846624,-1.5561423,-1.7811381,-1.391061,-1.0831598,-1.3936844,-1.4497306,-1.3799645,-1.4280466,-1.5604653,-1.709605,-1.9110224,-2.084261,-2.141909,-2.2021806,-2.3199668,-2.3119156,-2.190754,-2.1454978,-2.2136323,-2.235358,-2.26832,-2.1956038,-2.0867102,-1.6361779,-1.63634
-0.3179689,-0.531448,-0.48395973,-0.45095623,-0.13071793,-0.06165059,-0.11451116,-0.29159904,-0.30902284,-0.28289536,-0.036662474,0.15544474,0.055483952,0.34829202,0.57239306,0.63707805,0.46683744,0.23367602,-0.009796664,-0.027747527,-0.090622805,0.0930046,0.6240657,0.8921437,1.0810614,1.1971321,1.2684169,1.2787101,1.2437379,1.5055544,1.8049719,1.7675023,1.6688318,1.7464132,1.2306852,1.4640155,2.2661738,2.7857594,2.9955301,3.6159086,3.853373,3.9054651,3.6492221,3.2576752,3.041829,2.5773077,0.92616606,0.2627693,0.06859514,-0.078152135,-0.21238916,-0.19753869,-0.13176589,0.13904133,0.28030697,0.6874995,1.0104368,0.98620695,0.8686038,0.77930194,0.7446884,0.6504807,0.64537203,0.8304658,1.5337877,2.3474257,2.9169078,3.1150951,3.1820045,2.9614325,2.4465387,2.0261493,2.433398,1.6433121,0.13966659,0.100766085,0.26829812,0.16814074,0.18329275,0.4040562,0.36350852,-0.15758103,0.14247563,0.7184223,1.2206694,2.4427853,4.440629,6.1234,7.562825,8.092688,8.165077,8.143728,8.097373,7.9888563,7.736097,7.197898,6.3113985,4.656172,2.6851194,0.9971825,0.054125935,0.07275213,0.44794196,0.8236965,0.8278837,0.7352557,0.50470054,0.4049027,0.28358376,0.5430261,1.996242,2.7919488,3.1510386,3.5830956,3.2902117,2.7057261,1.4919971,0.8161142,1.2738473,1.3072436,0.7042276,0.5562828,0.8051484,0.946302,1.0583904,1.0425686,0.95361733,0.7553895,0.21912329,-0.18196204,-0.7903335,-0.9116975,-0.9495268,-0.70714325,-0.415654,-0.30563405,-0.20834845,0.43104786,1.805354,3.6757488,7.7133675,9.537791,10.704822,11.155144,10.839763,10.19312,9.49436,8.152049,4.9255466,2.897407,2.0313098,1.8556296,1.9574757,1.6374067,0.4266633,-0.7159327,-0.9095501,-0.104921974,0.9807683,1.5633168,1.9365723,2.0569718,2.0167594,2.0389824,2.210818,2.4986596,2.6628218,2.7318807,2.6669183,2.5583506,3.171535,3.1524825,5.319335,7.5452414,8.798416,9.696724,10.051508,10.296046,10.297684,10.106342,9.770525,8.886221,7.1803293,5.0738506,2.9006405,1.5326736,1.1655736,0.9917361,0.67271364,0.37972814,-0.0759601,-0.3727722,-0.45132446,-0.45111144
-1.4319952,-1.352121,-1.333976,0.50064254,-1.1995906,-1.0977341,-0.90122855,-0.6024021,-0.22588804,0.13009585,0.8337325,1.3548448,1.4771024,1.1986934,1.1410482,1.0808754,1.2455319,1.4432812,1.5943991,1.509023,1.5798572,1.879757,1.718045,1.3602301,0.8576462,0.43938035,0.095792755,-0.121510446,-0.35152593,-0.90087414,-1.1636627,-1.1882627,-1.5601996,-1.855983,-1.1151439,-1.1413623,-1.3358719,-1.1574538,-0.9433586,-1.4175293,-1.4625499,-1.3489237,-1.0635033,-1.0626606,-1.2089478,-1.2295767,-1.2218179,-1.3023072,-1.3790398,-1.3535383,-1.3538773,-1.2833691,-1.1233803,-0.69783044,-0.46319428,-0.68120193,-0.81563246,-0.8332138,-0.9342749,-1.1075263,-1.5858747,-2.0145972,-2.178979,-2.2893164,-2.6425352,-2.9283104,-2.9928362,-2.8765721,-2.5988336,-2.0436983,-1.2268981,-0.41070825,-0.29457414,-0.3912536,-0.5259339,-0.78184474,-0.8222841,-0.5194644,-0.12332031,-0.026496649,0.040688515,-0.052548826,-0.14612383,-0.07413092,-0.09119907,-0.08900982,-0.47549468,-1.1884851,-1.2099636,-1.4342006,-1.7530038,-1.9832599,-2.211599,-2.3209984,-2.3394008,-2.3129795,-1.8642194,-1.0570107,-0.5504411,-0.056132168,0.651656,1.2449067,2.072527,2.9331596,3.934291,4.723382,5.7984076,7.2616305,9.175204,11.084098,10.47985,9.096314,6.4878583,1.0431606,-2.2031689,-2.329362,-1.4949691,-1.3346367,-2.050699,-2.0031798,-1.7839541,-2.0146458,-2.1874146,-2.2323492,-2.2590938,-2.2629347,-2.3169053,-2.4243994,-2.5156379,-2.6102686,-2.976016,-3.4549384,-3.7131233,-3.4892678,-2.6950798,-2.1406553,-1.5186068,-1.0807693,-1.172066,-1.3584273,-1.4778442,-1.3551759,-1.4490998,-1.3480366,-0.89513016,-0.5434931,-0.41768986,-0.44708914,-0.15579015,-0.08492589,-0.10030919,-0.21455461,-0.25918397,-0.48447612,-0.5218891,-0.023537993,0.34666985,0.17573977,-0.40365654,-0.71468055,-0.85577106,-0.7769505,-0.607393,-0.5060719,-0.47672045,-0.51272166,-0.5683052,-0.58848286,-0.62544554,-0.54540104,-0.49025333,0.03638923,-0.09394756,-0.7467408,-1.1189551,-1.4811158,-1.7053597,-1.8941028,-2.0376332,-2.1640832,-2.1733356,-2.036094,-1.7219054,-1.3566331,-0.9197282,-0.74393547,-0.6811834,-0.6048698,-0.42855483,-0.35842854,-0.4739595,-0.6958182,0.49985665,0.50020766
4.284904,4.2668457,4.2702627,-0.613135,4.5079737,4.7735734,5.271538,6.076387,7.6859155,8.751089,9.50275,10.013754,10.160608,10.091475,10.00466,10.001675,10.036301,9.977789,9.761217,9.217587,8.2939,6.651416,4.62297,3.4534311,2.2465382,1.3611653,0.6451804,0.1113475,-0.623829,-1.8259492,-2.465916,-2.1471953,-1.3600719,-0.066783994,0.6401679,0.43505985,-0.23897904,-0.6490563,-1.344645,-2.1865935,-2.242121,-2.0315552,-1.4962525,-0.8942013,-0.6531117,-0.5216372,-0.33646291,-0.15161543,-0.0779753,0.036486372,0.14622842,0.28846407,0.3590982,0.3326584,0.19639283,-0.24668297,-0.65648055,-0.95876247,-0.88998276,-0.7533974,-0.7007293,-0.5562581,-0.53761506,-0.64005804,-0.9804858,-1.419235,-1.7085342,-1.792485,-1.8622265,-1.7256721,-1.4304636,-1.0884731,-1.1334512,-1.1549188,-1.5250576,-1.7098686,-1.8604252,-1.924169,-1.9057059,-1.7622368,-1.4977746,-1.449883,-1.8732419,-2.1191294,-2.3632216,-2.618086,-2.9634376,-3.3114572,-3.0590177,-2.8785923,-2.8899117,-2.9171665,-2.8992977,-2.8266003,-2.6868062,-2.686368,-2.300792,-1.6382068,-1.1111515,-0.8214154,-0.6850906,-0.78099805,-0.860419,-0.8623954,-0.76170564,-0.66720945,-0.46356863,-0.08399497,0.4510123,1.3672658,1.2783667,1.7942659,1.9333965,0.3884995,-1.4627875,-2.0764437,-2.0243301,-1.8552626,-1.7778211,-1.375603,-0.7382479,-0.73245764,-1.0065445,-1.1391052,-1.2928891,-1.470258,-1.8070462,-2.0650785,-1.8200986,-1.5177033,-1.1388371,-1.0296798,-1.1462154,-1.1740583,-1.0791483,-1.0662074,-1.0407162,-0.78626555,-0.7718632,-0.89928615,-1.0246032,-0.9507941,-1.0832666,-1.2185152,-1.2679007,-1.372685,-1.4514054,-1.4591994,-1.1040235,-0.9947437,-0.9403546,-1.0353031,-1.2027448,-1.6461582,-2.131341,-2.1759343,-2.188439,-2.3304243,-2.525827,-2.5977855,-2.5209434,-2.4289222,-2.36143,-2.4234762,-2.612914,-2.880746,-3.0479627,-3.0663211,-2.9745965,-2.6929247,-2.2737808,-1.8804257,-2.4770734,-2.8204355,-2.8230453,-2.8699105,-2.8219252,-2.75175,-2.7570581,-2.7296462,-2.5773,-2.4847603,-2.4918036,-2.5859513,-2.5733762,-2.4510243,-2.443469,-2.415946,-2.3353214,-2.1829739,-1.9037697,-1.8219223,-0.61666644,-0.6157018
-1.5085826,-1.3651123,-1.3810256,-1.23116,-1.5373311,-1.5730329,-1.5762469,-1.4733274,-1.3574355,-1.2696134,-1.0438256,-0.88599974,-0.6975286,-0.6667827,-0.7789618,-0.8816612,-0.77724344,-0.64540446,-0.542295,-0.55123925,-0.4941863,-0.5786243,-1.0950803,-1.4219947,-1.6812036,-1.8468307,-1.9700752,-2.0427961,-2.1617193,-2.6373262,-2.7819624,-2.0132363,-0.81908,0.16392042,0.3883814,0.05361619,-0.91273224,-1.4863173,-1.8508925,-2.4201121,-2.518981,-2.2637107,-1.4820437,-0.5395321,0.03116186,0.40337268,1.3693454,1.7609674,1.7613807,1.7597345,1.88605,1.8372164,1.7113202,1.3047307,0.6851274,-0.031060278,-0.72192764,-1.3642328,-1.8482211,-2.06964,-2.4386005,-2.725176,-2.785831,-2.8820145,-3.1434166,-3.5428903,-3.8000925,-3.885459,-3.9034061,-3.5887103,-2.985901,-2.1970663,-1.886894,-1.9591241,-2.0798879,-2.1449766,-2.254826,-2.239644,-2.0362813,-1.6952252,-1.384505,-1.1592356,-1.2871971,-1.3158901,-1.4737072,-1.9291205,-2.6224651,-3.1224804,-3.5197122,-3.6393085,-3.5414505,-3.437293,-3.3301458,-3.1230865,-2.6306176,-1.9764507,-1.2789502,-0.67014205,-0.19815499,0.11913526,0.15198869,-0.19949,-0.6666796,-0.96978474,-1.0857016,-1.0228726,-0.6388843,-0.11383021,0.15368122,-0.14427722,-1.0229653,-1.5580966,-2.490242,-3.5260787,-3.387384,-3.080314,-2.9574056,-2.2096062,-2.1604755,-2.277573,-2.0683892,-2.0691707,-2.0130203,-1.8596363,-1.6113687,-1.1160911,0.15735915,2.2266626,4.6006546,5.8034887,7.6219187,9.278221,10.692593,11.872526,12.336477,12.324271,12.006916,10.707712,8.981498,7.070738,4.0966816,1.8272085,0.10251528,-1.0934062,-1.7258229,-2.015207,-2.1420908,-2.002562,-1.6835846,-1.2617809,-1.0464545,-1.0555226,-1.2157388,-1.5243956,-1.8424206,-2.106088,-2.2082894,-2.3088517,-2.453508,-2.5461156,-2.501075,-2.3634794,-2.2768543,-2.2856529,-2.3581038,-2.404904,-2.425699,-2.3169641,-2.0638313,-1.5424619,-1.1709912,-0.93376243,-1.7036519,-2.351033,-2.6613545,-2.9880538,-3.1507902,-3.2274737,-3.3052325,-3.3340733,-3.2155027,-2.8830051,-2.5975003,-2.392445,-2.2322721,-2.0664744,-2.0254908,-1.9334261,-1.793592,-1.6352797,-1.4642584,-1.4459691,-1.2310593,-1.2309871
-1.4556321,-1.2691855,-1.3585916,0.7723656,-1.6000217,-1.5488619,-1.3936725,-1.2086923,-0.5506797,-0.11584273,-0.25805017,-0.624511,-0.68155813,-0.9624755,-1.372726,-1.624046,-1.5353612,-1.4010234,-1.3618076,-1.826728,-2.291674,-2.3734567,-2.4070451,-2.4716306,-2.5323925,-2.5567212,-2.521686,-2.449452,-2.2899857,-2.326467,-2.1737998,-1.5461323,-0.91673756,-0.5295516,0.027013972,0.274509,0.27792948,0.29047024,0.4681685,-0.52681124,-1.0829568,-1.2460111,-1.1909231,-1.1204896,-0.9427366,-0.35385352,0.050106067,-0.3315314,-0.6604706,-0.84363943,-1.0143442,-1.1795306,-1.2929093,-1.6276069,-2.2162275,-2.470747,-2.3005233,-2.1248975,-2.0520284,-2.1632032,-2.594413,-2.9148297,-2.9046037,-2.7919555,-2.8500962,-3.1274633,-3.4192147,-3.4747329,-3.3054433,-2.7358713,-1.8840039,-1.2963667,-1.3815976,-1.3159885,-1.134946,-1.3570111,-1.4506509,-1.3035781,-1.114997,-1.0800287,-1.134327,-1.0872339,-0.9153686,-0.68900543,-0.6308979,-1.0504014,-1.6734443,-2.2028499,-2.6403675,-3.021379,-3.1759987,-3.286383,-3.4133873,-3.443595,-3.1877942,-2.6041021,-1.8289356,-0.9970489,-0.5740177,-0.09344193,0.21461731,0.036925077,-0.2421148,-0.37081662,-0.40084013,-0.33034903,-0.11337975,0.2565941,0.33512825,0.48479396,-0.15870333,-0.87729216,-1.0862298,-1.8641608,-2.1389425,-0.99192035,-0.31303316,0.21983868,-0.012657315,-0.290057,-0.51252717,-1.1772066,-1.4761955,-1.4730457,-1.3511004,-1.0039968,-0.14916661,0.88110757,1.4080883,1.5594258,1.3896797,1.5173507,2.0094745,2.6382232,3.9926918,5.2514544,7.3203936,9.902205,10.923098,11.012453,9.589546,7.6347938,4.537996,2.1048255,0.93266916,0.34888324,0.20730709,0.45943826,0.56174445,0.22565667,-0.3546906,-0.71194565,-0.87969506,-0.9804736,-0.8487842,-0.31886035,0.112095,0.3232484,-0.024881959,-0.29820397,-0.5195656,-0.63881934,-0.7184623,-0.81460196,-0.969238,-1.2201245,-1.3904986,-1.5340825,-1.601974,-1.6178777,-1.5341926,-0.6902401,-0.3012728,-0.5238298,-0.7903018,-1.1626437,-1.4569287,-1.5698153,-1.6540489,-1.767165,-1.777111,-1.5279415,-1.0654008,-0.6446446,-0.40995556,-0.4069956,-0.5433581,-0.66242164,-0.5424148,-0.52038455,-0.5009391,-0.644151,0.7724841,0.7725936
-0.9698303,-1.043438,-1.0131825,-1.796175,-0.53279483,-0.40894455,-0.4017724,-0.6161796,-0.76302516,-0.9660271,-0.9570883,-0.64916587,-0.37480694,-0.3040525,-0.16988912,-0.16477796,-0.34723598,-0.34866893,0.0029773265,1.2048367,2.4464583,2.8563576,2.8446083,2.8587608,2.8948283,2.9175477,2.9139566,2.8980622,2.8501902,2.6511009,1.8397467,0.57763654,-0.6121502,-2.0303106,-2.7574034,-2.6679513,-1.9558747,-0.9855075,0.3431239,0.9276766,0.8581519,0.49466035,-0.24152221,-0.89835525,-1.2691007,-1.475934,-1.6494354,-1.5361714,-1.3811456,-1.3111578,-1.1898776,-1.0266783,-0.87001204,-0.44913456,0.014074683,0.49328083,0.63193446,0.60503674,0.39627263,0.17896658,0.20992835,0.26065272,0.16290215,0.083017975,-0.11827491,-0.42025906,-0.78436506,-0.9914044,-1.2359778,-1.6896675,-1.8967283,-1.8755438,-1.9172285,-1.753192,-1.3547627,-1.230382,-1.1191874,-1.0039339,-1.1048133,-1.502597,-2.103659,-2.6707597,-2.7464635,-2.7891588,-2.576593,-1.9290038,-1.2685947,-0.6267668,0.06585849,0.8104794,1.1337166,1.1446948,0.94184136,0.5987855,-0.026061641,-0.8841919,-1.7759398,-2.1293483,-2.070458,-2.0470521,-2.2258039,-2.37843,-2.6041212,-2.6321552,-2.5341127,-2.4124973,-2.1460085,-1.835887,-1.8224378,-1.5748781,-1.4394661,-1.7193322,-1.752028,-1.324189,-1.8072414,-2.3574548,-2.0967357,-1.4581413,-0.6779012,-0.30443576,-0.19997478,-0.31263304,-0.42883375,-0.5003822,-0.7134174,-0.92934823,-1.1618178,-1.2663875,-1.3196146,-1.2897046,-0.93383527,-0.5885427,-0.4851111,-0.48033908,-0.47968283,-0.5136854,-0.6363204,-0.77813345,-0.6944751,-0.516944,-0.70121914,-0.9157337,-0.8985216,-1.0868856,-1.4415703,-1.5570945,-1.589381,-1.4683324,-0.5415565,0.55196875,1.2922955,1.7328681,1.7519457,1.3211589,0.8821884,0.5115854,0.22647783,-0.18813673,-0.3646124,-0.42396352,-0.4394773,-0.398053,-0.41378808,-0.4612388,-0.5266225,-0.5182023,-0.5088606,-0.59917635,-0.8216797,-1.2561041,-1.8284585,-2.6796415,-2.3410144,-1.7041448,-1.0783163,-0.19411317,0.098721206,0.03845243,-0.14444476,-0.4058945,-0.9047519,-1.7761598,-2.568076,-2.8509293,-3.0556207,-3.2117157,-3.3341837,-3.421834,-3.3381388,-3.2576,-3.0012681,-2.7357125,-1.7960043,-1.7959799
-3.932612,-3.758819,-3.7238517,-0.71728414,-3.7453883,-3.762951,-3.802203,-3.7563345,-3.6162,-3.7404394,-3.672824,-3.4446216,-3.2470307,-3.3552182,-3.322958,-3.2022476,-3.2005992,-3.2589917,-3.5348783,-3.9887013,-4.1325316,-3.628747,-3.092024,-2.8391182,-2.6523695,-2.5519233,-2.4614632,-2.3890305,-2.20747,-1.9028511,-1.8022866,-1.6783999,-1.7389108,-1.7057269,-1.30295,-1.5958153,-2.1803985,-2.4747925,-2.2783613,-2.1020775,-2.163787,-2.2296531,-2.2546196,-2.3288004,-2.3434308,-2.1946945,-1.9347723,-1.8978834,-1.8984987,-1.7832854,-1.7069817,-1.5894964,-1.5253472,-1.5886966,-1.7496797,-1.7948744,-1.6814618,-1.4369664,-1.3615806,-1.4704299,-1.8321536,-2.1845675,-2.3477182,-2.4589412,-2.642421,-2.7060556,-2.6691859,-2.5945559,-2.583528,-2.4834676,-2.1765985,-1.7861545,-1.4709483,-0.4944031,1.3793619,2.0521863,2.4403024,3.9284606,5.983712,7.2242675,8.197947,9.681513,10.052444,10.012482,9.990327,9.57291,9.035297,8.64327,6.920274,3.238795,1.7515943,0.81326306,-0.20430616,-0.8455683,-1.3126708,-1.5428666,-1.3093605,-0.68164647,-0.3568384,-0.21236248,-0.29988086,-0.62899506,-0.9608342,-1.3320887,-1.5568848,-1.647181,-1.7528942,-1.8394282,-1.5291541,-0.7112558,-0.83406115,-0.8397659,-1.5952355,-2.368291,-2.5141835,-1.4805682,-0.54869133,-0.7338242,-1.6728532,-2.3237233,-2.5062897,-2.6965322,-2.7375717,-2.766245,-2.7700005,-2.7758708,-2.7481732,-2.6653507,-2.4748192,-2.3859615,-2.4400473,-2.4576926,-2.150477,-1.763011,-1.3499389,-1.1616606,-1.0521237,-1.2224715,-1.6611965,-2.0819016,-2.0601141,-1.8318309,-2.0431333,-2.2071838,-2.2332168,-2.1865652,-2.0942936,-1.9655429,-1.4434435,-1.1468765,-0.9862188,-0.9464659,-0.8729347,-0.7874366,-0.65126467,-0.654083,-0.6700038,-0.90260977,-1.0733211,-1.1132352,-0.97324497,-0.5573142,-0.11735877,0.2929275,0.9817781,2.411693,3.5159483,5.0830936,6.4304485,7.7845116,9.257391,10.507182,10.373099,9.576762,8.732815,7.0834627,5.475195,3.8674984,2.7683363,1.8744925,1.0618887,0.78861976,0.8782275,0.9203866,0.7475164,0.4462266,0.39773807,0.3710552,0.45113063,0.37265784,-0.16490662,-0.64059436,-0.715919,-0.71611476
-1.2625934,-1.1427119,-1.0968312,-0.90413135,-0.7302002,-0.6242063,-0.5325877,-0.6634724,-0.64498174,-0.60354847,-0.46905875,-0.13862628,-0.076496944,-0.20378202,-0.45149317,-0.6095765,-0.45066565,-0.20064336,0.24673253,0.7809608,1.0778466,1.3249044,1.5540824,1.665928,1.8599267,1.9981372,2.2250576,2.4231207,2.6920047,2.7367687,2.256561,1.1906856,0.4928079,0.05727136,-0.12183851,0.013438731,0.07951546,0.077026784,0.2882098,0.6610988,0.7392684,0.72146875,0.5973814,0.4957726,0.39134428,-0.13028523,-0.5212268,-0.14828789,0.304537,0.69093996,1.3331314,2.5512114,3.6586328,6.387855,8.937081,10.251392,10.864317,11.199841,11.296707,11.20149,10.840745,9.991553,8.970522,8.0497465,6.117449,3.8470435,1.7051458,0.8854549,0.3402837,-0.29699248,-0.56114435,-0.5061102,-0.40976483,-0.37670052,-0.99919665,-1.4072914,-1.4980478,-1.585307,-1.7117143,-1.6508455,-1.4935334,-1.5871907,-1.3808143,-0.8914908,-0.23544115,1.4867365,2.3003645,1.6715529,0.91044134,0.35288286,0.15682107,-0.048414916,-0.3730093,-0.794889,-1.28722,-1.664694,-1.546981,-1.1168677,-1.1610863,-1.2687964,-1.6229291,-1.9841254,-2.2554488,-2.4484515,-2.4959216,-2.4125226,-2.3118665,-2.114391,-1.493673,-0.5030268,-0.677479,-1.087745,-1.388711,-1.2690775,-0.91973877,-0.5466672,0.050060704,-0.34971774,-1.292344,-1.6820502,-2.2261848,-2.7180805,-2.7924213,-2.7244253,-2.6064467,-2.4666443,-2.2606735,-2.0761623,-2.187674,-2.327497,-2.2597198,-1.955129,-2.0144484,-1.8033414,-1.4104577,-1.1659677,-0.9159169,-0.6992803,-0.516623,-0.37776124,-0.76555,-1.128614,-1.6802647,-2.0592957,-1.9612701,-1.6287133,-1.1515913,-0.2208315,0.96190524,1.2110915,1.394695,1.5687199,1.8895948,2.2104423,2.373816,1.9641799,1.6394911,1.0513978,0.33002585,-0.08150458,-0.4550072,-0.5749913,-0.5785794,-0.62997586,-0.827138,-1.132339,-1.2895516,-1.4311932,-1.4457147,-1.3615026,-1.261762,-1.1714541,-0.9865195,-0.9600152,-0.9878554,-1.0375993,-1.0126569,-0.901303,-0.77115464,-0.77834225,-0.82895756,-0.9826382,-1.1057861,-1.1980054,-1.3780828,-1.5689965,-1.7973859,-1.9520398,-2.05163,-2.1693935,-2.196474,-2.156419,-0.90527445,-0.9048597
-4.5477734,-4.37245,-4.361576,-1.8928564,-4.577636,-4.6327496,-4.671322,-4.564534,-4.30542,-4.038695,-3.9071264,-3.5900733,-3.2361178,-3.1260433,-2.9753354,-2.883872,-2.8586526,-2.8766346,-3.0106077,-3.3243785,-3.6233287,-3.7563412,-3.7660213,-3.6867263,-3.5834618,-3.4923162,-3.4250603,-3.3447967,-3.1774297,-2.8401437,-2.4491596,-1.7014055,-1.0836225,-0.98752284,-0.8250197,-1.0890052,-1.911905,-2.3365846,-2.3170655,-2.4385602,-2.5664377,-2.5004196,-2.1870031,-1.8664457,-1.6304809,-1.5477512,-1.2937489,-1.376616,-1.4943166,-1.5404799,-1.5550678,-1.5738697,-1.5927895,-1.7528014,-2.0232847,-2.3873265,-2.7310138,-2.813184,-2.9238625,-3.101641,-3.4037704,-3.6018429,-3.5509553,-3.4890218,-3.3125672,-3.0723953,-2.8389006,-2.738415,-2.6271565,-2.276415,-1.7645948,-1.2797973,-1.4432676,-1.7137728,-1.4075518,-1.266803,-1.1485137,-0.6344897,0.076746196,0.29594392,0.61062187,2.026556,2.6453214,2.5107188,2.337451,1.7588624,1.253505,1.0488291,0.6346117,-0.37829635,-0.5705934,-0.55364794,-0.56149584,-0.35962725,-0.058608584,-0.03734857,0.083410025,0.56130344,0.94972646,1.1907518,1.3022473,1.1794258,0.85288346,0.38026372,0.11154017,0.14790022,0.3698535,0.24736297,-0.20530745,-1.2773056,-1.4716399,-1.3265553,-1.6896425,-2.3058453,-2.5665593,-2.9070885,-3.0781822,-2.728749,-2.5320082,-2.4078221,-2.045751,-1.9433036,-1.8892937,-1.8940419,-1.8759909,-1.8427291,-1.7068167,-1.5126228,-1.3423392,-1.3033572,-1.4863093,-1.8364227,-1.9148853,-1.9155934,-1.7309697,-1.6165206,-1.4550846,-1.6543448,-2.158638,-2.6657069,-2.6524594,-2.291953,-2.4316552,-2.5803366,-2.5828922,-2.489768,-2.438295,-2.5803285,-2.55542,-2.4397497,-2.330161,-2.317092,-2.31151,-2.2939725,-2.0353477,-1.6723052,-1.5549185,-1.7088664,-1.8178043,-1.8081626,-1.707682,-1.5416328,-1.4225221,-1.3399222,-1.1921545,-0.82619554,-0.53454506,-0.14335752,0.10265279,0.21290559,0.13447988,0.8636875,0.7858132,0.21882465,-0.24955076,-1.0190454,-1.5197517,-1.9158275,-2.1208262,-2.2494335,-2.2608066,-2.0970879,-1.9332104,-1.8193259,-1.6297096,-1.601075,-1.5219406,-1.4991238,-1.4409924,-1.490392,-1.6994686,-1.8469198,-1.8917074,-1.8918334
-4.2996135,-4.242652,-4.210859,-4.3344727,-4.114565,-4.114337,-4.117841,-4.0612507,-3.8197298,-3.7704444,-3.77842,-3.4723735,-3.0559115,-2.9766536,-2.923316,-2.8878057,-2.8959062,-2.8878818,-2.856814,-2.8782651,-2.797443,-3.0173247,-3.256949,-3.2879817,-3.2880025,-3.2624927,-3.2321987,-3.1986563,-3.1368887,-3.1739626,-3.76548,-4.4898753,-4.7229843,-4.558072,-3.9539545,-3.680482,-3.543087,-3.4695003,-3.2954612,-2.9067516,-2.7901745,-2.951947,-3.2224324,-3.3164206,-3.2040255,-3.09764,-3.0535958,-2.9395432,-2.904253,-2.8626754,-2.7876463,-2.693332,-2.6004076,-2.3650298,-2.1559358,-1.9320906,-1.4667386,-0.87530935,-0.57823473,-0.6908738,-0.75796974,-0.96134883,-1.1683375,-1.3136183,-1.3336649,-1.3487058,-1.4330344,-1.4916394,-1.5165572,-1.6211536,-1.5500115,-1.2746935,-1.3976363,-2.1454625,-2.4917297,-2.7334704,-2.7820897,-2.7284765,-2.6537168,-2.8934522,-3.1825123,-3.0444405,-2.8563418,-2.7159255,-2.5459332,-2.2478657,-2.1100838,-2.0003514,-1.5823586,-1.4444318,-1.4122432,-1.4651711,-1.6811726,-2.0485106,-2.469616,-2.7183626,-2.7492838,-2.5267231,-2.3655643,-2.317042,-2.5535352,-2.9774382,-3.5084646,-3.9088593,-4.0618067,-4.025138,-3.9398255,-3.9303985,-3.7663028,-3.3429828,-3.2140017,-3.1887584,-3.082389,-2.7455297,-2.8984957,-3.335031,-3.5442462,-3.228032,-2.4322104,-1.6671888,-1.1675135,-1.3736844,-1.5876522,-1.7078861,-1.8276528,-1.9014843,-1.9217374,-1.9262162,-1.7782922,-1.5397235,-0.894102,-0.60231227,-0.7228859,-0.96478295,-1.1593798,-1.3205651,-1.5480734,-1.8964136,-2.1480527,-2.4066083,-2.8773236,-2.9814944,-3.360942,-3.84944,-4.3056765,-4.332396,-4.0553427,-3.2360883,-1.8742346,-0.9378514,-0.56701326,-0.4343868,-0.42226288,-0.57831645,-0.8525741,-1.0546778,-1.2730055,-1.7462226,-1.9884282,-2.0649602,-2.0905554,-2.0050323,-1.9943112,-1.9813972,-1.9823712,-1.9654887,-1.9434725,-1.9884839,-2.1706853,-2.5949519,-3.1113377,-3.4495609,-3.6773963,-3.6369858,-3.3928144,-3.0097475,-2.9363298,-3.1258192,-3.3064792,-3.45856,-3.6194448,-3.6411645,-3.6602745,-3.5291529,-3.2798347,-3.162807,-3.2014644,-3.3463905,-3.4533412,-3.6444764,-3.9737997,-4.076043,-4.3338423,-4.333914
-3.2424817,-3.0845122,-3.060091,-1.5025115,-3.2595277,-3.3281262,-3.4358737,-3.4916186,-3.4240506,-3.175538,-3.0922797,-3.0320582,-3.0049605,-2.924557,-2.813967,-2.6643083,-2.513921,-2.414055,-2.2974675,-2.1241255,-1.736391,-1.4269044,-1.6300429,-1.738596,-1.7538576,-1.7260716,-1.664825,-1.5877994,-1.4818382,-1.5548611,-1.6814225,-1.291506,-0.9549361,-1.1591834,-1.4471309,-1.862196,-2.8961902,-3.3948863,-3.3312147,-3.5194175,-3.6924548,-3.6341143,-3.1101413,-2.1617107,-1.4648125,-1.0191911,-0.2088242,-0.03686677,-0.074350625,-0.20939773,-0.23923953,-0.34519526,-0.40493327,-0.30125412,-0.08221699,-0.448003,-1.0301496,-1.3652741,-1.6351322,-1.8001769,-1.9466711,-1.8789797,-1.6719687,-1.6240996,-1.6452274,-1.8117967,-1.9449966,-2.0218349,-2.0672395,-1.9580688,-1.6763375,-1.3681923,-1.7875538,-2.6158323,-2.960175,-2.9332206,-2.953599,-2.8927946,-2.7605026,-3.0079792,-3.399005,-3.023426,-2.7086387,-2.736319,-2.848659,-3.1699376,-3.4708493,-3.5276613,-2.9122229,-1.8970442,-0.99335736,-0.032404512,1.2172084,2.8384616,4.907881,7.043696,9.017709,10.246931,10.626949,10.647342,10.335621,9.941352,9.250996,8.420878,7.7572427,7.263695,6.487868,5.1059184,3.1770995,-1.1604133,-2.078134,-2.1895685,-2.738751,-3.3486948,-3.30556,-3.3338041,-3.7481332,-3.439883,-2.2887654,-1.6848598,-1.3376213,-1.1923814,-1.1462944,-1.14508,-1.1614114,-1.2113196,-1.2368025,-1.1491925,-0.74925077,-0.39711505,0.37604618,0.7801589,0.58359593,0.1315007,-0.30864525,-0.5684218,-0.6324656,-0.65473765,-0.7015564,-1.0062165,-1.4451675,-1.7292744,-2.134286,-2.4180062,-2.5879836,-2.629229,-2.6542048,-2.7388854,-3.0154142,-3.1610074,-3.0259519,-2.9688056,-2.9722676,-2.888373,-2.2901435,-1.2370954,-0.70524067,-0.8039774,-1.2362672,-1.5006696,-1.7555385,-1.9144092,-2.017404,-2.163395,-2.3855007,-2.7207975,-2.9014242,-3.0387075,-3.0816755,-3.0952919,-3.654955,-3.7885344,-3.828039,-3.9498286,-3.9151597,-4.0386157,-4.153615,-4.220125,-4.2133474,-4.0985665,-3.8164778,-3.416799,-3.341873,-3.3908477,-3.3285906,-3.244636,-3.1944618,-3.1517613,-3.091374,-2.9933448,-2.6829388,-2.3669972,-1.5023706,-1.5023527
-1.8959059,-1.8105528,-1.8330822,0.65158105,-1.9533974,-2.0124185,-2.085781,-1.9773612,-1.9757124,-1.7242906,-0.9248661,0.16572346,0.9375067,1.2904084,1.3661534,1.322248,1.22403,1.1539696,0.9062292,0.23181267,-0.50976014,-0.9041755,-0.8061656,-0.64937407,-0.49112287,-0.38690433,-0.27619416,-0.1138432,0.14966327,1.1417195,3.3027158,6.4041557,8.318432,9.813804,10.460278,10.51723,10.101783,9.193196,7.346341,4.8790317,3.939269,3.9196534,4.095421,4.051511,3.7539878,3.5319757,2.8353295,1.7093259,1.1455259,0.82832766,0.43478125,0.14825678,0.053953767,-0.08592832,-0.27127728,-0.56086755,-0.9617965,-1.1906087,-1.3166531,-1.2300916,-1.2574626,-1.0853772,-0.6370541,-0.32700717,-0.17928183,-0.20856369,-0.15775934,-0.08135098,0.01690501,0.51211035,1.1069385,1.6773858,2.455177,3.7682643,4.8058753,4.81228,4.9310474,5.287411,5.273747,4.8309155,4.0092387,2.9815946,2.412745,2.0244842,1.7386822,1.0290455,0.24470764,-0.53051734,-0.89150834,-1.0164015,-1.3735842,-1.5335366,-1.5428078,-1.4469123,-1.2371244,-0.916793,-0.043369554,1.2569075,1.7804623,2.0712404,2.5071075,3.0449767,3.4046173,3.3101048,3.1537962,3.1987557,3.0514488,2.5118089,2.2032454,1.2860931,0.17012942,-0.12243235,-0.13968927,-0.022637099,0.31484336,0.556225,1.070139,1.6284666,0.5198896,-0.29679275,-0.3381542,-0.36457354,-0.5421865,-0.6790631,-0.83685935,-0.87320244,-0.77447927,-0.3388303,0.08417511,0.21172355,0.38397852,0.99082935,1.7401994,2.490856,2.8376036,2.8895445,2.6545887,1.8704476,0.8778003,0.0564875,-0.666438,-0.55549824,-0.30441964,-0.09435867,0.19472298,0.26485038,0.112701,-0.5195854,-1.0502608,-0.84888697,-0.63004214,-0.58094335,-0.7454138,-1.110975,-1.6722529,-2.095264,-2.1994395,-2.0328126,-1.7666577,-1.5756466,-1.3209541,-1.11306,-0.9281421,-0.83312523,-0.765213,-0.7859394,-0.8934767,-1.0089929,-1.0663307,-0.99445474,-0.93957317,-0.4130165,-0.4295935,-0.7945239,-1.063409,-1.2384459,-1.1715105,-1.0146407,-0.8473382,-0.6510633,-0.41605705,-0.21236487,0.5204097,1.7299486,3.0225723,3.467044,3.4742656,3.4074728,3.175261,2.8883548,2.0468674,1.3942361,0.6526683,0.652341
-0.2503876,-0.4520315,-0.5715665,-1.4046693,-0.6892111,-0.6947566,-0.7576623,-0.8551948,-1.125953,-1.2663412,-1.4268992,-1.2949364,-1.2046533,-1.1239021,-0.8619047,-0.6825885,-0.7774086,-0.8662373,-0.9790745,-1.2355483,-1.5108249,-1.8590446,-1.6692293,-1.3373861,-0.9862293,-0.70137507,-0.5020204,-0.3733792,-0.19528285,0.3404808,0.42776254,-0.10231459,-0.7137708,-1.2895716,-1.3313823,-1.0567218,-0.72915095,-0.8009416,-0.88962257,-0.32711285,-0.040566515,-0.21134834,-0.49509656,-0.446931,-0.39262533,-0.57895625,-0.92502385,-0.9672534,-0.9322874,-0.9256067,-1.007451,-1.1484089,-1.2903484,-1.6101897,-1.8625432,-1.7430587,-1.3123194,-0.6966277,0.27643505,0.72698045,0.93754745,0.6466037,0.36584705,0.4730659,1.185349,1.8086644,2.0526335,2.093529,2.0482278,1.6507361,1.0738316,0.31131044,-0.24438393,-0.5981096,-0.39502043,-0.44002455,-0.4915798,-0.8613663,-1.2366401,-1.5390205,-1.7861042,-2.0388398,-1.9894208,-2.0185528,-2.0268283,-2.097807,-1.8880585,-1.292614,-0.42719382,0.25940508,0.27564055,0.19481988,0.08198081,-0.194303,-0.56482035,-0.7704066,-1.0586486,-1.6318815,-1.9729831,-2.1018667,-2.0425463,-1.8979938,-1.738521,-1.4797021,-1.2998973,-1.3327982,-1.6076703,-2.1070547,-2.6253235,-2.5164835,-2.0685215,-1.6917702,-0.9028325,0.22866479,0.07077336,-1.2749729,-1.8246541,-0.96495676,0.15353918,0.5575148,0.12959777,-0.2406518,-0.14691514,-0.15651244,-0.16101456,-0.20879123,-0.3485179,-0.48238215,-0.4470038,-0.4188096,-0.244908,-0.22744128,-0.31886327,-0.17208022,-0.15974393,-0.22561276,-0.5238828,-1.0150304,-1.1114984,-1.0758734,-0.49956423,-0.35084575,-0.3321097,-0.57620037,-1.0699939,-1.5392537,-1.6423676,-1.3639032,-1.1048819,-1.2618985,-1.6499231,-1.8535874,-1.6864483,-1.0284812,-0.043712765,0.66415,0.7918148,0.8242008,0.8826469,0.8557781,0.77834916,0.67625093,0.55609345,0.5157645,0.40995407,0.25854498,0.16128308,-0.029537722,-0.040348448,0.07114858,-0.19494237,-1.5596794,-1.7364385,-1.4027181,-1.3965011,-1.3399417,-1.3607993,-1.4696529,-1.5388467,-1.6343666,-1.8114437,-2.0880818,-2.5058904,-2.4615574,-2.3329256,-2.2251124,-2.1503196,-2.225409,-2.3600152,-2.4740305,-2.5266514,-2.35897,-1.4044545,-1.404568
-0.500099,-0.45699948,-0.42741704,-0.30379084,-0.46161604,-0.46421516,-0.24727494,0.032444615,-0.030082982,0.28667825,0.57049775,0.49137104,0.12924217,0.046998125,0.014071334,-0.109616324,-0.1966416,-0.21489084,-0.27662265,-0.20581314,0.20401305,0.3169558,-0.0057249274,-0.24159628,-0.37841052,-0.48940027,-0.5494993,-0.59984636,-0.7033886,-1.2099211,-1.4391698,-1.0492706,-0.32409677,-0.14849442,-0.69605833,-1.2190974,-1.9080551,-1.8621273,-1.846969,-2.6638703,-3.068193,-3.1704988,-2.7654462,-1.8409032,-1.0276213,0.03831029,1.4777155,1.9676278,2.029003,1.9828367,2.110475,2.037746,1.9352953,1.7910497,1.5157241,0.8072449,0.120313585,-0.45041546,-0.7746345,-0.8541679,-0.8090261,-0.5098678,-0.31714335,-0.43873385,-1.0567672,-1.7436378,-2.1309733,-2.2626417,-2.2702127,-2.095601,-1.8197522,-1.3714721,-1.394522,-1.6406939,-1.6310701,-1.5325286,-1.5455617,-1.5721732,-1.5293887,-1.2703879,-1.0358793,-0.2993237,0.00877779,0.024304435,-0.26041844,-0.9287132,-1.4886999,-1.831094,-2.254149,-2.4004936,-2.4557388,-2.4335718,-2.3147106,-2.0067573,-1.1819626,0.098292634,1.1013241,1.437042,1.576979,1.6160841,1.4565414,1.2065303,0.6232698,0.25413445,0.05053029,0.045486122,0.112659454,0.13880482,-0.14929985,-0.62205684,-0.54767525,-0.15281594,-0.5236809,-1.2863742,-1.3472921,-0.8564986,-1.2223063,-1.1781766,-0.14936858,0.07356772,-0.05121489,-0.77682006,-1.3672702,-1.6061755,-1.7792017,-1.8337144,-1.8585927,-1.7317119,-1.1323289,-0.6160711,0.5931917,1.6551211,1.7838372,1.7156962,1.2098006,0.8549359,0.93477887,1.202981,1.3187437,1.0601151,0.3990736,-0.37612152,-0.85311204,-0.90554833,-0.48976862,-0.16451015,-0.2634893,-0.8779641,-1.5635614,-1.374084,-1.0299143,-0.9047959,-0.8129158,-0.7460692,-0.7738632,-0.7248644,-0.5413904,-0.7761493,-1.2206388,-1.4731746,-1.6614373,-1.7404507,-1.77285,-1.8347316,-1.9479792,-2.1388695,-2.21577,-2.2101698,-1.9586823,-1.3211628,-0.94139826,-0.57685304,-0.75404394,-1.1169727,-1.596667,-2.3259728,-2.6363037,-2.7919452,-2.8478522,-2.813659,-2.6620564,-2.1923585,-2.0454824,-2.1188312,-1.9696441,-1.7300296,-1.6296152,-1.3809212,-1.183317,-0.8500367,-0.32515174,0.012017712,-0.30398476,-0.30392894
0.359696,0.060745656,-0.07638538,-3.315713,-0.54090834,-0.64287865,-0.742187,-0.9029087,-1.1176417,-1.2294717,-1.1606165,-0.80571026,-0.7257087,-0.5590461,-0.45650893,-0.5443474,-0.8847714,-1.2451005,-1.6303909,-1.9477015,-2.1144466,-2.0627987,-1.5686044,-1.2804229,-1.0625384,-0.91964716,-0.82608384,-0.7546704,-0.65865034,-0.38490224,-0.42100286,-1.2954817,-2.290072,-2.5984926,-2.1545372,-1.5118067,-0.25044027,0.57917476,0.7988227,1.2164316,1.4187207,1.4043009,1.1827323,0.7864365,0.56732976,0.14701669,-1.1196808,-1.3982003,-1.4828978,-1.5999461,-1.763749,-1.8367162,-1.8258181,-1.5556258,-0.91648376,-0.52054113,-0.469874,-0.66990805,-0.77015567,-0.58265984,-0.11565338,-0.032232463,-0.4140213,-0.6658516,-0.45697576,0.12975568,0.75448966,1.0646715,1.274479,1.1850746,0.81672937,0.6881776,1.44122,1.3770868,0.7750917,0.94986045,1.1360929,1.0620075,0.86162287,0.7577893,0.30313632,-0.45055485,-0.72434336,-0.6006833,-0.3717999,-0.011150889,0.24405971,0.21112958,-0.2840612,-0.44380906,-0.44368026,-0.49689108,-0.56421363,-0.6610054,-0.79397315,-0.4823518,-0.27929547,-0.95627725,-1.7782276,-2.2026546,-2.1269836,-1.6951267,-1.2931559,-0.94829565,-0.94955,-1.1428294,-1.5335783,-1.4901984,-0.5205264,2.127315,5.850786,8.394031,9.923168,10.818254,10.596506,8.575886,3.7863984,0.72190297,1.6064118,1.5771648,1.269778,2.2422252,3.173953,3.569483,3.8642008,3.8968554,3.5854414,2.8840785,1.8371906,1.1700013,-0.062264625,-0.82522094,-0.93142784,-0.87550646,-0.7820411,-0.6428716,-0.5904982,-0.8318553,-0.6636769,-0.17567962,-0.31883895,-1.1228924,-1.1604483,-1.0743049,-1.2056866,-1.3243555,-1.2598215,-1.2252742,-1.5833379,-1.5358504,-1.7243271,-1.7523121,-1.7369785,-1.4056029,-0.93959975,-0.5790282,-0.647044,-0.5412909,-0.1504387,0.13191068,0.30469438,0.37459216,0.35917842,0.4383367,0.61305344,0.6993817,0.7217403,0.63552177,0.4030425,0.05020252,-0.042049766,-0.24586646,0.53294665,1.2048414,1.696751,2.2782779,2.5396168,2.5943336,2.489109,2.278776,1.8506887,1.2807553,0.56202435,-0.1796698,-0.8358483,-1.0523605,-1.0073489,-1.086173,-1.3274143,-1.618501,-1.9965892,-2.0524457,-3.3159456,-3.315994
-0.84656954,-1.1042173,-1.0765674,-1.9227829,-1.0723696,-1.0526006,-0.9443468,-0.68022615,0.07227111,1.6178304,3.4732,4.899708,5.364975,5.5121365,5.64147,5.719211,5.726165,5.6713367,5.497369,5.0576773,4.497301,4.3619905,4.823163,5.1121373,5.370376,5.509964,5.6044097,5.6571693,5.713585,5.5313196,4.9340267,3.951469,3.5948088,4.2991,5.03167,5.048065,4.6135583,3.7871962,3.5213232,4.387808,4.7466345,4.7236977,4.5905213,4.3728094,4.16296,4.491206,5.932477,6.3496685,6.4260693,6.398212,6.2945366,6.073947,5.7754397,4.898588,4.3125534,4.833289,5.616241,5.9553337,5.8233013,5.498046,4.9205484,4.0355315,3.3914256,3.1866426,3.4608788,3.8656268,4.0411205,4.0000467,3.7324917,3.2281842,2.772956,2.6156487,3.466264,4.5583124,4.5898895,4.4335184,4.319532,3.901894,3.4119904,3.4199693,3.952764,4.945412,5.1683335,5.107736,4.903683,4.393484,4.059071,3.7987542,3.3601377,3.705917,3.8516226,3.8408504,3.7496414,3.5095212,3.2181904,3.0580559,3.4777215,4.5850554,5.300051,5.5257306,5.272363,4.811941,4.0934687,3.4680493,2.9983046,2.673954,2.1604452,1.943547,2.8636057,4.0433774,3.5465765,3.166128,3.2482903,3.7423456,3.1016278,2.3280232,3.1534343,3.4466243,2.8974442,2.1314516,1.6945585,1.7541175,1.6941261,1.6322373,1.6452241,1.5765269,1.3356752,0.9112009,0.4469538,0.061245404,-0.5429875,-0.20479757,0.27918017,0.95849025,1.2524503,1.2771069,1.1657851,0.6917592,0.2225559,-0.21743226,-0.6476083,-0.6258756,-0.120690644,0.15898581,0.17022164,0.24172282,0.3205148,0.77777094,2.2952347,3.253468,3.6487756,3.7859728,3.8251085,3.631825,2.760448,1.6418761,1.5031364,2.0060387,2.6315954,2.8948662,3.0800965,3.1936269,3.2933607,3.3569098,3.4007456,3.2719493,3.06657,2.6278,2.073581,1.368202,1.6366096,2.745675,2.4729335,2.0094101,1.8979055,2.040285,2.2901516,2.42394,2.4547215,2.3833268,2.1581962,1.8672996,2.2799094,2.9901366,3.5562487,3.6956205,3.6366856,3.4991415,3.2747457,2.9146948,1.8593864,1.140276,-1.9222033,-1.922477
-5.4839435,-5.2666125,-5.2731676,-3.412387,-5.3424716,-5.3176374,-5.261138,-5.154701,-4.947536,-5.0052867,-5.274441,-5.167006,-4.94139,-4.963965,-4.8733826,-4.7522044,-4.646185,-4.511968,-4.231698,-3.711396,-3.0038738,-2.730484,-3.0404422,-3.249681,-3.4282756,-3.5290356,-3.6080608,-3.6278374,-3.6208086,-3.787743,-4.029256,-3.95462,-3.876174,-4.5032463,-4.7904377,-4.9966063,-5.3447266,-5.1965613,-4.897094,-5.2167554,-5.4366164,-5.461757,-5.2366724,-4.829979,-4.485242,-4.401783,-4.433354,-4.36839,-4.369048,-4.3460793,-4.240884,-4.1020403,-3.9400678,-3.5391588,-3.3098495,-3.7527928,-4.172097,-4.2256227,-4.2511873,-4.3446665,-4.3842754,-4.26396,-4.087368,-4.048499,-4.1947517,-4.4598265,-4.665874,-4.745208,-4.6882744,-4.4641504,-3.99923,-3.5510542,-4.1439376,-4.7756605,-4.374012,-4.3164806,-4.2940426,-3.9859858,-3.7361503,-4.088479,-4.6501107,-4.619318,-4.478882,-4.5355935,-4.534604,-4.5689087,-4.6255045,-4.5561976,-3.7752419,-3.732836,-3.7758102,-3.729082,-3.7021227,-3.6011934,-3.430604,-3.3228867,-3.3574762,-3.3295639,-3.1736789,-3.0037653,-3.0874095,-3.4740849,-3.9926262,-4.36861,-4.4785795,-4.4083166,-4.232033,-4.201975,-4.4033256,-4.766578,-4.8402166,-4.728476,-4.9641867,-5.689416,-5.8354316,-5.7128797,-5.7196794,-5.12737,-4.273146,-3.5911863,-3.0585985,-3.086732,-3.1722727,-3.2300954,-3.301062,-3.3350325,-3.246519,-3.0012493,-2.5223417,-2.0993533,-1.2681004,-1.1127139,-1.2622453,-1.5997659,-1.7877444,-1.9123797,-1.9575356,-2.1151967,-2.3661435,-2.7831573,-3.32645,-3.6216767,-4.3453064,-4.98424,-5.344834,-5.473452,-5.498552,-5.423593,-4.8800383,-4.4002113,-4.138572,-4.0610037,-3.986689,-3.8190448,-2.9793634,-1.975335,-1.7647314,-2.341492,-3.0223064,-3.3071465,-3.448589,-3.4026184,-3.3860397,-3.421608,-3.486141,-3.412442,-3.2526097,-2.9592028,-2.7209616,-2.6367946,-3.5243044,-4.276031,-4.4927125,-4.597535,-4.538908,-4.55997,-4.7455187,-4.9548535,-5.079691,-5.165133,-5.1454887,-5.0727296,-5.320097,-5.3756638,-5.232435,-5.1262136,-5.1298666,-5.1587095,-5.0718617,-5.044908,-4.917526,-4.7836356,-3.4122262,-3.4120944
