0,1,2,3,4,5,6,7,8,9,10,11,12,13,14,15,16,17,18,19,20,21,22,23,24,25,26,27,28,29,30,31,32,33,34,35,36,37,38,39,40,41,42,43,44,45,46,47,48,49,50,51,52,53,54,55,56,57,58,59,60,61,62,63,64,65,66,67,68,69,70,71,72,73,74,75,76,77,78,79,80,81,82,83,84,85,86,87,88,89,90,91,92,93,94,95,96,97,98,99,100,101,102,103,104,105,106,107,108,109,110,111,112,113,114,115,116,117,118,119,120,121,122,123,124,125,126,127,128,129,130,131,132,133,134,135,136,137,138,139,140,141,142,143,144,145,146,147,148,149,150,151,152,153,154,155,156,157,158,159,160,161,162,163,164,165,166,167,168,169,170,171,172,173,174,175,176,177,178,179,180,181,182,183,184,185,186,187,188,189,190,191,192,193,194,195,196,197,198,199,200,201,202,203,204,205,206,207,208,209
10.8629875,10.924868,10.889898,10.329346,9.188926,7.7915916,7.7679195,7.1855445,4.682411,3.3334477,2.3916347,1.6241367,1.0640652,0.8530996,1.0782926,1.3358221,0.7473708,0.011133432,-0.5254108,-0.79794,-1.0631557,-1.2257757,-1.2885435,-1.4057773,-1.6214792,-1.5285006,-0.94161415,-0.48600215,-0.14991282,0.12193705,0.45876008,0.7369986,0.73977417,0.794381,1.1137,1.2889961,1.3460939,1.3803363,1.4648159,1.4089595,1.3017181,0.93384635,0.24991132,-0.25527245,-0.22931512,-0.21490231,0.3238929,0.19193032,-0.16318166,-0.58000445,-0.36748463,0.070236966,0.51274335,1.100268,1.2926881,1.3481848,1.2572154,1.4283967,1.7958957,2.3479753,2.0375624,1.603442,0.8408624,0.49265283,-0.14478655,-0.8325159,-0.92646074,-0.19136247,0.36646572,0.37402195,0.35328323,0.33926448,0.14394277,-0.14329064,-0.27826282,0.024558246,0.38139737,0.21913159,0.17825407,0.402387,0.60640115,0.69309247,1.1069658,1.9318688,2.23876,2.417941,2.2601957,2.541049,2.8761992,2.7679405,2.8933125,3.5276823,3.473827,3.3944526,2.7299352,1.4650422,1.5147688,1.7449262,1.8329358,2.4909003,3.6343455,4.0586405,4.487871,4.6371717,4.9912143,5.5372286,4.195797,2.4555025,1.6292014,1.0373455,0.067709774,-0.8754314,-1.0033896,-0.9674307,-0.90059304,-0.85685706,-1.0158429,-1.0079515,-1.0248477,-1.1678313,-1.1748182,-1.0972221,-1.0367717,-0.9557588,-0.9650558,-0.8882087,-0.75695777,-0.6394717,-0.35294682,0.070410885,0.6614815,0.7408428,1.061852,1.1425952,1.4784368,2.6012454,3.306882,3.2867002,2.8266382,2.519411,2.4049494,2.2691593,2.0361803,1.2235749,0.29931334,-0.13436826,-0.40138927,-0.49738756,-0.5481585,-0.6254531,-0.60151607,-0.2898915,0.2799073,0.91872215,2.9702632,4.7908382,5.5648746,6.1376896,5.243546,4.7936535,4.893055,4.3343773,3.939323,3.2220993,2.7416358,2.2910647,1.9304252,1.686996,1.3324659,0.8964828,0.53199416,0.57504237,0.63607013,0.7354568,0.7143798,0.6369035,0.66783583,0.7074491,0.81967187,0.85478634,0.7721418,0.8156407,0.8701103,1.1667767,1.2374895,1.375041,1.1917596,1.2421736,1.6174784,1.8507444,2.2610054,3.089199,3.697825,3.964799,4.130642,4.896576,6.0086474,6.3713136,6.852639,6.7207127,6.8723354,7.1562605,7.804984,8.003825,8.227858,8.761687,9.056797,9.226061,9.557759,9.226057
-3.1247206,-3.1728954,-3.164052,-3.2481294,-3.238762,-3.2534163,-3.1809092,-3.2323856,-3.755404,-3.786765,-3.7981267,-3.7309895,-3.5531726,-2.7125926,-2.1572943,-1.7405503,-1.9602875,-2.126859,-2.302082,-2.5446267,-2.9303033,-2.9385176,-2.6723285,-2.3413458,-1.8492655,-2.2221413,-2.7672708,-3.068183,-3.3173947,-3.4896088,-3.6385965,-3.6988425,-3.7712383,-3.7921877,-3.7851841,-3.7126381,-3.6438656,-3.5828047,-3.4788933,-3.3298893,-3.1807296,-3.1497974,-3.5191507,-3.3299274,-2.9431512,-2.4863172,-2.1400242,-1.7835622,-2.0043619,-2.415981,-2.699273,-2.781299,-2.8964672,-2.7816436,-2.560124,-2.4128976,-2.4281807,-2.4630258,-2.4859827,-2.4781127,-2.4027634,-2.1536252,-1.7974892,-1.6366296,-1.4136711,-0.8981204,-0.48510742,-0.45195147,0.059230573,1.5768291,3.7748113,7.1689796,8.773687,9.774038,10.44887,10.54969,10.566442,10.2559185,10.504079,10.868207,10.122712,9.369212,7.528311,4.0703015,1.2169636,-0.57222515,-1.282825,-1.5799778,-1.680896,-2.1227174,-2.6629505,-2.757615,-2.8651674,-2.9816723,-2.8725777,-2.5638661,-2.5490766,-2.539906,-2.1729755,-1.9900157,-1.955112,-2.0930395,-2.2460465,-2.379518,-2.566205,-2.251859,-1.8526933,-1.7412051,-1.6631186,-1.5591123,-1.5210912,-1.8363434,-2.309257,-2.4677746,-2.4157982,-2.274023,-1.9599247,-1.6280768,-1.5013729,-1.4179549,-1.3782941,-1.3554276,-1.3339539,-1.3083969,-1.1767565,-0.9656237,-0.7348279,-0.37652808,-0.09800464,0.13190533,0.3774554,0.419848,0.5883668,0.7383561,0.7466327,0.7286517,0.5925729,0.2879145,-0.36249217,-1.0800846,-1.6065753,-1.9351339,-2.2247133,-2.858031,-3.3178291,-3.4800582,-3.4010296,-3.2928076,-3.1535883,-2.9789765,-2.753793,-2.5858135,-2.461994,-2.462511,-2.5994258,-2.1065135,-1.8700621,-1.8174232,-2.0449517,-1.9049844,-1.8660479,-1.7023368,-1.6305561,-1.4437401,-1.4897304,-1.3340867,-1.1045475,-0.9116663,-0.54680455,-0.4181345,-0.56174946,-0.7420807,-0.8074915,-0.8624269,-0.8460424,-0.80846053,-0.78943396,-0.81135523,-0.8482638,-0.80142033,-0.7620069,-0.8035537,-0.8196361,-0.78584874,-0.8663243,-0.88919395,-1.0122137,-1.0885959,-0.99963605,-0.96461904,-0.8423872,-0.68049866,-0.53284717,-0.37511674,-0.017032832,-0.110010445,-0.31802616,-0.4563225,-0.5684953,-0.5416954,-0.5226383,-0.5332129,-0.7164811,-0.8342404,-0.9853858,-1.122253,-1.1686974,-0.2718587,-1.2333043,-0.27184236
2.568259,2.8885524,3.022859,2.7885146,1.7293215,0.72509336,0.14885898,0.19970483,0.19928965,0.57492876,0.27452815,0.29378372,-0.52213174,-2.3294554,-2.8951116,-2.9212842,-2.7883189,-2.4207008,-2.157415,-2.3366756,-2.7982311,-3.2274628,-3.5685,-3.7486782,-3.4797697,-2.9603615,-2.366391,-2.0509982,-1.8360887,-1.6718451,-1.4183933,-1.2110925,-1.2117738,-1.1942583,-1.0224594,-0.9106865,-0.89319843,-0.9030536,-0.9419933,-1.0973188,-1.2650039,-1.4263637,-1.4077092,-1.8237355,-2.1635485,-2.5539804,-2.7210915,-2.189905,-1.9272153,-2.0739913,-2.2150373,-2.3927686,-2.5623717,-2.729568,-2.7050843,-2.1842203,-1.6194823,-1.2821231,-1.1852305,-0.9744201,-0.7008488,-0.5930393,-0.41227767,-0.21810985,-0.055149823,-0.14913642,0.27069327,0.5628862,-0.3868686,-1.0350884,-1.3935791,-1.7906958,-1.8613687,-2.040342,-2.4443197,-2.7082162,-2.8967378,-2.79592,-2.917844,-3.1512794,-2.5513053,-1.8639598,-0.7540728,0.15680777,0.46398783,0.39193305,0.22499897,0.101399854,0.061266266,-0.26545045,-1.1423078,-1.4536921,-1.1580808,-1.0577712,-1.0744598,-1.3454995,-1.7441022,-2.4845319,-2.8647137,-2.7570095,-2.6180048,-2.54364,-2.463193,-2.4759302,-2.5641975,-2.1729627,-1.6488934,-1.3142476,-1.3919756,-1.548568,-1.8639896,-1.8870094,-2.0862832,-2.738734,-2.9606266,-2.9546444,-2.8377786,-2.806983,-2.7400417,-2.70586,-2.7172036,-2.7381127,-2.794844,-2.835818,-2.808868,-2.7569869,-2.7159822,-2.6303177,-2.5954,-2.5845804,-2.677638,-2.7399688,-2.7739186,-2.7037976,-2.6755743,-2.677504,-2.7100945,-2.6870527,-2.4611583,-2.1306078,-1.9199758,-1.83077,-1.7910254,-1.5191298,-1.2057065,-1.3853617,-1.8153036,-1.9892774,-2.0978441,-2.1117306,-2.0204804,-1.9141407,-1.8016956,-1.6976967,-1.8819492,-2.2005444,-2.6345565,-2.8051891,-2.6745155,-2.749269,-2.7313426,-2.7835562,-2.8998675,-2.7918725,-2.6460128,-2.5940235,-2.421601,-2.321618,-2.3070521,-2.4098318,-2.5379758,-2.547979,-2.5313382,-2.5103006,-2.477451,-2.4621754,-2.4592881,-2.4472425,-2.434233,-2.4146268,-2.3531675,-2.3141258,-2.290459,-2.2695873,-2.2228696,-2.214624,-2.1465502,-2.1349301,-2.211118,-2.2497168,-2.2572198,-2.2953565,-2.287827,-2.2236762,-2.1798556,-2.1912668,-2.020512,-1.868798,-1.6786029,-1.6314816,-1.6630626,-1.7595026,-1.6882589,-1.6587943,-1.577183,-1.5312672,-1.4377823,-0.39777055,-1.3381834,-0.39780027
-1.661458,-1.6264167,-1.5312002,-1.272082,-1.0452164,-0.63958114,-0.678562,-0.74104464,-0.62375236,-0.36269972,-0.1260907,0.052516237,-0.09456922,0.37855166,0.7555123,0.98793757,0.7528795,0.3449477,0.26294073,0.41594568,0.48650688,0.36708724,0.30744007,0.10119173,-0.67004544,-1.2259271,-1.3439171,-1.4467436,-1.5847064,-1.6863726,-1.7877223,-1.7887884,-1.8554899,-1.8637211,-1.7477572,-1.6277628,-1.5698607,-1.5424232,-1.4284691,-1.305006,-1.1028469,-0.8945945,-1.0266272,-1.5529628,-1.3384475,-1.0733232,-0.47079337,-0.08354682,-0.3540088,-0.8537289,-1.1569976,-1.2911195,-1.5454445,-1.708298,-1.5212431,-1.1253777,-0.73457396,-0.5814063,-0.7078971,-0.96777844,-1.3081279,-1.5371585,-2.0932426,-2.0971549,-1.9405601,-1.7123199,-1.4133852,-1.0251456,-0.91290134,-0.93293124,-0.78063095,-0.33597925,-0.05935979,0.066039026,-0.107227206,-0.55690366,-0.844244,-0.9580647,-0.8777036,-0.95910764,-1.060386,-0.6586651,-0.13056725,-0.11293167,-0.38854173,-0.64618284,-0.8469018,-0.9583301,-0.8778123,-1.0537577,-1.4102181,-1.3677429,-1.0374643,-0.99652505,-0.8884933,-0.8551254,-1.3119848,-2.0049567,-2.07921,-2.0176296,-1.7232094,-1.5373722,-1.4755175,-1.4648774,-1.3959593,-0.85706776,-0.38800007,-0.37634856,-0.46196973,-0.41644943,-0.2328803,-0.0364905,0.12212956,0.3092834,0.29822758,0.370775,0.81066597,1.3087603,1.4756078,1.5224771,1.5640447,1.4919437,1.3255954,1.2306694,1.3101854,1.553149,1.8784817,2.3842773,2.7238805,2.8318994,2.6189013,2.3066597,2.111573,2.3243484,2.303806,1.9900055,1.5059942,0.89601314,0.414187,0.13333118,-0.094198465,-0.20551616,-0.23789716,-0.23250198,0.026400194,0.1511702,-0.055729434,-0.22489132,-0.36712497,-0.5240456,-0.72420037,-0.8880132,-0.96966124,-0.9626858,-0.7493013,-0.07315722,0.24051237,0.22087416,-0.3193902,-0.5924373,-0.64409786,-0.5643053,-0.035101503,0.20311984,0.04968959,0.07223858,0.30929226,0.5434207,0.8172986,0.89242494,0.64067817,0.43313864,0.28866264,0.19238788,0.17293428,0.2058722,0.22620292,0.16129872,0.14464551,0.17491098,0.23869339,0.2427251,0.26383242,0.28085718,0.21324192,0.17126092,0.06329608,0.018859923,0.08081481,0.09969893,0.1579448,0.1938256,0.23992184,0.43882158,0.5602269,0.32663494,0.07097629,0.00516963,0.024646193,0.033424318,-0.20252958,-0.3277895,-0.43998125,-0.46625724,-0.47274816,-0.6012405,-0.612809,0.73019475,-0.5803762,0.7302363
4.7478194,4.445505,4.292868,3.8100886,3.200097,2.6473346,2.7538486,2.4775054,2.555892,2.5110908,2.744421,2.6614938,2.5475583,1.8533808,0.8504143,-1.105694,-1.3385574,-0.7229768,0.10983774,1.1440442,2.1680388,2.7371306,3.0446153,3.2147055,2.6663065,1.5171444,0.6079166,0.1599946,-0.04032424,-0.25032824,-0.5354355,-0.82283837,-0.7925098,-0.83331865,-1.1286554,-1.338432,-1.4496073,-1.5019538,-1.6139085,-1.5480137,-1.3331866,-0.6248951,0.95511293,2.5923193,2.8143716,2.254525,0.6001323,-0.23954278,-0.2788033,0.1443637,0.6958021,1.145854,1.4577098,1.6810402,1.487726,0.7713164,0.012059331,-0.7350905,-1.0561098,-1.2800545,-1.4211857,-1.3565156,-1.0466658,-1.1211426,-1.2507393,-0.9588728,-0.4072923,0.46598893,1.706253,2.6023986,2.8985453,2.3879142,1.421107,0.77405816,0.49111962,0.42164496,0.46300328,0.47798818,0.44240627,0.16043931,0.45389968,0.36129206,-0.6253915,-1.8953905,-2.1764631,-1.841086,-1.3022176,-0.8012746,-0.9727899,-1.2989088,-1.2182848,-1.2648317,-1.2008388,-1.1174687,-0.8070301,0.090484425,0.84388024,1.6847267,1.9375768,1.3367295,0.39636543,0.06676227,-0.06538494,-0.053813376,-0.16698964,-0.6936743,-1.1056437,-1.0840037,-1.0963174,-1.256147,-1.5393922,-1.5574417,-0.9608987,-0.02786848,0.5135577,0.71425605,0.58815396,0.47047532,0.43173426,0.43728775,0.4464558,0.4948699,0.58807933,0.67418617,0.7113582,0.63262,0.45357168,0.22162917,-0.02016154,-0.21904331,-0.27342278,-0.07171063,0.03887713,-0.0016428828,-0.10421193,-0.3991729,-0.46927625,-0.44613793,-0.4166708,-0.39964235,-0.4612949,-0.35011563,-0.1289637,0.5117296,1.081645,1.2590959,1.5611192,1.5631962,1.4247401,1.3071882,1.1367257,1.0009279,0.75362796,0.47712013,0.07064486,-0.59226805,-0.2210803,0.39967448,0.8357358,1.0939198,1.2589835,1.1611685,1.2591324,1.4481282,1.5681468,1.3471161,0.9703512,0.93753433,0.978167,1.095905,1.3275696,1.4532365,1.4796634,1.459901,1.3772255,1.2491266,1.1810249,1.2154969,1.2313706,1.1375579,0.9757099,0.9337363,0.94335693,0.7894512,0.78800166,0.8375943,0.9694899,1.059596,0.9729023,1.0323396,0.9687606,0.81659526,0.6288638,0.5165801,0.30951762,0.22165883,0.038458675,-0.12066829,-0.24542391,-0.23715115,-0.1134378,-0.08324444,0.0019273162,0.006508231,0.05751282,0.11273062,0.084074795,0.44763905,0.062975466,0.44758683
-2.3108275,-2.4554648,-2.5709002,-2.6308956,-2.1430764,-1.2364093,-1.1558523,-0.48896146,0.5813472,0.8399013,0.93177277,1.0731795,1.3390328,1.6217904,1.4353629,1.2171166,0.98619777,0.526706,0.2303209,-0.23788145,-0.46284974,0.07065511,1.01025,2.6887712,5.9021864,7.5989304,8.2999735,8.485332,8.485679,8.463175,8.396713,8.37591,8.3155985,8.297973,8.401615,8.449106,8.46637,8.480807,8.448257,8.387119,8.206463,7.797785,6.7178364,3.923292,2.6330683,1.5722353,0.5088195,0.9309981,1.5083967,2.039423,1.8894329,1.7888402,1.9756937,1.8708637,1.6856549,1.423852,1.3497205,1.4420774,1.2515655,0.79570794,0.1437128,-0.19822195,-0.53305227,-0.5703639,-0.1689038,0.35028523,0.2681191,-0.14828934,-0.22918954,0.03151043,0.3230377,0.6048059,0.5990029,0.30665475,-0.15024051,-0.47027996,-0.62884104,-0.7397236,-0.6092273,-0.4300456,-0.57394195,-0.8716811,-1.7758899,-2.5212243,-2.5736938,-2.3419878,-2.1401727,-1.9308414,-1.9456296,-2.2316566,-3.2590976,-4.0456176,-3.7554145,-3.4677582,-2.822406,-2.0616643,-1.6859705,-1.2733955,-0.8098728,-1.0527902,-1.4767442,-1.5557058,-1.558431,-1.3613739,-1.1791347,-1.5905564,-2.019691,-1.9004142,-1.6678789,-1.194684,-0.25988847,0.74612933,0.8571017,1.2820698,1.4762441,1.6838635,2.177643,2.8836956,3.1676385,3.2492623,3.206049,3.133482,3.0430949,2.7639685,2.6539378,2.7239776,3.1456797,3.7420897,4.5844107,5.356598,6.15289,6.3027234,6.59924,6.774656,7.0857086,7.7266803,8.273451,9.469563,10.593407,10.997354,11.11966,11.075905,10.90064,10.173539,8.698987,6.802136,4.184823,2.7462292,1.7710934,0.82822484,0.016670942,-0.54318553,-1.1961195,-1.7253643,-2.5203958,-2.886916,-2.9931006,-3.0028453,-2.5810177,-2.167305,-2.0280817,-1.8215895,-1.8343296,-1.5245091,-1.524837,-1.379969,-1.2769521,-1.0868706,-0.83749235,-0.446691,-0.0077205896,0.11479595,0.16818324,0.17346685,0.22876883,0.26350754,0.2834257,0.26876885,0.25718445,0.3089547,0.3889309,0.45553085,0.47511452,0.57030815,0.5449589,0.46190244,0.30867016,0.2644111,0.22346704,0.17944464,0.15857106,-0.050992057,-0.2204225,-0.34657347,-0.45028207,-0.6468443,-0.72614825,-0.6515154,-0.66814363,-0.5562893,-0.28050458,-0.33741274,-0.52979845,-0.5563693,-0.6123867,-0.8214928,-1.0722817,0.03317903,-1.3412943,0.03318912
-3.6730723,-3.7000794,-3.7088332,-3.5864904,-3.2713614,-2.9294138,-2.7017152,-2.396676,-2.27998,-2.2219577,-2.2357078,-2.080211,-1.4857777,-0.5939061,-0.4469542,-0.75558865,-1.0690393,-1.5244796,-1.7170467,-1.8948379,-1.9264429,-1.9364036,-1.8997223,-1.8147678,-1.4486592,-1.2737904,-1.2756484,-1.3089082,-1.3782121,-1.4342875,-1.5174005,-1.5371854,-1.5137267,-1.4777565,-1.5762265,-1.6661131,-1.7170923,-1.7677093,-1.9000719,-1.9403226,-1.9561824,-1.7685852,-1.1862777,-0.55152136,-0.5666891,-1.0556083,-1.4456695,-1.4019821,-1.5001881,-1.7005491,-2.039984,-2.1643748,-2.0002487,-1.6343019,-1.39498,-1.4609885,-1.5718532,-1.5650417,-1.7600914,-2.053455,-2.0551188,-1.8725297,-1.4440358,-1.3654648,-1.0852127,-0.6314478,-0.7733266,-1.3008598,-1.1226963,-1.0197229,-1.2160633,-1.4590772,-1.4836589,-1.4595878,-1.4115639,-1.4321424,-1.5211749,-1.5495408,-1.487587,-1.5857245,-1.7272502,-1.5109395,-1.525811,-1.9938538,-2.1690872,-2.3659208,-2.3138688,-2.3344946,-2.4173708,-2.1762764,-1.6651425,-1.726305,-1.970629,-1.9702413,-1.5357902,-0.32805032,0.39186072,0.80850536,0.76276624,0.43580526,0.028856546,-0.2528442,-0.42916027,-0.47510904,-0.49999815,-1.0419388,-1.467341,-0.9865999,-0.36662045,0.75219226,3.4612293,7.779411,9.871647,10.945194,11.213537,11.318949,11.398044,11.346991,11.376494,11.4163475,11.442699,11.458275,11.4709,11.479086,11.48168,11.500036,11.470956,11.356699,11.128925,10.811537,10.376364,10.310437,10.100055,9.951265,9.687855,8.829811,7.8906565,5.936594,2.8958497,0.8168269,-0.1541577,-0.6879966,-1.0004528,-1.2334644,-1.2432294,-1.1245801,-1.20102,-1.2829838,-1.4028063,-1.5669687,-1.6186287,-1.6548846,-1.7566731,-1.8935058,-1.8834593,-1.5660751,-1.7462927,-2.0045807,-1.8787649,-1.8296634,-1.8207232,-1.5888821,-1.5684547,-1.2710167,-1.1873184,-1.0115117,-0.84365034,-0.71196896,-0.56484365,-0.5204855,-0.3246482,-0.2612868,-0.24471632,-0.22801954,-0.20684622,-0.17249195,-0.2067303,-0.22162187,-0.24793099,-0.24254239,-0.2323851,-0.25141773,-0.26654235,-0.30041373,-0.29188904,-0.33991742,-0.28521296,-0.3135674,-0.28679895,-0.29531464,-0.3739606,-0.5527431,-0.7692113,-0.9966977,-1.2694913,-1.3398434,-1.4644052,-1.3930023,-1.4467545,-1.2689161,-1.0494804,-1.0412799,-1.228142,-1.3118953,-1.3872323,-1.5281901,-1.7148614,-1.5948157,-1.9100808,-1.5948052
-2.1947105,-2.2895694,-2.3134565,-2.347591,-2.1982524,-1.8998593,-1.8292255,-1.8611597,-1.2949864,-1.0896127,-0.45907593,-0.01073128,1.1031713,3.5836053,4.6560173,4.5172153,3.466552,1.990095,1.2149962,0.9168172,0.7059215,0.7527754,0.8422456,0.7516949,0.5655854,0.009826124,-0.4284359,-0.7312168,-1.0602823,-1.2778221,-1.5628594,-1.730349,-1.8869867,-1.9892778,-1.9495349,-1.8193843,-1.7238712,-1.6615181,-1.4379138,-1.2005588,-0.9591544,-1.0448395,-1.6421082,-1.2948066,-0.35725236,0.3522497,1.0089889,1.4586872,1.1756265,0.87602276,0.727904,0.91236097,0.83535457,0.6264341,0.6190336,0.6218213,0.38801187,0.013608143,-0.26841316,-0.44496444,-0.5987512,-0.68661404,-1.0877055,-1.1983008,-1.2131939,-0.9747553,-0.9267478,-0.9595904,-0.8651676,-0.45062998,0.27580112,1.5068696,2.182046,2.7055714,3.063045,3.03586,3.115643,2.6135247,3.088912,3.9766216,3.586213,2.8251538,1.6033684,0.1264047,-0.80379355,-1.0708884,-1.1325287,-0.93935716,-0.36216614,0.25674555,0.04654917,-0.41413924,-0.33505797,-0.4452554,-0.27680707,0.23507181,0.13227811,0.098385915,0.6640099,1.3450042,1.9118258,1.6936729,1.3649197,1.1445022,0.3939391,-0.122916214,0.17425135,0.4402053,0.49443996,0.80750597,1.5309479,2.1206548,2.3131905,2.48716,2.354849,2.3411129,2.5776224,2.868585,2.8191795,2.689691,2.6011667,2.445818,2.1936276,1.9397167,1.7946019,1.7156556,1.7205431,1.906744,1.9300792,1.8352287,1.6350226,1.5239267,1.3771365,1.5347035,1.451545,1.1216912,0.68814105,0.23734201,-0.07696956,-0.25614306,-0.3390187,-0.3474549,-0.4701511,-1.1337959,-1.5907416,-1.464745,-0.8953121,-0.5090477,-0.1310932,0.24747813,0.5967463,0.9188897,1.4184715,1.8999029,3.1116188,4.571774,5.3470187,6.0919647,7.8895655,8.761204,8.94235,9.671632,10.386469,10.947187,10.914585,10.810059,10.265358,9.256495,7.949791,6.5912943,4.7885857,3.7513833,3.1809154,2.7545376,2.4471002,2.3034341,2.2935867,2.1279218,2.0088615,1.9221025,1.7845105,1.6542168,1.6389401,1.5266528,1.272026,1.2813492,0.97759384,0.8658677,0.9079398,0.8882404,0.93739223,1.0763168,1.1599206,1.3741455,1.7274059,1.4668136,0.8233666,0.5028379,0.3654479,0.20926121,-0.12307886,-0.20307204,-0.41058242,-0.48567665,-0.5336532,-0.6899003,-0.6631937,0.48697266,-0.6356333,0.4870224
-1.4220749,-1.5970852,-1.7106122,-1.9518154,-2.1201365,-2.3607624,-2.2803013,-2.4178226,-2.843162,-2.8343847,-2.839398,-2.8336782,-2.6370022,-2.179736,-1.8944173,-1.6484747,-1.4024652,-1.2552745,-1.249937,-1.1201856,-0.43586072,0.14808588,0.46671548,0.5261559,0.2723114,-0.22321463,-0.63278085,-0.8352958,-0.9807916,-1.0311875,-1.0539631,-1.0544677,-0.97421086,-0.94945043,-0.9401,-0.9188671,-0.82261884,-0.70541054,-0.44466394,-0.1502243,0.09459603,0.17933773,-0.5298364,-1.1310163,-1.5136924,-1.8062155,-1.8394345,-2.1238632,-2.1880493,-2.042791,-1.8733761,-1.8271286,-1.7220033,-1.3725114,-1.1107775,-1.2121991,-1.4331467,-1.6296008,-1.7811389,-1.9544258,-1.7833284,-1.603484,-1.2579298,-1.2423692,-0.994465,-0.26189122,0.044208765,-0.080207914,0.0066197813,-0.094405204,-0.44908136,-1.2628844,-1.5811021,-1.2469347,-0.77360296,-0.456201,-0.23820317,-0.2552996,-0.22064956,-0.215915,-0.73860776,-0.7552818,-0.8357203,-1.3095946,-1.4480033,-1.3886919,-1.1633588,-0.97140336,-0.938763,-0.70182985,-0.10053527,-0.36153603,-1.114613,-1.3679632,-1.2517247,-0.680881,-0.3660007,-0.26787233,0.19734785,0.09895468,-0.48177528,-0.88047063,-1.154761,-1.3714522,-1.6364849,-1.4717398,-0.94775796,-0.7149884,-0.44184312,-0.08252403,0.55515325,1.0672967,0.972077,1.0099692,1.1084368,1.1052215,1.0398997,0.8952725,0.8550625,0.89207923,0.88670427,0.94360507,1.029886,1.0563695,1.0486832,1.001946,0.9110087,0.75968665,0.48855594,0.16952398,-0.0331856,0.13743603,0.3760535,0.24627544,-0.00094881654,-0.42770863,-0.59624344,-0.7420282,-0.67497253,-0.4913506,-0.28079572,-0.19211332,-0.07861802,0.040841226,-0.30803418,-0.81624174,-0.9439657,-0.9012044,-0.8478718,-0.72114956,-0.5360494,-0.44635445,-0.42723906,-0.47174633,-0.83874327,-0.9593184,-1.0367203,-0.79620445,-0.5549849,-0.29837757,-0.102160096,0.017121077,0.026768856,-0.032202743,-0.03369607,-0.36494935,-1.1211234,-1.6169379,-1.6961663,-1.6158898,-1.5245585,-1.514229,-1.479079,-1.4596673,-1.4315177,-1.4388505,-1.4405949,-1.4233143,-1.4326981,-1.4363996,-1.4982499,-1.5437579,-1.6074762,-1.61411,-1.5669627,-1.5105671,-1.4934251,-1.4906435,-1.3938339,-1.3435329,-1.3018849,-1.1980766,-1.0750954,-1.0278208,-0.8335328,-0.7631947,-0.7226846,-0.7126013,-0.73874485,-0.8100448,-0.94186205,-0.9806725,-1.1798933,-1.2038354,-1.2861176,-1.3440832,-1.4179094,-1.6971198,-1.4664767,-1.6970836
-4.1946583,-4.0410156,-3.8735256,-3.1050327,-1.8096106,-0.8475188,-0.75142413,-0.5676542,-0.09255321,0.03805858,0.013375491,-0.090448886,-0.017674953,-0.42841035,-0.9422409,-1.4660656,-1.5439557,-1.5310543,-1.5198774,-1.3585051,-0.7960058,-0.39815906,-0.20104706,0.016941965,0.17876112,0.30488056,0.39822495,0.40880102,0.5192801,0.5257475,0.51174414,0.44320878,0.50844145,0.5687812,0.30737144,0.0617429,-0.11872119,-0.26434904,-0.5646415,-0.7725624,-0.98418415,-0.9214716,0.13855717,1.7264067,1.7126105,1.0276206,-1.0612661,-1.7924426,-1.6069374,-1.1974795,-0.75275725,-0.5194769,-0.6519525,-0.65629894,-0.6152845,-0.69881463,-0.804381,-0.8385999,-0.9997861,-1.2973117,-1.5898988,-1.6444842,-1.4654038,-1.4902546,-1.6991425,-2.0584533,-2.2410383,-2.1147435,-1.4072835,-1.0546428,-1.040474,-1.033579,-1.0390458,-1.2092912,-1.2938641,-1.3824878,-1.5198966,-1.7553684,-1.673686,-1.3121053,-1.3995365,-1.7165605,-2.559454,-3.5077624,-3.7545137,-3.690538,-3.5372715,-3.4568,-3.4784307,-3.3458288,-3.3235605,-3.7067068,-4.01728,-4.010932,-3.9790862,-3.6027226,-3.424818,-3.5099297,-3.6101549,-4.152646,-4.6129656,-4.68473,-4.6516027,-4.5670085,-4.40353,-4.2324424,-3.773962,-3.196095,-2.818631,-2.5903492,-2.3226376,-1.6013188,-0.97977793,-0.17587487,0.20316735,0.31615967,0.25464454,0.17746215,0.16802427,0.21562004,0.25110012,0.3137244,0.42341095,0.51858866,0.52723855,0.3881678,0.14054099,-0.12986505,-0.35574198,-0.56509644,-0.7320597,-0.69677943,-0.75076145,-0.8915858,-1.008699,-1.2928274,-1.4714696,-1.6867527,-2.0830894,-2.478765,-2.7332556,-2.8337955,-2.8861482,-2.662132,-1.7155794,-0.68403643,0.019478679,0.1705293,0.17679256,0.12343091,-0.021680534,-0.2623033,-0.6160023,-1.0298765,-2.2008474,-3.0690095,-3.1118226,-3.1009848,-3.0464811,-2.7992816,-2.5449858,-2.3386211,-1.3963304,0.42814803,1.7406231,3.1327634,5.3105783,7.470852,9.054329,9.932461,10.720003,11.022621,11.160168,11.252744,11.344722,11.406014,11.405332,11.438087,11.442997,11.464979,11.505918,11.501231,11.539058,11.52225,11.540905,11.502087,11.619404,11.603295,11.498871,11.423597,11.28372,10.907325,10.583851,10.326061,10.027979,9.783974,9.331494,9.235279,9.011463,9.188615,9.233091,9.066865,8.720111,8.611102,8.47983,8.071303,7.759505,5.1113553,7.2694006,5.11138
-0.22255176,0.014603198,0.11502283,0.18100107,-0.36288473,-0.82189775,-1.2568456,-1.1562828,-0.819659,-0.45859286,-0.50955665,-0.33518207,-0.3490364,-0.6567639,-0.4836523,0.31799084,0.685952,0.6789091,0.10262108,-0.5357392,-1.1662978,-1.6212974,-1.9136229,-2.004104,-1.4555762,-0.5662187,-0.11916213,-0.029510856,-0.03280905,-0.06866747,-0.13858572,-0.15975063,-0.1995251,-0.2040814,-0.054228477,0.11631359,0.19838786,0.16380382,0.12452623,0.08137038,0.11789556,0.098512344,-0.5097909,-1.2222942,-0.71234095,0.3578011,0.9313215,0.6976477,0.21127026,-0.48848867,-0.977021,-1.2159499,-1.5278537,-1.8433183,-1.7363882,-1.17798,-0.74650615,-0.872111,-0.91976404,-0.8659835,-0.7716603,-0.86755145,-1.200698,-1.2322637,-1.3169249,-1.8307993,-1.7586333,-1.4777561,-1.6653535,-1.8282741,-1.8619046,-1.7494504,-1.5726471,-1.4370975,-1.3181481,-1.3321441,-1.4100666,-1.2992831,-1.3086019,-1.2288103,-0.98264945,-0.7537869,-0.42717308,-0.032368273,-0.08966896,-0.5107234,-1.05545,-1.6913288,-2.137598,-2.5252626,-2.4736037,-1.8058895,-1.3893507,-1.4300479,-1.6582413,-2.0844162,-2.1927931,-2.0131917,-1.6928302,-1.0535393,-0.22488195,-0.04196872,-0.058109686,-0.12246821,-0.1459526,-0.18180722,-0.12151328,-0.2833777,-0.4812027,-0.8066406,-1.2519398,-1.4285086,-1.2780731,-1.4416133,-1.577232,-1.5540355,-1.377276,-1.305043,-1.2649829,-1.2474577,-1.2418067,-1.2567,-1.3042278,-1.3075233,-1.2680703,-1.2259932,-1.1776116,-1.1167431,-1.1532638,-1.204438,-1.415283,-1.5488203,-1.6538,-1.6395831,-1.5720003,-1.6184092,-1.6534946,-1.4928,-1.281819,-1.2125623,-1.2135433,-1.2624005,-1.2951274,-1.235989,-1.1821146,-1.4519575,-1.8185036,-1.9228551,-1.9964645,-2.0523162,-2.1353328,-2.2022223,-2.222634,-2.1656241,-2.1104631,-1.8380214,-1.8394938,-2.0287728,-2.175176,-2.119162,-2.103852,-1.9337807,-1.7843677,-1.4271355,-1.4510942,-1.5076361,-1.6158763,-1.809535,-1.9043105,-1.9496529,-1.9615462,-1.9442359,-1.931921,-1.9022452,-1.8569129,-1.8263264,-1.8282173,-1.8227932,-1.8331385,-1.8177786,-1.7481403,-1.749574,-1.7675107,-1.8394276,-1.8536046,-1.87801,-1.7474985,-1.752816,-1.8236034,-1.8791786,-1.9463536,-1.9865277,-2.0190072,-1.9916842,-2.232867,-2.3794534,-2.3996146,-2.307468,-2.3425555,-2.3340127,-2.2973251,-2.314196,-2.2853467,-2.3054094,-2.3179443,-2.370811,-2.3824182,-2.086983,-2.4003966,-2.0869932
-3.8878691,-3.8670392,-3.7829819,-3.427514,-2.966413,-2.5827088,-2.369657,-2.0840745,-1.784536,-1.7032689,-1.6551303,-1.5373466,-1.5938792,-1.8507586,-2.3194942,-2.850985,-2.8810623,-2.8468125,-2.5888188,-2.327112,-1.6996274,-1.2477232,-1.0735171,-0.9522301,-0.6328158,-0.12591681,0.03574103,-0.010742523,-0.06189564,-0.10615672,-0.20511954,-0.3633256,-0.37137198,-0.39914557,-0.72203624,-0.9711199,-1.1466086,-1.2669649,-1.5436809,-1.7797644,-2.015254,-2.0596786,-1.5851448,-0.89741945,-0.90333664,-1.362803,-2.293068,-2.6384819,-2.2940757,-1.5542833,-0.8865013,-0.5371794,-0.3211,-0.45277205,-0.7705178,-1.2350913,-1.6042349,-1.8388008,-2.0226216,-2.3125548,-2.5495706,-2.3896673,-1.749809,-1.5524809,-1.2577099,-0.89241767,-0.7955144,-1.0181928,-1.0323162,-0.96316797,-1.0381485,-1.1759707,-1.2486058,-1.5425274,-1.930212,-2.0665627,-2.3135736,-2.0916991,-2.1855254,-2.6107132,-2.8770432,-2.7784371,-2.784165,-2.9620087,-2.905069,-2.8902488,-2.7482893,-2.7722294,-3.0010052,-3.2536683,-3.4751348,-3.5176477,-3.5063844,-3.336496,-2.9808674,-2.3112006,-1.77707,-1.5462024,-1.6693636,-2.3848145,-3.1071882,-3.1679463,-3.0016785,-2.7737513,-2.5344195,-2.7114494,-2.9709134,-2.7865155,-2.5554147,-2.3176203,-1.6490643,-0.50811857,-0.09733255,0.004649818,0.05308324,-0.009694755,-0.06184748,-0.14866659,-0.13764904,-0.03181704,0.019783083,0.050727736,0.13538161,0.24070169,0.33655435,0.43781307,0.47489396,0.4089664,0.3634997,0.30006987,0.2548971,0.32392362,0.27999502,0.18962885,0.083346024,-0.22935814,-0.416643,-0.5186537,-1.0008852,-1.5545026,-1.9988699,-2.287975,-2.472764,-2.5708845,-2.5400667,-2.4008899,-2.3654914,-2.3788135,-2.3903081,-2.372426,-2.335965,-2.3895876,-2.588765,-2.8738198,-3.4789782,-4.073911,-4.297863,-4.3996315,-4.396787,-4.5637374,-4.66951,-4.775482,-4.693989,-4.0180116,-3.5383966,-3.1287677,-2.5598545,-2.107204,-1.9395955,-1.9317274,-1.7164476,-1.6097567,-1.5630696,-1.5217865,-1.4776226,-1.4133444,-1.4245286,-1.4168384,-1.4255197,-1.4098213,-1.3463342,-1.3271201,-1.2972059,-1.2989525,-1.2789139,-1.326689,-1.2010441,-1.2080834,-1.2610825,-1.285321,-1.3772643,-1.629582,-1.8840773,-2.121284,-2.3372068,-2.3803158,-2.5641003,-2.58425,-2.6273074,-2.443419,-2.2003267,-2.183915,-2.363227,-2.4353213,-2.4646199,-2.5517814,-2.6611352,-2.6992455,-2.78403,-2.6992445
-4.0267377,-3.8348212,-3.652655,-2.807145,-1.2970668,0.1916962,0.40947348,0.9118093,1.6930609,1.6544861,1.5941739,1.5351591,1.8659377,2.3224614,2.3057766,2.1270378,1.6615105,0.7611036,0.29889107,0.2623896,0.56042916,0.71394765,0.74405515,0.6256093,0.28681785,0.41881022,0.70299274,0.82447803,0.9141898,0.927597,0.8708111,0.8247988,0.86780375,0.8997103,0.632969,0.4534901,0.32778493,0.20241362,-0.08241406,-0.2198813,-0.3442624,-0.22021562,0.76984316,2.46093,3.0416744,3.1194644,2.067382,0.6906926,0.46517354,0.792081,1.1712717,1.2571473,1.2897255,1.5864872,1.7693094,1.3751425,0.7465981,0.14239754,-0.19267167,-0.6924815,-1.0175308,-1.0058094,-0.71063685,-0.682531,-0.74927926,-0.97888255,-1.3332114,-1.34624,-0.6411089,-0.33911937,-0.40702263,-0.65953994,-0.8564819,-1.0108994,-0.90771747,-0.8884811,-0.8836449,-1.2025604,-0.9489186,-0.30306882,-0.4675665,-0.6703148,-1.2110404,-1.7569433,-1.844265,-1.7609092,-1.6122493,-1.5510458,-1.8160917,-2.3699334,-3.1111522,-3.5199218,-3.6441846,-3.6983027,-3.7282903,-3.270297,-2.8336241,-2.2141128,-1.683094,-1.9803716,-2.6370704,-2.8583019,-2.947013,-2.8999844,-2.623198,-2.4996452,-2.2560868,-1.7889764,-1.2967175,-1.0208,-0.54435444,0.17227775,0.62337077,1.617892,2.122727,2.276296,2.211698,2.1039948,2.0655284,2.0819464,2.1146767,2.1690788,2.2856157,2.4553955,2.5511212,2.5479026,2.4678566,2.3133485,2.1431017,2.0630307,2.0836549,2.1686234,2.1632702,2.0175297,1.9722211,1.8159902,1.7150124,1.5650513,0.9520177,0.07642123,-0.54701626,-0.91352916,-1.1779677,-1.4020202,-1.0433842,-0.23687646,0.2386002,0.274805,0.13662729,-0.18377243,-0.58557546,-0.93958336,-1.3322439,-1.7033278,-2.0248222,-2.0032096,-2.010608,-2.1821468,-2.6628535,-2.7919068,-2.7224922,-2.5116372,-2.3159413,-1.597341,-1.1000345,-0.539766,0.33650252,1.2245618,1.7837827,2.1302192,2.564013,2.728233,2.7578156,2.797296,2.798388,2.8281312,2.8196714,2.8247538,2.8021042,2.7884743,2.8364305,2.8339653,2.8002837,2.7111566,2.7109141,2.6355057,2.7444675,2.7286806,2.7829945,2.776467,2.6752257,2.4952621,2.3388784,2.1458333,1.9515066,1.8734524,1.6794083,1.7309076,1.6215079,1.7398181,1.805956,1.7392828,1.457706,1.3948437,1.3194091,1.1378152,0.9353904,-1.8334904,0.6436324,-1.8335162
-1.6584013,-1.5105374,-1.3719746,-0.8582619,-0.18658388,0.42801395,0.66930234,0.8656866,1.3562033,1.2295748,1.3485495,1.428118,1.7194204,1.6471429,0.9576906,-0.49853832,-0.795014,-0.78333724,-0.55224264,-0.13942014,0.62239414,1.2851373,1.7445297,2.299303,2.9434605,2.9801269,2.677034,2.4521172,2.4945438,2.389857,2.2671976,2.066734,2.1782863,2.192648,1.5834277,1.0841488,0.7751453,0.5955652,0.17224616,-0.08637309,-0.29422426,-0.05196605,1.5005183,2.8820415,2.6843956,2.0908585,0.51909864,-0.3033359,-0.20900325,0.1051016,0.37028217,0.5601388,0.5869092,0.42582902,-0.097631514,-1.0060233,-1.773844,-2.3481336,-2.3903558,-2.384695,-2.3661964,-2.1701503,-1.6132877,-1.5510361,-1.5949953,-1.6241709,-1.6538484,-1.4029498,-0.88325304,-0.47324142,-0.31333524,-0.2720277,-0.37374896,-0.40122396,-0.3240106,-0.3438425,-0.4135206,-0.73357016,-0.60350144,-0.25497139,-0.6474963,-1.3649405,-2.48597,-3.1864786,-3.0453825,-2.581367,-2.09949,-1.6507704,-1.6502001,-1.8755676,-2.2286034,-2.7399411,-2.94556,-2.9639754,-2.9457715,-2.366944,-1.7401273,-1.2391038,-0.94532394,-1.4125388,-2.2708144,-2.4867575,-2.549734,-2.5098572,-2.4573689,-2.521713,-2.8176188,-2.7630002,-2.6337347,-2.6825414,-2.749089,-2.3589485,-1.5138569,-0.46205834,-0.13551739,-0.102676086,-0.26360375,-0.3833494,-0.40522686,-0.3494553,-0.3147527,-0.30567753,-0.26033968,-0.20502953,-0.19504708,-0.23196343,-0.3134641,-0.43423656,-0.5337045,-0.6132419,-0.56575286,-0.4862293,-0.50402075,-0.5849274,-0.64407384,-0.8003005,-0.85374856,-0.7619058,-0.6667807,-0.69386005,-0.81966925,-0.8095291,-0.73008704,-0.41803214,-0.19646436,0.026282527,0.30089843,0.30219728,0.25215012,0.17029811,0.07957335,-0.074671544,-0.25949532,-0.4383473,-0.9555408,-1.94088,-2.265397,-2.4640076,-2.424459,-2.3962083,-2.5750775,-2.4830637,-1.9903674,-1.3293269,-0.8691831,-0.43462634,0.17391664,0.6722979,0.80489075,0.83304536,1.037051,1.1216338,1.1120976,1.1105262,1.0819077,1.0871878,1.0718905,1.0622888,1.0560019,1.0164509,1.0677152,1.1242151,1.1649963,1.147418,1.17052,1.143816,1.1184969,1.1272001,0.96433765,0.8718469,0.68409157,0.20827498,-0.17241217,-0.49295595,-0.6381652,-0.64963526,-0.91811526,-1.1127433,-1.2137375,-1.093147,-0.91961104,-0.85592693,-0.79825145,-0.7651206,-0.7065543,-0.6470688,-0.5807224,-2.178232,-0.5601319,-2.1782498
-1.618517,-1.71106,-1.8223572,-1.78342,-0.9661184,-0.040972024,0.026783913,0.56448597,1.5245326,1.7252204,1.8024087,1.8292085,1.8851527,2.446938,2.0996838,1.1168463,0.462722,-0.29611176,-0.55908626,-0.5796135,0.12814087,1.1624553,2.0000057,2.919386,4.5809603,6.3335114,7.347035,7.753454,7.955713,8.176787,8.470056,8.666503,8.776548,8.880678,9.061947,9.131062,9.163862,9.183617,9.157133,9.050835,8.796179,8.387903,7.5459785,5.6199913,4.5159526,3.4950194,1.7731764,1.4082223,2.4824576,4.9689164,7.20013,8.601374,9.548269,9.976499,9.883613,9.414629,8.769934,7.7663374,6.820525,5.258416,2.9641738,1.3831322,-1.1014487,-1.5633099,-1.6691039,-1.5625994,-1.4061823,-1.293391,-0.938903,-0.7206098,-0.5524617,-0.11994852,0.3435339,0.014909744,-0.6349075,-1.0024371,-1.2432553,-1.133657,-1.0162067,-1.1966627,-1.5081351,-1.9028267,-3.014906,-3.783833,-3.626968,-3.2324018,-2.8973732,-2.6435423,-2.5739365,-2.399712,-2.03453,-2.0798979,-2.2179818,-2.2221751,-2.303588,-1.9300901,-1.2327262,-0.19953194,0.49891174,0.39217418,-0.7738834,-1.3334987,-1.5091412,-1.5575197,-1.7512544,-2.1197884,-1.9607309,-1.9332237,-1.8291442,-1.793441,-1.6182761,-1.2586946,-0.843622,-0.20130159,-0.08913162,-0.083824486,0.011645511,0.27576828,0.3053738,0.28818262,0.2450846,0.16419823,0.08319992,-0.10895684,-0.25454235,-0.3865485,-0.39620122,-0.4444283,-0.43958607,-0.5442118,-0.7188904,-0.72077364,-0.6178018,-0.59306985,-0.64855874,-1.0104922,-1.2478396,-1.0733677,-0.25566214,0.35332376,0.81734204,1.044859,1.0869999,0.93133104,0.61985004,0.5904348,0.19079763,-0.13094121,-0.31063294,-0.431822,-0.47454458,-0.55183387,-0.6893144,-0.78880906,-0.8880103,-1.3472705,-1.749531,-1.967615,-1.6991216,-1.4504535,-1.377114,-1.2764916,-1.1358194,-1.0368456,-1.0669429,-0.8453522,-0.47319335,-0.08917553,-0.038393535,-0.069134235,0.042206705,0.06934187,0.10200286,0.12360749,0.21532862,0.31688643,0.3115006,0.29451716,0.30410707,0.39964223,0.56010914,0.642772,0.6265927,0.77049357,0.78360105,0.76044595,0.72184294,0.72501665,0.8022684,0.8381595,0.8476698,0.65344393,0.5123859,0.42361262,0.42184576,0.41663194,0.346094,0.35290775,0.45579165,0.53533715,0.6089314,0.51168185,0.3383177,0.28834692,0.31249118,0.24791369,0.07092839,0.9086267,0.019434288,0.90859544
3.1923099,2.9171884,2.7249599,2.028877,1.7017834,1.686827,1.9914205,1.9433392,1.4944742,1.2441342,1.0782216,0.9761783,0.4068214,-0.7964538,-1.4422333,-1.5077629,-1.4334671,-1.2714401,-1.0971937,-1.1677665,-1.1639421,-1.0059793,-0.8771864,-0.5451128,0.09540918,0.4492163,0.5627772,0.61919844,0.6957639,0.75610507,0.8771403,0.9600766,0.9185114,0.8871907,0.8613967,0.7871883,0.69693494,0.63991225,0.4857471,0.2486061,-0.04876913,-0.27559784,-0.14625408,-0.33232075,-0.7621918,-1.5485787,-1.4986777,-0.6339534,-0.16661233,-0.4128473,-0.96922505,-1.1850108,-1.3376541,-1.7791706,-1.921526,-1.652556,-1.4269457,-1.4056206,-1.2910895,-1.0737875,-0.7277335,-0.47480756,0.07216038,0.31197023,0.51635545,0.118248954,-0.41442847,-0.6387086,-0.63562304,-0.69308335,-0.8003148,-0.9394213,-0.9223563,-0.6950017,-0.14591777,0.2419102,0.2738336,0.334012,-0.024633117,-0.107373565,-0.15469767,-0.36590368,-0.5411696,-0.06469647,0.6716449,1.0517129,1.0169964,0.8199606,0.5877742,0.22253194,0.14455903,0.38949975,0.38465825,0.5410443,0.6827473,-0.028064478,-0.96826625,-1.017781,-0.9490529,-1.1261331,-0.9919725,-0.95680964,-1.0100901,-1.1162176,-1.1362978,-0.58617663,0.16604185,0.75161505,0.8944058,1.0922816,1.2151746,0.7316097,0.18278372,-0.04990962,-0.030488163,-0.009411037,0.02488488,0.04725784,0.058641434,0.050101936,0.030458987,-0.025681376,-0.13369712,-0.28469318,-0.42962828,-0.5816226,-0.7811162,-0.9262676,-1.0295478,-1.1236724,-1.199062,-1.1702489,-1.2031262,-1.2839569,-1.2881811,-1.2263637,-1.1682917,-0.9338947,-0.7439623,-0.4899401,-0.38020045,-0.35232878,-0.3686119,-0.4023799,-0.51140356,-0.4615478,-0.46114385,-0.6052619,-0.833996,-1.1198115,-1.4384687,-1.6155205,-1.7721567,-1.8350307,-1.4667652,-1.1058635,-0.8050029,-0.7536497,-1.1187363,-0.7903421,-0.5701399,-0.5102707,-0.2859712,0.31712896,0.4539969,0.37848952,0.12945762,-0.014983248,0.08347635,0.22388975,0.25016528,0.22745067,0.28824884,0.24659611,0.25065172,0.24160242,0.20883268,0.17195845,0.098822296,0.059440255,0.102247804,0.045384884,-0.0074386224,-0.06993642,-0.17060798,-0.17367086,-0.32805336,-0.36974937,-0.5233214,-0.6251295,-0.65619546,-0.66362464,-0.5944176,-0.4733348,-0.20469202,0.048016455,0.24225369,0.21605352,0.25949776,0.22505923,0.33920276,0.40489286,0.38133878,0.3936359,0.46543646,0.5886227,0.70071405,2.157882,0.9264386,2.157858
-0.3458673,-0.6715821,-0.97931534,-1.97819,-2.7726898,-2.9106548,-3.0619555,-3.1051438,-3.056971,-2.905788,-2.9142141,-2.959197,-3.3477535,-3.4661508,-2.9646156,-1.9844911,-1.6477947,-1.5619218,-1.8266761,-2.118627,-2.4595942,-2.8885474,-3.2239375,-3.3516912,-2.6875782,-1.9208854,-1.6047375,-1.4075043,-1.317127,-1.1679685,-0.92479455,-0.72293085,-0.6431233,-0.5625137,-0.3228165,-0.17673817,-0.10652059,-0.066925675,0.016595215,0.057056755,0.12207699,-0.037421107,-1.0254884,-2.289549,-2.364646,-1.6979434,-0.8204251,-1.2742403,-1.5997404,-1.6947258,-1.3737669,-1.1183419,-0.9477868,-0.7972582,-0.45611218,0.30232632,0.94955957,0.8223028,0.61933804,0.50292563,0.8101741,0.6873511,0.59719783,0.72135174,0.57121134,0.077547826,-0.18158792,-0.59091556,-1.3538008,-1.7752359,-1.895867,-1.5277522,-1.0564089,-0.66805947,-0.0324018,0.6650841,1.5149213,1.6173667,1.3937682,2.9956605,6.315823,8.06657,9.732336,10.972212,11.594212,11.8455305,11.896444,11.670694,11.334537,10.532706,8.840987,6.644275,3.9588137,2.6855202,1.5424058,-0.18319473,-1.0156727,-0.9728465,-1.1119325,-0.66252875,0.06708115,0.45543167,0.7530706,0.954693,1.3154606,1.3681676,1.3094305,1.425894,1.3870806,0.9946564,0.5038325,-0.15810141,-0.9215904,-1.7793583,-2.070495,-2.074919,-1.9957135,-1.877595,-1.7879493,-1.7257147,-1.6948364,-1.7459464,-1.8500634,-1.9835911,-2.0334575,-2.0178094,-2.0401397,-2.0281618,-2.0080166,-2.0430732,-2.244825,-2.401354,-2.5345607,-2.520378,-2.4492784,-2.2458222,-2.0409172,-1.9057617,-1.826411,-1.5090338,-1.1456221,-0.938771,-0.832827,-0.7990443,-0.99008954,-1.5761447,-1.8948722,-1.9370176,-1.9729923,-2.0464954,-2.1705675,-2.2118235,-2.1467059,-1.9919403,-1.903688,-1.713873,-1.30973,-1.0607883,-0.56161344,-0.47470993,-0.5068855,-0.63291556,-1.0532753,-1.3753463,-1.3188487,-1.2284365,-0.9755892,-1.0220375,-1.5452017,-1.7497282,-1.7887466,-1.7544708,-1.7043023,-1.6481831,-1.6080389,-1.5680485,-1.5140994,-1.4649277,-1.4457444,-1.4071486,-1.4027598,-1.42745,-1.3946768,-1.3861992,-1.3773195,-1.4339795,-1.3528104,-1.3719147,-1.3741784,-1.3759673,-1.3879019,-1.248739,-1.1078213,-1.1124989,-1.027633,-0.93873763,-0.65938187,-0.4839041,-0.41853663,-0.5109694,-0.7020022,-0.72986275,-0.663225,-0.6636565,-0.6618675,-0.6632093,-0.7036594,0.6099321,-0.6618582,0.60996896
0.18544792,0.2878809,0.29002243,0.08490202,-0.33374017,-0.8897294,-0.96600425,-1.08054,-1.235396,-1.0951571,-1.1980686,-1.1096379,-1.1437255,-2.1326892,-2.2853336,-1.8913424,-1.6494303,-1.1795752,-0.82198656,-0.9818413,-1.801924,-2.246018,-2.3616967,-2.1819918,-1.7591743,-1.7374916,-1.8326442,-1.7900097,-1.7077575,-1.6721241,-1.549895,-1.4590414,-1.5531812,-1.5883751,-1.4828978,-1.3901325,-1.3222766,-1.2396846,-1.1442449,-1.1180786,-1.110069,-1.2425661,-1.8616195,-2.4296618,-2.6288424,-2.6766334,-1.3837321,0.007214606,0.13536817,-0.31596664,-0.9527781,-1.4746653,-1.9283065,-2.3834696,-2.5232277,-2.0778747,-1.3438646,-0.21817228,0.27405947,0.6825788,0.78325653,0.90447617,0.86522627,0.84836304,0.65942407,0.21719763,-0.14173353,-0.5231677,-1.0831854,-1.026078,-0.70050204,-0.25935063,-0.114890516,-0.0021047965,-0.11086652,-0.08701272,-0.1761401,-0.26175863,-0.3957039,-0.62330973,-0.24908406,0.33610398,1.419289,1.7685729,1.2804431,0.5482291,0.11446784,-0.20232415,-0.28218716,-0.3484558,-0.5769963,-0.77922297,-0.7700003,-0.7805078,-1.18556,-1.797107,-1.8433156,-2.0943081,-2.308376,-2.0520372,-1.973217,-2.091761,-2.2628489,-2.3361309,-2.337943,-1.7156863,-0.9602829,-0.6658706,-0.7095095,-0.6991959,-1.0119969,-1.6732337,-2.4522696,-3.1253252,-3.16917,-3.1092696,-3.079555,-3.0297568,-2.9817643,-2.9489408,-2.9287782,-2.8645124,-2.7869053,-2.7591052,-2.7393298,-2.697452,-2.6805663,-2.660442,-2.5264893,-2.3488636,-2.1740522,-2.1707087,-2.3201456,-2.3846262,-2.3893185,-2.296817,-2.2404032,-2.0283244,-1.5213735,-1.0476642,-0.8342401,-0.79018545,-0.89773196,-1.1090823,-1.0719337,-1.0049894,-1.0116252,-0.9933373,-0.9228661,-0.75633276,-0.512432,-0.31809416,-0.17358391,-0.079240605,-0.14506531,-0.5670114,-0.96077573,-1.1004226,-1.307291,-1.364517,-1.3648212,-1.4092352,-1.3981291,-1.3535206,-1.4939528,-1.7592573,-2.0104022,-2.1752632,-2.0147066,-1.7980814,-1.6465195,-1.5571754,-1.4984686,-1.4681702,-1.4514867,-1.446115,-1.4163086,-1.4022629,-1.3804084,-1.3621356,-1.3628224,-1.3331841,-1.261614,-1.1900738,-1.1637095,-1.2162114,-1.2210457,-1.2276856,-1.2677361,-1.299553,-1.271542,-1.1652956,-1.0186622,-0.81781256,-0.80320704,-0.9014047,-0.7307104,-0.57890564,-0.4549175,-0.41987854,-0.49755347,-0.5634271,-0.50522804,-0.5265305,-0.558397,-0.5268981,-0.46620986,0.40133074,-0.46991438,0.40132684
-3.5060315,-3.5175023,-3.5680761,-3.9832382,-4.5811157,-4.9920645,-5.0778475,-5.2290225,-5.250106,-5.136648,-5.0928516,-5.00428,-4.9713006,-5.1673307,-5.026382,-4.6405334,-4.279889,-3.895908,-3.7352467,-3.7633698,-3.8447027,-3.8946397,-3.9010396,-3.8780165,-3.580573,-3.576322,-3.7401865,-3.790063,-3.7987013,-3.8525,-3.873548,-3.8874512,-3.94905,-3.990728,-3.9408412,-3.887822,-3.8553915,-3.8282185,-3.8024273,-3.8370328,-3.9221463,-4.1161103,-4.401789,-4.3841586,-4.337263,-4.0607824,-3.4832141,-2.9587631,-2.8565972,-2.9421153,-2.9464273,-3.0180035,-3.116756,-3.1097243,-2.8290381,-2.1968787,-1.3881764,-0.5408638,-0.27658507,-0.120214164,0.07642013,0.33615658,0.3676632,0.3682846,0.16964367,-0.26142612,-0.47739583,-0.84234124,-1.6048934,-1.9403303,-2.089379,-2.2583523,-2.2854965,-2.35163,-2.5985534,-2.7683873,-2.910744,-2.7217624,-2.832031,-3.33665,-3.1479056,-2.8051727,-2.296166,-1.6840777,-1.240593,-1.1892731,-1.0987842,-1.1232086,-1.1898596,-1.1219937,-0.9350191,-0.57574356,-0.24430527,-0.1465671,-0.29649818,-0.9803294,-1.559088,-2.343219,-3.1933959,-3.3006651,-3.2822728,-3.3086925,-3.4093964,-3.5550423,-3.89164,-4.216197,-3.6113808,-2.8875427,-2.680227,-2.5645201,-2.6440227,-2.6554358,-2.828929,-3.2387471,-3.297893,-3.2586248,-3.1922793,-3.1552303,-3.1199634,-3.0903692,-3.117967,-3.153357,-3.184918,-3.2489552,-3.2527187,-3.2573829,-3.2660809,-3.235504,-3.222416,-3.2349072,-3.2617722,-3.2712107,-3.3154216,-3.2897348,-3.3003697,-3.3861465,-3.513216,-3.6370268,-3.5944858,-3.3897986,-3.196085,-3.098182,-3.0377672,-2.7104506,-2.1332934,-2.057733,-2.19281,-2.181182,-2.0822802,-1.8873484,-1.6024106,-1.4058564,-1.1966698,-1.0407839,-1.2624652,-1.7996986,-2.4659882,-2.9094844,-3.045987,-3.1406364,-3.295825,-3.2358906,-3.378893,-3.6282434,-3.6280518,-3.5530787,-3.3002362,-3.0188403,-2.8179245,-2.8400488,-2.9713478,-3.0473351,-3.071896,-3.111782,-3.1172953,-3.1037047,-3.1049182,-3.1209383,-3.1583328,-3.1660233,-3.1373348,-3.1389923,-3.1130257,-3.1158996,-3.1185331,-3.1851034,-3.1570153,-3.1688347,-3.2494144,-3.2948265,-3.3612347,-3.442287,-3.4400287,-3.3294585,-3.3248339,-3.4787443,-3.5084782,-3.3858733,-3.2548292,-3.236877,-3.394844,-3.5179782,-3.56642,-3.580319,-3.5995586,-3.6839666,-3.6910505,-3.6634521,-3.7317123,-3.6634035
-0.7134013,-0.70126456,-0.6166191,-0.3138873,-0.04012055,0.554284,0.82159674,1.2526087,1.7456775,1.8449073,1.7421741,1.8516579,1.7189391,0.46885416,-0.22475955,-0.20119356,0.31173578,0.8919234,1.205959,0.8249211,0.21446279,-0.21533571,-0.601103,-0.90468204,-1.0175471,-0.4846216,-0.25305042,-0.29874012,-0.34050834,-0.40670148,-0.5571853,-0.59779537,-0.66314465,-0.6589409,-0.6817479,-0.7315532,-0.79106617,-0.8663726,-1.0094934,-1.1682197,-1.3018185,-1.32267,-0.68897986,-0.5472549,-0.5282661,-0.74758357,-0.7229222,-0.4297775,-0.17651707,-0.56789815,-1.016422,-1.4758115,-2.2470741,-3.2458792,-3.6988602,-3.7474294,-3.3863926,-2.8319001,-2.5736992,-2.3976994,-2.15689,-1.8252112,-1.4407063,-1.2192351,-0.86346483,-0.88616437,-1.3923997,-1.947045,-2.242197,-2.4576468,-2.4742017,-2.2605512,-1.9381295,-1.5099634,-0.9498515,-0.8577653,-0.95948994,-1.0381275,-0.8740293,-0.26325747,-0.6791551,-1.0891256,-1.3222893,-1.4357221,-1.4732342,-1.5251076,-1.6779518,-1.7063812,-1.5008125,-1.1670986,-1.0022869,-1.0490592,-1.0910404,-1.0748568,-1.1445227,-1.5710883,-2.1029496,-2.492317,-2.4192743,-2.459764,-1.7421427,-1.2334934,-0.9588839,-0.8862858,-1.0793153,-1.1468476,-0.7913584,-0.73872584,-0.85234606,-0.8010576,-0.8700891,-0.93144834,-0.97592515,-1.2658378,-1.4404885,-1.5540988,-1.5952969,-1.6251434,-1.6264505,-1.588076,-1.5251288,-1.5783385,-1.6167293,-1.5213063,-1.401104,-1.1834351,-0.96143675,-0.77123237,-0.54864824,-0.2944473,-0.09920131,-0.17531908,-0.3589996,-0.38394126,-0.3568413,-0.2677518,-0.23982671,0.028804056,0.12166969,-0.17987646,-0.6885625,-1.0710211,-1.311568,-1.3560686,-0.9431749,-0.61385936,-0.8766483,-1.0776987,-1.2497277,-1.3479717,-1.33131,-1.4271564,-1.6388977,-1.8029069,-2.4126582,-2.6528342,-2.6858518,-2.6491287,-2.4510624,-2.2269607,-2.0513484,-1.7329681,-1.1914692,-0.46044207,-0.34821922,-0.4205197,-0.7316202,-1.0269235,-1.2450047,-1.2353423,-1.1638464,-1.1210576,-1.1067576,-1.0880657,-1.031424,-0.9818805,-0.93774045,-0.9567716,-0.93914175,-0.89633906,-0.77284515,-0.6712804,-0.66826093,-0.5904556,-0.5565928,-0.59272087,-0.5502903,-0.49735337,-0.37641478,-0.32234597,-0.23986617,-0.20406827,-0.16270062,-0.078379415,-0.04464908,-0.31677365,-0.42786816,-0.32605365,-0.34929723,-0.26552024,0.124188766,0.13104083,-0.0987197,-0.13534024,-0.17440858,-0.37799054,-0.5585345,-0.2518153,-0.788176,-0.251818
-2.2719638,-2.4298365,-2.5283093,-2.6333618,-2.319685,-2.0255651,-2.016068,-2.1026728,-1.5452348,-1.4117843,-1.1231843,-1.1056519,-0.7656212,-0.32110757,-0.40692723,-1.088159,-1.1077197,-0.48870674,0.33372185,1.5495884,3.1377273,3.9934764,4.469782,4.576033,3.712973,2.0561364,0.5009042,-0.23923922,-0.6587035,-1.0152351,-1.4232318,-1.7070003,-1.6941291,-1.7298418,-1.9001484,-2.004768,-2.0128958,-1.9734823,-1.934391,-1.8570803,-1.83734,-1.7602166,-1.5776631,-0.6959232,-0.83351123,-1.0728757,-1.5901911,-1.9031804,-1.771487,-1.4538424,-1.329175,-1.3701005,-1.2955022,-1.1221411,-1.2237922,-1.8332883,-2.4359398,-2.7529323,-2.7785473,-2.8116922,-2.6709948,-2.4449522,-2.0589123,-2.0568137,-2.0630734,-1.7215253,-1.2719984,-0.85183525,-0.246978,-0.04737425,-0.14308625,-0.5392872,-0.8221753,-0.71022,-0.5029117,-0.4808625,-0.35357395,-0.30685833,-0.18502864,-0.38024476,-0.73911536,-0.6208156,-0.9318845,-2.0508199,-2.636944,-2.7645361,-2.602748,-2.3685694,-2.3854322,-2.379261,-2.1280603,-2.1995893,-2.582097,-2.7798615,-2.9581552,-2.7283182,-2.673923,-2.3293085,-1.6709464,-1.9617035,-2.6668549,-2.841615,-2.920082,-2.9178,-2.9350512,-2.8418863,-2.2341576,-1.6329284,-1.2817578,-0.9716294,-0.50928587,0.12505719,0.53184545,0.99376917,1.228167,1.2572861,1.1163334,0.93140346,0.82972616,0.7981287,0.7429783,0.78382826,0.8606107,0.875325,0.8037677,0.55342317,0.2514321,-0.049510717,-0.444134,-0.8555453,-1.153272,-1.0477209,-0.81718886,-0.8894994,-1.0959647,-1.6181512,-1.9152559,-2.350011,-2.5536704,-2.5279555,-2.374957,-2.1983857,-1.9370984,-1.4007319,-0.79312295,-0.35754237,0.052651554,0.13495046,0.10653037,0.04904124,-0.052931786,-0.18893921,-0.3647289,-0.5703299,-1.4206848,-2.1988072,-2.3466625,-2.212686,-2.1385124,-2.0826702,-2.0181541,-1.948133,-1.9401121,-1.7938025,-1.625113,-1.7433629,-2.0810611,-1.9832549,-1.7004173,-1.3735952,-0.971832,-0.81105256,-0.72290945,-0.68286073,-0.6658898,-0.69734657,-0.73565507,-0.69136506,-0.6937791,-0.7453038,-0.8487812,-0.90598214,-0.975616,-1.0923983,-1.0562733,-0.9978852,-0.95932376,-0.947008,-1.0172815,-1.0189381,-1.0724964,-1.156313,-1.2254218,-1.3285878,-1.3398172,-1.3406479,-1.45186,-1.5740439,-1.7517475,-1.8230162,-2.0291734,-2.055453,-2.073381,-2.0821776,-2.1197073,-2.1275284,-2.1590014,-3.284104,-2.2122014,-3.284101
-5.7051697,-5.8145804,-5.864775,-6.1045876,-6.364826,-6.46502,-6.508767,-6.539838,-6.50218,-6.252849,-6.216978,-6.1292834,-6.304572,-6.5976973,-6.535954,-5.9994326,-5.6369658,-5.2479954,-5.087543,-5.111563,-4.958705,-4.7997184,-4.677273,-4.5812936,-4.082893,-3.8699086,-4.1132336,-4.267391,-4.3733745,-4.4825068,-4.5796323,-4.632143,-4.642354,-4.649534,-4.6408744,-4.6189976,-4.59586,-4.590272,-4.6006484,-4.6132364,-4.6240697,-4.651326,-4.7844286,-4.674665,-4.6021,-4.3665895,-4.058814,-3.9977021,-3.93787,-3.7398796,-3.3649364,-3.3182344,-3.5277677,-3.6860495,-3.4866128,-2.9855506,-2.3791823,-2.1527252,-2.2706897,-2.5072906,-2.5679464,-2.6080992,-2.6211677,-2.4556985,-2.4142284,-2.7342377,-2.9913104,-3.5478582,-4.0960293,-4.2514925,-4.2562923,-4.0424643,-3.7759767,-3.5451536,-3.2793603,-3.1247761,-3.013115,-2.7855544,-2.8252127,-2.5467834,-1.5396746,-0.7826772,-0.24770969,-0.4368371,-0.58765924,-0.9061012,-1.1069834,-1.4780164,-1.7921672,-1.9768558,-2.093116,-2.2223096,-2.651318,-2.9598653,-3.4934697,-4.6308203,-5.3388553,-5.320029,-5.330797,-5.521179,-5.6084104,-5.537382,-5.4841647,-5.45378,-5.5435743,-5.3101687,-4.303905,-3.4886308,-3.2167091,-3.133519,-3.029769,-2.6058092,-2.6086483,-3.0177376,-3.113682,-3.124793,-3.113932,-3.156788,-3.1336272,-3.0696054,-3.0627708,-3.0878658,-3.1010413,-3.1285331,-3.118051,-3.1411371,-3.1984603,-3.2322247,-3.2945547,-3.3793066,-3.5027475,-3.5143564,-3.5294924,-3.5346413,-3.578381,-3.7484431,-3.8139997,-3.8933744,-4.17949,-4.368378,-4.4561734,-4.565101,-4.659497,-4.575039,-4.363317,-4.5496845,-4.8181267,-4.926977,-5.031025,-5.0758495,-5.068595,-5.0955524,-5.145828,-5.193944,-5.599348,-5.7036943,-5.6657295,-5.652858,-5.3625436,-5.2881956,-5.3601027,-5.259264,-5.229558,-4.8429575,-4.5525184,-4.276611,-3.9499896,-3.662755,-3.530344,-3.5134594,-3.4476182,-3.445108,-3.4173794,-3.4126272,-3.3642044,-3.2950487,-3.3005788,-3.295874,-3.3465638,-3.3475893,-3.289122,-3.3234506,-3.3178158,-3.381236,-3.3813753,-3.4348807,-3.321241,-3.3506408,-3.5058713,-3.60139,-3.75141,-4.0057282,-4.137836,-4.1854243,-4.226266,-4.3540144,-4.4390407,-4.371619,-4.3589516,-4.310058,-4.257645,-4.3088017,-4.4175873,-4.4508038,-4.488478,-4.5957756,-4.720433,-4.184767,-4.7833786,-4.184733
-0.7613068,-0.78063995,-0.8206228,-1.0114093,-1.4521396,-1.9695978,-2.078432,-2.250574,-1.7080132,-1.3383402,-0.8970038,-0.5530444,0.19655317,1.5666593,3.0144544,4.2379646,4.2315736,3.5244417,2.6377692,2.0080135,1.2588727,0.7488134,0.61309946,0.6903813,0.81407595,0.26188394,-0.09398488,-0.16775666,-0.20667726,-0.27689973,-0.35558212,-0.4185721,-0.5659567,-0.6465514,-0.4707668,-0.30176932,-0.19259119,-0.11355843,0.098222405,0.29502857,0.50390565,0.43035632,-0.67766815,-1.8002095,-1.7618134,-1.3061421,-0.19011962,0.83930326,0.7874497,0.21180083,-0.51664907,-0.8527252,-1.0998693,-1.1478485,-0.7952053,-0.16245651,0.25739938,0.28796667,0.5558831,1.3827405,2.0329044,2.2653618,2.2560234,2.1639385,1.9558657,1.3992423,0.94068885,0.60774076,0.08327283,-0.19623145,-0.25960058,-0.35516387,-0.45829767,-0.39113778,-0.30082437,-0.3703199,-0.45392945,-0.49995834,-0.6024951,-0.58357245,-0.3208955,-0.250523,0.47074413,1.9855586,2.783083,3.0153873,3.077545,3.3864179,4.2841854,6.5988665,8.982869,10.132355,10.824032,10.942072,10.697388,9.444351,7.4302616,4.0957313,1.3121101,0.86777943,1.0302784,1.0216751,1.135175,1.2127391,1.1866221,1.6258581,2.0464637,1.9038548,1.7684764,1.5237274,0.59348536,-0.38455492,-0.7226156,-1.0556607,-1.1465378,-1.0185006,-0.8335937,-0.7269527,-0.7011489,-0.7623115,-0.8540607,-0.90750194,-0.97798854,-1.0647593,-1.0854996,-1.1296157,-1.1290196,-1.0631714,-1.0431204,-1.0287637,-1.1847814,-1.3357011,-1.5838678,-1.5637033,-1.5263146,-1.4852736,-1.4667673,-1.4973481,-1.461393,-1.2429209,-0.9963789,-0.780555,-0.66908264,-0.6580585,-0.5355021,-0.19138043,0.82588905,1.8311973,3.033031,4.4768395,5.9042926,6.7744274,7.6273623,8.374819,9.293812,9.363179,9.044275,8.674785,8.093859,7.5315676,7.281324,6.658148,5.246231,2.4292006,1.2618713,0.57821184,-0.1822843,-0.88094056,-0.98315483,-0.8425726,-0.8024734,-0.75026524,-0.70849895,-0.67298263,-0.6098203,-0.6203599,-0.659202,-0.6620613,-0.6337327,-0.58332145,-0.5287828,-0.5162617,-0.6036587,-0.63703454,-0.681111,-0.7194726,-0.6642785,-0.65911555,-0.61299896,-0.62359476,-0.5747935,-0.40613145,-0.21655945,0.15493868,0.17547329,-0.12771276,-0.32005966,-0.35748047,-0.3881411,-0.49878109,-1.020647,-1.2536753,-1.3399817,-1.3392555,-1.3587799,-1.4707432,-1.4970634,-1.5993652,-1.5247116,-1.5993766
-0.5200238,-0.8271152,-1.0104698,-1.3508276,-1.5271372,-1.5026735,-1.5993174,-1.4142112,-0.35547972,0.027344286,0.3856076,0.53529954,0.7198618,0.58644533,-0.012430668,-1.0844678,-0.5605718,1.1292896,2.7465048,4.557863,6.161303,6.9281945,7.3092613,7.5529675,7.447178,6.4785104,5.04856,4.188772,3.6883812,3.2349935,2.556311,1.9792501,1.9198061,1.7976637,1.38095,1.0678048,0.89716256,0.8215867,0.59002787,0.3543665,0.062777236,0.13784803,0.91246116,2.0520682,1.8294926,1.6627369,1.3534136,0.8080586,1.0795633,1.8691353,2.1344857,1.79098,1.537442,1.4341831,1.2939802,0.7713855,0.383124,0.11868779,-0.12793377,-0.49283552,-0.67880356,-0.7911546,-0.7563427,-0.82039165,-0.9024513,-0.62406266,-0.28062683,0.12988925,0.857629,1.391255,1.537701,1.4098636,1.047743,0.71145636,0.5863852,0.5511259,0.6028928,0.7885241,0.691454,0.36192697,0.5356889,0.69714314,0.21624176,-0.98172355,-1.5376027,-1.6524994,-1.555697,-1.6556544,-1.8717017,-1.9662173,-1.7602818,-1.8989302,-2.0343971,-1.9799776,-1.6610191,-0.941874,-0.69103074,-0.17549416,0.32942495,0.07006712,-0.83798456,-0.94376636,-1.123444,-1.2468648,-1.0571337,-0.9209548,-0.91193485,-0.68989545,-0.54188895,-0.5913875,-0.5407541,-0.46965575,-0.16022572,0.43390834,0.7453159,0.75730324,0.61719567,0.4811678,0.42703056,0.4084466,0.4028512,0.4518599,0.5550799,0.65667707,0.7252646,0.66510665,0.5036701,0.2594132,-0.021353066,-0.26563928,-0.3623166,-0.21324673,0.00434947,-0.04110512,-0.2024924,-0.65926385,-0.90477896,-1.1166255,-1.0675011,-0.935144,-0.82616705,-0.6979996,-0.5184901,0.13106066,0.80339044,1.0868412,1.157876,1.0809484,0.95099187,0.80355686,0.6459588,0.52815914,0.23988456,-0.1584583,-1.1850278,-2.020262,-1.8374163,-1.8192747,-2.0679955,-2.1610851,-2.087718,-2.0204203,-1.3551668,-0.7665068,-0.49298775,-0.3596396,-0.20465373,0.32061192,0.89292693,1.321421,1.6914265,1.8106525,1.8356209,1.8319013,1.8072867,1.7776892,1.7130828,1.7236495,1.7319568,1.6835914,1.6101079,1.5751919,1.5846635,1.4902892,1.5212517,1.6040442,1.6939123,1.7456927,1.6257675,1.5937908,1.4535704,1.1200253,0.8030046,0.52292717,0.26026082,0.2732944,0.09165986,-0.115004465,-0.25317764,-0.28689864,-0.13029069,-0.057184033,-0.03702435,-0.023711678,-0.0026913807,0.017867383,0.008312587,-0.31209493,-0.0090801455,-0.31212562
-3.081848,-3.220142,-3.3133526,-3.5527492,-3.850913,-3.9739408,-4.028358,-4.007741,-3.9251895,-3.7604828,-3.6451597,-3.5092714,-3.4149418,-3.4985795,-3.5639532,-3.277059,-2.733274,-2.1054819,-1.8671057,-1.9450531,-1.7853265,-1.4759989,-1.197252,-1.0706139,-1.2200907,-2.055384,-2.7181401,-3.0110095,-3.1799488,-3.353713,-3.532648,-3.6233816,-3.6730943,-3.7107692,-3.7218533,-3.7230093,-3.7160463,-3.7018144,-3.6686869,-3.6795087,-3.703268,-3.7709122,-3.8257372,-3.4843497,-3.473876,-3.5803387,-3.1437604,-2.090032,-1.5437248,-1.1461968,-0.9376015,-1.1087544,-1.4109013,-1.7150369,-1.6681476,-1.5764942,-1.4309015,-1.3540773,-1.3876647,-1.4301109,-1.5114348,-1.5028628,-1.5673308,-1.4491745,-1.2434326,-1.2703538,-1.5216609,-1.8217561,-2.057667,-2.2102106,-2.2554376,-2.0297506,-1.6588271,-1.3043699,-0.9266244,-0.73601115,-0.8446156,-0.56233865,-0.7536864,-1.3074214,-1.8202174,-1.9267678,-1.9979329,-2.2557702,-2.5219438,-2.8819208,-3.2065425,-3.5761752,-3.671033,-3.2922924,-2.4041686,-1.8006629,-1.8130665,-1.8605771,-1.9836857,-2.366181,-2.9974673,-3.3313856,-3.4165118,-3.5518684,-3.57277,-3.5002189,-3.4985843,-3.5134003,-3.310286,-2.6363206,-1.3182893,-0.3530581,0.085590586,0.47151703,0.96006703,1.40287,1.3679376,1.086682,1.0027735,0.9188764,0.7786404,0.6046416,0.5555602,0.55764127,0.5617174,0.47946236,0.3889826,0.34286565,0.34428984,0.35670242,0.35755172,0.37946445,0.327055,0.29807562,0.30192566,0.39077017,0.3808845,0.29303116,0.14103189,-0.20758012,-0.4461732,-1.0890299,-2.1434674,-2.6884217,-2.9373345,-3.0838919,-3.1094291,-2.9086294,-2.5998645,-2.4808056,-2.4281373,-2.3619,-2.270307,-2.0889177,-1.8478631,-1.7423741,-1.7264512,-1.7825646,-2.1518564,-2.2118359,-2.1111932,-2.0741327,-1.7814882,-1.701427,-1.7341408,-1.5310029,-0.654317,0.32971686,0.6015038,0.4500275,-0.23146005,-0.99275184,-1.4840069,-1.7754813,-1.9729285,-2.0706549,-2.0860434,-2.1073835,-2.0921845,-2.0442705,-2.033581,-2.0381753,-2.0807233,-2.0889645,-2.0468597,-2.0515084,-2.0547936,-2.0718749,-2.0680447,-2.0996702,-2.050734,-2.032521,-2.0735269,-2.1048465,-2.1942875,-2.3849268,-2.485389,-2.495091,-2.304143,-2.241201,-2.3349714,-2.424378,-2.478013,-2.519436,-2.359806,-2.293568,-2.4710732,-2.5273452,-2.5925908,-2.6600447,-2.734652,-1.9561257,-2.7113607,-1.9560933
0.09619053,0.31988034,0.53590053,1.9735839,4.195313,5.2851324,5.60903,5.5620933,5.7166853,5.7576747,5.8459272,5.8099165,5.8284855,5.5893145,4.778981,3.0695033,2.1843808,1.5429753,1.7864362,2.1583858,2.3410897,2.3916318,2.2098284,1.8044622,1.042855,0.9749167,1.0898134,1.1774566,1.2416768,1.4054999,1.631145,1.7530663,1.9815778,2.0806363,1.965411,1.9405484,2.0672503,2.171299,2.41551,2.9870057,3.8248615,5.4159718,7.693138,9.152624,9.318064,8.926289,7.1293354,3.871814,2.9448643,2.635138,2.1579797,1.8798224,2.1103265,2.5601978,2.41286,1.8162605,1.2357615,0.8532799,0.6553592,0.2949234,-0.018640488,-0.27320483,-0.30111757,-0.4398124,-0.19708014,0.66802245,0.86413217,0.38276258,0.45701534,0.5988799,0.58311594,0.45292836,0.45967454,0.38506466,0.5362314,0.67211,0.8818358,0.9085618,1.1154556,1.1068105,1.0212028,1.1802442,1.4363858,1.5914737,1.779669,2.0487266,2.4839926,2.6947718,2.662193,2.530688,2.1711123,1.6048342,1.4920025,1.8016701,3.1834047,6.041632,8.02962,9.236875,9.644367,9.482293,9.0321,8.684992,8.474737,8.395043,7.188965,4.103018,1.299492,0.49074116,0.41453648,0.3353501,0.51796496,0.5826198,1.0413017,2.0222423,2.3949058,2.5259666,2.547373,2.4406078,2.4223938,2.4865048,2.5658882,2.6964927,2.8667533,3.0292325,3.1272693,3.125424,3.0013676,2.635578,2.2550235,1.8746309,1.5510664,1.5615683,1.5220748,1.4949975,1.3475676,0.89681256,0.53443533,0.22305459,0.3904354,0.50880384,0.63524806,0.8005412,1.0472187,1.807086,2.5406191,3.183041,3.8144495,4.074715,4.165858,4.1419334,3.9728153,3.7790942,3.4777007,3.1392016,2.663131,1.8874142,1.8533205,2.0167007,2.9720876,3.0395746,2.7074733,2.569532,1.7944099,1.0408332,0.92257035,1.1761515,1.5975105,1.7171845,1.8184836,1.9961491,2.255063,2.3437705,2.3163366,2.2727523,2.2027025,2.1543884,2.0898943,2.0778425,2.0663962,1.9930165,1.915148,1.9098887,1.866836,1.7799292,1.8190879,1.8988101,1.9163244,1.9207343,1.7760313,1.7504437,1.641376,1.3944366,1.1707127,0.97098744,0.92553926,0.8263515,0.45212072,0.157474,-0.061461307,0.010748506,-0.048682988,0.007837996,0.019912668,0.008811705,0.0021149442,0.013921984,0.04163567,-0.5818571,-0.037597373,-0.581884
0.25362492,0.61944324,0.98105717,2.4540207,3.1090019,2.683295,1.8015561,1.511976,0.8504635,1.3332844,0.9983856,0.95282614,-0.13949464,-1.5375667,-1.4587696,0.11783108,0.80880535,0.7684684,0.21976997,-0.54779816,-1.351408,-1.8790131,-2.2036278,-2.4820693,-2.8261285,-2.3849387,-1.8607376,-1.6201055,-1.4698313,-1.3492959,-1.1951404,-1.066495,-0.9933652,-0.93047416,-0.7902957,-0.6900875,-0.62634164,-0.63311005,-0.551867,-0.4729088,-0.28874102,-0.14123276,-0.6085913,-1.8411186,-1.8630228,-1.5038166,-0.87238395,0.1396724,0.26312736,-0.12045476,-0.39697096,-0.79947996,-1.3772275,-2.1000166,-2.3615446,-2.1700633,-1.8279321,-1.7840257,-1.8768616,-1.9258187,-1.9794736,-2.017127,-2.314086,-2.2941275,-2.2739933,-2.5140328,-2.5693226,-2.5693235,-2.8261783,-3.1614084,-3.2779038,-3.2831192,-3.3115284,-3.11925,-2.9007525,-2.9014618,-2.9489026,-2.8881001,-2.8388314,-2.615967,-2.5257883,-2.533965,-2.229919,-1.670851,-1.4128721,-1.3587229,-1.5307827,-1.62723,-1.558182,-1.6492611,-1.6380398,-1.2746964,-0.52173173,-0.3184142,-0.5366381,-1.0210961,-1.6207128,-2.2950106,-2.5191805,-2.3312042,-1.504991,-0.968809,-0.46017665,-0.048252326,0.19688085,0.46086776,0.3723682,-0.1316118,-0.625998,-0.9401692,-1.3658526,-1.6526078,-1.6129208,-2.0902114,-2.3935194,-2.5570903,-2.6392217,-2.7174945,-2.7605968,-2.7863653,-2.7812333,-2.784153,-2.7940383,-2.7291584,-2.6766384,-2.5847995,-2.4201143,-2.2237704,-1.9587741,-1.7010689,-1.6249142,-1.8144668,-2.0173995,-1.9474771,-1.7769022,-1.4130659,-1.1290253,-0.70284027,-0.425569,-0.32328472,-0.45624655,-0.60395074,-0.671301,-0.5834354,-0.37741512,-0.60901505,-0.9652124,-1.0727537,-1.1938895,-1.3357035,-1.554462,-1.7263203,-1.8783004,-1.9796892,-2.2345076,-2.2375536,-2.2394977,-2.2484329,-2.0997086,-2.0490534,-2.0150597,-1.9840758,-1.7034044,-1.3254665,-1.1848922,-1.0985256,-1.0307946,-0.99810344,-0.98961484,-0.97530854,-0.9588397,-0.9221827,-0.92776406,-0.9012665,-0.8737923,-0.84019816,-0.8022429,-0.80529207,-0.7885742,-0.76781386,-0.71533495,-0.6760968,-0.62245697,-0.61877257,-0.6222795,-0.6546909,-0.5718102,-0.5863385,-0.64868855,-0.69738454,-0.7547775,-0.8183208,-0.8399503,-0.81337744,-1.1521734,-1.3732655,-1.3997658,-1.3174239,-1.322709,-1.2256218,-1.0146304,-0.92011684,-0.75466585,-0.7198953,-0.6967989,-0.74916154,-0.7806478,-0.34654415,-0.8606025,-0.346541
-1.3322238,-0.99628544,-0.7361267,0.0921334,0.6339688,0.4690054,0.19504327,0.11562933,-0.1490199,0.20478715,-0.011778802,-0.047981143,-0.6781054,-2.0649648,-2.4638743,-2.3552823,-2.3072824,-2.357026,-2.4989784,-2.8394856,-3.4133606,-3.6603665,-3.7025423,-3.5969386,-3.2599392,-2.9103565,-2.4681096,-2.1477547,-1.8572626,-1.6428106,-1.3442125,-1.1395547,-1.1103344,-1.0752387,-0.9367632,-0.86141497,-0.84624904,-0.84406316,-0.8416943,-0.91545796,-0.9999001,-1.1338025,-1.2777634,-2.2013707,-2.398084,-2.6069505,-1.9987619,-0.77773273,-0.6666777,-1.1500466,-1.7415746,-2.252029,-2.7361703,-3.1392508,-3.2590466,-2.9353304,-2.3485482,-1.5439281,-1.143379,-0.725931,-0.5639458,-0.43648273,-0.5710682,-0.53484935,-0.6202812,-0.84872305,-0.9110146,-0.8890952,-1.3295388,-1.5526493,-1.7000175,-2.0988479,-2.5424309,-2.7199206,-2.9271095,-3.0334783,-3.102462,-2.9208436,-3.0228717,-3.4556177,-3.2752287,-2.9742503,-2.3052945,-1.447463,-1.1647096,-1.2968624,-1.4438028,-1.3914452,-1.1868348,-1.0051557,-1.2345483,-1.4574953,-1.2926146,-1.4010891,-2.1129851,-2.7646163,-2.8037121,-3.2037847,-3.3741827,-3.1131525,-2.8578432,-3.0087042,-3.2351584,-3.3903131,-3.2674894,-2.306109,-1.0910988,-0.84240085,-0.998037,-0.96860945,-1.1467328,-1.7608867,-2.4193823,-3.1694527,-3.2951427,-3.2605295,-3.2423625,-3.2798276,-3.278698,-3.3057957,-3.3228254,-3.299929,-3.2726216,-3.2130356,-3.1675212,-3.12527,-3.07415,-2.9988227,-2.865963,-2.6939945,-2.5852342,-2.6209264,-2.7276065,-2.6776736,-2.6000297,-2.4271183,-2.3054407,-2.0435078,-1.5611838,-1.0977923,-0.9151857,-0.87759334,-0.9262243,-1.1160071,-1.1887984,-1.3545767,-1.6290278,-1.714766,-1.7646708,-1.7303118,-1.6882284,-1.6474702,-1.59787,-1.5717121,-1.5149513,-1.4567735,-1.7265459,-1.8752651,-1.7371535,-1.7950263,-1.7792699,-1.8336613,-1.8244956,-1.6016576,-1.5599432,-1.7121426,-1.9383223,-2.149897,-2.2303257,-2.3416872,-2.4954257,-2.4948337,-2.5036693,-2.493796,-2.4989815,-2.5288339,-2.519082,-2.5161,-2.4818716,-2.4652734,-2.4405932,-2.3865905,-2.338935,-2.2939372,-2.2578812,-2.2743862,-2.2088034,-2.1813545,-2.1733046,-2.162047,-2.1285663,-2.036533,-1.943023,-1.741077,-1.8348626,-2.0389657,-1.945594,-1.7772422,-1.5659791,-1.4983104,-1.5137105,-1.5582151,-1.417781,-1.3547783,-1.277731,-1.2198998,-1.1664305,-1.3806554,-1.2228546,-1.3806677
-1.46246,-1.2634149,-1.1719861,-1.1431366,-1.630727,-2.081683,-2.368546,-2.365727,-2.2649474,-2.1180625,-2.0685694,-1.9328809,-2.2503946,-3.0147262,-2.9905376,-2.1797285,-1.3898802,-0.28126884,0.17627595,0.2072939,-0.27250326,-0.91290325,-1.4713308,-2.0727963,-2.9696002,-3.1805675,-3.087275,-3.0019345,-2.9260666,-2.9053762,-2.859234,-2.8226893,-2.8758638,-2.90866,-2.770237,-2.6591039,-2.6313586,-2.6396523,-2.6337433,-2.7450094,-2.8829443,-3.1540267,-3.1867635,-2.9777257,-2.6240864,-1.8293178,-0.31796727,0.95037675,1.3468709,1.4350479,1.4092348,1.0126009,1.0058719,1.7890964,3.0877533,5.1521587,6.938571,8.458955,9.232369,10.021818,10.981812,11.457492,11.881292,11.903362,11.72979,10.741351,9.371667,7.4640064,4.402767,2.2873166,0.95810676,-0.5855975,-1.1197872,-1.5174553,-2.0433595,-2.3119187,-2.5484467,-2.4896345,-2.578168,-2.4146123,-1.5293775,-1.2746341,-0.9803935,-0.6484198,-0.6042138,-0.8010818,-1.1648715,-1.660709,-1.9672271,-2.0305111,-1.7794874,-1.061754,-0.6978897,-0.80739754,-1.2302872,-2.0991354,-2.9900432,-3.5152855,-3.7617853,-3.5922234,-3.6012125,-3.7503557,-3.952023,-4.084574,-3.6389747,-2.3492835,-1.1245519,-0.62942255,-0.6110528,-0.6919667,-1.0726452,-1.6626806,-2.2843494,-3.1463006,-3.378625,-3.4031854,-3.3082702,-3.2679641,-3.2009585,-3.1610165,-3.1549144,-3.165359,-3.1870527,-3.173473,-3.111524,-3.0409417,-2.9752145,-2.8667731,-2.780153,-2.6880367,-2.6701915,-2.7249224,-2.7695858,-2.7304568,-2.6437125,-2.4632876,-2.3415394,-2.2944179,-2.2785337,-2.1515985,-2.0323992,-2.01754,-2.0585532,-2.2017941,-2.3590188,-2.6219902,-2.9725723,-3.1154137,-3.1891897,-3.192127,-3.143939,-3.1168714,-3.067583,-2.9519784,-2.674513,-2.1705992,-2.1223757,-2.2755826,-2.07968,-1.9814541,-1.9061301,-1.8567746,-2.0294325,-2.1187105,-2.0689983,-1.9840798,-1.8591895,-1.8826036,-1.997827,-2.1645217,-2.333503,-2.3712819,-2.3456461,-2.3357487,-2.3135626,-2.301705,-2.2910547,-2.2783732,-2.2957683,-2.3000329,-2.265763,-2.2557902,-2.2684145,-2.2902927,-2.2890475,-2.2731743,-2.2568998,-2.2545385,-2.3052578,-2.350388,-2.3433652,-2.3181643,-2.2574568,-2.1157584,-2.0466228,-2.0206199,-1.838664,-1.6890843,-1.5130205,-1.5654621,-1.5822752,-1.6328349,-1.6040223,-1.5890794,-1.5454011,-1.5400953,-1.5425115,-0.9332297,-1.5285667,-0.93324274
0.05220884,0.38504758,0.6178477,1.4623327,1.552356,1.1890448,0.8037024,0.7120502,0.9254417,1.1241252,1.3242176,1.6249067,1.6002426,1.1731951,1.3614054,3.1063051,5.0530176,6.992469,7.6758313,7.4238095,6.493678,5.318356,4.038386,2.3119185,-0.78156644,-1.4006509,-1.1829689,-1.0987924,-1.0427575,-1.0077646,-0.9491563,-0.895571,-0.90352505,-0.90996826,-0.736221,-0.6200349,-0.55917984,-0.58126044,-0.55288476,-0.591605,-0.61885923,-0.6437383,-0.52353126,-0.0852845,1.2049367,4.209876,8.559113,9.83505,9.673395,9.105349,8.384747,7.3303742,5.5731344,3.5350008,2.3547537,2.0483866,1.7800028,1.3165497,1.3276325,1.4147444,1.6881843,1.9173714,2.231565,2.4251544,2.6966748,2.242046,1.6893132,1.6654651,1.0937891,0.13912925,-0.6783448,-1.8284552,-2.1933606,-2.0938447,-1.7411017,-1.6747768,-1.8241755,-1.832384,-1.7919391,-1.1955463,-0.92631173,-1.2673147,-1.4441972,-1.2619781,-1.1930959,-1.1183577,-1.3427782,-1.6850325,-1.8504598,-1.7105818,-0.3298465,1.1684186,1.8666207,1.8871368,1.510261,0.61067116,-0.3451028,-0.6516542,-0.54117024,-0.09704116,0.96039385,1.2967037,1.3868163,1.3681194,1.2005031,1.0067768,1.6213402,2.0634,1.9640467,1.8322649,1.4177927,0.75785387,0.30924535,-0.40240252,-0.8600096,-1.1059916,-1.13542,-1.1831657,-1.2070643,-1.2348573,-1.2298824,-1.3493898,-1.5259119,-1.6095936,-1.6736083,-1.6923431,-1.7023151,-1.6562979,-1.6124294,-1.574687,-1.7043515,-1.8301542,-1.9744668,-1.9715972,-1.9066046,-1.709734,-1.5253649,-1.3808613,-1.4201754,-1.3851706,-1.475581,-1.6115198,-1.7996534,-2.2535088,-2.483602,-2.5030572,-2.5803304,-2.6272063,-2.7282825,-2.8051353,-2.8911521,-2.9829574,-2.9984415,-2.8340468,-2.3571959,-1.7563722,-1.5586321,-1.7937665,-1.5596858,-1.0914999,-1.04037,-0.649102,0.11671665,0.8233019,0.84834117,0.7216796,0.4347238,-0.14603558,-0.7677759,-1.1043053,-1.426047,-1.576999,-1.6245012,-1.6787989,-1.6913006,-1.6630347,-1.6505558,-1.6687001,-1.6991543,-1.7252443,-1.6882392,-1.6864626,-1.7015051,-1.7747985,-1.8183218,-1.8133366,-1.7983191,-1.7798524,-1.8451442,-1.9229677,-2.0037296,-2.1184251,-2.1679535,-2.0425713,-1.9380078,-2.0371568,-2.1546674,-2.183049,-2.1615815,-2.2787032,-2.2214272,-2.1978426,-2.2612693,-2.2642865,-2.1845543,-2.116155,-2.0595531,-1.9569839,-2.0107708,-1.9570049
0.103662096,0.34458435,0.5434767,1.0834953,1.5018357,2.1352355,2.373063,2.9143984,3.4890485,3.2212944,3.1013956,3.1503103,3.402265,3.183113,2.304708,0.7652178,0.35617387,-0.014045149,-0.12554836,-0.19417676,-0.10092898,0.011560306,0.094438165,0.3242819,0.80389374,1.1924478,1.2763774,1.2225353,1.2958909,1.29681,1.2795764,1.2262664,1.3531125,1.4491978,1.0948833,0.75875276,0.5093138,0.33804953,-0.0021212995,-0.24231437,-0.41667593,-0.15797192,1.7389733,3.2712104,3.1165047,2.4026358,0.27810672,-0.55602396,-0.23950356,0.27314323,0.67034245,0.8431934,0.73339766,0.3093254,-0.275715,-1.0687059,-1.6846879,-2.0909421,-2.169446,-2.1991837,-2.0213761,-1.7118877,-1.0034034,-0.83070475,-0.7417122,-0.73692983,-0.6600423,-0.110539794,0.5522469,0.93369853,1.0527687,1.0357848,0.8076091,0.4963278,0.24487454,0.20377243,0.15406296,0.029969424,0.16669565,0.68139434,0.25002876,-0.36868778,-1.5169382,-2.425009,-2.5108209,-2.2689908,-1.9990473,-1.71523,-1.769203,-1.978576,-2.3770614,-2.9627132,-3.460754,-3.6063774,-3.8322794,-3.736117,-3.4410162,-2.981792,-2.5645342,-3.096725,-3.6664548,-3.6532245,-3.5611553,-3.4475505,-3.1338193,-2.8345788,-2.9816966,-3.1119742,-3.0328207,-3.00559,-2.8297868,-1.9610763,-1.1048207,-0.43597776,-0.31522766,-0.37158722,-0.523363,-0.63152915,-0.6468695,-0.56029445,-0.5021464,-0.4821228,-0.4222143,-0.31005237,-0.2192698,-0.124717176,-0.032250457,0.0020944625,0.048028745,0.15230231,0.4143971,0.4964994,0.5410315,0.46526325,0.43554103,0.40510237,0.37565422,0.35511395,0.07043107,-0.36151743,-0.79234517,-0.9877624,-1.0375835,-0.93369186,-0.7602652,-0.5369148,-0.4676928,-0.5426521,-0.6154215,-0.6559839,-0.590146,-0.6333326,-0.8622034,-1.2137806,-2.1391277,-3.0429444,-3.169242,-3.12048,-3.0049076,-2.9445405,-2.9706833,-2.883914,-2.565923,-2.2575977,-2.093948,-1.9449923,-1.6493572,-1.3886559,-1.3178957,-1.1229153,-0.6647219,-0.4202336,-0.34392577,-0.23969363,-0.20391618,-0.1941792,-0.18175344,-0.13199392,-0.06682275,-0.064107,-0.027705707,0.054655615,0.054632343,0.064746365,0.151463,0.16787946,0.30569708,0.39984494,0.468251,0.5276152,0.5212656,0.29452762,0.0085034,-0.37272263,-0.57877356,-0.5873914,-0.69604087,-0.7761892,-0.89668715,-0.74941516,-0.43965006,-0.34478477,-0.4478704,-0.48090926,-0.49114206,-0.49069503,-0.4456489,-1.7024944,-0.5056945,-1.7025521
-2.366422,-2.2747889,-2.2156956,-2.0843906,-2.233533,-2.3903399,-2.5947661,-2.5518706,-2.4612312,-2.2188373,-2.3541403,-2.3699908,-2.5389216,-2.9697878,-2.7792175,-1.8352275,-1.4481119,-0.97663623,-0.9004213,-1.3229835,-1.9999173,-2.2724037,-2.2598248,-2.101592,-1.751458,-1.5063722,-1.6099449,-1.6740975,-1.7319099,-1.806819,-1.8384006,-1.8147132,-1.8456583,-1.8399863,-1.7563479,-1.6615386,-1.5771297,-1.5297441,-1.4362199,-1.3471936,-1.2412354,-1.3477259,-2.1907363,-2.9997935,-2.957674,-2.365426,-1.1868129,-0.1460503,-0.08884443,-0.27861583,-0.38976312,-0.50346917,-0.8448818,-1.4009663,-1.5585246,-1.3343987,-1.0452138,-0.9139373,-0.91085625,-0.7882126,-0.65973544,-0.5450317,-0.80308264,-0.84321195,-1.0100663,-1.3698914,-1.6349969,-2.2118993,-2.799374,-2.8016818,-2.3942904,-1.3987008,-0.6068605,0.021483816,0.04641688,-0.049737677,-0.24233708,-0.16892897,-0.18781133,-0.1435064,0.2542533,0.46740773,0.9230648,0.7993064,0.12801093,-0.71601945,-1.3728428,-1.9711446,-2.2073338,-2.3750122,-1.9993734,-1.4468193,-1.3850689,-1.596354,-2.027795,-2.767346,-3.0509524,-2.8102262,-2.416868,-1.9134387,-0.9552311,-0.46742812,-0.3496167,-0.45679605,-0.86028767,-1.1225036,-0.83437514,-0.7118097,-0.7479765,-0.86270183,-1.034618,-0.97280127,-1.1530409,-1.8100431,-2.1427915,-2.2936325,-2.3036199,-2.2496514,-2.2272916,-2.206972,-2.201993,-2.196114,-2.195423,-2.223386,-2.2533922,-2.2255507,-2.1095893,-1.9464626,-1.6684374,-1.3722516,-1.1572144,-1.2745026,-1.442691,-1.4511302,-1.2929665,-0.8134481,-0.34116456,0.5026222,1.1389885,1.1044004,0.821582,0.49275678,0.1626968,-0.46762425,-1.1465498,-1.8877219,-2.5008917,-2.710013,-2.8256724,-2.9182281,-2.9764893,-2.9961407,-2.9534938,-2.825297,-2.4733233,-1.869399,-1.6405644,-1.6444778,-1.5143708,-1.4978448,-1.7209196,-1.6093061,-1.5593178,-1.8194783,-2.118351,-2.2577324,-2.4108043,-2.3816898,-2.1771054,-2.0155158,-1.8904831,-1.8651633,-1.8359363,-1.8185297,-1.777806,-1.7098062,-1.6723797,-1.6799035,-1.7078531,-1.695437,-1.638639,-1.6366962,-1.6253009,-1.6486166,-1.6987673,-1.7600951,-1.7888641,-1.8421247,-1.9538822,-2.057514,-2.1299548,-2.2020736,-2.1789794,-2.1733198,-2.2982337,-2.3935754,-2.356204,-2.2807083,-2.348893,-2.2889338,-2.1306593,-2.1191893,-2.1063583,-2.1530547,-2.2577355,-2.376282,-2.4652429,-2.1106691,-2.5538769,-2.1106477
-1.8469664,-1.7273649,-1.5475941,-0.9530213,-0.20174053,0.68562275,0.9029029,1.3413084,1.8313044,1.7733016,1.852217,2.0081792,2.697304,3.7005577,4.070505,4.552823,4.8382993,4.8196483,4.651188,3.9239144,2.9871268,2.351381,1.5940402,0.6760007,-0.36095217,-0.12948179,0.24223292,0.33104503,0.3508305,0.36179435,0.27125996,0.24811621,0.2035993,0.1949527,0.1722242,0.18787956,0.15899488,0.0865387,0.008048415,-0.025376022,-0.053175867,-0.20159575,-0.2490946,-0.004841298,0.50700414,1.1192602,1.1080072,0.7326552,0.53714144,0.16145207,-0.024727881,0.13473159,0.17010505,0.041909605,0.021978304,-0.1972076,-0.3858334,-0.40303445,-0.7200413,-1.0326573,-1.1913325,-1.1523064,-1.0342789,-0.829128,-0.58476007,-0.25841793,-0.14529327,-0.33536854,-0.43070832,-0.6407788,-0.91358626,-1.0725112,-0.8996229,-0.57557416,-0.19757865,-0.18376261,-0.31427127,-0.119381726,0.15768676,0.43731892,0.012379363,-0.2694139,-0.384284,-0.6054528,-1.2706975,-1.8762548,-2.234211,-2.6259055,-2.549221,-1.9200072,-1.2202781,-0.7548443,-0.82242364,-1.0472338,-1.4601958,-1.5560983,-1.958178,-2.3194818,-1.7974358,-1.5701826,-1.614999,-1.911114,-2.2321782,-2.4189224,-2.165537,-1.4952233,-0.7132625,-0.45907843,-0.27796823,-0.09932855,0.3549378,0.96292746,1.0009313,0.6760307,0.35755762,0.1287033,0.05938837,-0.07736917,-0.14093223,-0.1877691,-0.18352455,-0.23622422,-0.2882585,-0.22516069,-0.22117543,-0.22461274,-0.25885466,-0.32709467,-0.40924555,-0.393556,-0.3015545,-0.22778636,-0.2782327,-0.380965,-0.3895887,-0.22609782,-0.037632048,0.38088155,0.49889293,0.25074923,-0.1765244,-0.4895736,-0.67323804,-0.9006912,-1.1433998,-0.8902799,-0.7317993,-0.70319736,-0.65727675,-0.5820409,-0.40803513,-0.35600543,-0.39523897,-0.5189741,-0.9787271,-1.1429008,-1.3786224,-1.4612558,-1.4781901,-1.5077429,-1.520637,-1.397208,-0.992633,-0.46041375,-0.27706826,-0.14471237,0.0065992065,0.027989335,0.17654455,0.32812166,0.43249536,0.4980204,0.5335648,0.61566323,0.71557254,0.7862401,0.87684274,0.90152985,0.9533762,1.0284386,1.144865,1.2550879,1.199684,1.2147167,1.295542,1.2567459,1.3842893,1.495026,1.7305896,1.8553638,1.9896656,2.0737872,1.9604192,1.8403071,1.9065369,1.9308703,1.8659534,1.8349646,1.6200895,1.589634,1.7098454,1.735428,1.4588629,1.3876916,1.3254393,1.1946876,1.1309582,0.06430395,0.9461721,0.06425717
-3.4112468,-3.465856,-3.4965177,-3.7620192,-4.354057,-4.797945,-4.942846,-5.110489,-5.2838535,-5.156669,-5.139753,-5.119818,-5.342702,-5.567208,-5.173915,-3.9736867,-3.2724102,-2.7021458,-2.6440248,-2.8086338,-2.9453511,-3.0318146,-3.0336788,-3.0874305,-2.9285197,-2.8094728,-3.0232682,-3.181962,-3.344954,-3.5006683,-3.658454,-3.7523086,-3.8011193,-3.8477993,-3.7945533,-3.710853,-3.6369424,-3.5956879,-3.4930522,-3.4151335,-3.3283165,-3.4348097,-4.2363453,-4.470997,-4.0755177,-3.2906237,-2.4209123,-2.0657222,-2.0949175,-2.2046318,-2.108449,-2.010412,-1.9685042,-2.0959907,-1.9798278,-1.5587484,-1.1893818,-1.2954934,-1.3996813,-1.3925622,-1.3132913,-1.2468996,-1.4222112,-1.4282305,-1.5432054,-1.841467,-1.8832247,-2.0756817,-2.621787,-2.8971794,-2.9234085,-2.7712238,-2.598288,-2.4134426,-2.3211992,-2.2848778,-2.2612572,-2.1076646,-2.1638324,-2.0306342,-1.4714035,-1.1902705,-0.77058125,-0.25316262,0.023408726,-0.0892056,-0.33651268,-0.70987767,-0.86255133,-0.91965115,-0.538722,0.101243824,0.5049298,0.48477507,0.22989975,-0.53316087,-1.259619,-1.6272873,-2.1253192,-2.1601107,-1.7583576,-1.3340687,-1.1158235,-1.0495206,-1.051173,-1.1206596,-0.6971242,-0.385266,-0.34132296,-0.5389373,-0.89967054,-1.0697837,-1.1087668,-1.572195,-1.89757,-2.0860848,-2.151873,-2.190078,-2.2187524,-2.2283978,-2.2715034,-2.3376713,-2.4345965,-2.5852957,-2.70931,-2.8187575,-2.8575585,-2.8125536,-2.7475991,-2.724194,-2.7428164,-2.823892,-2.9009979,-2.8530927,-2.787919,-2.6461227,-2.525167,-2.300873,-2.099155,-1.9704132,-1.9297738,-1.9618335,-1.9829841,-1.9401462,-2.123467,-2.8271766,-3.346492,-3.4115152,-3.3730943,-3.3043284,-3.239041,-3.1863246,-3.0539482,-2.8679998,-2.6240335,-2.2646708,-2.2717733,-2.4448838,-2.5805278,-2.7167182,-2.870891,-2.8915293,-3.1045265,-3.4481611,-3.5301085,-3.4062457,-3.1471531,-2.814497,-2.5441766,-2.522956,-2.6241503,-2.7357497,-2.7785258,-2.8236992,-2.8362381,-2.8050864,-2.8087401,-2.8364565,-2.9014437,-2.9375644,-2.94078,-2.9999824,-3.0090833,-3.0963736,-3.1631646,-3.2065034,-3.2267609,-3.2975745,-3.48833,-3.6277337,-3.7785492,-3.9511585,-4.011309,-4.064061,-4.196304,-4.273721,-4.340686,-4.304221,-4.3149548,-4.3113832,-4.339422,-4.3526583,-4.276043,-4.257869,-4.290551,-4.351355,-4.3436713,-4.0462646,-4.3004446,-4.046212
-4.30255,-4.3252683,-4.324299,-4.3469067,-4.21053,-3.713388,-3.5577304,-3.2597136,-2.6380777,-2.536573,-2.3538446,-2.1372561,-1.8311462,-1.7272959,-1.8952944,-2.0715575,-1.8318315,-1.6378467,-1.5402861,-1.3813362,-1.1044517,-0.92634845,-0.6726575,-0.40904167,-0.18121782,-0.41217658,-0.9394615,-1.2683564,-1.4982791,-1.7453054,-2.054457,-2.2455752,-2.295395,-2.339613,-2.5060434,-2.6015284,-2.6688633,-2.726709,-2.9007397,-3.081809,-3.326213,-3.6090498,-3.3503456,-2.7203407,-2.694861,-2.77518,-3.0236487,-2.9040723,-2.7092218,-2.4107702,-2.1714833,-2.1649237,-2.1922348,-2.2591763,-2.3136811,-2.516327,-2.5903492,-2.4938066,-2.4428802,-2.5720744,-2.4103322,-2.108824,-1.5033737,-1.2707115,-1.0964744,-1.0869194,-1.2416472,-1.5636802,-1.7219734,-1.7254275,-1.7608104,-1.747395,-1.6539418,-1.6254776,-1.773489,-1.9610479,-2.0749514,-2.0375044,-1.9009435,-1.8471942,-1.8604002,-1.722126,-1.6289864,-1.8460639,-2.0526767,-2.2631025,-2.3250647,-2.4192338,-2.6005075,-2.818435,-3.3882706,-3.7819242,-3.8826494,-4.0132732,-4.311233,-4.6322074,-4.9686136,-4.74809,-4.273732,-4.529561,-4.8909817,-4.9071045,-4.9654293,-4.9841537,-4.8369055,-4.6558022,-3.9954305,-3.4649403,-3.1468391,-2.9500856,-2.6587954,-1.9981811,-1.5837376,-1.4683983,-1.5226836,-1.6151813,-1.6647446,-1.7403004,-1.7722783,-1.7534978,-1.7709231,-1.809989,-1.820383,-1.8318995,-1.8391395,-1.8478642,-1.8100123,-1.7254223,-1.6930915,-1.6685799,-1.5864731,-1.5394133,-1.4687592,-1.4674183,-1.4923975,-1.5735693,-1.5936971,-1.4202182,-1.2693323,-1.3122618,-1.3487815,-1.2886388,-1.1183,-0.7915107,-0.6648685,-0.71003765,-0.8479097,-0.95334685,-1.0584922,-1.1898651,-1.2305409,-1.2830428,-1.416154,-1.6334025,-2.3509061,-2.9400163,-3.507176,-3.992752,-4.296004,-4.3884935,-4.46949,-4.329962,-4.529875,-4.547011,-4.5763454,-4.6626577,-4.919036,-5.0906754,-5.2133026,-5.2264614,-5.041172,-4.975565,-4.9542007,-4.9321404,-4.893258,-4.8378787,-4.8323507,-4.8316436,-4.856942,-4.8624735,-4.807826,-4.801174,-4.829808,-4.8793855,-4.8550725,-4.8919687,-4.8236055,-4.810397,-4.809741,-4.8129134,-4.883658,-5.0899496,-5.2350597,-5.399725,-5.4735527,-5.597045,-5.6942415,-5.668165,-5.7561665,-5.6761017,-5.4475164,-5.41488,-5.5077696,-5.525254,-5.592516,-5.636489,-5.6847906,-6.5609493,-5.7917585,-6.560945
-2.3901653,-2.4886322,-2.547604,-2.9986427,-3.7781472,-4.2726183,-4.3773947,-4.6161933,-4.919938,-4.9365277,-4.9539294,-4.9808497,-5.2874207,-5.4701176,-5.195981,-4.516913,-4.21238,-4.088024,-3.974821,-3.7983675,-3.3449392,-3.1419091,-3.1352465,-3.321618,-3.567797,-3.7781549,-3.857129,-3.8844585,-3.9022,-3.9327223,-3.9598377,-3.9815369,-4.0355463,-4.0722375,-4.0506725,-4.0374193,-4.046349,-4.0503373,-4.070509,-4.199069,-4.4019322,-4.6803694,-4.815973,-4.3876553,-4.30435,-3.9973605,-3.723505,-3.7277665,-3.6121373,-3.354106,-2.805563,-2.5756712,-2.6338773,-2.7443557,-2.6483011,-2.3105464,-1.8946931,-1.7033067,-1.8596401,-2.1076243,-2.0664964,-1.994387,-1.6415555,-1.4316943,-1.3563362,-1.4549371,-1.3293359,-1.4054514,-2.0258293,-2.3678694,-2.5838122,-2.792197,-2.8136868,-3.0237,-3.4127302,-3.6058407,-3.7457533,-3.5414715,-3.6734495,-3.9737682,-3.564808,-3.029439,-2.3580575,-1.7268033,-1.2222528,-1.0002122,-0.8913964,-1.0152166,-1.2048101,-1.4579043,-1.7878125,-1.6695349,-1.5004133,-1.3429886,-1.363886,-2.237857,-2.8455408,-3.4290524,-3.9683735,-4.177062,-4.1672173,-4.0664306,-3.9572792,-3.9158335,-4.0565157,-3.9510093,-3.3223462,-2.6745467,-2.4724922,-2.3637886,-2.2720897,-1.9338192,-2.0191224,-2.578558,-2.7526135,-2.7773557,-2.7586923,-2.793088,-2.7623668,-2.739383,-2.772371,-2.8165374,-2.873064,-2.9476457,-2.956825,-2.966928,-2.9810424,-2.9348197,-2.9308767,-2.9679456,-3.0495615,-3.0301814,-2.9616914,-2.919024,-2.944913,-3.0991893,-3.2723746,-3.6024184,-3.8001604,-3.6336675,-3.404985,-3.2961617,-3.2541623,-3.0222254,-2.5201607,-2.4238853,-2.5352378,-2.5886865,-2.6305575,-2.5709863,-2.4964302,-2.4631257,-2.3887773,-2.3017898,-2.4842157,-2.9203901,-3.119707,-3.0630503,-3.1347718,-3.3083673,-3.376398,-3.5277867,-3.7400393,-3.5961843,-3.2416239,-2.9800475,-2.5860443,-2.1864278,-1.9825889,-2.0554307,-2.2001874,-2.2574956,-2.2511976,-2.2615495,-2.2451556,-2.2197442,-2.2234564,-2.2161505,-2.2513714,-2.2654693,-2.2570305,-2.2975407,-2.2824183,-2.3108354,-2.3048196,-2.3247535,-2.2528727,-2.26579,-2.3791792,-2.4318275,-2.498508,-2.5293229,-2.4879894,-2.3515654,-2.1911077,-2.1286824,-2.0134618,-1.9255154,-1.7369967,-1.7894194,-2.0218873,-2.1478753,-2.2754583,-2.2921762,-2.26909,-2.2916374,-2.3187835,-1.5428648,-2.2626457,-1.5428187
-0.82026184,-0.90084577,-0.9400276,-0.9865992,-1.2043926,-1.43455,-1.5553576,-1.6650879,-1.449723,-1.1312896,-0.8103714,-0.64892346,-0.6295847,0.12776394,1.4231664,4.018403,5.031292,5.314592,4.554434,3.7667675,2.915065,2.2364628,1.7352586,1.1482607,0.015430556,-0.5076684,-0.35705185,-0.20785661,-0.19758108,-0.12846698,-0.08887671,-0.061295822,-0.14765568,-0.17896235,0.10646273,0.34978494,0.48834848,0.53243107,0.77735484,0.9577221,1.1675081,0.95866513,-0.80151683,-2.0878801,-1.700042,-0.7205551,0.89947087,2.424989,2.521685,2.000064,1.2711968,0.94726115,0.79883695,0.5763559,0.84949416,1.5014904,1.8240016,1.7781527,2.0445786,2.6601176,3.202561,3.2619858,2.6557307,2.3565912,1.9378147,1.0455745,0.35527533,-0.18256897,-0.8708969,-1.2634768,-1.3861915,-1.4000702,-1.3273454,-1.0907292,-0.7867396,-0.6275117,-0.55425763,-0.71410227,-0.7789465,-0.02273187,0.109012544,-0.2855972,-0.16341273,0.7851761,1.170192,1.2156366,0.8968696,0.60314804,0.79113865,1.4298487,2.758102,3.7083888,3.7919579,3.5487564,2.8311253,1.759187,1.4775609,1.5946417,1.0987271,1.407254,2.9357967,4.024896,4.8998566,5.758173,7.8623943,10.246186,11.490525,11.946283,12.095987,12.1425495,11.859522,10.228094,8.3188505,5.5206485,3.9139988,3.0696018,2.6361814,2.3336413,2.0645483,1.8913289,1.7364218,1.5652813,1.2891349,0.97611356,0.6440678,0.32362396,0.17841077,0.21576852,0.22644538,0.1282157,-0.24723777,-0.5416113,-0.8409513,-0.72237086,-0.6072225,-0.5201447,-0.50263584,-0.3482707,-0.045383632,0.33847243,0.57444364,0.73409355,0.8160086,0.5304442,0.02147995,-0.28483564,0.019012779,0.4266903,0.8305907,1.1413445,1.1431698,1.0412681,1.1456412,1.4648407,2.0447586,2.277234,2.2452006,1.9783905,1.9804316,2.2457278,2.4336255,2.5324926,2.477738,2.1597614,1.8440104,1.6769898,1.4329344,1.184992,0.9877224,0.87429714,0.53032094,0.294271,0.18583363,0.12007551,0.083786696,0.05605276,0.04532726,0.015695497,-0.019397005,-0.03726256,-0.11043663,-0.21600983,-0.29164702,-0.44778675,-0.6241592,-0.64084077,-0.69803315,-0.7977822,-0.8839115,-0.99828386,-1.0462706,-0.95172095,-0.865267,-0.73255587,-0.77378696,-0.8493631,-1.075006,-1.1590931,-1.2915074,-1.4451377,-1.7951405,-1.9251814,-1.9765246,-1.983335,-2.0111413,-2.1216516,-2.1005704,-1.2105912,-2.057897,-1.2105803
0.02838841,-0.062194675,-0.072649196,0.022462264,0.7897952,1.710929,1.9452049,1.7717764,2.1409378,2.1570997,2.3387794,2.2505069,2.1167662,1.8989701,1.3740431,0.20952505,0.13387227,0.57222265,1.111603,2.2342095,3.24187,3.5685549,3.902413,4.3131704,3.88656,2.642746,1.71085,1.3552324,1.1879306,1.0008621,0.7769499,0.5809904,0.5605508,0.49967134,0.304647,0.17582607,0.11524287,0.08489931,-0.0869202,-0.27638373,-0.59981143,-0.9000368,-0.5916204,0.5335783,0.6413212,0.4569481,-0.6209965,-1.0301203,-0.91808164,-0.4922393,-0.12332252,0.04234135,0.019688472,0.023083303,-0.14476551,-0.5359322,-0.72761726,-0.6475063,-0.71204096,-1.1482248,-1.3527751,-1.3310299,-0.95724607,-0.9716111,-0.99996144,-0.9328892,-0.7256174,-0.40312785,0.26241082,0.5625573,0.4546247,0.28002104,0.2034467,0.09853694,-0.112517945,-0.34467387,-0.50919706,-0.58304983,-0.69932073,-1.3258436,-1.6900637,-1.646756,-1.6033446,-1.780855,-1.8061305,-1.5310676,-1.1671593,-0.8338797,-0.8387735,-1.1141772,-2.2029414,-3.2083697,-3.275857,-3.021878,-2.489206,-1.5170879,-0.9923032,-0.77607167,-0.8669447,-1.3670411,-2.2722228,-2.4470263,-2.556571,-2.5945458,-2.3216562,-1.9532984,-1.5384705,-1.1047921,-0.801291,-0.67135316,-0.823295,-1.4573177,-1.697553,-1.2762856,-0.9792503,-0.94836414,-1.1464151,-1.3185272,-1.3894074,-1.4060318,-1.3994141,-1.428324,-1.4044989,-1.4144892,-1.4724443,-1.5869986,-1.7584084,-1.9121461,-2.0334032,-2.1094482,-2.0316572,-1.8498312,-1.6507308,-1.7021687,-1.7624491,-1.8083768,-1.6386201,-0.96844125,0.31471473,1.3525469,2.1206145,2.986862,4.056408,6.4356737,8.791765,10.058325,10.713362,10.760471,10.618704,10.327754,9.91758,9.561083,9.002876,8.267739,5.7997994,2.3884764,0.8584771,-0.12700361,-1.0693574,-1.4198592,-1.482111,-1.5568484,-1.6652125,-1.631422,-1.4696791,-1.2716587,-0.87721574,-0.4154185,-0.066352054,0.22847006,0.64548385,0.7926794,0.8528541,0.81646895,0.81881785,0.8399383,0.81530464,0.83204156,0.77895784,0.7027026,0.66921175,0.6117965,0.5863278,0.4816502,0.4917232,0.52445126,0.40363857,0.35348642,0.13608754,0.07451081,-0.045357317,-0.38285485,-0.5499029,-0.7032934,-0.4662246,-0.3765374,-0.4766724,-0.67344064,-0.84562093,-0.84336716,-0.74196434,-0.71268094,-0.7830171,-0.765937,-0.8081583,-0.74745774,-0.66808164,-0.5778893,-0.64955646,-0.5778972
-0.21983875,-0.37652344,-0.57819283,-1.5678089,-2.550362,-2.8250995,-2.9716759,-3.0957603,-2.9863315,-2.9206495,-2.8892708,-2.9844098,-3.5076468,-3.8923059,-3.68719,-3.265893,-2.8925781,-2.6345456,-2.4894078,-2.2424188,-2.1832793,-2.5984697,-3.136088,-3.650761,-3.961834,-3.789731,-3.6279802,-3.4420877,-3.2989657,-3.116087,-2.8791435,-2.7043934,-2.649663,-2.59699,-2.4776492,-2.451323,-2.4781106,-2.4754686,-2.4743338,-2.5430207,-2.581092,-2.5737057,-2.1976013,-2.3119113,-2.611891,-2.4266236,-1.8558097,-2.0600462,-2.11234,-1.9299628,-1.4525418,-1.3346264,-1.495144,-1.6342332,-1.5142074,-0.74909264,0.36135408,1.4908729,1.693429,1.5183547,1.9553704,1.9724092,2.2753966,2.500224,2.3312411,1.8349891,1.258286,0.2543743,-1.1721686,-1.7931128,-2.0071416,-1.7063286,-1.1184373,-0.9354743,-1.016849,-0.9893627,-0.91877675,-0.82272804,-1.151253,-1.3077427,-0.7568874,-0.37893313,0.33241215,1.2643304,1.9355087,2.230927,2.3386176,2.1838312,2.0247464,1.9321778,1.357595,1.1032596,0.9761264,1.0138282,0.8601466,-0.10434747,-0.7377525,-1.7293622,-2.7471616,-2.574829,-2.0250192,-1.8020151,-1.5902718,-1.3785386,-1.1918807,-0.91902864,-0.62128145,-0.5051341,-0.5794893,-0.79696923,-1.168242,-1.5505046,-2.0492065,-2.73179,-2.8948507,-2.8519816,-2.7687109,-2.704863,-2.6138434,-2.5335548,-2.5122206,-2.5482893,-2.5969281,-2.6577196,-2.649366,-2.585898,-2.5618632,-2.5191424,-2.4921117,-2.4645305,-2.4816344,-2.5287144,-2.6176786,-2.5989523,-2.5714135,-2.4278965,-2.3075037,-2.261158,-2.2855723,-2.0286353,-1.7070893,-1.4829645,-1.3291105,-0.9581845,-0.5885302,-0.7575964,-0.95802265,-1.0615368,-1.1743537,-1.2276719,-1.2399771,-1.1826001,-1.1004695,-0.98804986,-0.8601127,-0.68961865,-0.54179454,-0.49600425,-0.38617924,-0.6123541,-0.6558871,-1.0437766,-1.7218786,-2.2384748,-2.044531,-1.8777983,-1.4429615,-0.9966806,-0.9807254,-1.1322985,-1.3167617,-1.348285,-1.3455472,-1.3331804,-1.340366,-1.3255253,-1.2589788,-1.2302105,-1.228044,-1.2125044,-1.2178015,-1.2349173,-1.1325157,-1.1203742,-1.0853623,-1.1646193,-1.0922775,-1.1082579,-1.1640279,-1.2148199,-1.2553208,-1.1693909,-1.0590112,-1.0261985,-0.9342293,-0.7918892,-0.4317646,-0.15712447,0.15334418,0.13425973,-0.114727445,-0.23744161,-0.15396762,-0.119820386,-0.041723114,0.04197912,0.050782695,0.8130501,0.15102705,0.8130709
-0.009327233,-0.25489706,-0.41523588,-0.8080517,-1.2930967,-1.6817386,-1.5835125,-1.5272015,-1.1184583,-0.8518847,-0.5078565,-0.31540382,-0.093059234,0.37710202,0.20532772,-0.72170687,-0.88419974,-0.61089814,-0.034161568,0.63313204,1.1433246,1.3458937,1.4641361,1.6186867,1.8575262,1.742882,1.3372631,1.1045136,0.926103,0.9012317,0.8776934,0.7971454,0.8586602,0.82150877,0.5436522,0.36871904,0.32848695,0.35732138,0.33811578,0.32009417,0.21432175,0.16965641,-0.10056008,-0.49588448,-1.0625026,-1.5664074,-1.7493913,-1.504624,-1.1862499,-0.42868137,-0.12276098,-0.036259204,0.3741519,0.89341706,0.865568,0.31424263,-0.3201942,-0.5185185,-0.41662788,-0.46898875,-0.291569,0.1867137,1.6216047,2.079587,3.26479,6.1570263,8.494024,9.89814,10.874628,11.086273,10.856581,9.932525,9.105473,8.202772,6.858891,6.190178,5.652439,6.531554,6.140683,3.4331775,1.9221601,1.7725323,1.5485216,0.9118937,0.69398266,0.78387964,1.2234364,1.4789683,1.3853848,1.0989033,0.9596812,0.8104562,1.1876736,1.7315414,3.5306818,6.294359,7.7525816,8.54686,8.7976055,8.5955925,7.7831516,7.265712,6.59414,5.7958927,4.4909034,1.9523287,0.10215236,-0.26056853,-0.28572145,-0.104089156,0.68025714,1.4651625,1.579891,1.7101784,1.7536411,1.7159288,1.6876158,1.5097317,1.4931675,1.5436149,1.5593417,1.6613111,1.8252126,1.9835455,2.0732985,2.0662398,1.9344459,1.6521405,1.3208921,0.9869581,0.7871297,0.913873,1.105727,1.0211449,0.7884584,0.30553323,0.058867574,-0.16694586,-0.26448777,-0.22974774,-0.09035008,0.00787729,0.13867329,0.2526134,0.11501791,0.2767405,0.73421395,1.0130407,1.2432303,1.3712845,1.4564356,1.5279605,1.5303223,1.3161749,0.72433996,0.27485114,0.12928966,0.16490655,0.12685898,-0.2511553,-0.4188677,-0.44376823,-0.17264032,0.09298737,0.32514656,0.25220633,-0.17219393,-0.61709625,-0.8172333,-0.85610104,-0.8455213,-0.8455165,-0.8246176,-0.8371636,-0.8292946,-0.8176509,-0.8855379,-0.8921248,-0.90589064,-0.8968271,-0.94530934,-0.9834108,-0.9925479,-0.9735788,-0.9344154,-0.9212401,-0.83305717,-0.8088224,-0.8416897,-0.8280093,-0.8984461,-1.0264318,-1.1731796,-1.3464096,-1.5167918,-1.6042547,-1.8199835,-2.0827084,-2.287426,-2.240347,-2.0904517,-1.9397873,-1.7949388,-1.7439183,-1.7965343,-1.6575065,-1.5063155,-2.907554,-1.5053374,-2.907557
-0.6953284,-0.7244916,-0.7932768,-1.0991582,-1.2812302,-1.014938,-0.9362628,-0.7834447,-0.5570119,-0.48782697,-0.44579688,-0.47837907,-0.234443,-0.1559642,-0.24446484,0.0016613603,0.27010545,0.6550139,0.716818,0.40018377,0.13934386,0.26288104,0.421682,0.6019456,1.172714,1.9611573,2.6654787,2.948403,3.046657,3.0846627,3.08483,3.0879807,3.0270448,2.976953,2.9238286,2.8715281,2.8004823,2.7709527,2.6979234,2.541307,2.2934108,1.7683325,1.4376193,1.7886579,1.8605468,1.3682407,1.2404275,2.315371,2.468364,2.1539488,1.6629295,1.6682973,2.1842446,2.484007,2.412796,2.0307057,1.6334865,1.2242126,1.2930841,1.6685045,2.3372731,2.6116173,2.5273762,2.4928792,2.3063493,1.6577376,1.2958083,1.4932889,2.0217662,2.3776226,2.5065355,2.4179854,2.3926544,2.6867208,3.1218722,3.2061286,3.1860235,3.0009751,3.0709362,2.871347,1.903553,1.1592317,0.9162041,1.605831,1.948976,2.0095425,1.7769433,1.250066,0.787774,0.29589385,0.091263205,0.4691419,1.3278397,1.51299,1.3217757,0.7109908,0.45952708,0.810557,1.1509713,0.95721674,0.16873492,-0.051889032,-0.16381118,-0.046321027,0.5336765,1.7774751,3.220035,3.655757,3.7094965,3.5163326,2.8629172,1.5749457,1.3863763,1.7967243,2.0891576,2.1868243,2.1204574,1.9678528,1.9152668,1.9772455,2.0426912,2.1195424,2.2608135,2.439576,2.5475128,2.5926337,2.582129,2.5068133,2.4005027,2.3199258,2.230497,2.2059667,1.9910595,1.8964394,1.8108209,1.6000247,1.5874474,2.2028208,3.227773,3.678728,3.7699761,3.6957116,3.530705,3.1221535,2.522183,2.5541158,2.8669653,2.910892,2.8226867,2.6447935,2.3898783,2.134164,1.8658781,1.6741716,1.6297803,1.9442738,1.6085002,0.9164983,0.39773384,0.6065852,0.6238693,1.0388068,1.482915,1.8519254,1.897158,1.9754381,1.9733472,1.9365776,2.128571,2.5514364,2.994269,3.1534886,3.2146015,3.2777362,3.3162239,3.3615596,3.4051607,3.4145517,3.4228902,3.4398246,3.4822037,3.5175643,3.5303197,3.4835153,3.5088925,3.447258,3.5104578,3.5130813,3.4082274,3.313528,3.1599464,2.9187865,2.7254162,2.5342684,2.3881235,2.1516857,1.8260493,1.7416719,1.5252615,1.5534077,1.3840587,1.2289189,1.0180271,0.93766814,0.79570353,0.5242137,0.43082708,-0.9002336,0.23905875,-0.90021735
-5.4029408,-5.4020014,-5.3583326,-5.3428054,-5.4362926,-5.4657383,-5.5455613,-5.5290604,-5.352481,-5.128786,-5.059022,-4.903008,-5.0361176,-5.413695,-5.515488,-5.260725,-4.8686066,-4.463612,-4.2348094,-4.0402775,-3.7621138,-3.7014275,-3.7037182,-3.7192364,-3.7669172,-3.9840574,-4.413528,-4.6539383,-4.768993,-4.8964157,-5.025592,-5.1176424,-5.119104,-5.115818,-5.187622,-5.2377872,-5.280444,-5.327805,-5.4456043,-5.565977,-5.6801586,-5.707443,-5.439029,-4.999654,-4.9112606,-4.7425165,-4.852092,-4.797717,-4.6024046,-4.231313,-3.6808386,-3.5633,-3.8877916,-4.2669353,-4.262298,-3.8870835,-3.3237593,-2.8298771,-2.8499832,-3.108059,-3.1771393,-3.0563416,-2.7021198,-2.4934115,-2.447146,-2.6143527,-2.7318568,-3.186481,-3.8375268,-4.0489025,-4.035183,-3.750563,-3.5128808,-3.4976826,-3.6812277,-3.8362176,-3.976336,-3.8585138,-3.8763824,-3.6903486,-3.0742497,-2.6062007,-2.4878523,-3.0772529,-3.4129677,-3.6994767,-3.7856421,-3.8912754,-4.0276666,-4.1721106,-4.3237104,-4.363136,-4.583395,-4.731859,-5.0965033,-5.6897182,-6.2120204,-6.5143657,-6.588682,-6.6842365,-6.506216,-6.3322144,-6.2503233,-6.216605,-6.2222114,-6.043728,-5.2788305,-4.6020265,-4.3460407,-4.161756,-3.8060102,-2.9942317,-2.9840517,-3.5528743,-3.8088467,-3.9271011,-3.9120634,-3.8838453,-3.8586998,-3.8300948,-3.8544455,-3.9208694,-4.007629,-4.1090164,-4.150976,-4.1751633,-4.179237,-4.090481,-4.0331526,-4.0179024,-4.036705,-4.052355,-4.054417,-4.020953,-4.030432,-4.106333,-4.1772346,-4.329335,-4.7105017,-4.927894,-5.0544453,-5.1028132,-5.087966,-4.8130403,-4.2969246,-4.315582,-4.610984,-4.7625546,-4.8668237,-4.8897696,-4.828947,-4.800934,-4.82384,-4.907298,-5.541193,-6.0365305,-6.1762013,-6.1783056,-6.006789,-6.014487,-6.0516,-6.002996,-5.835845,-5.2700596,-4.9044533,-4.648867,-4.268421,-3.778976,-3.5022442,-3.526815,-3.5664978,-3.6217237,-3.6442466,-3.6683447,-3.6463761,-3.5950952,-3.590632,-3.5949962,-3.6330328,-3.6342878,-3.5794752,-3.5942867,-3.5645785,-3.602054,-3.6135075,-3.663056,-3.5899205,-3.611254,-3.6952262,-3.7418404,-3.821731,-4.016238,-4.13642,-4.185771,-4.2533174,-4.357948,-4.40994,-4.3170643,-4.2585053,-4.1761103,-4.0225973,-4.038812,-4.1141806,-4.138409,-4.1497874,-4.214207,-4.305539,-3.7408612,-4.3636494,-3.7408383
