0,1,2,3,4,5,6,7,8,9,10,11,12,13,14,15,16,17,18,19,20,21,22,23,24,25,26,27,28,29,30,31,32,33,34,35,36,37,38,39,40,41,42,43,44,45,46,47,48,49,50,51,52,53,54,55,56,57,58,59,60,61,62,63,64,65,66,67,68,69,70,71,72,73,74,75,76,77,78,79,80,81,82,83,84,85,86,87,88,89,90,91,92,93,94,95,96,97,98,99,100,101,102,103,104,105,106,107,108,109,110,111,112,113,114,115,116,117,118,119,120,121,122,123,124,125,126,127,128,129,130,131,132,133,134,135,136,137,138,139,140,141,142,143,144,145,146,147,148,149,150,151,152,153,154,155,156,157,158,159,160,161,162,163,164,165
13.352409,13.356649,13.305752,13.226973,13.163959,12.756408,12.113964,11.450872,10.930417,11.16452,11.006874,11.01154,10.27915,8.870156,5.268466,4.444697,3.692769,3.6337416,3.8907425,3.7244048,2.532405,1.1370425,0.6096635,-0.30086285,-1.2647197,-1.1467035,-0.8186133,-0.5836644,-0.45376623,-0.4319875,-0.34255463,-0.08505982,0.41862774,0.7822714,0.88018906,1.3066485,2.2354453,3.303625,3.4127464,2.949398,1.9568245,1.0546077,0.680765,0.6086494,0.75920343,1.2152059,1.5561501,1.7177658,2.0054026,2.292736,2.7138712,3.4632692,3.7156286,3.7430797,3.9391694,4.042874,4.3294015,5.0300303,2.7589145,2.0043638,1.5544481,1.2815531,1.4089227,1.283414,1.2626812,1.3165517,1.4810374,1.6920538,1.7766095,1.7561944,1.7988439,1.8000984,1.8181229,1.8766377,1.9082861,1.9565592,1.9448998,1.9633266,1.9582483,1.8359687,1.61018,1.3046317,1.1923857,1.2691967,1.4034452,1.515342,2.0218017,2.5344222,2.9039893,3.008998,3.1031265,3.0989914,2.9093704,2.8598654,2.7137904,2.6240609,2.4923737,2.2793837,1.9271293,1.2580036,0.016694248,-0.5555499,-0.645105,-0.40349936,-0.7395936,-0.99472964,-1.1460757,-1.2500708,-1.2722803,-1.2754672,-1.3081969,-1.2660025,-1.1544108,-0.97872585,-0.75508106,-0.62982726,0.9139206,0.80252147,-0.041404247,-0.56482255,0.16967715,0.68461084,0.8362945,0.8717535,0.84253913,0.7122156,0.14075136,1.0696529,2.7328997,3.4971752,3.4978735,3.425092,3.530355,3.1794863,2.7998493,3.1463304,3.6184897,4.334125,4.9700575,5.720957,6.056513,6.1839995,6.8881397,7.421507,7.825167,8.424868,8.808272,8.687454,8.945076,9.1913,9.398087,10.024916,9.809873,9.444833,9.957079,10.02209,10.944981,11.657707,11.651806,11.705214,10.441071,10.438297,10.438337,10.438418,10.441865,10.441132
-2.866615,-2.8848536,-2.8825743,-2.851881,-2.8217306,-2.9434767,-3.0420718,-3.018814,-2.7837577,-2.7207532,-2.655985,-2.1717901,-1.992421,-1.8945179,-2.1504593,-1.9629062,-1.9624041,-1.945619,-1.9047334,-1.8543527,-2.0196674,-1.7860472,-1.6167862,-1.6197748,-1.6326201,-1.5623364,-1.3748294,-1.1764255,-0.99655646,-0.8539486,-0.8060943,-0.7826737,-0.8166573,-0.8122663,-0.96817106,-1.358298,-1.5721159,-1.6378282,-1.562824,-1.422801,-1.4021963,-1.6073475,-1.9139032,-2.1816823,-2.5736089,-3.0829992,-3.477418,-3.6636982,-3.7811868,-3.846568,-3.9373622,-4.057646,-3.8642793,-3.6887546,-3.4294064,-3.1560307,-2.893602,-2.705694,-2.612887,-2.3969975,-2.1216016,-1.8576138,-1.7803216,-1.5948825,-1.3968519,-1.2260243,-1.1730373,-1.1339028,-1.0252913,-0.8656597,-0.77074236,-0.72773266,-0.70580554,-0.62676597,-0.6041658,-0.526335,-0.5144143,-0.49925786,-0.55208266,-0.6599521,-0.7683619,-0.75501823,-0.750372,-0.83505464,-1.1147561,-1.3902295,-1.8060182,-2.264827,-2.5216274,-2.5169253,-2.4535146,-2.4371839,-2.412855,-2.394744,-2.3324633,-2.294105,-2.21783,-2.0159967,-1.8694944,-1.781331,-1.9584354,-2.4124105,-2.4444113,-1.986368,-1.4530343,-1.1645883,-1.0305359,-1.000325,-1.0049744,-1.0418847,-1.0051185,-1.004416,-1.0145891,-1.0718987,-1.5341952,-2.4191272,-2.1832743,-2.107079,-2.4284847,-2.0829551,-1.6926067,-1.4514275,-1.34934,-1.3462398,-1.3504556,-1.2456814,-1.1820174,-0.9391392,-0.5751301,-0.6069787,-0.88113135,-1.1517785,-1.3603907,-1.46182,-1.5590138,-1.8363605,-1.8389974,-1.7687943,-1.728873,-1.7305026,-1.9045025,-2.0387077,-2.3000937,-2.1894698,-2.097883,-2.1079285,-2.2243512,-2.336669,-2.3148918,-2.4062667,-2.4880812,-2.5873165,-2.4516642,-2.1301737,-2.3524463,-2.6503024,-2.7626324,-2.644617,-2.5317512,-2.5478334,-1.7264149,-1.7246139,-1.7245224,-1.7245159,-1.726795,-1.7263355
-0.8816119,-0.9126394,-1.0225027,-0.9811064,-0.96457714,-1.0860792,-0.98474437,-0.7944869,-0.70375335,-0.7299926,-0.6714816,-0.81060344,-0.87063146,-0.6911871,-0.3962993,-0.27412805,-0.33444318,-0.56768966,-0.6122689,-0.4941504,-0.025754273,0.2386496,0.17868963,-0.17749664,-0.6319634,-1.5643642,-2.1741276,-2.5377674,-2.7089095,-2.7574792,-2.7571363,-2.7552547,-2.7419205,-2.4223502,-2.0432553,-1.8935332,-1.9297826,-1.9874749,-2.0699334,-1.8820163,-1.5119207,-1.3229476,-1.0495374,-0.9142177,-0.7615611,-0.668568,-0.9449216,-1.1515627,-1.276339,-1.3715854,-1.3608953,-0.814469,-0.38953343,-0.22822396,-0.07622507,0.13763121,0.21904162,0.12221329,0.15260933,0.17673276,0.086445615,-0.102518536,-0.3275001,-0.4297561,-0.32201916,-0.09409893,0.001570031,-0.004259914,0.02626291,0.16461828,0.35760525,0.51422536,0.6312219,0.71297467,0.6518807,0.5872624,0.5634248,0.5722796,0.47441286,0.24409455,0.017359227,-0.026398465,0.2428889,1.4207537,4.2884703,7.893564,10.400842,11.39143,11.7402115,11.8530855,11.941015,11.967188,11.97843,11.983587,11.981366,11.969669,11.940245,11.926189,11.923855,11.921718,11.864292,11.751303,10.826452,8.449516,3.3197436,-0.6672389,-1.7390919,-2.0130293,-2.1716387,-2.2315035,-2.316161,-2.4975278,-2.763112,-2.9351025,-2.7713032,-3.0554793,-2.7550635,-2.3077593,-3.1013496,-2.6667585,-2.6442966,-2.879259,-2.9566898,-3.004527,-3.147534,-3.0813468,-2.4616044,-2.1326845,-1.9162819,-1.9172841,-2.078247,-2.2611744,-2.6986518,-3.059299,-3.371343,-3.4268446,-3.3397715,-3.097979,-2.9695663,-2.8249092,-2.6926053,-2.6746063,-2.56185,-2.4833965,-2.3762822,-2.3804455,-2.1671886,-2.1235933,-2.079253,-2.0868857,-2.030705,-2.0049925,-2.1027007,-1.9883583,-1.9460189,-1.9104333,-1.7026598,-1.5556765,-1.5329866,-1.5164809,0.041281223,0.043601826,0.04324934,0.0432595,0.041888222,0.042015
-2.37097,-2.3249547,-2.2194884,-2.0761914,-2.0220673,-2.0355093,-1.7968259,-1.5673525,-1.2971983,-1.2646807,-1.1241213,-0.5599181,-0.4091427,-0.09676616,0.48993823,0.71228445,0.7894133,0.71538526,0.48125017,0.08205432,-0.4055172,-0.31836662,-0.013000622,0.44528812,0.7641946,0.17494467,-0.60465693,-1.1740367,-1.3782543,-1.361726,-1.2588599,-1.0686535,-0.6444596,0.09053182,0.8341492,1.0187494,0.3077823,-0.47321457,-0.823006,-0.7133083,-0.6328134,-0.71718186,-0.8028207,-0.7464057,-0.71905947,-0.5687429,-0.6020993,-0.6846594,-0.8071838,-0.9660952,-1.2548473,-1.5030929,-1.4083617,-1.3664529,-1.3603146,-1.445404,-1.4793079,-1.5307837,-1.3804199,-1.2449372,-1.0837233,-0.9643942,-0.99141806,-1.1535943,-1.2364718,-1.229155,-1.1653892,-1.1239896,-1.0760498,-0.9995182,-0.94363445,-0.902019,-0.89232117,-0.8389825,-0.7679169,-0.69802094,-0.6330739,-0.55289173,-0.5049571,-0.64902776,-0.9707398,-1.3416141,-1.5612522,-1.8044603,-1.8832403,-1.789681,-1.9825295,-2.3698585,-2.5350041,-2.5701432,-2.5450006,-2.514542,-2.4208326,-2.3638897,-2.2527845,-2.2236104,-2.0950994,-1.8320714,-1.620603,-1.4279354,-1.4048817,-1.727905,-1.5731409,-1.1281216,-0.9979192,-1.1933296,-1.1784744,-1.1556993,-1.2073839,-1.3102446,-1.3370435,-1.3632619,-1.3212161,-1.2301898,-1.0611233,-1.3845844,-0.8008656,-0.25844806,-0.9634449,-1.023157,-1.5288011,-1.862427,-1.83747,-1.7319059,-1.6141486,-1.324846,-1.0576849,-0.53407615,-0.04338032,-0.14935337,-0.5138147,-0.937063,-1.3842016,-1.6735687,-1.756364,-2.0291831,-2.0791926,-1.9367166,-1.851899,-1.7549236,-1.9112744,-2.0214148,-2.162211,-2.0054097,-1.8056206,-1.6196995,-1.6714439,-1.7746022,-1.6555427,-1.6397914,-1.6240295,-1.4733448,-1.2712461,-1.0706537,-1.082118,-1.376431,-1.5841122,-1.471309,-1.2949938,-1.3431548,0.28762996,0.28903693,0.28926098,0.28928506,0.2869135,0.2875805
0.5188494,0.54792637,0.5969325,0.5210978,0.49061367,0.4284675,0.19136946,-0.049236823,-0.3532572,-0.30547437,-0.5404985,-0.8124778,-0.8748903,-0.94500774,-0.74545985,-0.8682919,-0.93698996,-0.793681,-0.5699281,-0.51000375,-0.71888345,-0.9216109,-1.0952604,-1.2989523,-0.5227019,1.8436949,3.0577993,3.3739305,3.3792877,3.186488,2.8349767,2.2279239,1.1386522,0.04223743,-0.8623107,-1.5277479,-1.7604432,-1.7105494,-1.4734933,-1.5553678,-1.8460939,-1.8874652,-1.7678494,-1.59016,-1.4220257,-1.1285115,-0.70110375,-0.49666202,-0.3762671,-0.2307466,-0.042300344,-0.3388496,-0.37480754,-0.15225664,0.35578573,0.7216052,1.0463264,1.3935899,1.6310875,1.6745358,1.7459097,1.8906246,1.9984399,2.2148814,2.2203305,2.1360464,2.1317334,2.182871,2.145899,2.053645,1.8902533,1.6540459,1.5332901,1.3968154,1.4034243,1.4165782,1.2802391,0.8571435,0.47735333,0.049853444,-0.18790361,-0.5836841,-0.7172062,-0.6695062,-0.73660177,-0.91166586,-1.5537411,-1.9651766,-1.8836143,-1.6087191,-1.4492958,-1.3507531,-1.3676828,-1.4008553,-1.4417491,-1.4361374,-1.6054153,-1.7004938,-1.7431552,-1.8217754,-1.7321856,-0.4629308,1.2304704,2.7870698,3.90454,4.050444,3.9779363,3.9171004,3.8931313,3.9002242,3.8399577,3.776471,3.660487,3.2917206,2.0679798,0.61417645,-1.3943821,-1.4893688,-0.6499884,-0.5221995,0.010329545,0.4531024,0.6560268,0.8049855,1.1261109,1.2808993,1.1265819,0.33917493,-0.39266646,-0.65442836,-0.578244,-0.36505422,-0.05023782,0.016106255,-0.1167266,-0.27160433,-0.24974658,-0.44610268,-0.6090088,-0.7135831,-0.55927783,-0.5561328,-0.60817003,-0.6269671,-0.62541246,-0.41209942,-0.049591817,-0.09174591,-0.271435,-0.47019264,-0.5299425,-0.6745711,-0.58368516,-0.5310695,-0.7664366,-0.9173652,-1.2678256,-1.4465896,-1.545836,-1.5468034,-0.16276634,-0.16162266,-0.16217697,-0.16230164,-0.16240655,-0.16248769
-2.8648896,-2.8680587,-2.8044858,-2.6665335,-2.506878,-2.2641687,-2.0510955,-1.8279057,-1.9017806,-1.9689019,-1.945857,-1.9617875,-1.9164011,-1.269201,-0.36189398,-0.32420588,-0.45723382,-0.68433845,-0.8128653,-0.86148155,-1.0605731,-0.5940898,-0.24430004,0.16325065,0.3329404,0.22511357,0.20518997,-0.05642201,-0.23259982,-0.15555498,-0.099131554,-0.040346175,0.31723455,0.182583,-0.119755924,-0.410844,-0.1671726,0.12515159,0.20888242,0.3526957,0.8031854,1.201156,1.4376765,1.6389439,1.7406087,1.7140684,1.6527921,1.8768718,2.1106033,2.3817625,2.665982,2.716021,2.8384035,2.8401096,2.7889125,2.7482567,2.4438686,2.0889316,2.6539176,2.6675403,2.6978726,2.6976042,2.7040823,2.298714,2.0421386,1.9213517,1.8817286,1.8783169,1.858562,1.8600361,1.8172171,1.7602102,1.689869,1.6076602,1.583597,1.5548694,1.6332839,1.6793027,1.8332535,1.904531,1.8982497,1.4251099,0.8669565,-0.080034584,-1.1319875,-1.5093955,-1.4211557,-1.3388796,-1.3312731,-1.2284038,-1.1953378,-1.1467563,-1.0187433,-0.9490128,-0.73131144,-0.7307172,-0.5929723,-0.2778724,0.09164193,0.6480761,1.6680058,1.1439587,0.20538291,-0.15874967,-0.2782483,-0.29029566,-0.19446096,-0.21268539,-0.286493,-0.42176363,-0.4624273,-0.42629725,-0.32926822,-0.30856472,-0.7454194,-0.87663966,-1.4099771,-1.537513,-1.2218797,-1.1437452,-1.5561616,-1.4612048,-1.266109,-1.1965244,-1.1947609,-1.4712121,-1.8094922,-1.936688,-2.3613741,-2.541873,-2.5814404,-2.5502458,-2.296238,-1.9104145,-1.2958257,-1.4110168,-1.6398385,-1.7403629,-1.7160308,-1.7324576,-1.834216,-1.7626395,-1.8996342,-1.83659,-1.9325545,-2.2347217,-2.6652217,-2.635621,-2.3831165,-2.272901,-2.3316274,-2.3911285,-2.627179,-2.9101744,-2.906659,-2.466994,-2.1402946,-1.9721204,-1.828169,-2.0072227,-1.2243499,-1.2238436,-1.2239071,-1.2238975,-1.2246091,-1.2243292
-3.3538442,-3.3758812,-3.4224362,-3.4689217,-3.4937952,-3.519742,-3.529512,-3.5040164,-3.4592218,-3.3097117,-3.360732,-3.320768,-3.1551223,-3.0671544,-2.9283466,-2.9107578,-2.7487547,-2.6555896,-2.5733743,-2.2684555,-2.2084785,-2.1674418,-2.0826929,-1.7423263,-1.4233445,-1.3586222,-1.235352,-1.1980777,-1.2676148,-1.4082396,-1.4953394,-1.627609,-1.8481258,-2.0631366,-1.8776679,-1.1695211,-0.35084155,-0.17197159,-0.16474894,-0.2151207,-0.06526222,0.106638074,0.1882317,0.16056477,-0.097366676,-0.6625976,-1.1411008,-1.4629908,-1.7715048,-2.0704875,-2.5084205,-3.1001601,-3.4584446,-3.5275633,-3.6174667,-3.4499125,-3.2449048,-3.0800612,-2.6814759,-2.502418,-2.2153125,-1.8447545,-1.582037,-1.3442684,-1.2632493,-1.2188993,-1.2089359,-1.1568116,-1.1009195,-1.0370862,-1.0076387,-0.9922966,-1.0184222,-1.0268223,-1.0429139,-1.0527914,-0.9747218,-0.84359777,-0.8193128,-0.7524391,-0.68350285,-0.6935568,-0.74679077,-1.0414603,-1.4250455,-1.6627201,-2.0541158,-2.547141,-2.9124818,-2.9048586,-2.8381248,-2.8004742,-2.7527733,-2.736199,-2.639485,-2.6398916,-2.6190581,-2.4655519,-2.2290497,-1.8583584,-1.0584853,-0.7997931,-1.3984094,-1.9224651,-1.6187073,-1.3155639,-1.381278,-1.4893863,-1.5798945,-1.6420612,-1.6906986,-1.6804472,-1.6770656,-1.9119987,-2.7430787,-2.4868183,-1.8764467,-1.8952668,-1.0623182,-0.70099366,-0.60202426,-0.40089843,-0.2063095,-0.11942878,0.019912362,0.031162411,0.28549886,-0.02188706,-1.1204348,-1.6866341,-2.0519276,-2.2408376,-2.057237,-1.7326593,-1.2581433,-0.75246394,-0.5959606,-0.7138759,-0.89816827,-1.1633871,-1.5030236,-1.6243365,-1.7121902,-1.8560504,-2.0834827,-2.2713985,-2.6617084,-2.6793728,-2.718519,-2.80059,-2.8584964,-2.8738084,-2.7510471,-2.7223947,-2.994464,-3.0201998,-3.0830965,-3.1258006,-3.0883703,-3.1081116,-2.9156327,-2.9147441,-2.9148421,-2.9147882,-2.9152749,-2.9149868
-1.0622807,-1.0913138,-1.1245009,-1.2348987,-1.2595526,-1.4833537,-1.6663349,-1.7763845,-1.6693032,-1.6071303,-1.5303276,-0.98516303,-0.7596063,-0.6484327,-0.34202898,-0.13399404,-0.24278265,-0.20427512,-0.1855324,-0.45456254,-0.84731245,-0.9004313,-0.7714786,-1.0027016,-1.1956377,-0.6524099,-0.39339906,-0.22776371,0.02369237,0.32707745,0.6272218,1.136862,1.7405633,1.9458612,1.3126351,0.22104824,-1.0638711,-1.7821472,-1.7772322,-1.5259109,-1.1415286,-0.9884052,-1.0637698,-1.1672044,-1.422287,-1.6033342,-1.4785945,-1.269076,-1.0667729,-0.83540404,-0.5548963,-0.43464744,-0.41945076,-0.5605593,-0.72195876,-0.98743904,-1.0702821,-1.1329746,-1.0052764,-0.8891531,-0.7009691,-0.5952387,-0.7555607,-1.0064805,-1.193743,-1.2191474,-1.1499557,-1.1189559,-1.0338144,-0.90043753,-0.8501868,-0.84603894,-0.8383641,-0.7865331,-0.76248884,-0.6538374,-0.53997034,-0.48071465,-0.14850624,0.11605635,0.45370823,0.93567973,1.1027244,0.8195768,0.005907271,-0.62926614,-1.0347596,-1.7668519,-2.3173428,-2.4841394,-2.4151082,-2.3493097,-2.2224731,-2.1095545,-1.9381654,-1.9719039,-1.892926,-1.6149794,-1.420049,-1.0586727,-0.6325377,-0.925454,-0.9584969,-0.70338964,-0.37461957,0.34385738,0.7991625,0.9543394,0.9601459,0.828863,0.9033589,0.9923683,1.2047362,1.684667,2.1846933,1.9090927,2.1469355,2.0625067,1.8254128,1.4408889,0.6771044,0.21553278,0.12452139,0.13176678,0.18595499,0.3092643,0.2881782,0.49076763,0.9330157,0.8704859,0.6215928,0.5193443,0.798112,1.3851382,1.9489458,2.0042787,2.07252,2.3039181,2.4228256,2.6541405,2.72363,2.7786362,2.6332412,2.8557725,2.8953137,2.873482,2.419408,2.2020931,2.7620232,2.5365903,2.31592,1.8923278,2.2125134,2.9378748,2.214331,1.6234663,0.9490445,0.5750182,0.684646,0.62762785,0.17623529,0.17578769,0.17605191,0.17609265,0.175778,0.17592758
-1.0286849,-1.0762669,-1.1245571,-1.1496012,-1.1402481,-1.1961825,-1.2187889,-1.3200855,-1.3816068,-1.3382599,-1.3962481,-1.263006,-1.0590323,-1.0358703,-1.0535618,-1.0127614,-0.5970123,-0.34407613,-0.49460694,-0.67384183,-0.6793678,-0.77150345,-0.77440166,-0.09931436,1.3101362,2.1520772,2.7804167,3.018218,2.9700613,2.7190716,2.5233812,2.2489235,1.9538733,1.4783561,0.4010052,-0.633319,-1.6791689,-1.9476688,-1.945213,-1.7719774,-1.3412302,-1.1113476,-1.034631,-1.0698773,-1.126831,-1.0557762,-0.83758056,-0.8182776,-0.81746686,-0.7896426,-0.8186512,-1.0093642,-1.057013,-1.0457975,-1.1815221,-1.3548086,-1.4891865,-1.6860802,-1.7049494,-2.0603848,-2.4194522,-2.528832,-2.2952812,-2.1732936,-2.1840973,-2.3413863,-2.4229584,-2.4560506,-2.504047,-2.610172,-2.7010832,-2.7416759,-2.7389383,-2.6949713,-2.6422625,-2.6190317,-2.664074,-2.61766,-2.582027,-2.2895193,-1.7957605,-0.6877345,-0.050585628,0.2271547,0.24718624,-0.16735584,-1.1237617,-1.769875,-2.0758421,-2.0623133,-1.9708866,-1.9586887,-1.9274399,-1.8680899,-1.7935821,-1.7233549,-1.6599265,-1.5644381,-1.4415998,-1.1011424,-0.34444246,0.43748742,0.47078115,0.57683897,1.7165891,2.5047858,2.5589519,2.5817895,2.6799986,2.8068335,2.9115136,3.0051088,2.9125793,2.564881,1.5871131,0.89098716,-0.28877097,-0.97342503,0.44521898,0.7229657,0.58324313,0.2349363,0.0007544756,-0.1433649,-0.29767105,-0.73667014,-0.899688,-0.3792544,-0.7998265,-0.92520666,-0.6898502,-0.36521387,0.12033837,0.68150306,1.176775,1.6081699,1.6372013,1.4345126,1.270436,0.9990736,0.7374385,0.6931809,0.56729835,0.38961315,0.0047012046,-0.49586675,-1.0584772,-1.1789982,-1.1455115,-1.2711952,-1.4217821,-1.6566577,-1.53369,-1.4857446,-1.6442479,-1.6754155,-1.9810026,-2.1602898,-2.2149918,-2.225883,-2.8807738,-2.883051,-2.8828688,-2.8829508,-2.8812218,-2.8815246
-2.9375873,-2.8982449,-2.8850718,-2.9126155,-2.8535838,-2.6950433,-2.5188296,-2.2637472,-2.2788873,-2.40186,-2.6457834,-2.5921533,-2.3726428,-2.417276,-2.1893353,-2.3685286,-2.4840906,-2.536556,-2.6068306,-2.6853845,-2.5053096,-2.0782065,-2.022558,-1.9558277,-1.5429757,-1.0946225,-0.88076854,-0.6723664,-0.65650505,-0.6356203,-0.75484896,-1.005591,-1.4809734,-1.7825912,-1.8088123,-2.034843,-2.2273674,-2.0341434,-1.649511,-1.5449684,-1.3691454,-1.113463,-0.86081964,-0.6265403,-0.48141348,-0.5361645,-0.6148654,-0.63539803,-0.74255735,-0.8681233,-1.0126783,-1.1174864,-1.0319445,-0.8799282,-0.6128593,-0.21181808,0.011315331,0.018722743,0.4858997,0.65356505,0.8266747,1.0011995,1.0994666,1.4838631,1.6758865,1.7704444,1.7510021,1.7488759,1.7979975,1.8688841,1.8427222,1.7736506,1.7044033,1.622581,1.5008923,1.418483,1.404211,1.3029466,1.2823496,1.2429028,1.2166333,0.83272886,0.64867896,0.56083417,0.4299156,0.17410058,-0.56817687,-1.0926764,-1.3580502,-1.3236874,-1.2961942,-1.2934581,-1.3098645,-1.3423564,-1.3554367,-1.3548824,-1.3980159,-1.3528097,-1.3124558,-1.337074,-1.4351751,-1.5831057,-1.4773219,-1.2515165,-0.80803394,-0.50861883,-0.55579287,-0.60234493,-0.6660081,-0.7140002,-0.88270164,-1.0691509,-1.1650223,-1.344575,-1.7882797,-2.7444234,-3.3959482,-3.0492432,-2.3005376,-1.9611342,-2.3175764,-2.5691411,-2.493379,-2.4149203,-2.1734567,-2.0084438,-2.336419,-3.225367,-3.3064647,-3.06417,-2.733503,-2.6077843,-2.5702004,-2.579458,-2.7338433,-2.8610234,-2.96491,-3.2387586,-3.4793553,-3.5982285,-3.5335648,-3.5598478,-3.7000496,-3.6788974,-3.4874954,-3.1496985,-2.9265556,-2.8723915,-2.8655174,-2.8258328,-2.6635108,-2.390685,-2.3984609,-2.4584095,-2.5128179,-2.4841921,-2.3722496,-2.0587757,-2.1645067,-2.1338391,-1.3219894,-1.3213215,-1.3215022,-1.3214161,-1.3208005,-1.3211508
-1.7104611,-1.7393942,-1.7606987,-1.683775,-1.7124424,-1.5609804,-1.2645103,-0.9765862,-0.65766734,-0.72965765,-0.76048046,-0.65086544,-0.52539283,-0.45938945,-0.6244335,-0.44775492,-0.24579586,-0.29611963,-0.012858063,0.8599529,1.1620474,1.2832714,1.0831443,0.67328465,0.46415713,-0.57683307,-1.528209,-1.967718,-2.0530348,-1.9184439,-1.7490907,-1.5690179,-1.2850958,-0.84664977,-0.37379467,-0.35543922,-0.3595999,-0.49755085,-0.37304756,0.05270961,0.20067501,-0.052149832,-0.45193344,-0.8588754,-1.2014172,-1.825068,-2.4785528,-2.7042375,-2.780128,-2.7263541,-2.5016882,-2.009194,-1.8054543,-1.7645963,-1.8746362,-1.9570917,-2.0290737,-2.2856088,-2.001903,-1.834691,-1.5710287,-1.5246477,-1.7523708,-1.9901557,-2.0410814,-1.9915011,-2.026539,-2.0883455,-2.0632575,-1.9526871,-1.852221,-1.7637788,-1.7028962,-1.6507393,-1.6915277,-1.7273368,-1.7176882,-1.6452112,-1.5024757,-1.3774148,-1.2250448,-0.5744061,0.124274254,1.1402074,1.9003713,1.333389,0.84989685,0.85034704,0.98266643,0.90234625,0.81842315,0.78128624,0.78788966,0.81820285,0.833686,0.8494103,0.9405602,1.1815873,1.3285277,1.2361379,0.6756255,0.315457,0.2509312,0.31356943,-0.38375485,-1.2972307,-1.4833505,-1.4939584,-1.5326977,-1.5808067,-1.591441,-1.6699758,-1.6378658,-1.3050061,-0.69142175,-1.3711106,-1.367657,-0.9840243,-2.212996,-2.2420669,-2.1839998,-2.0136135,-1.8989902,-1.8356843,-1.7047908,-1.2337362,-0.8686151,-0.73799443,0.15699086,0.49623632,0.19213143,-0.2820861,-0.72247344,-1.1996989,-1.4601475,-1.3439331,-1.163584,-1.0065345,-1.0279182,-1.2201288,-1.4551411,-1.5417928,-1.4899307,-1.4786229,-1.4946731,-1.4843693,-1.5073586,-1.625352,-1.5523688,-1.5116357,-1.4614252,-1.4831281,-1.6055552,-1.4535508,-1.3235159,-1.3795583,-1.3226316,-1.3533134,-1.3222289,-1.2668159,-1.4295509,-1.4290912,-1.4288282,-1.4288193,-1.4299827,-1.4298146
-4.5246387,-4.5046167,-4.468914,-4.4884357,-4.479512,-4.291081,-4.1248198,-4.0495863,-3.8231661,-3.8063653,-3.7986867,-4.026649,-3.952063,-3.4577212,-2.8613656,-2.8972113,-3.0062797,-3.0488772,-3.167381,-3.2623763,-3.3922064,-3.1195905,-3.052067,-2.9659162,-2.5853915,-2.3463182,-2.4189975,-2.5042648,-2.691792,-3.01038,-3.336719,-3.726838,-4.1745434,-4.28975,-3.9588695,-3.4264524,-2.9416292,-2.504532,-2.0872452,-1.9081521,-1.7733604,-1.4426672,-1.1525074,-0.87270594,-0.70869064,-0.58383954,-0.45227605,-0.38232905,-0.4564507,-0.6215614,-0.8758751,-1.2665452,-1.3851461,-1.3612068,-1.3640989,-1.284762,-1.2272849,-1.2622068,-0.82761204,-0.7132293,-0.65283287,-0.6043771,-0.58544207,-0.49080724,-0.4570162,-0.5238278,-0.6254991,-0.6707226,-0.68966424,-0.6855914,-0.66079617,-0.62912863,-0.63011897,-0.62151575,-0.6112496,-0.607256,-0.5999509,-0.52797306,-0.5202883,-0.46140328,-0.50781316,-0.78688383,-1.019737,-1.2634774,-1.544803,-1.6656531,-2.0417087,-2.3707156,-2.6203752,-2.6155972,-2.6717572,-2.7285523,-2.7941453,-2.8958716,-2.9934146,-2.9573164,-3.0432901,-3.1475854,-3.1076603,-3.0006762,-2.7335815,-2.6451168,-2.8484254,-3.1904044,-3.3156104,-3.1009731,-3.1807723,-3.2478504,-3.2906053,-3.2809205,-3.3562841,-3.419291,-3.5091112,-3.815426,-4.446018,-4.511436,-4.4955525,-3.9601755,-3.1128185,-2.7351737,-2.8496487,-2.767829,-2.5876198,-2.4173915,-2.0252666,-1.4161257,-0.41251504,-0.9566454,-1.8591363,-2.337333,-2.4344566,-2.299716,-2.1396067,-1.9317714,-1.7469382,-1.6790445,-1.7353059,-1.9695117,-2.1082993,-2.2806892,-2.3142745,-2.33233,-2.4244761,-2.5710723,-2.6401887,-2.6658008,-2.6269126,-2.5103986,-2.6451907,-2.757803,-2.740074,-2.7493918,-2.549077,-2.3455923,-2.568159,-2.6823308,-2.795878,-2.7691638,-2.7394855,-2.7817647,-2.4059193,-2.4061656,-2.4059815,-2.4060147,-2.4063427,-2.4063418
-1.8887991,-1.8738968,-1.8394957,-1.8154848,-1.7559927,-1.3775504,-1.1426029,-1.007654,-0.9327909,-0.9967138,-0.84156454,-0.6246576,-0.27544516,-0.094971985,-0.023079515,-0.24005494,-0.21998997,0.008460999,-0.022572085,-0.37240678,-0.84148955,-0.9336536,-1.0334048,-1.0585074,-0.9277796,-0.7949563,-0.5817292,-0.46048027,-0.5517798,-0.89007705,-1.4340986,-1.9992065,-2.3578339,-2.382315,-2.0209634,-1.5868165,-1.0766699,-0.54870653,-0.18674037,-0.11400284,-0.028140366,0.06435931,0.027978122,-0.13529426,-0.47635588,-1.2180036,-1.8995228,-2.252563,-2.484811,-2.621189,-2.5885265,-2.4304013,-2.161904,-1.8744988,-1.5430539,-1.1209536,-0.8175817,-0.54175115,-0.0055163503,0.3578244,0.75954175,1.0998989,1.2827922,1.6516964,1.8009812,1.828458,1.8009987,1.7873969,1.7847927,1.7864541,1.783994,1.7587426,1.6909785,1.6146688,1.574366,1.5638058,1.5934148,1.5958012,1.5325007,1.5821536,1.6292269,1.2928063,1.06781,0.8429347,0.44696552,0.20586976,-0.33755502,-0.9221093,-1.3694983,-1.4213687,-1.447648,-1.5047098,-1.6004187,-1.7225896,-1.8041129,-1.7554799,-1.8704445,-1.9023349,-1.8152475,-1.6838336,-1.5688903,-1.6381981,-2.0031643,-2.360334,-1.8042036,-0.88425,-0.77208424,-0.7828395,-0.8757999,-0.95840657,-1.1778833,-1.3507549,-1.3740888,-1.3958273,-1.8944257,-2.2605362,-2.4569952,-2.4193077,-1.9780718,-2.3035533,-2.7102327,-2.5393074,-2.338659,-2.2718194,-2.0892782,-2.0914187,-2.3052006,-1.9407771,-1.8522959,-1.6911446,-1.5582364,-1.4790108,-1.2821347,-1.3127781,-1.2835777,-0.92362356,-0.82902443,-0.99699426,-1.1477879,-1.3326458,-1.409805,-1.4628718,-1.6842697,-1.8580713,-1.889549,-2.0452256,-2.167724,-1.9246495,-2.1041503,-2.126605,-2.1754825,-2.2030003,-1.9900323,-1.6801783,-1.8159021,-1.9957175,-2.2128062,-2.1427705,-2.1970708,-2.143012,-2.6266582,-2.6255035,-2.6259456,-2.6258824,-2.6252317,-2.6253178
-1.810606,-1.7735108,-1.7279236,-1.7657931,-1.6458802,-1.5135992,-1.5830557,-1.5402081,-1.5730779,-1.5010742,-1.3700719,-1.550028,-1.4098442,-1.2498057,-0.68694705,-0.856448,-0.9675014,-0.90078324,-0.9660193,-1.3243195,-1.6267757,-1.5441449,-1.6015279,-1.8543859,-1.4062922,0.02006799,0.77982867,1.0859408,1.1090245,0.99355006,0.6891325,0.35134718,-0.04429888,-0.43177474,-0.7908615,-1.5196166,-2.33208,-2.35773,-1.8314607,-1.3952804,-0.8709942,-0.24852565,0.41005233,0.92012405,1.0937924,1.065846,1.0658131,1.0856068,1.0734127,1.0115271,0.74551505,0.22175416,0.16743085,0.3481191,0.60907745,0.83419585,0.8579393,0.6792228,1.2020054,1.471422,1.7719564,2.0186653,2.114349,2.403504,2.56632,2.6233718,2.61578,2.5673313,2.5406044,2.5034869,2.4588614,2.411995,2.3682032,2.2778282,2.2540975,2.204131,2.1905231,2.1393044,2.1645532,2.1734967,2.0099745,1.1144624,0.5034734,0.110081166,-0.21278867,-0.3656401,-0.7256334,-1.0602341,-1.2824314,-1.2128427,-1.2161226,-1.2141571,-1.2298722,-1.3110752,-1.4146426,-1.4326795,-1.6157725,-1.8525407,-2.0210342,-2.27747,-2.5121531,-1.9332298,-0.72918916,0.39668036,1.1833454,1.4714322,1.4073118,1.3345888,1.2808642,1.2708085,1.1360767,0.99027497,0.8364589,0.5208515,-0.389844,-1.2425367,-2.5313885,-2.6918519,-2.1931732,-1.7734315,-1.4214251,-1.2212231,-1.0422401,-0.91951156,-0.69264865,-0.6017654,-0.73185945,-1.373508,-2.0028903,-2.1828227,-2.0505614,-1.8115356,-1.5398774,-1.4058918,-1.3049575,-1.3119106,-1.4527025,-1.7522233,-1.9071012,-2.0042624,-1.8589665,-1.7826343,-1.7913495,-1.903585,-1.8291106,-1.5674893,-1.248717,-1.201747,-1.1168066,-1.1858466,-1.1379738,-1.1132605,-1.0601856,-1.2311774,-1.3902438,-1.1643503,-1.2045357,-1.000008,-1.1870756,-1.251633,-0.21663705,-0.21722084,-0.21744129,-0.21751612,-0.21620145,-0.21659487
-1.1495754,-1.1359069,-1.0489427,-1.0167984,-0.8949722,-0.48500484,-0.17698854,-0.08222222,-0.31348255,-0.4678247,-0.44611752,-0.35397565,-0.35941958,-0.38759378,-0.48709637,-0.6560184,-0.81404316,-0.6978439,-0.7286823,-1.3430269,-2.2181914,-2.416705,-2.3576987,-2.0255022,-1.6102862,-1.1755677,-1.4652104,-1.633346,-1.7605612,-1.7611719,-1.6583701,-1.5560822,-1.3357427,-1.4310654,-1.3830291,-1.2756286,-1.6463608,-1.7185534,-1.5065832,-1.3065716,-0.47931543,0.86332107,2.6821344,4.4727592,6.245778,8.225066,9.481493,10.174877,10.598301,10.957604,11.265989,11.267203,10.92204,10.568304,9.924177,9.262114,8.382849,6.9528046,7.148592,6.576478,5.909759,5.194691,4.797854,3.7769709,2.9267693,2.24694,1.9805912,1.8228439,1.5267841,1.1334004,0.8274099,0.7121652,0.710562,0.5991926,0.6476018,0.64840263,0.56098527,0.3683251,0.1724369,0.18135634,0.28684002,0.23908035,0.016722694,-0.58611774,-1.2304978,-1.2539951,-1.1227665,-1.3114628,-1.5374041,-1.6564317,-1.7873645,-1.8902891,-1.9712799,-2.0840805,-2.2109222,-2.2152827,-2.3762424,-2.6370144,-2.7295363,-2.591781,-1.7796124,-1.2284478,-1.2296153,-1.7284088,-2.8061182,-2.8251598,-2.711193,-2.7127254,-2.713061,-2.703523,-2.608464,-2.4314666,-2.336873,-2.5496821,-2.8089342,-2.232912,-2.5237854,-2.8638701,-2.2184436,-1.2428236,-0.6959044,-0.7855724,-0.8479128,-0.9174098,-1.0823097,-1.5986995,-1.7823844,-1.8680829,-2.0228417,-1.792003,-1.5101674,-1.3379068,-1.0488163,-0.85710526,-0.7069187,-0.86694705,-1.0496826,-1.3095767,-1.3065436,-1.2427555,-0.92412984,-0.80703336,-0.94764674,-0.9385479,-0.7587825,-0.6272336,-0.6709507,-0.5778839,-0.537741,-0.3610669,-0.27886227,-0.20777668,-0.32901508,-0.4276862,-0.3227415,0.022642374,0.22991809,0.30094984,0.45384088,0.39089105,0.68361425,0.6826667,0.6826604,0.6826507,0.68344176,0.6833269
1.4891759,1.5176843,1.4814421,1.5014148,1.5213683,1.2700924,0.9934366,0.8612528,0.64001083,0.7419548,0.601297,0.5223764,0.1659831,0.10958299,0.86271054,0.97700906,0.6786728,0.41275895,0.37544292,0.3691836,0.54254156,1.0409129,1.1672032,0.79896766,0.09894213,-0.49090528,-0.7330328,-0.7355624,-0.7354666,-0.660868,-0.4441203,-0.29711592,-0.48155093,-0.73288095,-0.8171136,-0.5715577,0.44278067,1.2317033,1.669157,1.9147863,1.7722998,1.3415006,0.82591534,0.46498954,0.23226435,0.027786158,-0.046414483,-0.04733087,-0.05676008,-0.100931786,-0.21097338,-0.2108705,-0.25725177,-0.31667855,-0.58291,-0.8075253,-0.7232331,-0.68873,-0.6423069,-0.5645648,-0.5678135,-0.6843951,-0.7314136,-0.60599315,-0.45322466,-0.3511454,-0.39459813,-0.52201885,-0.61288476,-0.6955385,-0.7078878,-0.726478,-0.6988733,-0.68003535,-0.6333611,-0.6479324,-0.7374984,-0.82855594,-1.1612371,-1.5124296,-1.952785,-2.1318717,-1.7677106,-0.73147625,0.49296427,0.7408959,0.26640594,0.43712604,0.6004752,0.59858173,0.5065075,0.4474904,0.39583507,0.376401,0.38077956,0.35774124,0.41777688,0.45382065,0.46219027,0.21116593,-0.8364739,-1.72849,-1.646785,-0.88926,-0.38998199,-0.89197874,-1.1304193,-1.1644262,-1.1106822,-0.97502816,-0.9046177,-0.9454623,-1.2445654,-1.7289531,-2.448632,-2.3807163,-1.8566866,-1.1623795,-1.0812445,-0.86410475,-0.2672394,-0.049702324,-0.12262012,-0.25734696,-0.5739835,-0.93693614,-1.3346819,-1.1756743,-0.87517124,-0.86228836,-0.6842669,-0.41877538,-0.32283226,-0.37968066,-0.7889522,-1.1587818,-1.3023735,-1.3850883,-1.4783165,-1.5590891,-1.6405624,-1.692446,-1.59967,-1.3993168,-1.2985917,-1.0280931,-0.82495564,-1.063826,-0.8316488,-0.74772567,-0.5822583,-0.2540195,-0.39615,-0.63145816,-0.5172691,-0.22749862,0.10695149,0.28365928,0.21031502,0.26493758,0.7520606,0.7527194,0.7526827,0.7527097,0.75199807,0.7520162
-0.41875944,-0.4350895,-0.5456226,-0.60436386,-0.6527473,-0.9246228,-0.8746157,-0.574529,-0.38208237,-0.56760514,-0.6429064,-0.5183695,-0.31740472,-0.48249772,-1.1596823,-1.2361053,-1.27736,-1.3404601,-1.291494,-1.1833545,-0.38575894,0.06529459,0.13679382,0.346043,0.1794021,-0.8908206,-1.43387,-1.6304625,-1.5905218,-1.3773385,-1.042631,-0.5202844,0.12015049,0.55636823,0.58919597,0.26907006,-0.33808896,-1.2320442,-1.8344572,-2.0546613,-2.0918078,-2.0172024,-1.8899999,-1.8733559,-1.8336165,-1.687563,-1.6110806,-1.6553149,-1.6701875,-1.564343,-1.2201617,-0.35250473,0.06676155,0.13107216,0.15340638,0.013806343,-0.3936394,-0.8961055,-0.9233453,-1.0405465,-1.277852,-1.5518723,-1.7474598,-1.8855611,-1.819653,-1.7149284,-1.7173462,-1.7116628,-1.7357825,-1.7240057,-1.6834121,-1.5961215,-1.5581475,-1.5665927,-1.6081123,-1.6418959,-1.6087047,-1.5320015,-1.537377,-1.5592567,-1.7088133,-2.1084182,-2.3749008,-2.2837763,-1.9019182,-1.6123034,-0.8477939,0.35415897,1.4578846,1.6466117,1.5413232,1.441834,1.3789077,1.3576038,1.2334787,1.219763,1.2324264,1.1288366,0.9059639,0.6234115,0.34883094,-0.15439491,-0.90802276,-1.6801004,-2.0438945,-2.1162047,-1.8799403,-1.7377162,-1.6345842,-1.5782319,-1.5109904,-1.4703505,-1.4092605,-1.2055807,-0.570897,-0.2135814,0.36650696,0.457861,-0.57365245,-1.1892216,-1.3894987,-1.1491461,-1.0570273,-1.0196937,-1.0316126,-0.80789113,-0.09732564,0.36635947,0.9168947,1.5667405,2.3721168,2.5869117,2.070471,1.6998773,1.1925542,0.7839197,0.54878634,0.339253,0.1898588,0.04581815,-0.078588635,-0.100779355,-0.16847444,-0.26714745,-0.38282698,-0.51302385,-0.27012375,-0.19037127,-0.7977019,-0.8194877,-0.81026495,-0.64889514,-0.71343833,-1.0035625,-0.88824046,-0.8908538,-0.6203637,-0.43219054,-0.42501512,-0.37214094,-0.56581724,-0.5648382,-0.5645946,-0.56455016,-0.5661643,-0.5658409
0.55897874,0.5705749,0.60234284,0.7291128,0.768639,0.7935215,0.75218034,0.66041267,0.69854414,0.8589846,1.3248924,0.8221109,0.28047714,0.17354369,0.6258999,0.9657415,1.3602474,1.2958467,1.1578383,1.2610848,1.3903759,1.3868601,1.4554378,1.281958,0.76169086,-0.4169847,-0.7541865,-0.9810336,-1.0801239,-1.1369973,-1.124343,-1.2056203,-1.6862493,-1.9054809,-1.8444152,-1.5221062,-0.781709,-0.32226643,-0.36366343,-0.48391026,-0.7655374,-1.0772619,-1.2985353,-1.479005,-1.5162312,-1.4640617,-1.3962274,-1.3492755,-1.3174868,-1.3496287,-1.3887897,-1.2115667,-1.0363775,-0.9081287,-0.7302396,-0.44104442,-0.2805224,-0.15592095,-0.31905663,-0.103748016,0.019618616,-0.09245929,-0.2902464,-0.3141144,-0.21407813,-0.026770562,0.048921727,0.040367313,0.106515735,0.22800547,0.33685705,0.41704857,0.4685245,0.50850475,0.42770427,0.40032452,0.33271882,0.25008914,-0.055018485,-0.51961595,-0.9782693,-1.3461342,-1.2543235,-0.8925675,-0.18545195,0.584466,0.8290384,0.98034126,0.9705515,0.9603655,0.9941654,1.001063,0.9473155,0.88350576,0.8424113,0.88247633,0.9297291,0.822489,0.6673522,0.33379385,-0.48409438,-1.0640994,-0.9323836,-0.54149675,-0.5459628,-1.2254604,-1.4434795,-1.4571817,-1.4031653,-1.2999922,-1.2543406,-1.2878896,-1.4769452,-1.6297934,-1.3298078,-1.0741876,-0.7821107,-0.7057854,-1.962464,-1.799341,-1.4161566,-1.326993,-1.4047942,-1.5369827,-1.8562059,-2.2215254,-2.4072087,-2.1534839,-1.4437616,-1.2293271,-1.4877005,-1.752711,-2.098505,-2.304788,-2.546245,-2.546856,-2.408653,-2.0838828,-1.8665985,-1.568908,-1.3007929,-1.2931184,-1.1993352,-1.1383837,-0.98496723,-0.8662977,-0.94307774,-0.98720384,-0.8238298,-0.6823894,-0.6297635,-0.68980134,-0.82280767,-0.66130817,-0.4115094,-0.30975634,-0.23414628,-0.29685944,-0.1783408,-0.07135506,0.43315142,0.43462306,0.43445316,0.4345495,0.43370876,0.43392015
-2.7801545,-2.7501292,-2.710922,-2.615016,-2.5882938,-2.6794722,-2.732266,-2.6986752,-2.6640024,-2.595117,-2.5724657,-2.6893015,-2.7517557,-2.7161431,-2.6436324,-2.4919193,-2.3550732,-2.3917205,-2.4564977,-2.4602122,-1.963028,-1.5273995,-1.4290125,-1.396872,-1.2370349,-1.8711941,-2.284735,-2.4616742,-2.5048485,-2.5158484,-2.4547234,-2.3257427,-2.164476,-1.7862659,-1.4015636,-1.1898272,-1.1819241,-1.3342122,-1.6553395,-1.8406761,-1.9498823,-1.9932086,-1.9338529,-1.9239198,-1.8601553,-1.8555629,-2.1436815,-2.4515183,-2.6900463,-2.9802823,-3.2834706,-3.3094993,-3.2449064,-3.2494345,-3.27122,-3.1632957,-3.1070304,-3.1805346,-2.9525318,-2.618664,-2.4813454,-2.5407212,-2.6890442,-2.7984352,-2.8010879,-2.7828279,-2.789289,-2.8382885,-2.83648,-2.7993555,-2.7203572,-2.6319318,-2.5768762,-2.5215857,-2.5471323,-2.5806913,-2.612553,-2.5423856,-2.5936198,-2.670085,-2.8782246,-3.039002,-2.9248166,-2.6646795,-2.1714747,-1.4090815,-1.1472995,-1.1297506,-1.0451831,-1.0123515,-1.0059674,-0.94633126,-0.85125726,-0.8097867,-0.789026,-0.78410167,-0.6569294,-0.63970006,-0.76005054,-1.0326383,-1.3662825,-1.5098317,-1.309596,-1.5821567,-2.2923324,-2.7564535,-2.8047385,-2.7744706,-2.7092667,-2.6087465,-2.547628,-2.561611,-2.7098017,-2.7811906,-2.1312487,-1.5237395,-1.009758,-0.841439,-2.1629574,-2.2997239,-2.466756,-2.7530584,-2.9266973,-3.060771,-3.2941847,-3.5194845,-3.606139,-3.9239755,-3.9493566,-3.8797479,-3.708497,-3.6584353,-4.2230163,-4.6295037,-4.920479,-4.959739,-4.878145,-4.6965766,-4.626438,-4.52381,-4.482853,-4.4570355,-4.348194,-4.353947,-4.252435,-4.218192,-3.8839178,-3.708112,-3.8335066,-3.8423088,-3.735781,-3.6657872,-3.6097603,-3.464443,-3.3834314,-3.4582422,-3.2083495,-3.0813212,-3.0696108,-3.0533166,-3.5156636,-3.5157886,-3.5154715,-3.515358,-3.5157602,-3.5155234
-1.8001393,-1.7711699,-1.7301934,-1.5919027,-1.4909844,-1.4285431,-1.1760682,-0.840083,-0.8037936,-0.7595822,-0.7934039,-0.6913018,-0.50411856,0.018992394,0.9023653,0.8547659,0.6844401,0.55932206,0.38648367,0.32902592,0.34631893,0.84457034,0.97827446,0.8102566,0.2987039,-0.99120593,-1.7946606,-1.8549477,-1.6988984,-1.2436666,-0.69188976,0.2417185,2.1718159,4.796894,7.746582,10.237133,11.635399,11.843869,11.8510275,12.100664,12.4608,12.577266,12.353872,11.864955,11.200567,9.883299,8.127714,6.6509256,5.2488995,3.5982213,1.2732961,-0.14227608,-0.6223807,-0.8154078,-1.0197902,-1.1067891,-0.9649203,-0.85638195,-0.53471375,-0.39591688,-0.29626578,-0.25203222,-0.2540875,-0.29092416,-0.31602365,-0.32583764,-0.3476316,-0.42973965,-0.48184898,-0.55291176,-0.62248945,-0.6935631,-0.7782461,-0.8137773,-0.8017652,-0.80484796,-0.7278266,-0.6218675,-0.47943088,-0.42022005,-0.45969164,-0.68491316,-0.8390342,-1.0837424,-1.3763436,-1.747148,-1.6024032,-1.4411014,-1.5782735,-1.7510376,-1.8510636,-1.8558412,-1.7232201,-1.5880352,-1.3980426,-1.430327,-1.2072405,-0.9216887,-0.71331215,-0.5543876,-0.8067814,-1.8709035,-2.1537335,-2.137687,-2.6827476,-2.5170841,-2.3980236,-2.3639762,-2.3578835,-2.3900368,-2.3781989,-2.3954258,-2.348054,-2.3426564,-2.2455108,-1.8461243,-1.17539,-0.8699012,-1.3442063,-1.6549233,-2.058295,-2.123458,-2.0134275,-1.9291012,-1.8574212,-1.7675012,-1.8309158,-1.73051,-1.3756429,-1.3027357,-1.5717149,-1.8984859,-2.1839428,-2.3404777,-2.2417998,-2.3564005,-2.4579923,-2.4305413,-2.4665694,-2.526151,-2.7316954,-2.7478366,-2.7463038,-2.5495095,-2.431472,-2.2773414,-2.4134867,-2.6539435,-2.2238214,-2.1406837,-2.015143,-1.9614198,-2.0969665,-2.089027,-2.0684924,-1.8651286,-2.1103575,-2.380386,-2.3446891,-2.2765062,-0.856841,-0.8539085,-0.8543495,-0.8542761,-0.8560846,-0.8556158
-1.3278393,-1.274901,-1.258547,-1.3866926,-1.4386215,-1.6639194,-1.9388425,-2.0308032,-2.1340423,-2.2825735,-2.5303307,-2.339991,-1.9326074,-1.5739851,-0.61488754,-0.5130622,0.0089832805,0.036711007,-0.39534232,-0.56302154,-0.07127559,0.6030035,1.3581674,4.1601973,8.977275,11.600435,12.441274,12.555753,12.535263,12.513392,12.47117,12.369679,11.985962,11.085629,9.609191,7.139549,3.6621838,0.6805253,-0.7882503,-1.142251,-1.2343836,-1.2957205,-1.4134731,-1.4355881,-1.4199375,-1.2603025,-1.0650424,-1.0164244,-0.99929357,-0.96203077,-0.96951365,-1.2927853,-1.4673331,-1.4741578,-1.4143531,-1.5045198,-1.6499335,-1.8695401,-1.862761,-2.0671358,-2.2809842,-2.2946491,-2.0530818,-1.7914671,-1.6665415,-1.7022908,-1.7175512,-1.6852343,-1.6757109,-1.7068118,-1.7473079,-1.8318299,-1.8757755,-1.8779147,-1.8325865,-1.8498787,-1.9076301,-1.9368813,-1.9508289,-1.7680056,-1.3962423,-0.8717052,-0.7776406,-0.9047599,-1.0801979,-1.1570882,-1.485856,-1.913428,-1.9878896,-1.8117342,-1.6249479,-1.5140481,-1.452803,-1.4129696,-1.3601611,-1.3176912,-1.3663096,-1.2809602,-1.1477879,-0.9217849,-0.033605695,2.9205585,6.340794,8.843763,10.904015,11.507098,11.556735,11.577934,11.629346,11.689294,11.750139,11.763551,11.656796,11.385223,10.501188,8.417353,2.8160076,0.30308503,-0.19134913,-0.2616338,0.10588977,0.5098963,0.5692779,0.46601313,0.33771098,-0.12063329,-0.6629022,-0.99328375,-1.5089661,-1.4636656,-1.0881424,-0.77482617,-0.35362196,-0.004561782,0.2265868,0.38701728,0.26825035,-0.113595866,-0.3756409,-0.6430178,-0.6512164,-0.682511,-0.9045154,-1.1549487,-1.3593974,-1.6684148,-1.7863965,-1.7286712,-1.9535153,-2.0924277,-2.2519987,-2.5382059,-2.4288642,-2.5146754,-2.565383,-2.4854667,-2.8357008,-2.8880935,-2.9940648,-2.9578228,-2.3853269,-2.385895,-2.385838,-2.3858757,-2.385222,-2.3854928
-5.2803173,-5.262375,-5.2483234,-5.168453,-5.151765,-5.2188826,-5.0788655,-4.8000755,-4.572899,-4.6786466,-4.916995,-4.728633,-4.521243,-4.3757052,-4.4382167,-4.4165797,-4.443635,-4.509136,-4.6355987,-4.704187,-3.920572,-2.9914522,-2.6962533,-2.4045358,-1.6983579,-1.773577,-2.1196432,-2.259519,-2.2916021,-2.1750193,-1.9554952,-1.6985478,-1.4731624,-1.2728482,-1.1294034,-1.5560759,-2.190032,-2.7955031,-3.0211835,-2.8629391,-2.550446,-2.4043827,-2.3457255,-2.370573,-2.3859203,-2.4541664,-2.704504,-2.959406,-3.2232962,-3.5064292,-3.8983333,-4.168991,-4.2526417,-4.2813883,-4.315146,-4.281648,-4.333963,-4.7313614,-4.2453527,-4.0588484,-3.9960318,-4.028289,-4.1195307,-4.081417,-3.9930043,-3.943431,-3.9980488,-4.06141,-4.0626345,-4.023158,-3.9762247,-3.914501,-3.8912048,-3.8667226,-3.87438,-3.9004345,-3.8966925,-3.7874417,-3.738955,-3.6813865,-3.771071,-3.872414,-3.8104274,-3.590489,-3.255114,-3.028809,-3.0836701,-2.8691273,-2.4846845,-2.3996954,-2.4229162,-2.4132214,-2.347594,-2.3249805,-2.33676,-2.2936401,-2.2165992,-2.16355,-2.1860406,-2.35364,-2.6756442,-2.9769602,-2.904633,-2.952029,-3.1699688,-3.3928432,-3.329323,-3.2585504,-3.1706972,-3.0437834,-2.9987326,-3.0658402,-3.2812457,-3.6287327,-3.6371589,-3.4058914,-3.338694,-3.3480291,-4.7297997,-5.064409,-5.1207767,-5.105465,-5.0930843,-5.127158,-5.150717,-5.073099,-4.754387,-4.889051,-4.609345,-4.149174,-3.6602945,-3.5681105,-3.9741564,-4.238538,-4.4464016,-4.5292687,-4.628462,-4.7835045,-4.9624605,-5.1633873,-5.3158507,-5.343375,-5.423534,-5.543089,-5.6024094,-5.6793337,-5.5289154,-5.462146,-5.5790787,-5.687825,-5.661935,-5.6877303,-5.6490498,-5.500346,-5.4982853,-5.635014,-5.7230005,-5.6509013,-5.654972,-5.5756097,-4.789262,-4.787921,-4.787709,-4.7876396,-4.789539,-4.789135
0.37994713,0.37509385,0.2905218,0.1782406,0.04372686,-0.038065672,-0.051347315,-0.17944396,-0.24079746,-0.27121148,-0.053525865,-0.46153456,-0.9184078,-1.2052693,-0.691778,-0.2308797,0.06262624,0.08188914,0.19103171,0.9195455,1.8999636,1.9043708,1.702951,1.121294,-0.13546062,-1.1616981,-1.043118,-1.0165627,-0.8874612,-0.71681255,-0.519673,-0.20759632,0.051985845,0.211872,0.41221538,0.75189555,1.150919,1.5502061,1.6951065,1.3708026,0.43333864,-0.30454603,-0.9228495,-1.3979425,-1.5895238,-1.6882842,-1.6488591,-1.5763075,-1.5102694,-1.4161081,-1.1811721,-0.7897947,-0.79478884,-0.8618856,-1.0156741,-1.2273935,-1.4161661,-1.382264,-1.2122918,-1.0838263,-1.0851343,-1.1723695,-1.4371512,-1.5754287,-1.5696397,-1.4808723,-1.4949297,-1.5798713,-1.4957821,-1.2878145,-1.1522894,-1.0563395,-0.97863364,-0.9008197,-0.97634226,-0.9931752,-1.0107585,-0.99449265,-0.88136077,-0.86465144,-0.8765126,-0.84759164,-0.8410374,-0.94548285,-1.1132486,-1.3845036,-0.8564702,-0.11818325,0.38435102,0.42923534,0.51304984,0.6140284,0.7136909,0.81071967,0.89234173,0.8775218,1.0116179,0.9930045,0.8559861,0.72894126,0.4233802,0.014231265,-0.055806622,-0.20570202,-0.5874614,-0.34360284,-0.058879122,0.060661167,0.09268975,0.045221545,0.14014071,0.2508815,0.48932928,1.5298653,5.206216,8.559465,10.786229,11.147776,10.461606,8.867545,6.050162,3.4814038,2.1695464,1.6058578,0.90532607,0.62858105,0.74245524,0.56182575,0.9883324,1.1841822,1.0592808,0.8086022,0.12669244,-0.4549477,-0.9418599,-1.0918317,-0.91509056,-0.56250656,-0.2426005,0.1452223,0.48341078,0.58386683,0.6070664,0.7275859,0.92482215,0.79503727,0.5281699,0.5664314,0.6546588,0.87493604,0.8536643,0.6814574,0.4513656,0.33026022,0.48326045,0.7693015,0.9588518,0.43379104,0.35013992,0.32495612,-2.1784868,-2.1787977,-2.1787086,-2.1787407,-2.178982,-2.178873
-2.0477576,-2.0059636,-1.9618267,-2.0323658,-2.0961685,-2.0262194,-1.9651208,-1.943934,-2.0749884,-2.1357017,-2.1882524,-2.1913497,-1.8448473,-1.6213715,-0.74088115,-0.733757,-0.6032844,-0.51927686,-0.4547995,-0.4458121,-0.45157582,-0.41839653,-0.4306145,-0.16177614,0.74365294,2.1853075,3.0224524,3.3663583,3.4168758,3.486827,3.3853602,2.8224638,1.7055383,0.59223574,0.030769706,-0.2737304,-0.56006324,-0.849126,-0.78019965,-0.55353355,-0.053991243,0.5780279,1.1796706,1.7191458,2.2292693,2.810853,3.1901207,3.105553,2.8506703,2.5286307,2.0901823,1.1976987,0.54235864,0.28615144,0.20266652,0.118323,0.09220068,-0.17790167,0.13504541,0.051182084,-0.10862276,-0.17186517,-0.12846452,0.13333546,0.1988557,0.19411808,0.21624525,0.1698141,0.032574907,-0.14834507,-0.3308823,-0.4890018,-0.51443774,-0.6177939,-0.59330916,-0.6523659,-0.7642822,-1.0625954,-1.3024589,-1.3095675,-1.11874,-0.75440013,-0.50581753,-0.40809894,-0.4185101,-0.41205314,-1.0217872,-1.7584476,-2.0100975,-1.9683151,-1.9627345,-1.94719,-1.9579343,-1.978239,-1.9861825,-1.9494774,-2.0383801,-2.1654162,-2.1824915,-2.140811,-1.7325718,-0.6732402,0.02146943,0.8480464,2.0246868,2.3619297,2.3279371,2.2824013,2.281857,2.2961202,2.2465236,2.1933625,2.0434258,1.632335,0.84399676,0.18464503,-1.5512283,-1.9577415,-0.9500343,-0.79556453,-0.98743886,-1.1311847,-1.1576306,-1.1507952,-1.0435293,-1.2029335,-0.71174705,-0.10908417,-0.5884874,-0.73816884,-0.5656526,-0.3640654,0.05992511,0.32782683,0.43211475,0.33278573,0.21177733,-0.102407366,-0.30560333,-0.54642546,-0.4370005,-0.3971251,-0.48520845,-0.8440656,-1.0635686,-1.1419976,-1.2470279,-1.1073644,-1.203917,-1.1860478,-1.2784054,-1.4622169,-1.405023,-1.5501109,-1.5013556,-1.4342549,-2.0198615,-2.4421535,-2.5922298,-2.5460126,-1.9829799,-1.983612,-1.9838381,-1.9839634,-1.9831786,-1.9835654
-2.540008,-2.5724301,-2.5849159,-2.556028,-2.533448,-2.5697427,-2.4290786,-2.2545242,-2.1062212,-2.10161,-2.379113,-2.197379,-1.9309908,-1.907225,-2.103035,-2.1587365,-2.4387894,-2.6482368,-2.7474911,-2.5745192,-1.9209344,-1.2824547,-1.1488512,-1.2515447,-1.1467587,-1.2252415,-1.570293,-1.6074586,-1.6074836,-1.617414,-1.5502245,-1.5168718,-1.7127509,-1.8742604,-1.9808669,-2.2395885,-2.3859482,-2.2561088,-1.8884484,-1.545065,-1.2926891,-1.3247186,-1.4647964,-1.47661,-1.4114051,-1.1957724,-0.9269563,-0.85277873,-0.89981663,-1.0435764,-1.4194294,-1.7459235,-1.7603948,-1.7235398,-1.7039893,-1.7101996,-1.695066,-1.8231707,-1.7226126,-1.6748884,-1.7141051,-1.7384539,-1.7118524,-1.7171245,-1.7580882,-1.8275275,-1.8472397,-1.8881259,-1.9028871,-1.9741799,-2.0185552,-2.0167956,-1.9939951,-1.9475348,-1.8640938,-1.8605001,-1.9088249,-1.8746443,-2.056423,-2.2135792,-2.4331698,-2.4275353,-2.2638192,-2.0573704,-1.7735856,-1.3233358,-1.2869312,-1.5654366,-1.8233418,-1.9617038,-2.0532246,-2.0799217,-1.9939122,-1.8897145,-1.7449789,-1.714972,-1.55199,-1.3493817,-1.2130996,-1.0801885,-0.9688501,-1.5240935,-2.0629306,-2.477919,-2.6303136,-2.5789022,-2.5643654,-2.5414705,-2.464825,-2.3458993,-2.248864,-2.2463183,-2.4843082,-2.9437447,-3.3277407,-2.8690681,-2.6646934,-2.5245762,-2.9174342,-2.9545372,-3.2521653,-3.4725313,-3.4839349,-3.4490194,-3.3718972,-3.4574895,-3.439361,-3.3138509,-2.8662767,-2.2544558,-1.5724123,-1.2601914,-1.3457994,-1.3288918,-1.3189131,-1.5606449,-1.7559977,-1.9205297,-2.108519,-2.241198,-2.3475242,-2.3733802,-2.4155805,-2.534817,-2.655699,-2.6988246,-2.6330626,-2.5629427,-2.5515516,-2.5839183,-2.5674872,-2.4998772,-2.521979,-2.4536278,-2.422941,-2.4382415,-2.6042213,-2.6562526,-2.627696,-2.5284643,-1.9124858,-1.9116727,-1.9115052,-1.9113915,-1.9122548,-1.9120445
-0.4816177,-0.44168082,-0.35738295,-0.41737825,-0.49597389,-0.4040437,-0.47241846,-0.5855509,-0.44058707,-0.5444252,-0.43199465,-0.54698354,0.10767785,0.7187556,1.4436103,1.4183426,1.6885785,2.0668478,2.3210852,2.2980475,2.0250306,1.574235,1.4356117,1.605661,0.56905025,0.83282924,1.757383,2.262578,2.4183264,2.3777883,2.2890244,2.0198588,1.431402,0.6776344,0.14978378,0.49836,0.92112225,0.98104054,0.99724305,0.9384029,1.2535293,1.8635352,2.275912,2.267705,2.1599097,1.9274213,1.9259907,2.0205178,2.1293533,2.2315958,2.3726618,1.8055134,1.0835311,0.8080487,0.574114,0.3902646,0.34379616,0.46753466,0.95526695,0.9955951,1.0584601,1.1877954,1.1985856,1.3267123,1.2144811,1.019702,0.8762456,0.7921574,0.6833673,0.53052926,0.37593317,0.30888027,0.27022058,0.15980679,0.16538143,0.21271437,0.24370381,0.1840393,0.29497063,0.58170986,1.0672605,1.2724869,0.89570975,0.13470002,-0.7305609,-1.1193002,-0.56351465,-0.30962688,-0.5503394,-0.5816728,-0.52839506,-0.4643617,-0.46725976,-0.5290713,-0.5840548,-0.642128,-0.759318,-0.95072794,-0.879628,-0.4006181,0.7607008,1.5383143,1.2483689,0.9365097,2.3541892,3.5573459,3.7407076,3.707961,3.6436644,3.5842104,3.5126004,3.593392,3.804958,3.786812,2.9113488,2.211675,1.0212033,1.0396892,4.1353974,5.4634438,6.407441,6.961405,7.1589756,7.244096,7.2654786,6.8857756,5.8922405,4.430128,2.2866654,1.0283583,0.5584345,0.86515,1.7644457,2.6124125,3.2606454,3.3692133,3.1332574,2.5703924,2.285003,1.976676,1.9634385,2.0292892,1.9779645,1.6145883,1.4606609,1.5841392,1.9503381,2.1031134,1.7024884,1.4170711,1.4006777,1.2349975,1.633897,1.6992205,1.3684149,1.0501425,0.5550983,0.15703619,0.009339638,-0.09816139,-0.1901596,-0.19153716,-0.19148499,-0.19159183,-0.19084999,-0.1907992
-2.1604404,-2.1563387,-2.0942562,-1.9652952,-1.9075402,-1.5570878,-0.9089361,-0.474245,-0.28734612,-0.33128464,-0.26310337,-0.18352035,-0.5244447,-0.60745156,-0.48593533,-0.30671656,-0.42851353,-0.655847,-0.9218179,-1.1637173,-1.0328449,-0.77989125,-0.82475203,-1.2219529,-0.9970588,-0.9428901,-1.3848693,-1.7403519,-1.8337092,-1.7509502,-1.6353579,-1.4622667,-1.1257234,-0.5837086,-0.008014858,0.114087164,-0.04305947,-0.29329216,-0.28386003,0.10516274,0.387442,0.20947635,-0.19973284,-0.4188208,-0.44336408,-0.4342916,-0.5392096,-0.5198946,-0.5242358,-0.54393405,-0.64228195,-0.7313195,-1.0240964,-1.2686049,-1.6360633,-2.0275276,-2.2690396,-2.4418283,-2.4952466,-2.427095,-2.2429233,-2.1520138,-2.1857681,-2.2984653,-2.322794,-2.3017964,-2.2997887,-2.280793,-2.2271388,-2.1508436,-2.107102,-2.0816069,-2.1119788,-2.0973253,-2.0809946,-2.0610619,-1.9819214,-1.8459148,-1.6157092,-1.5320837,-1.5195308,-1.2341038,-0.956393,-0.63205206,-0.4883875,-1.057749,-1.4107568,-1.4002454,-1.4438812,-1.5875411,-1.6706483,-1.7090116,-1.6381956,-1.5550745,-1.4607667,-1.4248627,-1.2527747,-0.96095014,-0.75622815,-0.6238153,-0.7887333,-1.226186,-1.2112885,-1.2016783,-1.7442273,-2.0350983,-1.9984832,-1.9127163,-1.8727112,-1.8601642,-1.8532524,-1.8803165,-1.8431898,-1.7015709,-1.2142516,-1.4447207,-0.83983636,-0.43173867,-1.3726462,-1.692837,-2.1915877,-2.3832183,-2.4060392,-2.3727837,-2.2678976,-1.7638525,-1.0000305,-0.27634937,0.35500914,0.46911833,0.029911995,-0.6859328,-1.1134892,-1.5778682,-1.6430268,-1.6483873,-1.5975807,-1.3838767,-1.313493,-1.3940392,-1.6284018,-1.6902649,-1.5803766,-1.4862535,-1.4532518,-1.3137395,-1.3803406,-1.5479488,-1.1736908,-1.099439,-1.0705992,-1.1407804,-1.2789176,-1.1194767,-0.8664395,-0.9525957,-1.2016213,-1.2762395,-1.1455705,-1.0589688,0.29122165,0.2916106,0.29197776,0.29198503,0.29044902,0.29085153
-1.9832411,-1.945786,-1.820938,-1.5758786,-1.4825288,-1.1294464,-0.7982045,-0.6658858,-0.766312,-0.6987536,-0.3339598,-0.54049236,-1.1370012,-1.3717586,-0.9672116,-0.6288765,-0.39770502,-0.4971521,-0.6304743,-0.6161184,-0.4591085,-0.42133984,-0.37684652,-0.74914366,-1.1745849,-1.6102308,-1.6940641,-1.9070463,-1.9931955,-2.0301552,-2.0776606,-2.1428342,-2.1940947,-2.0287924,-1.8280962,-1.7527595,-1.4323521,-1.1740603,-1.2157701,-0.96687615,-0.63457847,-0.7872763,-0.95279723,-1.121904,-1.23869,-1.4156337,-1.7177765,-1.773396,-1.7168338,-1.6061667,-1.3940452,-1.0391811,-0.7658225,-0.59534705,-0.49175018,-0.43148226,-0.3722518,-0.49931872,-0.50836104,-0.40059292,-0.36283162,-0.48742303,-0.73337924,-0.8278122,-0.8228566,-0.7555152,-0.73574483,-0.773455,-0.7204663,-0.5930542,-0.47064966,-0.4140843,-0.37977514,-0.324977,-0.35530955,-0.35468385,-0.37469566,-0.39351708,-0.55367994,-0.97453225,-1.4733189,-1.9194971,-1.9018877,-1.5713906,-0.7838774,-0.27500203,-0.5377288,-0.71904886,-0.7092814,-0.75401396,-0.6961494,-0.59501123,-0.50467336,-0.4452127,-0.30067134,-0.23721784,-0.10916793,0.12257539,0.2948457,0.37218583,0.1480272,-0.08068234,0.02243217,0.021366619,-0.5679726,-1.4890654,-1.7165883,-1.7377629,-1.7298763,-1.6852695,-1.6867762,-1.7757951,-1.9494817,-1.9514225,-1.2713823,-0.9129523,-0.63859737,-0.5505361,-1.9681933,-2.2459278,-2.1620793,-2.17832,-2.282403,-2.4337702,-2.725287,-2.8321633,-2.632097,-2.1061578,-1.428152,-1.3675746,-1.8294208,-2.3491225,-2.7044125,-3.0703077,-3.2926264,-3.354876,-3.1628833,-2.8025568,-2.6016388,-2.4315429,-2.262703,-2.2843533,-2.132995,-2.0471115,-1.9320872,-1.8476139,-1.9809959,-2.0957181,-1.7572311,-1.5188341,-1.4994284,-1.664628,-1.8312988,-1.5146127,-1.414879,-1.2648846,-1.3349814,-1.6902924,-1.62708,-1.583574,-1.5064874,-1.5042396,-1.5044385,-1.5044439,-1.506529,-1.5060148
-1.3500468,-1.3963851,-1.3893077,-1.2152902,-1.1831315,-0.92291284,-0.6314846,-0.35561603,-0.059560355,-0.1335749,-0.27810788,-0.44195497,-0.5799093,-0.64626336,-0.39814308,-0.23315391,-0.066011116,-0.275069,-0.5099614,-0.09032069,0.94419694,1.4203801,1.7087412,1.8306243,1.3490044,0.056590557,-1.2267267,-1.9191597,-2.2051735,-2.238199,-2.1265526,-2.0556912,-2.0170054,-1.9492369,-1.7057285,-1.4480892,-1.0725487,-0.97116154,-1.0370308,-0.93011993,-0.7831209,-0.9743271,-1.2625103,-1.5684664,-1.7763165,-2.0190053,-2.3717623,-2.5162818,-2.544858,-2.5365467,-2.4524376,-2.0130577,-1.6086974,-1.4230245,-1.2452078,-1.1082015,-1.044981,-1.1681751,-1.1071161,-1.0270936,-1.1377263,-1.2831569,-1.4559485,-1.5787535,-1.5197848,-1.337147,-1.2331676,-1.2531642,-1.2712406,-1.2058843,-1.093559,-1.0009403,-0.9222302,-0.87659514,-0.9113871,-0.9624895,-1.006311,-1.0217505,-1.1589917,-1.4265774,-1.8557918,-2.3838372,-2.4300625,-1.8689854,-0.52705294,0.73769003,1.307923,1.8179486,2.398047,2.6446495,2.7722354,2.9009275,2.9668753,2.9735985,2.9152594,2.894532,2.8519087,2.7605696,2.6854305,2.5074823,2.0768461,1.4714475,0.9706309,-0.11517658,-1.6209862,-2.7961593,-3.0303235,-3.0209913,-2.9927313,-2.9454207,-2.9278986,-3.0165863,-3.2314515,-3.205913,-2.1498287,-1.305769,-0.61377436,-0.34856167,-1.9617254,-2.6203978,-2.9096355,-3.187552,-3.4154758,-3.5571594,-3.7673984,-3.7055187,-3.1564183,-2.58503,-1.6393666,-1.0074968,-0.61564684,-0.51663053,-0.8853128,-1.1643896,-1.5099306,-1.688942,-1.7219577,-1.5306587,-1.4523443,-1.3630025,-1.3911519,-1.3734169,-1.2030829,-1.1775925,-1.1838866,-1.3593717,-1.4047418,-1.4877226,-1.5738076,-1.5300752,-1.5378325,-1.643738,-1.880429,-1.9947016,-2.0064692,-1.7602978,-1.4870212,-1.5478594,-1.5806597,-1.5845022,-0.7563491,-0.7537363,-0.75388396,-0.75384355,-0.75633013,-0.755856
1.6199832,1.6530747,1.9843676,2.595935,2.7899857,3.896317,5.3862095,6.584213,7.5223703,7.225009,7.1926355,7.2288313,8.017939,9.227578,11.071108,11.360334,11.464323,11.398024,11.269038,11.286975,11.683999,12.0580225,12.032494,11.45276,9.231553,5.631608,2.064202,0.4168359,-0.17041856,-0.24499676,-0.037512068,0.08920501,-0.034327418,-0.16421904,-0.03945356,0.042774044,0.4299075,0.57512146,0.6521512,0.7930845,0.81142175,0.39259976,-0.31408125,-0.7261339,-0.68510985,-0.34452233,-0.03132017,0.2868666,0.53478754,0.6688965,0.64725715,0.6220925,0.42976856,0.2030214,-0.16631398,-0.6187905,-0.8721319,-1.0382762,-1.0238909,-0.85214907,-0.7100915,-0.70844567,-0.8660625,-1.0392936,-1.0298116,-0.90860015,-0.8772563,-0.9633612,-0.98855215,-0.97656524,-0.9535511,-0.93660146,-0.9354277,-0.91903406,-0.90908706,-0.90471256,-0.89147913,-0.8594126,-0.8836697,-1.0561237,-1.3781255,-1.7101557,-1.6492496,-1.3000634,-1.0261841,-1.1995548,-0.7281869,0.15795904,0.56707656,0.56120676,0.45358962,0.3851437,0.45803422,0.5729223,0.62533027,0.5372837,0.72101843,0.98186827,1.1446655,1.2025967,0.7969752,-0.46207958,-1.2503705,-2.1277542,-2.6035337,-2.5598476,-2.4090533,-2.2695038,-2.141019,-2.0305247,-1.8870993,-1.85168,-1.9508984,-1.9743159,-1.4724506,-1.1561183,-0.50158703,0.2647032,-0.51033807,-1.150612,-1.6812198,-1.9808416,-2.0858934,-2.073537,-2.0117803,-1.8010979,-1.4466057,-0.8880549,-0.15152085,0.07255538,0.37933266,0.5055704,0.11245276,-0.14483786,-0.342551,-0.70412785,-0.96458054,-1.0729823,-1.2372608,-1.423948,-1.7457738,-1.7556319,-1.6066718,-1.5322719,-1.5476007,-1.3868302,-1.264802,-1.5334996,-1.2703472,-1.1555064,-1.051096,-0.9351973,-1.1219856,-1.2816842,-0.96095824,-0.8754906,-0.83335316,-0.88266236,-0.8951397,-0.72977585,0.7633942,0.76637536,0.76608634,0.7660794,0.7626687,0.7636527
-1.4452369,-1.3818134,-1.2968055,-1.2793145,-1.115982,-0.9339291,-0.99186563,-1.023032,-1.1685827,-1.1505052,-1.0852088,-1.273712,-1.3430277,-1.0722744,-0.20595728,-0.26132727,-0.41741395,-0.36069137,-0.4680291,-0.9089608,-1.2877325,-1.1364392,-1.1108725,-1.2273881,-1.5214956,-1.5867639,-1.4727693,-1.1859908,-1.1117845,-1.2190118,-1.5748713,-1.9224253,-2.0897017,-1.8835747,-1.2873468,-1.016226,-1.2562896,-1.2330928,-0.7397452,-0.056312114,1.11643,2.3078744,3.2222173,3.5456147,3.1855226,2.1762376,1.2329193,0.9178977,0.75101936,0.6381479,0.5775469,1.7250736,3.408588,4.599691,5.877598,6.977993,7.8633466,8.443161,9.569072,10.194577,10.649673,10.974665,11.117233,11.420776,11.625218,11.70234,11.695141,11.657323,11.638037,11.632042,11.609978,11.570354,11.547762,11.488566,11.485817,11.434467,11.313924,11.0745535,10.423252,9.588778,8.33512,5.4339786,3.5334113,2.3563979,1.784381,1.5058024,0.7854731,0.056546606,-0.43009216,-0.59490466,-0.76103806,-0.8539529,-0.9185349,-0.99345076,-1.0934966,-1.1087179,-1.3000525,-1.4332978,-1.4691591,-1.5119805,-1.4536791,-1.0367235,-0.7622659,-0.8761324,-1.2989864,-1.1514211,-1.2535344,-1.3411813,-1.4052899,-1.4423409,-1.5656313,-1.6783032,-1.7513728,-1.9035094,-2.1784003,-2.4720678,-3.0495455,-3.0734575,-2.9246778,-2.9418454,-2.799026,-2.6234164,-2.3867922,-2.1757135,-1.8521295,-1.6679952,-1.492657,-1.6812198,-2.2329683,-2.4965892,-2.4778948,-2.3686101,-2.1921115,-2.0595987,-1.9977119,-2.106393,-2.3296618,-2.5759172,-2.6428585,-2.6396823,-2.4786484,-2.4113445,-2.2502446,-2.2962584,-2.157549,-1.6969221,-1.3793896,-1.4333086,-1.313546,-1.3365002,-1.3589606,-1.2717721,-1.2093842,-1.5626075,-1.8020146,-1.4830871,-1.4335063,-1.19522,-1.3077804,-1.3732941,0.78894436,0.7935362,0.79235256,0.79208016,0.79002017,0.78987557
-2.5951974,-2.6343696,-2.6278024,-2.5819235,-2.5497806,-2.4469519,-2.2419817,-2.0342703,-1.7093854,-1.689212,-1.6651636,-1.4328017,-1.3442104,-1.280746,-1.55384,-1.4550698,-1.2463096,-1.2538593,-1.4409516,-1.4778403,-1.3007684,-1.0471491,-0.87731624,-0.7423422,-0.135465,-0.49958283,-1.1547511,-1.4135286,-1.4662571,-1.3765537,-1.1909243,-1.0174992,-1.0064051,-1.0560052,-1.0720906,-1.3037513,-1.2709452,-1.203431,-1.001866,-0.76671857,-0.8690387,-1.2051951,-1.5607045,-1.715349,-1.7644613,-1.781559,-1.7898903,-1.7782761,-1.8204813,-1.8729094,-2.0158515,-2.224804,-2.4346404,-2.5343275,-2.6309867,-2.675847,-2.789653,-2.966751,-2.9814367,-2.858402,-2.6064508,-2.4620168,-2.417498,-2.4667602,-2.4374347,-2.3649056,-2.3596025,-2.3491447,-2.2931828,-2.2145686,-2.2068238,-2.1883147,-2.213733,-2.2247047,-2.264997,-2.2822523,-2.2660344,-2.2327814,-2.2318254,-2.3221707,-2.3420594,-2.0081415,-1.6101828,-1.1751707,-1.0849259,-1.4255649,-1.5154145,-1.3816035,-1.4997435,-1.6380649,-1.7249911,-1.7889585,-1.7473004,-1.691158,-1.5966501,-1.5403124,-1.3123238,-1.1216518,-1.0518663,-1.1447996,-1.570456,-2.059949,-1.9866605,-1.7818918,-1.8745381,-2.078697,-2.0483263,-1.9826393,-1.9253106,-1.8595854,-1.840351,-1.8820968,-1.9305916,-1.9510627,-2.0541248,-1.6496216,-0.7978406,-1.170507,-2.7915742,-3.2796147,-3.1394184,-2.7636967,-2.5214853,-2.3598757,-2.073819,-1.4389291,-0.6570818,-0.9427308,-0.9324723,-0.5630018,-0.48765177,-0.702966,-0.8623562,-0.8040968,-0.4070391,0.077622965,0.089020655,0.02172789,-0.099754766,-0.3514938,-0.64069015,-0.6560405,-0.6748989,-0.8704858,-1.1084168,-1.350143,-1.4581671,-1.4877602,-1.5905046,-1.7524464,-1.7604904,-1.9144263,-1.9509116,-1.7392511,-1.694659,-1.8156414,-2.0413835,-1.9563826,-1.8231348,-1.7495697,-1.2583903,-1.2593871,-1.2588612,-1.2587898,-1.2587945,-1.2588625
-1.3256094,-1.3908345,-1.4377315,-1.3394278,-1.281673,-0.9742706,-0.8004412,-0.778357,-0.6893807,-0.695809,-0.5264351,-0.67494,-0.37835446,-0.05417879,-0.28237346,-0.2549401,-0.39784992,-0.5618931,-0.6995208,-0.4758481,-0.3632463,-0.1661124,-0.17100266,-0.17727664,-0.121766984,-0.36790764,-0.7259468,-0.7891501,-0.7887605,-0.88848263,-1.1406549,-1.3299448,-1.1786226,-0.6970817,0.13780618,0.92518246,1.4857767,1.1764321,0.7102127,0.3186624,0.067674786,-0.09865996,-0.3619589,-0.53842825,-0.72594154,-0.9512087,-0.7610138,-0.43149257,-0.19293863,0.06355495,0.31922814,0.42265475,0.5789423,0.63181305,0.6271139,0.8745253,1.2493216,1.8128012,2.4263268,2.5718932,2.8298905,3.1826382,3.304708,3.6478925,4.01353,4.3544207,4.361972,4.34311,4.619218,5.007822,5.355505,5.7222595,5.8814297,6.157337,6.205307,6.3100233,6.7124434,7.5100102,8.838177,10.076027,11.092069,12.285341,12.568081,12.45417,11.782951,10.347992,8.227152,5.971965,3.7300577,2.6664162,2.0370073,1.6060004,1.3218133,1.1325272,0.9945175,0.9960197,0.81129855,0.95198494,1.1447573,1.53735,2.4584522,2.5042582,1.2814238,0.33444053,-0.056242555,-0.038192414,-0.10546366,-0.046346754,-0.018145114,-0.05097585,-0.02060654,0.0065314844,0.027649581,-0.124483675,-0.5313401,0.0066506565,0.6713147,0.7600113,0.71598244,0.15819721,-0.6351919,-0.29837132,0.18177938,0.54554814,0.9108758,1.0970097,0.63028353,-0.058947578,-0.3278994,-0.48423868,-0.6589207,-0.7283777,-0.8431019,-0.6861764,-0.32008404,-0.4150624,-0.77149934,-1.0314598,-1.1764507,-1.3256919,-1.5082735,-1.6088824,-1.6618595,-1.6602073,-1.6215084,-1.4297655,-1.3265357,-1.1737196,-1.2103708,-1.328682,-1.2711792,-1.0585606,-0.9694582,-0.9039989,-0.9218432,-1.0819747,-1.1214404,-1.0109543,-0.9419846,-0.949383,1.8430734,1.849663,1.8484062,1.8483008,1.8440907,1.8452314
-2.9784594,-2.9662495,-2.9668567,-2.981853,-3.0200386,-3.1841307,-3.143002,-2.9786048,-2.7118664,-2.741889,-2.943979,-2.7184281,-2.5036674,-2.3675756,-2.7391586,-2.739042,-2.799198,-2.8714585,-2.8888621,-2.8468723,-2.321774,-1.876889,-1.8763316,-2.003844,-1.5824867,-1.6044035,-1.9455807,-2.0928993,-2.0897121,-1.9510137,-1.6877844,-1.3389118,-0.9628646,-0.71994567,-0.7786739,-1.3050773,-1.8252077,-2.052068,-2.0490232,-1.9313648,-2.0227365,-2.2867165,-2.6208777,-2.8608432,-2.9972,-3.0339508,-3.0388637,-3.047143,-3.0782933,-3.1275103,-3.2437177,-3.4584136,-3.6952868,-3.8998163,-4.186084,-4.454962,-4.6531377,-4.914745,-4.804865,-4.641801,-4.476859,-4.40327,-4.43152,-4.538963,-4.543791,-4.535939,-4.5555477,-4.5731196,-4.550541,-4.5082603,-4.4629145,-4.4017525,-4.391173,-4.3576655,-4.3373904,-4.3386593,-4.302125,-4.1511507,-3.97941,-3.8302095,-3.7854261,-3.4330437,-2.989607,-2.4383597,-1.9971857,-1.826913,-1.760277,-1.658899,-1.570425,-1.5882082,-1.6472836,-1.6782203,-1.6258922,-1.5812418,-1.5592983,-1.5206583,-1.3733622,-1.2828699,-1.3056664,-1.4532721,-1.6843601,-1.8231392,-1.7264993,-1.9020298,-2.353238,-2.6207561,-2.5554464,-2.4777503,-2.4034538,-2.3129768,-2.2591426,-2.275177,-2.349723,-2.3860517,-1.9975088,-1.2521915,-0.18769668,0.029658675,-1.3094478,-2.0454192,-2.5171742,-2.6812835,-2.7477784,-2.722492,-2.6070952,-2.0960257,-1.2201827,-1.1772712,-1.0957308,-0.8379211,-0.52818626,-0.49934635,-1.0493175,-1.470761,-1.6259995,-1.5686451,-1.543266,-1.5230644,-1.5645397,-1.7239339,-1.9661416,-1.9890882,-2.0036404,-2.0903733,-2.1707182,-2.2926602,-2.0938303,-1.9887738,-2.1056294,-2.2099454,-2.1417973,-2.0844336,-2.0437894,-1.8867612,-1.7949986,-2.0087128,-1.9790378,-1.8506019,-1.843991,-1.7900805,-2.5244374,-2.5267327,-2.5258908,-2.5258405,-2.5255673,-2.5256014
-4.1022243,-4.1214075,-4.147892,-4.0729527,-3.975673,-3.9513059,-3.9376888,-3.7820272,-3.7196403,-3.7378879,-3.8245127,-3.637355,-3.620924,-3.4616065,-3.0324328,-3.011547,-2.8459473,-2.7639995,-2.80826,-2.833724,-2.5732818,-1.9430577,-1.6961834,-1.2390969,-0.5321149,-0.9604944,-1.436173,-1.428627,-1.4173484,-1.4391866,-1.4990834,-1.4513148,-1.118819,-0.56611866,0.15144618,0.42372975,0.24824776,-0.19000292,-0.41331783,-0.32536888,-0.107872725,-0.077931195,-0.19544232,-0.4187594,-0.8239502,-1.5352454,-2.1383355,-2.4374874,-2.6882327,-2.9376264,-3.2821488,-3.3667898,-3.0358083,-2.7739277,-2.5615225,-2.2917016,-2.0639138,-2.068003,-1.5872536,-1.3982904,-1.2671163,-1.0942777,-0.99864817,-0.9626117,-0.95513487,-1.0079472,-1.0721906,-1.1233774,-1.1546022,-1.1856323,-1.1869766,-1.176436,-1.2108133,-1.2197574,-1.205358,-1.219964,-1.1725401,-1.0332667,-0.9783248,-0.94433355,-1.1076343,-1.4495397,-1.7108114,-1.9196769,-1.9460946,-1.7106754,-1.875176,-2.2781634,-2.5076928,-2.5488448,-2.6154854,-2.6506395,-2.63109,-2.647001,-2.650779,-2.6069832,-2.6040678,-2.5462375,-2.4407349,-2.3412466,-2.1507347,-1.815008,-1.8644712,-2.3590643,-2.6080365,-2.1941097,-2.0498939,-1.9865522,-1.9662182,-1.955951,-1.9523973,-1.9836445,-2.0477943,-2.1798577,-2.0883458,-1.6250682,-2.3985,-2.8738022,-3.6247969,-4.105576,-4.144766,-3.8553734,-3.6744227,-3.6426811,-3.5869646,-3.5692792,-3.5418773,-3.6296444,-3.644136,-3.4574137,-3.2267232,-3.1647258,-3.2903023,-3.4152877,-3.4090223,-3.3302903,-3.3248382,-3.3963013,-3.5385044,-3.7312279,-3.9468722,-4.0016627,-4.172476,-4.280454,-4.4248247,-4.704955,-4.818461,-4.7497697,-4.777571,-4.8178186,-4.8702154,-4.953145,-4.965623,-4.8985815,-4.9257007,-4.9153,-4.8751335,-4.7400513,-4.725482,-4.700467,-4.7212167,-4.719528,-4.7197185,-4.719695,-4.7206917,-4.7205386
-1.807054,-1.7917821,-1.7992659,-1.826793,-1.8399208,-2.0479643,-2.0705786,-1.973969,-1.8811955,-1.9678094,-2.2566996,-2.3017862,-2.3338528,-2.27147,-2.314175,-2.3051891,-2.3577948,-2.4152157,-2.6308222,-2.9752834,-2.5845234,-2.021816,-1.8678796,-1.6572146,-0.6458331,-0.37492973,-0.698674,-1.0337981,-1.230416,-1.3587173,-1.3473365,-1.2878907,-1.2944672,-1.2093322,-1.2332573,-1.4939125,-2.0457537,-2.5969572,-3.1246781,-3.4353466,-3.5610638,-3.4594226,-3.2187984,-3.0033388,-2.7132118,-2.2240756,-2.000329,-2.0563293,-2.1564043,-2.3188367,-2.4801807,-2.3997834,-2.2788029,-2.269782,-2.1446261,-1.9701471,-1.9108647,-2.034521,-2.0943835,-2.011341,-2.0624552,-2.1912656,-2.2305348,-2.1619446,-2.0141287,-1.9121823,-1.892009,-1.8772144,-1.8399541,-1.7674783,-1.6586245,-1.555079,-1.4979769,-1.4328271,-1.4409609,-1.46311,-1.4904892,-1.4131722,-1.4211127,-1.4613173,-1.6419674,-1.6577969,-1.483,-1.1184233,-0.47105464,0.09561673,0.028869808,0.09615709,0.41505432,0.48384917,0.47417307,0.47288787,0.50123036,0.48429868,0.360504,0.37063515,0.35196936,0.192027,-0.09688646,-0.53543586,-1.0310856,-1.137739,-0.5631387,-0.35634124,-1.1156526,-2.003696,-2.21528,-2.2247567,-2.16109,-2.0240498,-1.9864326,-2.0414753,-2.2819912,-2.5422125,-2.3011749,-2.0502934,-2.0396404,-1.9569988,-3.0985935,-3.1907036,-3.3654404,-3.6529436,-3.807415,-3.8804245,-3.9392006,-3.86193,-3.5137935,-3.6441026,-3.3859718,-3.0900419,-2.6352553,-2.354418,-2.7487237,-3.0180347,-3.3690794,-3.4458,-3.4532645,-3.343202,-3.2840505,-3.1257548,-3.0522823,-3.044199,-2.9409003,-2.8815615,-2.7524605,-2.6998298,-2.3306546,-2.26084,-2.326542,-2.4264178,-2.3678842,-2.326294,-2.1538668,-2.0692668,-2.1465678,-2.3446302,-2.3493273,-2.2288394,-2.2391849,-2.1989098,-1.3242483,-1.3234646,-1.3233663,-1.3233198,-1.3242636,-1.3241305
-0.02786322,-0.023119494,-0.12878452,-0.46396303,-0.60100055,-0.6784843,-0.6419864,-0.7109808,-0.7193476,-0.78620315,-0.80669224,-0.86526537,-1.034241,-0.96836406,0.052057773,0.58568394,0.76774865,0.5272568,0.26618236,0.43001145,1.1009601,1.2810479,1.1402068,0.7270879,0.9604223,1.1343812,0.84202933,0.38968682,0.240904,0.22362599,0.31071776,0.48676157,0.6882781,0.7693782,0.7320051,0.60658157,0.17741515,-0.201265,-0.29404643,-0.33308178,-0.6122753,-0.83723116,-1.1912875,-1.3913287,-1.5321541,-1.5788257,-1.4966087,-1.2756743,-1.055476,-0.7767176,-0.338077,0.21544908,0.22388624,0.013741121,-0.39388618,-0.9713181,-1.3301989,-1.4726267,-1.5777547,-1.5997995,-1.5522196,-1.5565934,-1.6658845,-1.9026473,-2.033025,-2.0633094,-2.0533152,-2.0183454,-1.9499732,-1.8332152,-1.7688324,-1.7043185,-1.6747192,-1.6385388,-1.6422265,-1.6378527,-1.603867,-1.5873283,-1.5319695,-1.5433912,-1.4168161,-0.7264942,-0.08453819,0.70718765,0.7333283,0.042990923,0.28954133,0.7594941,0.7872353,0.5292737,0.33502686,0.15566875,0.114567146,0.1376011,0.14348873,0.18397725,0.28022093,0.3225194,0.3461836,0.46260384,0.64976,0.5025989,0.53371334,0.6302538,0.60343623,0.55722374,0.6819498,0.75923866,0.7624599,0.7167164,0.73520017,0.7538038,0.901633,1.4634432,2.749306,3.5330272,4.311606,4.4320693,2.851905,1.8150985,1.05317,0.8102361,0.6728291,0.83149946,1.518465,3.7582867,8.154744,10.792519,11.759606,11.554607,11.344971,11.278887,11.017657,10.791641,10.642699,10.555934,10.587778,10.648969,10.594082,10.4582615,10.376726,10.304473,9.974101,9.856178,9.745236,9.370431,9.0397415,9.030045,8.887729,8.758723,8.584151,8.0458355,8.117672,8.308605,8.105736,8.092317,7.2752337,6.3495955,6.336761,6.3002396,3.5245936,3.5181885,3.51962,3.5195112,3.5220752,3.5212982
-0.83511823,-0.86092925,-0.93667495,-0.9621624,-0.8153522,-0.56821215,-0.41566437,-0.12430679,-0.32712534,-0.34887987,-0.3989788,-0.15110537,-0.29849607,-0.69209343,-0.4820295,-0.548666,-0.3924138,-0.11231698,0.23671491,0.24595867,0.03383957,0.11634682,0.17462587,0.6136297,0.93301505,1.3104376,1.7212495,2.0602686,2.1482158,2.192471,2.1227202,1.9156364,1.4103342,0.85575765,0.3242903,-0.3079552,-0.63930637,-0.517693,-0.42103124,-0.6706073,-1.0749316,-1.3533303,-1.4082528,-1.2198901,-0.92917216,-0.5026951,-0.037862107,0.080850214,0.025807083,-0.15171745,-0.48005277,-1.1581639,-1.1864898,-1.0267229,-0.8215942,-0.5214591,-0.17294088,0.131629,0.40009838,0.53689617,0.6471821,0.8229718,1.0313357,1.2791015,1.3994956,1.3935171,1.3345363,1.2940259,1.1882268,1.0103348,0.8235251,0.6394878,0.51321185,0.3674543,0.30754578,0.23084538,0.16909595,-0.019629918,-0.17883967,-0.39025515,-0.63149774,-0.8282475,-0.78116703,-0.6378243,-0.33707234,0.039892763,-0.11021487,-0.34035146,-0.5698663,-0.57240427,-0.6587037,-0.749471,-0.8160037,-0.88703775,-0.9444573,-0.9338632,-1.0103204,-1.1525509,-1.2439327,-1.393251,-1.3941108,-0.6059339,0.16923364,1.0957942,2.320094,2.7573457,2.7193277,2.7309988,2.6830544,2.628605,2.5517526,2.5071435,2.4972491,2.1768324,1.0774131,-0.25547683,-2.1881595,-2.445394,-1.0107329,-0.19962086,0.13548005,0.32072687,0.39537457,0.3714877,0.3343372,0.14532623,-0.50826204,-1.2155814,-1.5270586,-1.42467,-1.1420789,-0.8515817,-0.48413444,-0.27879006,-0.2077035,-0.16065477,-0.10862547,-0.23232141,-0.4179193,-0.5996187,-0.6630609,-0.7385339,-1.1571784,-1.2820063,-1.42696,-1.705781,-1.7005982,-1.5098958,-1.5775764,-1.6181319,-1.5528009,-1.4551256,-1.5160648,-1.7196603,-1.6944197,-1.5670805,-1.3616859,-1.020814,-1.1283642,-1.0868593,0.116835415,0.116271116,0.116326675,0.11636719,0.11724925,0.11706427
-0.62693644,-0.65377927,-0.6544814,-0.5505756,-0.54732704,-0.48664314,-0.1923083,0.13065134,0.33734655,0.16718008,0.1723441,0.03551922,-0.06214431,-0.21328849,-0.83482575,-0.9536864,-0.95350903,-0.8958354,-0.84368837,-1.0449111,-0.70834064,-0.49649245,-0.34276026,-0.007295385,0.27998808,-0.56534886,-1.6756109,-2.303255,-2.579111,-2.7587714,-2.79953,-2.701056,-2.3280287,-1.7984233,-1.5474969,-1.4404032,-1.6125022,-1.8585913,-2.220395,-2.5712528,-2.611085,-2.2871385,-1.7995179,-1.4870589,-1.23768,-0.9768685,-1.0730245,-1.3720628,-1.6294286,-1.823228,-1.8057256,-1.1454847,-0.6702834,-0.4864587,-0.20183894,0.17510511,0.18428795,-0.045888796,-0.13503687,-0.19364119,-0.5156235,-0.862252,-1.0108186,-1.1541036,-1.1647379,-1.1261528,-1.0516081,-0.9765688,-1.0473757,-1.1097821,-1.1089395,-1.0565486,-1.012615,-1.0328689,-1.0837119,-1.1384659,-1.1785026,-1.2556132,-1.5159487,-1.752111,-2.0908763,-2.4798124,-2.6766229,-2.7768712,-2.2809396,-1.0453278,0.13505486,0.94385135,1.9949195,2.2587886,2.2948856,2.3817613,2.4561949,2.4950747,2.4668632,2.4437888,2.5197725,2.352886,2.0155344,1.6002975,1.1265626,0.8243222,0.8203697,0.2967556,-1.1813668,-2.2247465,-2.3718135,-2.3946505,-2.375256,-2.3309753,-2.3257375,-2.315436,-2.3024004,-2.0836546,-1.2178985,-0.3322022,0.13691536,0.23859838,-0.19891155,-0.7039423,-1.4674127,-1.8086605,-1.9012315,-1.9364793,-2.0836227,-2.1563044,-1.7542272,-1.4359298,-1.2961674,-1.0504863,-0.5625008,-0.42607898,-0.958194,-1.206407,-1.6390774,-1.8764901,-1.8480651,-1.6871302,-1.5564682,-1.3261256,-1.1560462,-1.160756,-1.1964793,-1.0795898,-1.0123955,-1.1464882,-1.1050587,-1.2662859,-1.4313197,-1.2653326,-1.3223119,-1.2187119,-1.2712765,-1.687368,-1.626396,-1.5233579,-1.1580232,-1.1656902,-1.1660371,-1.1865652,-2.2291028,-2.2272983,-2.2275352,-2.2275164,-2.2288132,-2.2285151
-0.3775518,-0.4143849,-0.43883932,-0.50060976,-0.61123776,-0.78992265,-1.0103142,-1.3456836,-1.537124,-1.4089539,-1.3344439,-1.6327419,-1.7244931,-1.4496071,-0.5962424,-0.5507548,-0.5681721,-0.5249852,-0.22005427,0.26737767,0.11118317,-0.31972945,-0.38112766,0.112525046,-0.23094487,-0.7002331,-0.3157513,0.24788314,0.49593174,0.51642716,0.4457506,0.21663372,-0.25274613,-0.8461161,-1.3024111,-1.3771138,-1.3976234,-1.2970829,-1.1955824,-1.2690686,-1.414262,-1.3458059,-1.3256581,-1.15301,-0.81484693,-0.16625845,0.4664725,0.5852724,0.52327657,0.36565495,0.11455846,-0.7101778,-1.1694894,-1.3097366,-1.4051502,-1.5494854,-1.7001076,-1.6442153,-1.5458114,-1.5894245,-1.7828715,-1.8680124,-1.8485245,-1.6011057,-1.54227,-1.6273153,-1.6655936,-1.7223358,-1.81516,-1.9466575,-2.0318453,-2.127449,-2.1609306,-2.1664016,-2.130294,-2.1307464,-2.192044,-2.257384,-2.2947464,-2.115842,-1.6789153,-0.8675895,-0.53754133,-0.7552347,-1.2598934,-1.3653752,-1.5686879,-1.9000143,-2.2425315,-2.2259834,-2.190317,-2.208714,-2.2911043,-2.35498,-2.439762,-2.4508765,-2.5253572,-2.6302364,-2.4731896,-1.9873011,-0.8695951,0.19750372,0.07729185,-0.3242877,0.0224111,0.85561967,1.0100001,1.0084926,1.0063398,0.99205726,1.1044257,1.2861918,1.5658538,1.7670764,1.3084222,1.1124222,0.49149466,0.83831954,5.3119,8.343789,10.07037,10.595585,10.741653,10.75552,10.6813345,10.323006,8.962757,5.9002666,1.8933666,-0.17200957,-1.0816083,-1.0363858,-0.44741458,0.31583887,0.8656955,0.887279,0.7605677,0.36405072,0.07607182,-0.33519226,-0.40288985,-0.45905125,-0.7127632,-1.0048294,-1.3277836,-1.6922958,-2.0434797,-1.9196911,-2.1169665,-2.080275,-2.1742108,-2.2704043,-2.2667189,-2.120072,-1.9751546,-2.0284944,-2.126548,-2.1736965,-2.1556678,-2.1720426,-3.8478396,-3.8499947,-3.849697,-3.849763,-3.8489263,-3.8491287
-1.0685599,-1.1619071,-1.309582,-1.4785123,-1.5675282,-1.7288421,-2.0498335,-2.301342,-2.2773564,-2.2968976,-2.2854867,-2.1977215,-2.0008805,-1.7337005,-0.947692,-0.6335752,-0.17404364,-0.14660616,-0.22323763,-0.11810405,0.29570994,0.3347668,0.3634097,0.07594692,-0.6193364,0.15308781,1.1752079,1.6871333,1.8833816,1.8438334,1.6236156,1.3681586,1.1916254,1.1289825,1.0387915,1.3739407,2.0505166,2.5662138,2.8360932,2.9777212,3.2340517,3.3812013,3.2512186,3.0101027,2.527163,1.7389138,1.4567466,1.5986841,1.82751,2.1634607,2.5198486,2.329113,2.0098093,1.6809857,1.1376405,0.74300414,0.30131245,0.012564073,0.5009341,0.67395943,0.90062284,1.1520209,1.3634325,1.5472786,1.5129602,1.3870963,1.3458658,1.3939618,1.3897057,1.3293982,1.2291775,1.1569076,1.0911239,0.99410975,0.99588394,0.96652615,0.95763004,0.8984194,0.9233136,1.263107,1.9400979,3.0599098,3.5737085,3.652125,3.284011,2.6561046,2.6210394,3.148594,3.6546464,3.8385158,3.9486651,4.076914,4.2305727,4.2718425,4.381345,4.476605,4.489374,4.4348044,4.4281607,4.391571,3.9519734,3.1861887,2.2465975,1.907556,2.790018,3.1901941,3.283002,3.310617,3.3249807,3.3425615,3.324367,3.2911472,3.246038,3.0965562,2.3111844,2.2970855,3.4533734,3.5631907,2.6488407,2.128664,2.5107403,2.7403288,2.696946,2.6365108,2.5629568,2.2795057,1.7193295,2.4546914,3.653999,4.380369,4.720027,4.5911074,4.373431,4.070599,3.8195477,3.5901408,3.4449568,3.3721147,3.246338,3.006334,2.7523754,2.6572225,2.4097028,2.1073298,1.8147147,1.299396,1.0033278,1.2761903,0.8685807,0.7529375,0.62597,0.36223525,0.39345086,0.6246533,0.38405198,0.29964936,0.0064523816,-0.09933006,0.006869629,-0.084986836,-1.186529,-1.1881946,-1.1881332,-1.1880546,-1.1855158,-1.1860998
-5.4150953,-5.367165,-5.285187,-5.128678,-5.035597,-4.899786,-4.5420237,-4.1390696,-3.9387715,-4.000441,-4.119947,-3.9922009,-3.9753428,-3.9497423,-3.9491987,-3.947929,-4.022937,-4.105364,-4.261165,-4.4284573,-4.068964,-3.2342587,-2.94844,-2.5179448,-1.3295598,-1.7172251,-2.6628523,-3.1285393,-3.3386514,-3.3757405,-3.3423982,-3.2934759,-3.2337925,-2.9678411,-2.5646172,-2.8523917,-3.5182557,-4.021614,-4.1409664,-3.9830618,-3.7615466,-3.6496265,-3.5190177,-3.3894005,-3.2660756,-3.1718645,-3.3638048,-3.601884,-3.889695,-4.217901,-4.6465173,-4.748264,-4.549511,-4.3704233,-4.1308975,-3.8373454,-3.6204963,-3.8017988,-3.4039493,-3.1907387,-3.101343,-3.11626,-3.2101383,-3.208047,-3.1091013,-3.013427,-3.0226312,-3.0633616,-3.0429022,-2.961595,-2.871954,-2.7946272,-2.7621787,-2.7103362,-2.726498,-2.7497735,-2.73728,-2.6421018,-2.641015,-2.7749615,-3.150826,-3.6509192,-3.7322192,-3.4958174,-2.9564486,-2.433513,-2.7218885,-3.127888,-3.20931,-3.2176657,-3.279757,-3.3216047,-3.3104172,-3.3129153,-3.3531556,-3.3366027,-3.2880907,-3.19447,-3.185615,-3.3229136,-3.5100455,-3.4367414,-2.9570465,-2.9556994,-3.796215,-4.35584,-4.440879,-4.416347,-4.3811164,-4.3229475,-4.313241,-4.3938127,-4.577124,-4.819248,-4.687169,-4.7555103,-5.2184744,-5.124063,-6.0469356,-6.062381,-6.361072,-6.445489,-6.3550506,-6.294136,-6.175576,-5.8425493,-5.1211576,-5.223444,-5.220494,-5.1198883,-4.9304943,-4.931848,-5.35895,-5.621825,-5.7334065,-5.7421637,-5.7230616,-5.7278404,-5.8147044,-5.8954864,-5.9439015,-5.9688845,-6.034333,-6.0016603,-5.9308634,-5.8533316,-5.7316103,-5.8104105,-5.6637692,-5.6582775,-5.619452,-5.605288,-5.6041927,-5.5092797,-5.448119,-5.4973664,-5.509368,-5.398608,-5.3907256,-5.3096895,-3.89706,-3.8945465,-3.8945322,-3.8945117,-3.897431,-3.896826
