0,1,2,3,4,5,6,7,8,9,10,11,12,13,14,15,16,17,18,19,20,21,22,23,24,25,26,27,28,29,30,31,32,33,34,35,36,37,38,39,40,41,42,43,44,45,46,47,48,49,50,51,52,53,54,55,56,57,58,59,60,61,62,63,64,65,66,67,68,69,70,71,72,73,74,75,76,77,78,79,80,81,82,83,84,85,86,87,88,89,90,91,92,93,94,95,96,97,98,99,100,101,102,103,104,105,106,107,108,109,110,111,112,113,114,115,116,117,118,119,120,121,122,123,124,125,126,127,128,129,130,131,132,133,134,135,136,137,138,139,140,141,142,143,144,145,146,147,148,149,150,151,152,153,154,155,156,157,158,159,160,161,162,163,164,165,166,167,168,169,170,171,172,173,174,175,176,177,178,179,180,181
12.809285,12.632479,12.35955,12.119248,11.938455,11.658159,11.1492195,10.122318,7.5894346,5.432116,3.8543372,2.8062282,1.9638412,1.8063632,1.6310433,1.1225348,1.0937889,0.96142155,1.0994285,1.2191567,1.6797421,2.0394456,2.059488,1.440827,0.85246086,0.72380066,0.7106852,0.7507019,0.7282444,1.3124218,3.8506784,5.795574,5.8216825,4.944415,3.0034847,1.290849,0.7385725,-0.0894802,-0.9079325,-0.9888241,-0.62786454,-0.34334707,-0.078618124,0.1063364,0.48727813,0.81140155,0.7322487,0.47322243,0.2284739,0.5413336,0.83583134,0.76161647,0.71053845,0.8188613,1.373316,2.249547,2.2425163,2.5192156,2.8505554,2.8520021,1.7527592,0.73297715,0.58562946,0.97320235,1.1107831,1.2026873,1.4210092,1.806034,2.3076596,2.4918857,2.3309016,1.7856085,0.85054123,0.077290654,0.01589033,0.10430531,0.033849582,0.035303503,-0.043422073,0.05543428,-0.08247023,-0.1423743,-0.12028237,-0.06999997,-0.09525624,-0.111815885,-0.118274674,-0.21588156,-0.29891142,-0.3286332,-0.27991867,-0.16876467,-0.06147864,0.074874595,0.933991,2.255281,1.8227863,1.0257148,0.22607306,0.30707797,0.48286495,0.536082,0.37740806,0.34080666,0.51826525,0.584558,-0.10793862,0.024236362,1.1910487,1.353738,0.6126633,0.55883557,0.8107202,0.6344317,0.7129912,0.93634593,1.1195498,1.5048809,2.3964458,3.5901294,3.9645233,3.9609904,3.7100039,3.1355114,2.6413088,2.3669078,2.4138496,2.7500243,3.4207113,4.31389,4.834739,5.0029874,4.3717017,3.2995973,1.9775715,0.7500402,0.24405387,0.26947778,0.08869782,-0.39376664,-0.65518653,-0.72559416,-0.7221078,-0.59719265,-0.22529253,0.19815512,0.26144585,0.85312796,1.335758,1.1611178,0.8609299,0.679562,0.3412269,0.3029055,0.43611038,0.46181297,0.30201286,0.30549514,0.48475128,0.9206264,1.1272925,1.5190532,2.0752957,2.4291532,2.568336,2.9736602,3.6274557,4.772735,6.2287908,7.3808236,8.435404,9.100052,9.751944,9.899646,10.082278,10.345623,10.491928,9.717306,9.714019,9.714101,9.713972,9.714001
-2.7858877,-2.8633285,-2.9456944,-2.8999257,-2.8293188,-2.7435575,-2.8388252,-2.795242,-2.9270082,-3.0545654,-2.9662623,-2.529488,-2.2651196,-2.1530576,-2.1479383,-2.3329043,-2.0711079,-1.4441814,-0.9929085,-0.7410221,-0.9263685,-1.1923847,-1.34657,-1.5086031,-1.5304464,-1.4464319,-1.4109674,-1.3010676,-1.242553,-1.3025049,-1.5555885,-1.5891963,-1.6097083,-1.693943,-1.5949235,-1.4373286,-1.119158,-0.771842,-0.03391455,0.30012098,0.04240059,0.21156344,0.40137506,0.53053147,0.6131865,0.56307817,0.5717609,0.41842747,0.11939949,0.83243054,2.410541,4.7535443,7.2293196,9.31935,11.073872,11.592724,10.161782,8.494007,5.5134926,0.6481738,-1.238747,-1.7127595,-1.8888869,-2.0311992,-1.8980825,-1.7980747,-1.6256008,-1.6897674,-1.9581337,-2.0655427,-1.9967886,-1.8201547,-1.56482,-1.5134156,-1.8005254,-2.0761006,-2.1393847,-2.1409504,-2.1656296,-2.1955454,-2.2073832,-2.2077925,-2.2658412,-2.3203335,-2.3629782,-2.3847873,-2.3816435,-2.3405347,-2.281248,-2.1669338,-1.9539161,-1.7233477,-1.736214,-2.2645621,-2.6715126,-1.6306785,-1.5846537,-1.839257,-2.2105894,-2.252232,-1.9574971,-1.8799553,-1.8539057,-1.8185606,-1.7419949,-1.391254,-0.20407584,0.15435821,0.63374,0.81712157,0.42702317,-0.084985286,-0.99705005,-1.6763511,-2.228644,-2.593196,-2.8403745,-3.1945014,-3.657318,-3.926835,-4.028724,-4.0630784,-4.0302377,-3.8233323,-3.5422435,-3.2554135,-2.8953733,-2.6001952,-2.4101877,-2.4907532,-2.6399772,-2.3236957,-1.8045404,-1.5290462,-1.434049,-1.4996159,-1.3644071,-1.3951592,-1.4155016,-1.3872725,-1.2660776,-1.1755669,-1.0964007,-1.1503042,-1.5835177,-1.958142,-1.9891866,-2.0386693,-2.064398,-1.9522562,-1.9430174,-2.0342197,-2.0668213,-2.1759057,-2.5098186,-2.5531318,-2.2279322,-1.8887227,-1.7266127,-1.6750551,-1.5258915,-1.3413148,-1.3023504,-1.2603747,-1.2253693,-1.1818153,-1.1021917,-1.2572873,-1.4245112,-1.4775727,-1.4547265,-1.4301739,-1.527711,-1.7934318,-2.0908725,-2.146865,-2.3053374,-0.6722127,-0.6705983,-0.67063874,-0.6705765,-0.6705809
-0.48983973,-0.52503693,-0.54537195,-0.6129264,-0.64142287,-0.67689365,-0.9293536,-1.3037169,-1.7228792,-1.7428613,-1.3455173,-1.3386908,-1.5790733,-1.7797203,-1.4463985,-0.8364533,-0.64720595,-0.9818616,-1.2201512,-1.429977,-1.6285087,-1.864585,-2.0443783,-1.8876683,-1.2374475,-0.6679934,-0.35453308,-0.39470327,0.076195,0.71614814,0.4229409,-0.5093602,-0.5910964,-0.6664749,-1.788521,-2.1544578,-2.238665,-1.9135358,-1.4423089,-1.3393707,-1.3024831,-0.78986233,-0.40505672,-0.17484581,-0.3331806,-0.41937834,-0.14708751,0.19260338,0.37511602,-0.0258222,-0.6418033,-1.0027227,-1.2424846,-1.4190428,-1.6642549,-2.1567423,-2.114787,-2.0074103,-2.2914689,-2.3317037,-2.777603,-2.5559964,-2.1207576,-1.5289298,-1.4996216,-1.4769446,-1.4359267,-1.6717558,-2.3131523,-2.4246464,-2.277495,-2.1563456,-1.9654323,-1.5169532,-0.5623404,-0.28456053,-0.42438504,-0.40663314,-0.41256756,-0.38468534,-0.46406454,-0.42148262,-0.4933398,-0.56061614,-0.5995697,-0.65404445,-0.69362855,-0.7625655,-0.85424006,-0.97107357,-1.298588,-1.7278527,-1.9030842,-1.5283768,-1.4119691,-1.8735378,-2.4411502,-2.9716525,-3.339114,-2.9424872,-2.6256864,-2.4835863,-2.3502622,-2.2005315,-2.0282872,-1.8770653,-1.7879467,-1.5088258,-1.5526953,-1.761525,-1.76862,-2.0032146,-1.9072362,-2.1020947,-1.7874866,-1.1253079,-0.78787464,-0.8903126,-1.3814647,-1.7885461,-1.8867738,-1.8635166,-1.8430314,-1.8927467,-1.6952975,-1.4856334,-1.8581158,-2.0880537,-1.9952546,-1.7732542,-1.6348493,-1.4426495,-1.1906751,-0.7091304,-0.4549662,-0.23019241,0.04629495,-0.18118761,-0.5305564,-0.848109,-0.99715936,-1.1089407,-1.1843432,-1.0637208,-0.5891073,0.2243346,0.9621339,1.3722575,1.2384528,0.94342816,0.71404344,0.37381998,-0.060553245,-0.11795132,-0.36300713,-0.9295428,-1.5488424,-1.7925422,-1.5914271,-1.2854631,-1.3736622,-1.481922,-1.5872586,-1.588615,-1.5716857,-1.4255447,-1.2521061,-0.9040579,-0.614703,-0.5475073,-0.68995297,-0.85639036,-0.8615637,-0.80729556,-0.6966972,-0.5513928,-0.41644678,-0.3261252,-0.32546765,-0.3254938,-0.32546315,-0.32548136
-2.6232738,-2.6298146,-2.5270438,-2.2747624,-2.0716212,-1.5920804,-1.2980425,-1.131022,-1.2878506,-1.3281618,-1.0025909,-0.5883262,-0.21039549,-0.26512015,-0.23391983,0.30717066,-0.048637003,-1.2720635,-1.5872778,-1.6346284,-1.6854788,-1.8107944,-1.7623684,-1.6824372,-1.6686015,-1.7021873,-1.4379804,-0.90106386,-0.19611591,0.24611412,-0.7028356,-1.3231354,-1.1645784,-1.4297221,-2.1350422,-2.2872062,-2.1944704,-1.8885618,-1.2282063,-1.1650655,-1.5449567,-1.579773,-1.3509091,-0.9609749,-0.7183126,-1.0422043,-1.4253545,-1.2194772,-0.9807573,-1.1579658,-1.3100317,-1.1965739,-1.0773952,-1.0160443,-1.042806,-1.8061353,-2.11849,-1.315005,-0.6888848,-0.92837596,-1.2390122,-1.3321413,-1.7038798,-1.9263368,-1.6992451,-1.6854832,-1.7016408,-1.6844683,-1.7878698,-2.018394,-2.0793567,-2.117003,-2.0554962,-2.0501544,-1.708479,-1.1720335,-1.0168633,-1.0727859,-1.0931389,-1.1677761,-1.1762457,-1.1522907,-1.1124469,-1.1528463,-1.1686944,-1.0402099,-1.0019606,-0.9740336,-0.9973161,-1.0531092,-1.1966214,-1.4355059,-1.4911058,-1.823558,-1.8441082,-1.5122538,-1.4467953,-1.6949304,-2.146824,-2.1199703,-1.7359517,-1.5529265,-1.3708766,-1.2084109,-1.0860667,-1.0251077,-0.54833114,-0.35280952,-0.7867483,-0.2555957,-0.0953404,-0.81346774,-1.8065039,-2.1053162,-2.0889802,-1.8327491,-1.7392652,-1.8187859,-1.8477995,-1.7827916,-1.6952381,-1.6362913,-1.5740781,-1.5255252,-1.5652895,-1.7953466,-2.021476,-1.9925283,-1.6552367,-1.4396638,-1.7871604,-1.5697699,-0.65928286,-0.17243707,-0.11870414,-0.53697115,-0.49326858,-0.051108524,0.416058,0.34461462,0.102461025,-0.011877298,-0.08695386,-0.19224817,-0.6192431,-0.85200334,-1.0927593,-1.4731332,-1.8781457,-2.03945,-1.9241976,-1.7434773,-1.3766966,-1.1545647,-1.1938945,-1.2754672,-1.1145972,-0.8440405,-0.6905608,-0.65461916,-0.70525,-0.83088416,-1.1506076,-1.2883564,-1.3652924,-1.4458758,-1.3508642,-1.2562736,-1.2970122,-1.2497082,-1.1788135,-1.1489958,-1.0935379,-1.2227092,-1.377681,-1.3374885,-1.497692,-0.21331951,-0.21112528,-0.2111862,-0.21109024,-0.21113533
-1.0614092,-1.2852628,-1.3714075,-1.383141,-1.3901536,-1.5047358,-1.2960227,-0.80798227,-0.60109246,-0.44495028,-0.7298617,-1.4977207,-1.8016218,-1.7368152,-1.4782586,-1.2533078,-0.79785126,-0.6274271,-0.5994397,-1.0553858,-0.9303211,-0.2210778,1.6103383,4.7861814,7.3284307,8.872309,10.725247,11.489651,11.293814,8.951884,5.6088896,1.554832,0.3466124,0.27429613,0.64877903,0.9676851,1.093753,1.2439023,1.1420344,0.906046,1.312395,1.0612578,0.6121168,0.21086326,-0.39052165,-0.87087786,-1.1333736,-1.0392835,-0.63288677,-0.2437782,-0.18786481,-0.33609396,-0.6941894,-1.0953262,-1.346652,-1.259111,-0.9923676,-1.0704528,-1.0668856,-0.94031185,0.34423104,0.87163097,1.5180645,2.2515194,2.5109124,2.3528595,1.9131675,1.5816255,1.4552956,1.251898,0.936609,0.68912256,0.45030466,0.6081913,1.1133981,1.6698897,2.2818325,2.3765535,2.3774006,2.3668752,2.3985417,2.3924446,2.3228776,2.388682,2.4485636,2.2441735,2.1267629,2.1035862,2.0014925,1.763365,1.5656314,1.2180655,0.63551533,-0.22673513,-0.75321853,-0.81694305,-0.5167611,0.18825594,0.90510875,0.97170126,0.9920189,1.2907418,1.5769882,1.5250094,1.3774614,1.3826635,0.6965857,-1.218375,-1.7501122,-1.0069499,-0.25476375,-0.36638033,-0.59693354,-0.5130456,-0.70389605,-0.92149174,-1.2001358,-1.4829788,-1.4350151,-0.91796756,-0.63189864,-0.5753811,-0.60751885,-0.6550566,-0.57405764,-0.016331613,0.8394618,1.2314942,1.0655453,0.46070772,0.26462647,0.09308283,-0.32962394,-0.8167898,-0.88624823,-1.1225085,-1.2837799,-1.0128441,-0.7485379,-0.3809167,-0.11921188,0.022277245,0.16090152,0.23846997,0.13492224,-0.22228536,-0.65839916,-0.97417706,-0.8435093,-0.64118177,-0.5008198,-0.11558141,0.69367945,1.1563435,1.5244586,1.6918783,1.2980342,0.83052874,0.27291662,-0.34391496,-0.7300348,-1.0464642,-1.0531802,-0.9946816,-0.8168097,-0.7494708,-0.82358307,-0.9456874,-0.93907344,-0.7380863,-0.45187598,-0.14835955,0.11151048,0.23897523,0.2434065,0.29243475,0.49226224,1.0852014,1.0834929,1.0835373,1.0834734,1.0834818
-1.3464533,-1.3242807,-1.3315042,-1.3556757,-1.3335993,-1.1071868,-0.81709766,-0.36674717,0.72125757,1.1379892,1.1689218,1.2414279,1.4870595,0.74028254,-0.24763237,-0.30558687,-0.32253134,-0.57374024,-0.4039654,-0.055339634,-0.34920168,-0.80587566,-1.1710812,-1.4861507,-1.6103637,-1.5141376,-1.2112967,-1.0737109,-1.5650315,-1.9656068,-1.9901766,-1.8580697,-1.7019616,-1.4512191,-1.5821596,-1.4857172,-1.3906692,-1.5033114,-1.3323826,-0.95865923,-0.89283705,-0.9899894,-1.1608918,-1.0899348,-0.9177189,-1.1836967,-1.2091138,-1.1746259,-1.2981391,-1.644968,-1.7010465,-1.632767,-1.5081346,-1.1638353,-0.761362,-0.9942422,-1.5030676,-1.9638417,-2.5166864,-2.3498533,-1.8598623,-1.3074672,-1.3342824,-1.2129834,-0.8269416,-0.8092903,-1.0242474,-1.2716879,-1.2529706,-1.1613191,-0.99495524,-0.7595889,-0.6112096,-0.7817191,-0.94691515,-0.85224986,-0.5196481,-0.47065368,-0.39581054,-0.41684085,-0.35863304,-0.3560894,-0.25083122,-0.22761542,-0.21697637,-0.17802739,-0.19902256,-0.27941322,-0.35946882,-0.39917517,-0.31839454,-0.10435665,-0.12204656,-0.72781676,-1.2074306,-1.8251275,-1.8527566,-1.7225032,-1.6672122,-2.263935,-2.326402,-2.511221,-2.6018362,-2.6019135,-2.535566,-2.4082837,-2.7087605,-1.7930636,-1.0621469,-1.1620624,-0.8257077,-0.32059893,0.18428402,0.8742587,1.2979666,1.266734,1.0773368,1.0240289,1.0739703,0.57163626,0.29841262,0.24738331,0.33828992,0.3232904,0.16319592,0.15861902,-0.14008486,-0.773075,-1.2480245,-1.4278092,-1.2765455,-1.1942252,-0.8920818,-0.47582963,-0.11566883,0.5499662,0.66275835,0.62723553,0.7722069,1.1701623,1.3412715,1.3767346,1.3734725,1.0949535,0.440777,0.39952424,0.63192195,0.30895907,-0.26772624,-0.47679293,-0.580885,-0.70713466,-0.96266127,-1.2385223,-1.1985935,-0.96884716,-0.697523,-0.7060017,-0.87174857,-1.2319772,-1.2038652,-0.8630576,-0.31180537,-0.04763913,0.086798,0.25775728,0.34882545,0.31751168,0.04568949,-0.24537885,-0.63159645,-0.8425166,-1.0738068,-1.0450234,-1.1565347,-1.4088001,-1.8075032,-1.5823059,-1.5780761,-1.5782151,-1.5780154,-1.5781054
-2.4223993,-2.4659646,-2.4840894,-2.481479,-2.4242177,-2.2857647,-2.1318789,-1.9091127,-1.3992968,-1.2634676,-1.158174,-0.9460671,-1.0331018,-1.2006061,-1.4242253,-1.48217,-1.4690346,-1.1406487,-0.7461971,-0.535876,-0.44455528,-0.43852562,-0.40079322,-0.2073555,0.109672636,0.18591598,0.30585718,0.25392506,-0.17048708,-0.4300983,-0.6919533,-1.671448,-1.8925762,-1.8134075,-1.5405511,-1.0509892,-0.74460536,-0.43127233,-0.08938563,0.20014429,0.38890052,0.14602163,-0.029566959,-0.1530334,0.0076678917,0.0696519,-0.24695468,-0.61148167,-1.0988052,-1.1467029,-0.9274878,-0.739599,-0.71112734,-0.7663687,-0.70395213,-0.52087903,-0.32920936,-0.08379854,0.22914624,0.012017071,0.559055,1.8956494,2.1655335,2.3155036,1.9693995,1.1371614,0.058921188,-0.9444882,-1.6322002,-1.92582,-1.9962677,-1.8591958,-1.4091702,-0.79691464,-0.77008,-0.93115294,-1.1706759,-1.3873554,-1.4010739,-1.5357313,-1.4557452,-1.4423151,-1.2970692,-1.3426664,-1.3348544,-1.3615191,-1.3874158,-1.3997958,-1.3792686,-1.3450236,-1.2128867,-1.1042743,-1.3412403,-1.8375392,-0.91154563,-0.64870906,-1.1426672,-1.1869771,-0.8553093,-0.38157213,-0.31065157,-0.5709744,-0.74434465,-0.7506315,-0.8021289,-1.1266278,-1.2377106,0.16108096,0.43279102,-0.051464662,0.10669105,-0.4076607,-0.63117814,-0.1555778,0.21591312,0.43122077,0.35033977,-0.08425054,-0.9372213,-1.625603,-1.8658926,-1.8874279,-1.7172768,-1.3535546,-1.1521797,-1.1370034,-1.079719,-1.154365,-1.5367547,-1.8683987,-1.7520596,-1.5561862,-1.6718132,-1.6648402,-1.2998132,-0.08173724,0.6759658,0.82547235,1.0027039,1.064564,0.9511486,0.95678896,1.004422,0.98891366,0.9905903,0.5492241,-0.40347683,-1.1464962,-1.4733931,-1.4136496,-1.1622924,-0.6935784,0.09158856,0.40533108,0.411897,0.5776987,0.8294778,0.5147262,-0.05741945,-0.49927244,-0.49514458,-0.5433878,-0.86271536,-1.1201421,-1.2607342,-1.5416601,-1.8572037,-2.3162563,-2.6900215,-2.871821,-2.8380299,-2.8406866,-2.7688472,-2.7861056,-2.7766402,-2.6586876,-2.7097635,-2.0907216,-2.0885072,-2.088588,-2.088474,-2.0885365
-0.41724735,-0.69965816,-1.0380139,-1.1616156,-1.2265527,-1.2080235,-1.2357794,-1.3177788,-1.839624,-1.9323753,-1.5300108,-1.1077871,-0.91748357,-0.90915614,-0.9016613,-0.07686517,1.1719141,1.2198917,1.239588,1.1461741,0.45115024,-0.07247811,-0.3681686,-0.6462344,-0.63115263,-0.47928518,0.17664558,0.7718379,1.1531901,1.3824571,2.7530844,4.867731,7.32211,8.919272,10.850733,11.517079,11.470615,10.621415,8.257574,5.2181034,2.7159448,1.729053,1.6148849,1.415644,1.0708057,0.8012245,0.71173674,0.65176505,0.61698914,0.29729843,0.09625067,0.2317166,0.59745854,1.079833,2.1279945,3.184191,2.8684545,2.6432428,1.8264692,0.7654228,0.6131059,0.836477,0.90463185,1.009235,1.2772181,1.252923,0.9566145,0.51732516,0.024947494,-0.25348365,-0.292117,-0.2301689,-0.17517526,-0.37170553,-0.7184478,-0.7519148,-0.74582535,-0.76188457,-0.81203663,-0.86947066,-0.88509554,-0.88161635,-0.9045646,-0.912266,-0.9223788,-0.72631913,-0.5763666,-0.40834743,-0.20998764,0.0038926601,0.244281,0.6691215,1.1592513,1.6434882,1.5625694,1.7785765,1.466103,1.343423,1.4849517,1.535356,1.8605412,2.1265373,2.2838778,2.284636,2.3787103,3.4167295,7.7874994,10.688629,12.097561,11.806807,9.606592,4.8588815,2.0945866,1.2969418,0.9722645,0.5075069,0.20106058,0.16487794,0.10205595,-0.14555475,-0.34526044,-0.41329956,-0.3323805,-0.20108125,-0.4524365,-0.63379604,-0.16469589,0.4361478,1.0218737,0.63479763,-0.15466364,-0.5451061,-0.35329124,-0.45685053,-0.72829306,-1.2586678,-1.6366107,-1.6600485,-1.4211988,-0.93703187,-0.3599911,-0.0098210275,0.31129587,0.68097246,0.44823074,-0.20881481,-0.53371584,-1.0092478,-1.310963,-1.3245391,-1.1175984,-0.83812314,-0.49165863,-0.19283059,0.1600135,0.71442896,1.4433172,2.0176868,2.0151038,1.859757,1.8619527,1.8617983,1.5448699,1.438909,1.4119674,1.3632513,1.2701666,0.89890575,0.4401119,0.20126992,-0.09186837,-0.27393872,-0.33175796,-0.37976986,-0.53236836,-0.49072495,-0.4781173,0.33807305,0.34067154,0.3405783,0.34071353,0.34063628
-0.85153556,-0.8798772,-0.92625386,-1.0250604,-1.0840218,-1.1613343,-1.1190737,-1.3759866,-1.2507232,-1.1027237,-1.1040028,-0.6657065,1.3086787,4.4353623,7.911761,10.318294,12.300175,12.860493,12.6453285,12.085327,10.84319,9.770159,8.286667,5.704595,3.7493966,2.6821,1.539274,0.9768846,-0.06845021,-1.411,-1.6993958,-1.4291065,-1.1091133,-0.60316384,-0.24135748,-0.30544615,-0.6315687,-1.3217864,-1.9248477,-1.8496418,-1.8564354,-2.072111,-2.2037182,-2.2194295,-1.8922157,-1.7356306,-1.5779203,-1.5163283,-1.2409518,-0.73175174,-0.40372282,-0.39820546,-0.61566985,-0.78420484,-0.7763994,-0.929144,-0.9935194,-0.68939304,-0.21287605,0.10418868,0.6078151,0.27012938,-0.73252463,-1.7900372,-2.3412874,-2.3969467,-2.2401395,-1.994238,-1.5590174,-1.2854841,-1.1381449,-0.8091275,-0.15897417,0.49265766,0.31748414,-0.13921535,-0.7319677,-0.9325078,-0.91142875,-0.9727437,-0.8807865,-0.8949502,-0.7268749,-0.6790186,-0.66896844,-0.59381044,-0.49466568,-0.28280693,-0.0038464963,0.29707414,0.71583587,1.0939528,1.0608212,0.23300514,-0.018360257,-0.16664416,-0.18662755,-0.029950842,0.09791343,-0.07892867,-0.34005904,-0.6950619,-0.9367615,-1.07805,-1.0519667,-0.63092667,-0.32991576,-0.3861378,-0.34670416,-0.24546055,0.03756249,0.11054559,0.2849301,0.6346959,0.47965556,-0.008387856,-0.4716565,-0.77293086,-1.0141201,-1.1608597,-1.1385486,-1.0705922,-0.77056575,-0.26735303,0.13985862,0.22389543,0.1310178,-0.02382335,-0.45943993,-1.3627597,-1.9494869,-2.0328517,-1.9041232,-1.6486555,-1.4840114,-2.0072882,-2.1391935,-2.1000342,-1.9984415,-1.5884776,-1.1707573,-0.9216082,-0.7360387,-0.65860885,-0.24551052,0.284891,-0.09278706,-0.46761632,-0.4157155,-0.2298531,-0.01552777,0.1641781,0.27166766,-0.022935256,-0.49614322,-0.7983391,-0.9360907,-1.316429,-1.7011453,-1.7368373,-1.2400701,-0.70423734,-0.30496326,-0.18129256,0.026535809,0.12953779,0.10014728,-0.12609282,-0.3232025,-0.4638576,-0.59180534,-0.70911217,-0.9300314,-1.0432681,-1.0709538,-1.1332307,-1.2470208,-1.3075495,-1.3065171,-1.3065679,-1.3065112,-1.3065493
-3.354701,-3.2701087,-3.0998921,-2.9933953,-2.9028144,-2.8109758,-2.668517,-2.33437,-1.8428602,-1.7115792,-2.0024416,-1.911478,-1.5049427,-1.4766433,-1.8472214,-1.9965746,-1.8528194,-1.8795476,-2.0287218,-2.6062667,-3.1310196,-3.4594111,-3.335056,-2.5881538,-1.7845643,-1.5284119,-1.0593541,-0.6849189,-0.43920264,-0.96089053,-1.2793564,-1.8987424,-2.1772223,-2.3265228,-2.3564804,-2.3640351,-2.2365522,-1.7344251,-0.32536405,0.5749667,1.416891,1.4593163,1.275066,0.93276334,0.40327257,-0.5737771,-1.5568467,-2.0371127,-2.5353174,-3.1446474,-3.2626538,-2.9192333,-2.499338,-2.1470654,-1.8227695,-1.0387614,-0.6936878,-1.3119477,-2.0976107,-2.633397,-2.3702223,-1.7795055,-1.0502659,-0.13790911,0.8697514,1.2365758,1.1342022,0.5669056,-0.2590894,-0.547886,-0.56986606,-0.37322104,0.18772674,0.9115648,1.3007936,1.3783612,1.545445,1.5797966,1.5742007,1.5257881,1.5524708,1.5346605,1.5319469,1.4865206,1.5093374,1.4678769,1.4321105,1.4165459,1.4052687,1.3672669,1.3500001,1.290196,1.0838096,0.5202749,-1.0299459,-2.4899776,-2.4745014,-2.4134514,-2.289136,-2.299297,-2.157185,-1.5384068,-0.80798984,-0.44702035,-0.29565075,0.11943698,-0.22223465,-1.8171544,-2.3424773,-1.6111025,-1.2269648,-1.5489175,-1.7628373,-1.4775218,-1.1059104,-0.5504801,-0.052159645,-0.05179379,-0.34802553,-0.6619994,-0.89087945,-1.0874678,-1.3789529,-1.494566,-1.3620435,-0.94513893,-0.60422176,-0.48505855,-0.7434648,-1.3738965,-1.9406667,-2.5545633,-2.804887,-2.38079,-1.9501021,-1.1243209,-0.25868216,0.2571826,0.57012624,0.8589784,0.7801349,0.6979455,0.5535755,0.22023454,-0.656451,-1.5667946,-1.9273026,-2.1522524,-2.300736,-2.2016752,-2.233324,-2.3570213,-2.2657356,-2.2519226,-2.2885618,-2.1750493,-1.9200175,-1.6064157,-1.4517235,-1.4930156,-1.4426103,-1.1649255,-0.9740922,-0.9530016,-1.1806192,-1.2503535,-1.2475398,-1.281354,-1.49908,-1.7615705,-1.9743555,-2.1920695,-2.228115,-2.18991,-2.1729167,-2.0509553,-1.968525,-2.6394343,-2.6403565,-2.6403277,-2.640369,-2.6403553
-2.3342185,-2.4164999,-2.5658503,-2.5627813,-2.4322042,-2.1751719,-2.0174606,-1.9177792,-2.1155655,-1.9507391,-1.2373452,-0.8594911,-1.2305374,-1.9339519,-2.1281145,-1.582743,-1.1247661,-0.7846322,-0.72499084,-0.83351684,-1.1895175,-1.5719477,-1.7868996,-1.5689715,-1.0306256,-0.5202458,0.35897338,1.6688473,4.6906962,8.651999,9.625082,9.054302,7.8809366,6.5493026,2.6033587,-0.05690168,-1.0290853,-1.7002101,-2.163226,-1.9907079,-1.6607245,-1.2906226,-1.0542126,-0.9611143,-1.2863113,-1.5653498,-1.6404951,-1.7014754,-1.6843326,-1.8050628,-1.8937418,-1.718576,-1.4884744,-1.2618985,-1.3851532,-1.5929658,-2.023666,-2.376595,-2.1612628,-1.4300212,-2.0888436,-2.4483612,-2.4024913,-2.357449,-2.263472,-1.8905671,-1.3304739,-0.9862659,-0.9249922,-0.8073543,-0.62763447,-0.5620272,-0.61111885,-0.84494996,-0.74060357,-0.8004716,-0.8221797,-0.7508554,-0.77669275,-0.76691896,-0.78089887,-0.76304364,-0.8171208,-0.84602535,-0.8409439,-0.80271465,-0.8149519,-0.7912457,-0.7844422,-0.8161167,-0.93735653,-1.0323892,-0.796919,-0.08057484,-0.2563437,-0.21285501,-0.11479503,-0.6229587,-1.2637722,-1.5756314,-1.7876742,-1.9539921,-1.982866,-1.8775437,-1.7671518,-1.6978197,-1.019198,-0.6046953,-0.21289581,-0.26801598,-0.23366016,-0.12247765,-0.08087069,-0.3147418,-0.24586347,0.07743998,0.21605057,0.18195322,-0.053028964,-0.56975913,-1.0470508,-1.3257954,-1.6896226,-1.8929054,-2.0970073,-2.1014903,-1.9620008,-1.5651718,-0.51254576,0.5546892,0.6253289,0.6075343,1.3642383,1.9296913,1.7633622,0.7337483,0.26941448,0.20601884,-0.035702795,-1.0095141,-1.7206202,-2.024747,-2.188354,-2.2984352,-2.462392,-2.172975,-1.4595784,-0.9003735,-0.9952284,-1.2580292,-1.4558263,-1.883065,-2.507298,-2.6826622,-2.731258,-2.5683978,-2.025729,-1.3672482,-0.76048756,-0.3260929,-0.19641614,-0.03304641,0.01739934,-0.04243934,-0.18617207,-0.1298317,0.008635551,0.17757472,0.017639846,-0.37133384,-0.88200754,-1.3453381,-1.6898997,-1.8452412,-1.9146612,-1.8964201,-1.9213521,-1.586687,-1.5847948,-1.584848,-1.5847716,-1.5848043
-4.172702,-4.1112423,-3.9872508,-3.867844,-3.7859168,-3.7766016,-3.7962952,-3.5985832,-2.756821,-2.1859558,-1.9234138,-1.6542636,-1.267791,-0.95715237,-0.92408895,-1.1661402,-1.7384586,-1.7590344,-1.5679127,-1.5417594,-1.587671,-1.5916954,-1.5790892,-1.401113,-1.0864605,-0.91529596,-0.9582859,-1.2797637,-1.7470424,-2.27115,-2.9770594,-3.7534218,-3.9879549,-4.0517893,-3.9326296,-3.238695,-2.6318216,-1.6069175,-0.54225504,-0.29876107,-0.06337719,-0.12554814,-0.3124605,-0.60769147,-0.5980755,-0.48740843,-0.4759497,-0.6005074,-0.9716089,-1.3346117,-1.3183239,-1.1273046,-0.9717513,-0.88330585,-1.1405818,-1.6841583,-1.9433036,-2.0404959,-2.1230547,-2.3154154,-1.9766624,-1.0796633,-0.7217227,-0.8124918,-0.9281713,-1.1752841,-1.5354934,-1.9305542,-2.146088,-2.2583363,-2.2256918,-2.0558858,-1.6157558,-1.0758898,-0.99799997,-1.0641263,-1.0439402,-1.0549538,-1.0620539,-1.1081362,-1.0625592,-1.0707662,-1.0871232,-1.108592,-1.0930738,-1.1377567,-1.1712481,-1.225211,-1.2907387,-1.3531435,-1.3821638,-1.4070872,-1.5745753,-1.1578468,-1.4872038,-2.4639115,-2.386945,-2.0978107,-1.389369,-0.54285794,-0.4040243,-0.7628933,-1.0154961,-1.0077068,-0.9883295,-1.3028886,-2.2451282,-2.9051485,-3.4787827,-2.9322834,-2.204922,-2.0434937,-1.5565952,-0.6886677,0.1456644,0.8836503,1.2057717,0.97972727,0.13762444,-0.68156004,-1.0569971,-1.2135524,-1.3675631,-1.3762642,-1.4615175,-1.4749739,-1.5321081,-1.7579525,-2.1780882,-2.4074514,-2.356791,-2.455735,-2.4986277,-1.9521713,-0.9455065,3.7982655,7.729341,9.657794,10.6704235,10.960659,10.534046,10.148626,9.712379,9.033719,7.4340544,4.94677,2.6596434,0.68280476,-0.68447316,-1.0822049,-1.0412782,-0.73236233,-0.10053152,-0.09029451,-0.34819567,-0.7239565,-0.8559077,-1.0252962,-1.0428504,-0.8907776,-0.79173696,-0.9479393,-1.265519,-1.4692998,-1.3923769,-1.4657972,-1.7217262,-2.0525365,-2.3718243,-2.594431,-2.6574845,-2.70478,-2.7774987,-2.7674024,-2.7665758,-2.8665712,-2.9862187,-2.9963753,-2.9951375,-2.9951658,-2.9951227,-2.9951322
-2.7953713,-2.619115,-2.3832102,-2.207664,-2.1236072,-1.9707088,-1.7130502,-1.5364705,-1.1635256,-1.0351624,-1.1723553,-1.1512309,-1.1422049,-1.057781,-1.2059234,-1.4485326,-1.5094035,-0.97653115,-0.6062948,-0.54976183,-0.9736862,-1.5090294,-1.7671037,-1.768043,-1.4805732,-1.2748739,-0.4613926,0.20935653,0.33812296,-0.61404544,-1.4226005,-0.846454,-0.92061967,-1.2448127,-1.8131135,-2.1456747,-2.2422223,-2.0497177,-0.5729466,0.7026596,1.5464344,1.3220348,0.9164115,0.31075037,0.06645332,-0.12804547,-0.6158694,-1.1689317,-1.9214087,-2.4549952,-2.3252783,-1.9113934,-1.4789238,-1.0426519,-0.7071717,-0.44722664,-0.68262315,-1.343468,-2.024531,-2.4577644,-2.4588215,-2.2176285,-1.9532166,-1.7147982,-1.2906662,-1.0391309,-1.2554251,-1.553009,-1.4864738,-1.3345894,-1.2255932,-1.1252879,-0.972268,-0.8832146,-1.0980709,-0.94330543,-0.5845633,-0.49076992,-0.34391528,-0.34970215,-0.2713376,-0.32600272,-0.31949738,-0.30211794,-0.27597117,-0.24568926,-0.24723607,-0.24633594,-0.1968008,-0.110881075,-0.023071349,0.032476887,-0.023584962,-0.36549425,-0.5834461,-1.2886024,-1.4662033,-1.4575963,-1.1721932,-0.97693676,-0.9354547,-0.7290806,-0.475596,-0.31230813,-0.24577498,-0.08102423,-0.55028605,-1.1245748,-1.49224,-1.2996908,-0.82712847,-0.74604774,-0.8079031,-0.3385683,-0.12311733,-0.058765054,-0.10055745,-0.35457262,-0.72780156,-1.2221003,-1.5455776,-1.7585955,-2.0067039,-1.9206294,-1.8516352,-1.7700615,-1.3335412,-1.0674776,-1.307699,-1.7189119,-1.7232652,-1.9020855,-2.2472198,-2.1519804,-1.7861788,-0.2079868,1.2507293,2.0636933,2.5660405,3.0349228,3.0076966,2.942742,2.8128662,2.5023308,1.6945751,0.3731202,-0.45880815,-0.9910923,-1.5232406,-1.7304249,-1.6934336,-1.5165102,-1.0448155,-0.7612926,-0.38554832,0.22552603,0.81026053,0.8737298,0.6222202,0.36844736,0.6130272,1.0244254,1.036477,0.857325,0.60505766,0.391728,0.2545386,0.056255437,-0.28089428,-0.6274351,-0.79829973,-0.90845674,-1.1024983,-1.1161494,-1.0691938,-1.2033452,-1.3160373,-3.11754,-3.119688,-3.1196127,-3.119718,-3.119667
-2.5103045,-2.2431076,-1.8818572,-1.700385,-1.602899,-1.7194688,-1.7295222,-1.6282761,-1.1007562,-0.7052556,-0.8603917,-1.0544366,-0.7561058,-0.5973836,-0.9125624,-1.0088023,-0.93559754,-0.90465665,-1.2481009,-1.8244872,-2.106545,-2.1294837,-1.8858784,-1.2414612,-0.46492544,0.16363728,0.7655176,0.86091864,0.6841088,-0.12584093,-0.86242235,-1.2519289,-1.5841026,-1.8274848,-1.7683837,-1.152891,-0.3928481,0.6724802,2.307048,2.9922144,3.114618,2.7302217,2.045004,0.9849646,0.037257485,-0.6337651,-1.1512252,-1.2604117,-1.2524713,-1.4423407,-1.5426449,-1.4665201,-1.4136844,-1.3724482,-0.98863035,-0.5974377,-0.90959144,-1.6530786,-2.4770494,-3.2894256,-2.5264513,-1.5787299,-0.83332413,0.055954337,0.8898388,1.1439567,0.9102827,0.44241557,0.11388129,-0.05890006,-0.23292568,-0.31285483,-0.21459214,0.053112417,0.052823782,0.13281348,0.46881026,0.56607443,0.6333416,0.68923134,0.66508836,0.5986965,0.46872517,0.42925066,0.3853312,0.19836077,0.13154013,0.0875447,0.08282329,0.07646814,0.14142269,0.22536734,0.099570416,0.16069052,-0.6352844,-2.0589514,-2.0553617,-1.8630803,-1.2794216,-0.7069765,-0.08703166,0.18388253,0.46561903,0.63533896,0.7496817,1.0385507,0.46102706,-0.41985714,-1.4075028,-1.2650766,-1.2704327,-1.4970154,-1.5715015,-1.2237139,-1.0276138,-0.7535014,-0.5004071,-0.5001037,-0.45920804,-0.35506722,-0.30515873,-0.3545511,-0.50717825,-0.6011054,-0.35801828,0.1981748,0.7380829,0.7882136,0.1074757,-0.67780197,-0.7680594,-0.90495825,-1.4232464,-1.644892,-1.4510138,-0.40538365,0.34750825,0.92179996,1.3882728,1.7458568,1.7593215,1.717365,1.6470593,1.3893502,0.5931371,-0.12515096,-0.29025957,-0.4354708,-0.52953744,-0.4924158,-0.5316548,-0.52412033,-0.25317198,-0.07832313,0.49359006,1.2081692,1.648066,1.5733647,1.2365606,0.7844548,0.43322805,0.17964557,0.16739771,0.11542878,0.03687402,-0.21053879,-0.43037695,-0.7931756,-1.1105175,-1.1401956,-0.9921764,-0.730556,-0.55483186,-0.44641364,-0.5916802,-0.6918384,-0.7365384,-2.3469253,-2.3496735,-2.3495846,-2.3497057,-2.349638
-1.4483036,-1.4061878,-1.2311689,-1.0136653,-0.867082,-0.7653654,-0.5676224,-0.21325451,0.51325274,0.7554435,0.36473942,0.087859064,0.49983576,0.53155607,0.15756658,-0.029718861,0.08232677,-0.4088583,-0.66133106,-0.81414175,-1.111048,-1.033625,-0.975822,-0.77319235,-0.44528857,-0.07066839,0.28745252,0.037089944,-0.7163585,-1.4567252,-1.2897102,-0.56709796,0.02203399,0.17072919,-0.52832836,-0.9501298,-0.63710624,-0.33175796,-0.21560667,-0.4744638,-0.32300675,-0.4548703,-0.70131254,-0.9200598,-0.7432277,-0.6314579,-0.52222383,-0.57267517,-0.74654615,-1.2565573,-1.4087443,-1.3682396,-1.3172272,-1.2687443,-1.5201275,-1.8415895,-1.8924747,-1.9975907,-1.6558747,-1.7000208,-1.8280776,-1.4211818,-0.56916714,0.33213142,0.694283,0.65264,0.29204085,-0.20308182,-0.57288104,-0.88733166,-1.0922451,-1.2117348,-1.2129724,-0.9160776,0.033378035,0.9640423,1.155769,1.117964,1.1045189,1.0881604,1.1737939,1.1882955,1.2586701,1.2482235,1.239807,1.257499,1.2087388,1.0994916,0.9799161,0.9446692,0.9922175,1.1099284,1.0977571,1.0065302,0.27115983,-1.1712228,-1.116651,-0.90612996,-0.45122397,-0.4357923,-0.51671565,-0.6507507,-0.7662845,-0.7266426,-0.64878166,-0.5498947,-0.61990756,-0.42412072,-0.69859886,-0.5484021,-0.18389717,1.0345619,2.5536296,4.869207,7.2441716,8.964776,9.901912,10.500087,11.0457325,11.178093,11.134125,11.157743,11.1231,10.639846,9.439314,7.7147064,5.290262,3.4571726,2.0688725,0.4976695,-0.8061976,-1.7715875,-2.4396136,-2.9536119,-3.1222963,-2.4830947,-1.9508687,-1.2998691,-0.5758145,0.13746347,0.32310176,0.36912006,0.39152372,0.29064652,-0.13207418,-1.1036663,-1.9156907,-2.3758192,-2.6394565,-2.735405,-2.6435256,-2.3164988,-1.3992772,-1.0379018,-0.70725775,-0.6868708,-0.68703187,-0.73746073,-0.79209846,-0.8087506,-0.79526913,-0.8240334,-0.76346546,-0.71396,-0.582843,-0.41070324,-0.34188992,-0.51157224,-0.82164717,-1.0000818,-1.3131034,-1.4361522,-1.3920498,-1.325215,-1.1886559,-1.270014,-1.3071822,-0.86984897,-0.8689506,-0.8689749,-0.8689346,-0.86894953
3.6718407,3.4538178,3.0631905,2.772972,2.6653018,2.5402315,2.4391336,2.0893779,1.5840061,1.8725749,2.091743,1.704176,0.99370325,0.6716198,0.7816,0.74716043,0.94071186,1.8438933,3.7346728,5.745178,8.139318,9.440045,10.505457,11.140874,10.647231,9.617825,7.016406,4.629507,2.3144047,0.6358926,-0.3917665,-1.4951969,-1.4654413,-0.59710944,0.9022853,1.3611509,0.9980107,0.505139,-0.25045064,-0.5991067,-0.90738356,-1.0732927,-1.0498238,-0.8269328,-0.63221854,-0.40800363,0.012622029,0.047887415,0.083215296,0.3544609,0.25513017,-0.13700888,-0.4034438,-0.44719085,-0.34849334,-0.06118659,0.21670032,0.1991395,0.061503842,0.7392601,1.4342074,1.0371093,1.7646027,3.5582826,4.1046343,5.4044557,6.9834247,8.653449,10.206842,11.213048,11.673461,11.945467,11.940521,11.185353,9.564954,7.5611763,6.2640667,6.465335,5.9788446,5.9721622,5.600089,5.504049,4.8468747,4.4492245,4.0257154,3.2049284,2.8081698,2.3967628,2.1277332,1.915943,1.2669501,0.60270375,-0.024496898,-0.65125793,-0.73140395,-0.1922422,0.5565184,1.0540223,0.66414934,0.2005698,-0.2772006,-0.74341476,-0.80066854,-0.86644983,-0.9399433,-1.0533801,-1.710626,-1.6291686,-0.75574785,-0.59225875,-0.50038844,-0.06659508,0.69725573,0.95779586,0.7526182,0.3124018,-0.2620631,-0.7078717,-1.1603127,-1.1617253,-0.9095613,-0.7409352,-0.5921248,-0.69447845,-0.6321728,-0.18121862,-0.1182552,-0.3430108,-0.65524685,-0.84205425,-0.9201625,-1.0719459,-0.8837265,-0.47556883,-0.3229472,-0.6511875,-1.1106865,-1.3398751,-1.2178361,-1.0020099,-1.0081944,-1.1319394,-1.3239456,-1.6673151,-2.2508717,-2.2669134,-1.6281313,-1.1078761,-0.7570865,-0.4992516,-0.49083155,-0.7909621,-1.6445489,-1.9192262,-1.6146508,-1.4311154,-1.557469,-1.5884644,-1.6035666,-1.5871087,-1.4474447,-1.2918262,-1.098425,-1.0115818,-0.982378,-0.8516036,-0.6131501,-0.26598483,-0.10153775,-0.16075777,-0.13054925,-0.10530294,0.024016561,0.08608157,0.12304285,0.31506354,0.42583,1.4882264,1.4904857,1.4903905,1.4905101,1.4904342
-0.041222543,-0.06981853,-0.2245521,-0.30781364,-0.31733787,-0.4487767,-0.7893897,-1.1512239,-1.5252681,-1.904267,-2.0964532,-1.8444246,-1.9264476,-2.0853949,-1.8747478,-1.5113084,-1.5223302,-1.6078746,-1.5366635,-1.2497995,-0.8931997,-0.8674294,-1.113094,-1.3410461,-1.5423002,-1.7603438,-1.9885324,-2.0005865,-1.3170855,-0.44890156,0.1697604,1.3311378,1.4182631,1.629216,1.7779145,0.7899375,0.08477053,-0.3459093,-1.50334,-2.0330412,-2.0966496,-1.6834179,-1.3201652,-0.99881864,-0.97242284,-0.74245787,0.13501069,0.53698695,0.3955482,-0.13784778,-0.5426273,-0.79926074,-0.95185834,-1.045008,-0.93634355,-0.5271224,-0.2971412,-0.37751973,-0.8013444,-0.7732324,-1.2714225,-1.7883544,-1.8569448,-2.0032732,-2.326638,-2.15469,-1.5595775,-0.9378828,-0.60890687,-0.49655327,-0.3804948,-0.2974652,-0.23706323,-0.24553737,-0.49108124,-1.209873,-1.5816798,-1.4842188,-1.4951507,-1.3844464,-1.4190714,-1.4228716,-1.5135885,-1.4857333,-1.475247,-1.3983421,-1.3864028,-1.3665318,-1.4105422,-1.499721,-1.6985707,-1.7884077,-1.5019315,-0.3788451,0.08931084,0.15237872,0.18867372,0.19445783,0.039500117,-0.5102352,-1.2491374,-1.5889735,-1.686302,-1.6350313,-1.6454878,-1.7132947,-1.5694474,-1.0744705,-0.562085,-0.34977913,0.29467678,0.5115893,0.48527995,0.22345744,0.1325632,0.21968305,0.31388396,0.44975045,0.66301566,0.6755927,0.59995073,0.5034832,0.50159705,0.4172756,-0.12672955,-1.1091366,-1.9392545,-1.9383457,-1.4353466,-0.5014809,0.10482189,0.23434927,0.4094755,0.42582482,0.1939457,-0.6505015,-0.93878657,-1.2000169,-1.4850018,-1.6287491,-1.438729,-1.3488477,-1.3198657,-1.2308321,-0.8614746,-0.7731564,-0.054638967,0.6176393,0.84405404,0.7837298,0.69189775,0.2893492,-0.5293131,-1.0188789,-1.5740439,-2.1232276,-2.4847772,-2.466224,-2.0238369,-1.3364642,-1.0370836,-0.7121998,-0.36994633,-0.22272609,-0.50483525,-0.50584626,-0.22587413,0.39058837,0.8830147,0.92382103,0.57105285,0.21044081,0.0011228528,-0.16479552,-0.16988161,-0.12933277,-0.32412416,1.1652801,1.1673813,1.167323,1.1674058,1.1673888
-1.0474324,-1.0891623,-1.0644168,-1.0292224,-1.0962286,-1.1314526,-1.1155667,-1.1406231,-1.338786,-1.3480518,-0.8538674,-0.62614375,-0.7488895,-0.93352777,-0.8874085,-0.90767384,-0.8187158,-0.5592906,-0.6665026,-0.6194707,-0.41935855,-0.4231853,-0.4732752,-0.46751344,-0.7702966,-1.1907742,-1.745229,-1.9898458,-1.9846053,-1.2963107,-1.2343762,-2.0295818,-2.2457552,-2.3109896,-1.6344771,-1.225558,-1.3360571,-1.2295072,-0.97707486,-0.60984755,-0.63872236,-0.33954456,0.0422343,0.6430294,1.2864865,1.9563241,1.9769232,1.5937262,1.1567644,0.8728216,0.6373782,0.2626341,0.012285635,-0.21315053,-0.3835191,-0.13246356,0.9591997,1.7619411,1.8775861,1.0696554,-0.2145159,-0.85400045,-0.84584266,-0.5861064,-0.5614693,-0.4978517,-0.404715,-0.39368233,-0.69108975,-0.6291065,-0.45672494,-0.37995237,-0.42638463,-0.45146638,-0.3746813,-0.38587824,-0.361001,-0.28018558,-0.2401297,-0.19255899,-0.25963467,-0.26461944,-0.36633372,-0.4100327,-0.435768,-0.5567328,-0.61506134,-0.6969205,-0.78623116,-0.870942,-1.0575124,-1.17854,-1.2660387,-0.97696257,-0.8710048,-0.37351614,-0.5846161,-0.8841648,-1.450299,-1.4942564,-1.4585937,-1.5149009,-1.3958223,-1.294929,-1.2167673,-1.2669797,-1.3816781,-1.5787376,-1.7079349,-2.1200237,-2.4745917,-1.8189986,-1.5343517,-1.8282698,-1.8910805,-1.6832211,-1.3982583,-1.248973,-1.5910323,-1.9426785,-1.9405589,-1.8319952,-1.8601838,-1.9728041,-1.7787423,-1.5183277,-1.4921536,-1.5634763,-1.4890976,-1.2171897,-1.0415224,-1.3501705,-1.6049168,-1.2970276,-1.054389,-0.796013,-0.71996015,-0.6249083,-0.6750596,-0.61290133,-0.60434425,-0.7246851,-0.9400408,-1.0754716,-0.85681367,-0.19141713,0.4734882,0.7187974,0.8756405,0.9868096,0.6960516,0.4301411,-0.088089794,-0.3307544,-0.8556448,-1.2756393,-1.617069,-1.6609619,-1.5613954,-1.508902,-1.5104176,-1.62426,-1.8369765,-1.93351,-1.9017503,-1.8869183,-1.9559524,-1.7922605,-1.4618729,-1.3053684,-1.0041592,-0.8190127,-0.48989436,-0.39565545,-0.1681717,0.06816721,0.2254115,0.4811563,0.4822576,0.4822333,0.48226595,0.4822752
-2.3166788,-2.2935843,-2.2680717,-2.3434217,-2.3889728,-2.4265885,-2.6855662,-2.6943936,-2.7641945,-2.8674116,-2.5115914,-2.3144252,-2.5361228,-2.559567,-1.968733,-1.6794488,-2.001867,-2.1439166,-2.1136913,-1.8808104,-1.482736,-1.428427,-1.6633865,-1.8431528,-1.845571,-1.8621833,-2.2155557,-2.4052207,-2.10983,-1.5386348,-2.1428351,-2.768511,-3.0235968,-3.4096236,-3.4422963,-3.2363987,-3.1821127,-2.9251604,-2.4030247,-2.146441,-2.2635932,-2.0501614,-1.7581024,-1.4320426,-1.2486047,-0.93728256,-0.40055865,-0.0930046,-0.0011760443,-0.18613653,-0.42681742,-0.72440183,-1.0338151,-1.4040382,-1.9758784,-2.2979639,-1.70057,-1.5914996,-1.9614537,-1.8108065,-2.4163864,-2.582336,-2.5288415,-2.4684198,-2.5743713,-2.4357862,-2.092063,-2.0090787,-2.335225,-2.5454202,-2.5096176,-2.3988738,-2.1872733,-1.7547908,-1.0383666,-0.9360072,-1.1124914,-1.1055086,-1.1565673,-1.1695565,-1.2436886,-1.2351676,-1.377819,-1.4782689,-1.5297043,-1.686756,-1.7494594,-1.8008194,-1.8743804,-1.9775486,-2.239841,-2.5241117,-2.6285331,-2.06844,-2.0477986,-2.730521,-3.1862247,-3.5840302,-3.6996994,-3.2022803,-2.944017,-2.9508853,-2.9628866,-2.894918,-2.7769678,-2.6940646,-2.6033134,-2.5336604,-2.8994408,-3.4327016,-3.4635007,-2.9769156,-2.7414749,-3.1139038,-2.9710424,-2.5131762,-2.2963376,-2.468336,-3.1663108,-3.613728,-3.6327355,-3.53681,-3.3815303,-3.3194675,-3.2794266,-3.3996139,-3.7925668,-4.0324516,-3.984243,-3.561615,-3.3173137,-3.6748095,-3.8452964,-3.5489717,-3.2051733,-2.909799,-2.064216,-1.8387636,-1.8204099,-1.2561963,-0.7338195,-0.5557083,-0.45199767,-0.25253528,0.42809588,1.500777,2.180988,2.77388,3.2839437,3.4809065,3.1924367,2.6212611,1.2529191,0.49349776,-0.15140231,-0.9670608,-1.8450918,-2.3910408,-2.5232968,-2.3619266,-2.390917,-2.7067316,-3.0673614,-3.2782283,-3.4149866,-3.5933845,-3.763054,-3.9331622,-4.043011,-4.198814,-4.180664,-4.174594,-4.079476,-3.988261,-3.8213084,-3.7037237,-3.4681368,-3.5687702,-3.568873,-3.5688672,-3.5688777,-3.5688658
2.29777,3.290654,4.4814863,5.3526435,5.859579,6.519396,7.245882,8.511743,10.590985,11.7673435,12.619947,13.237961,13.423204,12.679695,10.516939,7.3423157,2.3732252,0.2129148,-0.1176479,-0.12700403,-0.3220522,-0.7083875,-1.0066469,-0.7663698,-0.46664026,-0.4587778,-0.94959617,-1.3400402,-1.758887,-1.7110857,-2.3657095,-3.1354253,-2.36014,-1.3370078,-0.4182904,-0.09509772,-0.23202032,-0.5587246,-1.0421498,-1.3466965,-1.5221748,-1.5779095,-1.5107361,-1.1845995,-0.8469007,-0.9541877,-1.2905306,-1.6512947,-2.2936108,-2.4941213,-2.3857512,-2.1619022,-1.7282429,-1.1342643,-0.5776408,-0.56350356,-1.2375765,-1.1955581,-0.8376663,-0.6644181,-0.77093685,-1.006451,-1.0322751,-0.92317003,-0.8290092,-0.69499147,-0.50526655,-0.11418098,0.27678925,0.55159235,0.7513171,0.852243,0.9291992,0.81488,0.17552254,-0.42635682,-0.8946121,-1.0438309,-1.1156411,-1.2086744,-1.2288659,-1.2051437,-1.1810805,-1.2804914,-1.3111167,-1.3303401,-1.3210702,-1.3226428,-1.3027136,-1.3043666,-1.3431805,-1.3449633,-1.1560214,-0.8266303,-1.1034569,-1.0962883,-0.77478325,-1.0056891,-1.7742887,-2.0168962,-1.7514338,-1.8898654,-2.0341742,-2.0900214,-2.0672202,-2.0963957,-2.2001767,-1.0785084,-0.34145093,-0.64206624,-1.2429838,-1.2529142,-1.2374891,-1.2141739,-1.196586,-0.99209505,-0.7768633,-0.7784255,-1.0532975,-1.1847155,-1.1371878,-1.1012328,-1.0345576,-1.0468146,-1.0455202,-0.8931223,-1.0327926,-1.3219402,-1.4308705,-0.9174763,-0.34993574,-0.07793081,0.05464977,0.16633597,0.25636378,0.32909223,0.23229313,0.36935878,0.2821321,-0.4217846,-0.9999833,-1.2579453,-1.3884372,-1.4800204,-2.086517,-2.1823492,-1.6780641,-1.2918332,-1.1418568,-1.0719235,-0.9493513,-1.0510517,-1.1248513,-0.9092987,-0.6596333,-0.7239282,-0.93199503,-0.9767009,-0.9924221,-0.8066137,-0.41495362,-0.11680795,-0.011982888,0.021543682,-0.1684833,-0.27624005,-0.27159664,-0.3668114,-0.6275398,-0.87458855,-0.9334209,-1.0012434,-1.150604,-1.2735101,-1.4910734,-1.4955181,-1.6890061,-1.1051664,-1.104625,-1.104645,-1.1046121,-1.1046374
-1.7456006,-1.6924263,-1.6147085,-1.6950608,-1.6718363,-1.6566563,-1.3595526,-0.808512,-0.20635521,-0.22875415,-0.7707298,-1.0101564,-0.7017583,-0.26603952,0.013124213,-0.24974412,-0.15272577,0.6573204,0.73332953,0.5378008,0.26472732,0.46916527,0.5786829,0.49185255,0.50593626,0.5791205,0.82702833,0.9015626,0.62647843,-0.31408072,-1.464975,-1.5019119,-1.5157585,-1.2733656,-1.2396448,-1.4227157,-1.7353635,-2.2978473,-2.2803698,-1.6415154,-1.0474429,-0.97105247,-1.1401669,-1.1895645,-1.1113281,-1.3204,-1.5763073,-1.5527077,-1.2488017,-0.90314174,-0.6520922,-0.7358101,-0.98988885,-1.0725352,-1.0252188,-1.13644,-1.2187749,-1.2574197,-1.4210713,-2.1480246,-1.6271143,-1.8124871,-2.2984347,-2.2161055,-1.8789684,-1.5012654,-1.2129502,-1.1333749,-0.99091655,-0.78996277,-0.7277533,-0.56060475,-0.32497516,-0.24276924,-0.4968888,-0.67385596,-0.65883833,-0.65608674,-0.54710853,-0.54833055,-0.4599141,-0.4484608,-0.34874195,-0.23705885,-0.17173871,-0.051622808,0.065951645,0.30777174,0.58335775,0.8310268,1.1718905,1.348761,1.0946616,0.05604349,-0.3939764,-0.9195533,-1.0410793,-0.71088326,-0.38700405,-0.6819321,-0.802102,-0.46082467,-0.35582244,-0.44403255,-0.5060582,-0.3364656,-0.49161303,-1.3870176,-1.7669171,-1.4742007,-1.3712916,-1.3578864,-1.3205314,-1.0222639,-1.0296171,-1.0504658,-1.0056984,-0.99059904,-1.0575343,-1.2130599,-1.211127,-1.1735498,-1.1536134,-0.8721282,-0.37147284,-0.0128597915,0.23543474,0.19704145,-0.44003814,-1.418529,-1.8056341,-1.6351125,-1.611726,-1.5660716,-1.3920071,-1.8738325,-1.9758079,-2.0673451,-2.145803,-1.7930722,-1.3994724,-1.1601927,-0.9626969,-0.73889446,-0.050525445,0.3727842,0.20670524,-0.035122693,-0.091430694,-0.009000331,-0.1248512,-0.2558484,-0.3237668,-0.37395534,-0.38898692,-0.34713566,-0.50353277,-0.9069593,-1.3823502,-1.8574297,-1.9109677,-1.8485992,-1.5503176,-1.3940331,-1.1966586,-1.1307095,-1.2422259,-1.572743,-1.774952,-1.7010245,-1.5150989,-1.2370182,-1.2004707,-1.1874094,-1.2943715,-1.4129171,-1.455621,-1.9309474,-1.9331903,-1.9331273,-1.9332358,-1.9331937
-4.675671,-4.630375,-4.6035523,-4.5713916,-4.4991407,-4.4250026,-4.507775,-4.381381,-4.260707,-4.1952467,-3.941022,-3.4558704,-3.5466666,-3.696157,-3.2629144,-2.9479263,-3.1209278,-3.0317047,-2.729797,-2.5125628,-2.3636968,-2.3865442,-2.4918847,-2.2833836,-1.9769237,-1.9971845,-2.4076164,-2.6868362,-2.6867313,-2.885789,-3.8748574,-3.9219942,-3.4277978,-2.8924851,-2.2546203,-2.3028672,-2.550084,-2.6596212,-2.701073,-2.5248609,-2.370383,-2.0541205,-1.772641,-1.4736705,-1.56729,-2.2018342,-2.4385333,-2.4773169,-2.9210932,-3.2692819,-3.2302184,-3.0131028,-2.8205252,-2.8029642,-3.1886125,-3.4439135,-3.5225432,-3.6356454,-3.56117,-3.419908,-3.912322,-4.118152,-4.0356956,-3.8208737,-3.856146,-3.5568008,-3.0547223,-2.7710006,-2.949902,-2.995494,-2.8557768,-2.6835217,-2.439271,-2.1980894,-2.187368,-2.4895988,-2.656829,-2.620136,-2.6467078,-2.6745222,-2.6743445,-2.6685529,-2.7662232,-2.8389626,-2.8682165,-2.9798534,-3.0405178,-3.0675516,-3.1154652,-3.1989958,-3.3722758,-3.5543778,-3.6346383,-3.2443419,-3.5767908,-4.086914,-4.0848093,-4.3048477,-4.520043,-4.332514,-3.9761834,-3.8025932,-3.7391565,-3.6122549,-3.4519641,-3.2557006,-3.1405482,-3.3592532,-3.8177166,-3.9129963,-3.5371797,-3.1786594,-2.79844,-2.8668137,-2.6121855,-2.0339177,-1.7525055,-2.0540342,-2.9023397,-3.4596725,-3.5746336,-3.5859149,-3.478666,-3.265674,-3.1628408,-3.468738,-4.135567,-4.489196,-4.5668173,-4.183485,-3.7555323,-3.5607047,-3.470994,-3.0974512,-2.7755942,-2.4942176,-1.3922,-1.1020062,-1.1893702,-0.92939407,-0.49456713,-0.28844485,-0.08039832,0.2440007,0.5846819,0.42997178,1.1064067,1.8263631,2.1792693,2.318415,2.2398067,1.664415,1.0210268,0.76526594,-0.0002976358,-1.3942242,-2.761057,-3.7006493,-4.0704064,-3.8308,-3.5447683,-3.5725608,-3.7900329,-3.9697518,-4.1600847,-4.3488245,-4.505794,-4.667939,-4.863158,-5.083583,-5.268444,-5.398495,-5.4965973,-5.511941,-5.5197754,-5.510123,-5.5222893,-4.3330736,-4.3317676,-4.3318,-4.331753,-4.3317647
0.42477697,0.3607133,0.16183397,0.005256325,-0.10976502,-0.18834332,-0.21036518,-0.6456644,-1.2087026,-0.95747924,-0.23714164,0.08125934,0.008167088,0.33845395,1.0430901,1.0446103,0.85766536,0.48833147,0.07262859,-0.028910488,0.14106783,0.054536372,-0.27913678,-0.6568934,-1.1777358,-1.5926759,-1.8624474,-1.8201729,-0.95159566,0.6702219,1.096978,0.4743487,0.05344695,-0.24542266,0.47500566,1.0588319,0.8369062,0.8192783,0.24645087,-0.010388643,-0.40843838,-0.123396695,0.19139338,0.3785407,0.034947753,0.5387752,1.4052739,1.594563,1.9015455,1.704929,1.1292231,0.61157215,0.30413374,0.07867895,0.23355277,2.1098948,6.410713,8.55852,10.320485,11.651373,10.849124,9.434492,8.061753,4.830706,2.6396484,1.1912118,0.5682653,0.54162157,0.45681435,0.39267635,0.34598452,0.20486939,-0.101898044,-0.3380821,-0.32196367,-0.30732453,-0.33300722,-0.24100229,-0.23694855,-0.23370561,-0.2856851,-0.27851897,-0.36596242,-0.37635133,-0.37337112,-0.28408962,-0.23429886,-0.20681038,-0.15662277,-0.135359,-0.3058863,-0.33034837,0.31135023,2.2029505,3.546947,4.062017,3.5798519,3.5224686,3.0679877,1.9662559,1.1174337,0.9472059,0.88743156,0.7881881,0.61361873,0.22636189,0.18134938,0.3006247,1.052885,0.6481899,0.1029405,0.26280057,0.23634896,-0.45843592,-0.6928971,-0.5575782,-0.40951252,-0.2797281,-0.4407327,-0.7250889,-0.7429409,-0.7242986,-0.7383679,-0.7397271,-0.7864081,-0.8695415,-0.8898703,-0.70073074,-0.1007126,0.22319889,0.13560718,0.3200717,0.8021455,0.86672956,0.46109986,-0.7062673,-1.7334476,-2.2589548,-2.5448246,-2.5009673,-2.3053026,-2.233504,-2.2054458,-2.0879033,-1.665997,-0.7337508,0.06956559,0.8093207,1.2444949,1.4082093,1.330241,1.1159023,0.17028624,-0.56516,-1.2794474,-1.6735876,-1.6035268,-1.1936654,-0.6822578,-0.28795895,-0.2699091,-0.3350095,-0.47233474,-0.5365939,-0.6746587,-0.7304972,-0.72883934,-0.64891565,-0.49641356,-0.4604739,-0.4990915,-0.6257987,-0.6858577,-0.67486125,-0.682203,-0.67942613,-0.7057606,-0.59065795,-0.5884847,-0.58855903,-0.58845997,-0.5885073
-1.9217834,-1.9853969,-2.0095086,-2.1187558,-2.205617,-2.2139828,-1.8954681,-1.0704972,0.04049917,0.6057944,0.3880933,0.12702002,0.42840064,0.77337664,0.55391246,-0.08603278,0.43224126,1.2308683,1.1947211,0.52414656,-0.0263374,0.18344925,1.0593945,2.4611104,3.318407,3.851756,4.4426107,4.438909,3.6908274,1.7234278,-0.25618863,-1.2328335,-1.1937845,-0.89480954,-0.3435539,0.15479532,0.4458419,0.60496294,1.3591442,1.9357423,2.0434065,1.4229277,0.6641965,-0.06549369,-0.8404136,-1.2617062,-1.249197,-0.96597266,-0.56065845,-0.44983083,-0.56876874,-0.6694542,-0.7208946,-0.6822004,-0.84333766,-1.135668,-1.3639196,-1.3352673,-1.2089149,-1.6437703,-0.94676757,-0.6483394,-0.41363174,0.06859572,0.42690572,0.5178865,0.2618147,-0.08286008,-0.15151978,-0.06752604,-0.028542668,0.022774398,-0.03483334,-0.09640023,-0.0461874,0.14833087,0.57181513,0.6372208,0.57822526,0.53560877,0.5879548,0.58057487,0.55385363,0.54681396,0.5650835,0.37522483,0.23992881,0.1666418,0.07519925,0.016157389,0.16536695,0.18406056,-0.18554536,-1.1599165,-1.4430462,-1.4272643,-0.89772564,-0.1370573,0.6188368,0.78180766,0.81454194,0.78603077,0.6190271,0.2532166,-0.14390466,-0.45299637,0.058545858,-0.24947275,-0.6904821,-0.6055399,-0.24307063,-0.030104935,-0.07954043,0.019724995,-0.28394455,-0.8585841,-1.1312039,-1.0993394,-0.5928632,0.062440306,0.31344497,0.33228937,-0.18518415,-0.90954566,-1.2378294,-1.112262,-0.7705958,-0.92036945,-1.7886004,-2.6441622,-2.5165548,-1.9736242,-1.9109528,-2.0302997,-1.9090514,-2.2082148,-2.1412396,-1.7661142,-1.4655684,-0.9502513,-0.7198744,-0.6166415,-0.5568773,-0.5720017,-0.6785412,-1.4390752,-1.9744111,-2.2935464,-2.2417953,-2.0180087,-1.9427991,-1.7799188,-0.8795723,-0.12857848,0.54102933,0.97920495,0.7291972,0.36931914,-0.31434536,-1.3394772,-1.8206787,-1.8875782,-1.5560985,-1.347107,-1.1349179,-0.9553715,-0.95968616,-1.1305778,-1.4715849,-1.5349014,-1.6332583,-1.6577897,-1.639569,-1.518815,-1.3862904,-1.458982,-1.4176416,-1.63489,-1.6369598,-1.6368924,-1.6369864,-1.6369493
-1.6863928,-1.6557295,-1.6769958,-1.7568182,-1.7875321,-1.7883029,-1.8423195,-1.9324937,-2.0476635,-2.0004447,-1.8201177,-1.5894767,-1.6578536,-1.584521,-1.2289562,-0.9773546,-0.9270489,-0.7614519,-0.45066592,-0.38516062,-0.1821385,-0.090607405,-0.12105298,-0.10488033,-0.23219995,-0.508644,-1.2052281,-1.6246053,-2.0027413,-2.0959513,-2.5620503,-2.7059045,-2.2432423,-1.4423,0.16249144,0.55409026,-0.08453417,-1.2539355,-2.1597219,-2.3216848,-2.3149872,-2.1588712,-1.9779754,-1.7502897,-1.4905742,-1.7150395,-1.7422035,-1.6780099,-1.7435291,-1.7311447,-1.5902625,-1.2760007,-0.9502026,-0.7225397,-0.6971066,-1.1291223,-1.8835194,-2.072587,-1.733904,-1.6714998,-1.844415,-2.3057885,-2.791502,-3.037992,-3.1865764,-3.0911918,-2.754002,-2.2011817,-1.5678984,-1.1827023,-0.98074627,-0.7636517,-0.42704108,-0.3389675,-0.6573125,-0.9128866,-1.069129,-1.0555625,-1.0285639,-1.0390952,-1.0275137,-1.0281754,-1.0791149,-1.1182897,-1.1510663,-1.2367593,-1.247375,-1.2016515,-1.1526451,-1.0955698,-1.0267197,-0.9373592,-1.0271528,-0.94190836,-1.3671701,-1.9448878,-1.6283934,-1.6328739,-1.9347833,-2.2900438,-2.4085996,-2.6323614,-2.8260682,-2.9211724,-2.93688,-2.8752723,-2.7523143,-2.1409729,-1.7601421,-1.4729521,-1.0701745,-0.4343962,0.25497997,0.59581614,0.68417096,0.40807992,-0.006944932,-0.41878086,-0.9626138,-1.1526561,-1.1581085,-1.1669601,-1.3547442,-1.607749,-1.8356903,-2.0283415,-2.4643598,-2.8410473,-3.2536745,-3.5266998,-3.5405548,-3.078267,-2.2868333,-1.3453188,-0.74840903,-0.32148573,0.5068784,0.7724515,0.7133549,0.64894134,0.49680352,0.39013922,0.25554878,0.068723425,-0.24656539,-0.5715878,-0.84773386,-1.0741794,-1.0799099,-0.86238444,-0.8434284,-1.0968721,-1.3468968,-1.3447114,-1.2831855,-1.285877,-1.4055647,-1.6470523,-1.8850213,-1.9706299,-1.8097396,-1.7868563,-1.8055335,-1.8473067,-1.9504437,-2.116489,-2.273426,-2.4981077,-2.677043,-2.7253242,-2.6070251,-2.4993498,-2.473902,-2.4923737,-2.561448,-2.6023161,-2.640479,-1.5654765,-1.5646721,-1.5646894,-1.5646613,-1.5646708
-1.6560082,-1.5139649,-1.1651154,-0.85155725,-0.6650667,-0.621482,-0.096337765,0.6012058,1.5087008,1.9008113,1.7117676,1.5965014,1.6835713,1.4924161,0.62779,0.12991926,0.15611848,0.38556367,0.23908576,0.19395632,0.0032785535,0.1947896,0.5795714,0.9255659,1.3534119,1.6404823,1.8954368,1.7621377,1.328581,0.7795113,0.9939597,1.0114003,0.39326495,0.059345573,1.0826727,2.9461236,5.0554833,7.761588,10.153274,11.024076,11.179992,10.748795,10.229694,9.3816595,8.326286,6.2387023,2.7356386,1.179153,0.13756835,0.22840759,0.51847154,0.60773456,0.58780766,0.49815,0.31847814,0.29539597,0.20159897,0.19005361,0.72003555,2.1423697,5.3122425,8.292529,9.522645,10.062422,10.356231,10.222286,9.602856,8.364613,6.44493,4.218213,2.9430337,2.0556521,1.4270912,1.2959919,1.0380163,1.5625051,2.003325,1.8501797,1.8491905,1.7454768,1.9017482,1.9090288,2.1491475,2.234398,2.3237267,2.4311242,2.5195966,2.5523057,2.6654162,2.7918372,2.9753575,2.8399925,2.4988017,0.9960314,0.7818156,0.9884335,1.5485805,3.1362448,5.666086,8.076929,9.56612,10.786698,11.439331,11.750195,11.942435,12.018524,11.029772,8.487108,3.2715168,0.7942481,-0.29219198,-0.23900434,0.16476583,0.92872775,0.98332715,0.576747,0.35572377,0.53903604,1.3052881,2.0761962,2.565927,2.9932249,4.53456,6.6300964,8.548099,9.932793,10.928658,11.096103,10.702124,9.656819,8.2674675,6.2525177,3.630681,1.3814843,0.9151215,1.6925485,0.57850194,-0.42916098,-0.7268163,-0.85386133,-0.78234994,-0.698689,-0.59804463,-0.4662056,-0.24762836,-0.08064029,-0.231851,-0.18912607,0.38465318,0.86941946,1.9662821,4.144328,7.5922446,9.099653,10.1015,10.736283,10.891989,10.527697,9.825394,8.649842,7.1348286,4.9485936,2.9736712,2.0501752,2.0600674,1.4853992,0.7271881,-0.22057633,-0.76314974,-0.83417106,-0.7925576,-0.6109086,-0.637092,-0.73717135,-0.75653833,-0.85298777,-0.6900457,-0.58931243,-0.5918198,-0.591732,-0.5918522,-0.591779
-1.7407402,-1.6920506,-1.6696848,-1.4558359,-1.2803981,-0.9499585,-0.8743624,-0.9388863,-1.0076951,-0.5242667,0.24555415,0.5956775,0.45547587,0.102386,0.34776837,1.2504625,1.1257632,0.07718447,-0.56303185,-1.0550988,-1.4492136,-1.6221169,-1.8506377,-2.1205733,-2.1508012,-2.071108,-2.0501065,-1.7784683,-1.1039944,-0.7461313,-0.8645942,-0.74606824,-0.0143515095,0.46273255,-0.13806137,-0.85955924,-1.280765,-1.57902,-2.0075593,-2.2598505,-2.3865986,-2.2523017,-2.0487938,-1.864939,-2.1840043,-2.92261,-3.4019208,-3.339799,-3.2257738,-2.8455307,-2.5792928,-2.3287745,-2.06952,-1.7824905,-1.8160801,-2.2938774,-2.759664,-2.681725,-1.8599358,-0.31825614,-0.4817276,-0.9518286,-1.2760489,-1.9210497,-2.2640774,-2.3913343,-2.2995558,-1.9710758,-1.7992709,-1.6140027,-1.4963526,-1.4959658,-1.5425302,-1.5515151,-1.3744549,-1.199083,-1.3135384,-1.4195857,-1.4136628,-1.4539922,-1.4018137,-1.3631679,-1.2624031,-1.2381276,-1.1870136,-1.0090393,-0.93757105,-0.8362558,-0.7778508,-0.7746294,-0.7658008,-0.69042355,-0.34661546,-0.056960657,-1.1602256,-1.4136977,-0.7385671,-1.1983247,-2.0012527,-2.2795,-2.0084815,-1.7170154,-1.5533109,-1.4396491,-1.3763678,-1.5342168,-1.9356989,-2.1725192,-1.9483956,-1.3595754,-0.8408419,-0.68805677,-1.1859491,-1.870435,-1.8366919,-1.3567799,-0.81119275,-0.35759658,-0.0011565937,0.05891055,-0.04562889,-0.17051654,-0.30712876,-0.4411077,-0.7058941,-1.052998,-1.2184192,-0.74169886,1.1097258,4.7133727,7.567244,9.689452,11.143566,11.842846,12.138285,11.470318,10.061733,8.101469,5.5073447,1.8760638,0.055933148,-0.5997258,-0.94671506,-1.1082017,-1.5160803,-1.6610656,-1.3641675,-1.1672442,-1.3236445,-1.5592108,-1.5811355,-1.8007641,-1.8904531,-1.8623774,-2.21596,-2.7248712,-2.764495,-2.4272213,-1.8374754,-1.0312148,-0.51809156,-0.19385546,-0.17806211,-0.2170287,-0.35014316,-0.41456762,-0.4177882,-0.30842882,-0.39154238,-0.5956755,-0.8925248,-1.1537074,-1.4360206,-1.4770898,-1.604612,-1.7907252,-1.9758662,-0.40835926,-0.40602303,-0.40608388,-0.40598577,-0.4060354
-2.2818887,-2.3292365,-2.2832668,-2.160186,-2.1499488,-1.9622555,-1.8823731,-1.9396714,-2.5050986,-2.4833674,-1.8079243,-1.8036568,-2.3156438,-2.6678004,-2.2027433,-1.4405462,-0.98586786,-0.97524333,-1.1545026,-1.2220398,-0.822811,-0.58146894,-0.42144743,-0.21945262,-0.20965666,-0.5009434,-1.191971,-1.4899559,-1.1593323,-0.48558307,-0.46559274,-0.8995695,-0.7793281,-0.8677856,-1.2393005,-1.3170466,-1.537348,-1.4811904,-1.6055979,-1.3638811,-1.3707317,-1.0599614,-0.7380401,-0.4313485,-0.5171759,-0.77136767,-0.68343997,-0.35072404,0.14473116,0.0891906,-0.23815966,-0.6335442,-1.0958486,-1.6252944,-2.1974132,-2.4613824,-1.6299977,-0.7602828,-0.31579733,-0.5540991,-1.5890695,-1.7602007,-1.465565,-1.1156499,-1.024691,-0.9401152,-0.9917778,-1.1414224,-1.6116865,-1.6806839,-1.6034627,-1.6294492,-1.7926269,-1.8662164,-1.7468154,-1.7446904,-1.9006784,-1.90412,-1.9713404,-1.9885747,-2.05368,-2.0396924,-2.12244,-2.2059793,-2.2748938,-2.4065585,-2.4849327,-2.5702991,-2.6313038,-2.7199402,-2.9746048,-3.2030537,-3.1656194,-2.7438264,-1.9140221,-0.5325215,-0.5484307,-0.74666846,-1.2324578,-1.6740658,-2.2669291,-2.637496,-2.5569377,-2.364901,-2.154282,-1.8658204,-1.9122051,-2.5087905,-3.0112944,-2.7090998,-2.030112,-1.1043813,-1.2894294,-1.7897317,-1.9036424,-1.7678874,-1.7767804,-1.8668098,-2.1263657,-2.2387094,-2.122398,-2.031333,-1.9366866,-1.8203068,-1.5480154,-1.518401,-1.5509689,-1.3577608,-0.51946527,0.67710775,1.0660772,0.5273539,0.16798961,0.58644533,1.1271979,1.5365688,1.3233781,0.4806302,-0.22235717,-1.2847955,-2.0314927,-2.3798378,-2.5927002,-2.5968938,-2.2984843,-1.8813156,-1.6854792,-1.4872953,-1.4743048,-1.6225034,-1.9209435,-2.1971824,-2.3723445,-2.1808763,-2.3155754,-2.5474672,-2.52555,-2.1851888,-1.6854956,-1.385492,-1.5944339,-1.8845251,-2.194968,-2.343357,-2.4045181,-2.4532485,-2.51939,-2.351535,-2.1474843,-2.166233,-2.0609918,-1.9000316,-1.5580148,-1.3377569,-1.0827143,-0.8752439,-0.69912106,-1.0735472,-1.0721782,-1.0722293,-1.0721588,-1.0722126
-2.3559227,-2.3816285,-2.4123595,-2.4402995,-2.461288,-2.423112,-2.4093566,-2.3242965,-2.310121,-2.2516046,-1.8126115,-1.7152598,-2.4599001,-3.3025827,-3.2842245,-2.7638338,-2.423547,-2.5800235,-2.733555,-2.6051369,-2.3726354,-2.3825989,-2.5920336,-2.5228698,-2.2875679,-2.2032304,-2.5540862,-2.7552056,-2.339508,-1.2552495,-1.132749,-1.6769298,-1.6458025,-1.2984687,-1.1773233,-1.3418448,-1.7408721,-1.9814179,-1.581743,-0.34564915,1.081975,2.9456644,4.4704127,6.34027,8.088278,9.802034,10.269247,9.502954,7.3992743,4.17783,1.9142339,0.6247129,-0.2098962,-0.99910694,-1.8462629,-2.0666504,-1.3513416,-1.2540665,-1.6437948,-1.8492675,-2.8992472,-3.3099122,-3.0808413,-2.683661,-2.6944861,-2.595326,-2.3863733,-2.1948152,-2.330294,-2.2124488,-1.966136,-1.756315,-1.6219862,-1.7187483,-1.6545429,-1.9481187,-2.1535625,-2.105851,-2.0984826,-2.0538588,-2.1194777,-2.084788,-2.165783,-2.2368443,-2.2616105,-2.3180423,-2.3669968,-2.4607553,-2.5955577,-2.738796,-3.0314665,-3.4293303,-3.5562677,-3.092611,-2.3476315,-1.5027359,-1.7913024,-2.074647,-2.5333023,-2.8901143,-3.4401112,-3.7576926,-3.6950848,-3.561462,-3.449891,-3.3289647,-2.7633314,-2.2789052,-2.3419347,-2.4664114,-2.044191,-1.3854959,-1.0493683,-1.5627581,-1.8966963,-1.9847016,-2.0237386,-2.098752,-2.189741,-2.1993508,-2.1751559,-2.1376247,-2.2285717,-2.3282788,-2.2357357,-2.3786106,-2.9584792,-3.2783089,-3.1864402,-2.570353,-2.045731,-1.7900649,-1.446733,-0.89702475,-0.74077666,-1.1892585,-1.3069881,-1.5668046,-1.9927152,-2.3285909,-2.3315403,-2.304221,-2.2634473,-2.1909394,-1.9016697,-1.5246183,-0.98981637,-0.5014187,-0.40161362,-0.53806746,-0.8486785,-1.4115516,-2.0115633,-1.9323543,-1.9874499,-2.2991462,-2.7468266,-2.948873,-2.9147744,-3.0332544,-3.2987828,-3.4825203,-3.4663348,-3.3743184,-3.397348,-3.276582,-3.056306,-2.595455,-2.1783414,-2.0869832,-2.0910416,-2.18234,-2.1765294,-2.0942478,-2.079607,-2.0315628,-2.0955288,-1.7854207,-1.7837168,-1.7837503,-1.7836916,-1.7836906
-1.5585723,-1.4597933,-1.3191746,-1.0583355,-0.78162014,-0.3727845,0.08868319,0.33840662,0.044340134,0.51657045,1.2337978,1.3638805,0.55197704,0.0186104,0.3097956,1.4365828,1.6609775,0.7126798,0.36268842,0.29751295,0.27563813,0.04233882,-0.3268812,-0.18731233,-0.027786613,-0.12947896,-0.7343168,-0.9749508,-0.95806766,-0.89549375,-1.2953106,-1.3240778,-0.37413967,0.77538025,1.9949896,2.0985894,1.5513437,0.64498496,-0.19585279,-0.06826173,0.0069739744,0.24157357,0.6247601,1.2891207,1.8457985,2.6528418,2.9724376,2.5534973,1.7209909,0.40904012,-0.7014843,-1.4022069,-1.6132363,-1.5008407,-1.1382588,-0.76576144,-0.6072822,-0.708463,-0.27565527,1.3222239,1.0675386,0.08688855,-0.43487275,-0.9684881,-1.130365,-1.0713317,-0.9306648,-0.42398328,0.123356745,0.6056622,0.8496049,1.009267,1.086941,0.7224711,0.11383633,-0.45163465,-0.7937611,-0.828154,-0.9422314,-0.9595633,-1.0036083,-0.98742574,-1.0987341,-1.2216153,-1.2572488,-1.3232659,-1.3862246,-1.4652292,-1.5559262,-1.63022,-1.7667055,-1.8337873,-1.5438434,-0.53500164,-0.4463728,-0.13626008,0.2713558,0.45440164,-0.29772875,-1.1437273,-1.9286566,-2.2236295,-2.0838866,-1.9300158,-1.9257934,-1.9735675,-1.3529129,-0.5474901,-0.47904333,-0.3723598,-0.6189771,-0.28208464,0.34942624,0.2587128,-0.08996219,-0.2267001,-0.010524951,0.4054935,1.1814255,1.8304338,1.9823754,2.0018215,1.7718539,1.1487772,0.47613454,0.013039887,-0.5644012,-0.98396295,-0.8568853,-0.12518026,0.26989385,0.31963903,0.7539309,1.2281307,1.2733551,-0.08522652,-1.2653215,-1.7679653,-2.2694352,-2.9671638,-3.1225739,-3.0960617,-3.0359251,-2.9209218,-2.6029334,-2.1434784,-1.5671489,-1.0291624,-0.7966017,-0.7799386,-0.6212349,-0.8703898,-1.259223,-1.150631,-0.90538394,-0.9657878,-1.2235758,-1.2851759,-1.2892969,-1.2599441,-1.2102077,-1.3147782,-1.3660235,-1.3457587,-1.4730115,-1.4743043,-1.4768163,-1.4212613,-1.5087862,-1.6369071,-1.625543,-1.6552101,-1.6181278,-1.6469952,-1.7135549,-1.6612417,-1.7729824,-0.6562879,-0.6540616,-0.6541165,-0.6540192,-0.65404177
-1.739397,-1.3989792,-1.0321184,-0.8359234,-0.72462046,-0.84768575,-0.8931596,-0.82894933,-0.16063803,0.51486254,0.69328725,0.8320159,1.1364963,0.8600538,-0.07644796,-0.8867321,-1.4801431,-1.8315902,-2.054237,-2.29969,-2.3722267,-2.2718575,-2.098157,-1.7898722,-1.2424839,-0.8745258,-0.56591624,-0.31833592,-0.042715013,-0.2759362,-0.58413506,-0.81237805,-1.5612948,-1.9211183,-2.1333988,-1.8615026,-1.6075821,-1.4413058,-0.4886598,0.32207292,0.95779634,0.76848406,0.20494288,-0.5887958,-1.1905731,-1.440566,-1.3354493,-1.2590041,-1.3352487,-1.4565105,-1.2998267,-0.8707659,-0.4608294,-0.12569544,0.31664455,0.33406618,-0.19977783,-0.59186494,-1.3683071,-3.0688696,-2.9481864,-2.14358,-1.4355997,-0.77019197,-0.4408656,-0.6984888,-1.2922046,-1.8834751,-2.280433,-2.2750595,-2.2137475,-2.1852922,-2.0777607,-1.9059124,-2.0982118,-2.048647,-1.6467234,-1.4172633,-1.2643464,-1.1924579,-1.1778679,-1.2130313,-1.2819276,-1.2409263,-1.2168453,-1.1888533,-1.1781566,-1.2427711,-1.3174541,-1.3539251,-1.3148828,-1.1650642,-1.1020243,-0.86445343,-1.4771163,-2.7607155,-2.8215609,-2.7411375,-2.4728737,-2.0759296,-1.5966973,-1.4787738,-1.4675376,-1.4519429,-1.5183167,-1.5655487,-1.7606848,-2.1868467,-2.1409118,-1.8097668,-1.9670736,-2.3279314,-2.1149683,-1.3205419,-0.57196355,0.2269943,0.7382676,0.7848436,0.295262,-0.3558073,-0.6483861,-0.8409129,-1.3310882,-1.6666708,-1.4059417,-0.59302986,0.102573946,0.11869499,-0.57361495,-1.1306534,-1.0339693,-1.1888475,-1.5274115,-1.4097025,-0.93419886,0.3046478,0.43854654,0.13780324,-0.0061448365,0.13499425,0.27238947,0.34839863,0.38658404,0.24240263,-0.3614263,-0.92465043,-1.0626638,-1.2126852,-1.499564,-1.6166309,-1.6501603,-1.6673006,-1.3501165,-0.97642416,-0.29773182,0.6310674,1.2356334,1.2920557,1.0543053,0.37119606,-0.070374295,-0.09086636,0.2247872,0.3992128,0.4220472,0.4015561,0.38789678,0.19308785,-0.039826088,-0.0986698,-0.03020208,0.21889636,0.38598645,0.48216146,0.22500107,0.08949994,-0.25352314,-1.2099388,-1.2108164,-1.2107898,-1.2108362,-1.2108049
-3.1101327,-3.0874255,-3.0732806,-2.9656105,-2.8591044,-2.7452543,-2.7860274,-2.7399724,-2.2277327,-2.0129132,-1.7768505,-1.4389925,-1.3167024,-1.4314247,-1.359314,-1.3604717,-1.6440563,-1.7388234,-1.8285081,-1.6976211,-1.8066044,-1.8941231,-1.9030347,-1.8617194,-1.9927486,-2.1076574,-2.2531645,-2.2070236,-2.0259695,-1.4957689,-0.9435205,0.0287624,0.52453965,0.6955163,0.5474498,-0.42510352,-1.038302,-1.5122912,-2.1909509,-2.5094142,-2.5493252,-2.258709,-2.0164862,-1.6930323,-1.5281081,-1.6775835,-1.7207828,-1.832432,-2.2095008,-2.13081,-1.703685,-1.303355,-0.9337676,-0.683583,-0.88764215,-1.2518348,-1.6474042,-1.7741168,-1.2808938,-1.1888653,-2.0664117,-2.5580142,-2.7472134,-2.8546891,-2.881623,-2.7363515,-2.3605282,-1.8393662,-1.3399066,-0.96829605,-0.7608865,-0.6590425,-0.72808194,-0.9954515,-1.1967897,-1.4340436,-1.4408605,-1.3223511,-1.2459396,-1.1877127,-1.1936407,-1.2123736,-1.2755631,-1.2626677,-1.2435545,-1.1906853,-1.1525086,-1.1031152,-1.095948,-1.1143361,-1.1294575,-1.0570837,-0.96627945,-0.6951389,-1.4921514,-1.4313557,-1.1163292,-1.6564083,-2.1734676,-2.0729601,-1.6289773,-1.5308145,-1.6166416,-1.6581151,-1.7117339,-2.0358582,-2.0634425,-1.5419582,-0.78302497,-0.9714567,-1.0321759,-0.3678887,0.014174178,-0.34365246,-0.43297794,-0.34444585,-0.1280332,0.0988815,0.064064115,-0.30409256,-0.64725006,-0.85522854,-1.2435191,-1.5707299,-1.9624984,-2.2721078,-2.3999326,-2.2789524,-1.6134568,-0.441495,0.2131755,0.48850387,0.7834396,1.1817307,1.149014,0.99677074,1.6144092,2.050507,1.594805,0.24277379,-0.6098734,-0.9578311,-1.2150254,-1.455384,-1.7576807,-1.671891,-1.107485,-0.9324498,-0.98372126,-1.0086694,-1.2069075,-1.7863327,-2.4551876,-2.6438677,-2.9709253,-3.1939468,-3.0085118,-2.6775584,-2.3005114,-1.8752484,-1.53732,-1.3909178,-1.3785342,-1.3749541,-1.4040332,-1.414741,-1.3855954,-1.3491867,-1.3991883,-1.502832,-1.675009,-1.8919342,-2.2321262,-2.373095,-2.523542,-2.7044191,-2.8218164,-1.8500143,-1.8487988,-1.8488212,-1.848783,-1.8487867
-1.5098959,-1.3930786,-1.1345092,-0.8912039,-0.81636035,-0.5759824,-0.47638205,-0.6625265,-0.77172095,-0.6262764,-0.30024856,0.10503965,0.30797374,0.26058537,0.54615825,1.1307019,-0.08032068,-1.3130975,-1.141982,-0.25247812,-0.010905217,-0.68219894,-1.5214202,-2.139486,-2.187235,-2.1055675,-1.5777124,-1.19717,-1.1456786,-1.7362268,-2.4187498,-2.9122171,-2.1942058,-1.6870654,-1.208635,-0.64578116,-0.52833533,-0.66141003,-1.226041,-1.6650745,-1.7192118,-1.7252271,-1.6415088,-1.2977407,-0.75899416,-0.46916983,-0.39873198,-0.33824268,-0.3905818,-1.0825737,-1.4542081,-1.4192183,-1.1712718,-0.77404547,-0.26824683,-0.07100369,-0.10652457,0.4249415,1.0087237,-0.006461761,-0.86041594,-1.3552938,-1.5671529,-1.6740184,-1.5743678,-1.4696007,-1.4548589,-1.3299087,-1.1863832,-1.0833341,-0.9968089,-0.8196217,-0.37440622,-0.055819377,-0.17283307,-0.09128159,0.032297134,-0.058103323,-0.112558305,-0.18898845,-0.1764637,-0.163439,-0.1458708,-0.17570183,-0.19610551,-0.15877053,-0.15304145,-0.22977966,-0.3278741,-0.35508716,-0.27851272,0.020175517,0.1938502,-0.26844743,-0.7955811,-0.97119105,-0.52284867,-0.41784394,-0.41041166,-0.5665592,-0.85366595,-1.0349048,-0.9552858,-0.81328106,-0.7297399,-0.76870716,-0.8236978,-0.592034,-0.52932644,-0.59373456,-0.4956803,-0.7536684,-1.1252463,-1.1903174,-1.2727823,-1.3160233,-1.1086357,-0.8306773,-0.21981308,0.08916411,0.04492951,0.009619661,0.14322177,0.281179,-0.0019299462,-0.51438016,-0.9327043,-1.166665,-1.3902265,-1.6464757,-1.8402886,-1.5451835,-1.0610824,-0.6211177,-0.28369936,0.09831637,0.17291239,0.45129433,0.801854,1.1726673,1.147208,1.0460701,0.93342876,0.6346296,-0.16385171,-0.49754667,-0.85903865,-1.3092936,-1.7428745,-1.8563104,-1.8027762,-1.7172468,-1.4814788,-1.2339123,-0.4783822,0.8652824,2.9200754,5.3766403,7.675769,9.476156,10.555685,11.4561615,12.047083,12.195066,12.182696,12.161707,12.043594,11.630114,11.002977,10.470317,9.950676,9.448558,8.90493,8.783813,8.628073,8.400619,8.182171,5.963975,5.9605722,5.9607153,5.9605217,5.960654
-2.2720015,-2.3614404,-2.5656216,-2.7110994,-2.6879568,-2.6247578,-2.8740196,-2.8989308,-2.8705006,-2.9344146,-2.8060513,-2.491847,-2.5424042,-2.6515803,-2.3665032,-2.0879655,-2.1864262,-2.228588,-2.2517674,-2.1351852,-2.0046232,-1.9294459,-1.9536097,-2.0410318,-2.1455443,-2.1598418,-2.3450036,-2.2444582,-1.6832339,-1.0896165,-1.2261789,-0.3160569,0.21855456,0.18988514,-0.39502215,-1.41211,-1.6953784,-1.6182323,-1.473393,-1.6282668,-1.923984,-1.848007,-1.6810524,-1.595406,-1.9814701,-2.4797797,-2.3111491,-1.9410366,-1.7443419,-1.5136895,-1.3131711,-1.1888504,-1.1504202,-1.2625489,-1.7621719,-2.138239,-2.3508582,-2.5747616,-2.3423147,-1.3255349,-1.5652328,-1.8145547,-2.1310432,-2.7797084,-3.1735463,-3.1077452,-2.614017,-2.100877,-1.8582383,-1.9114945,-1.9065851,-1.9137039,-1.922704,-1.8858621,-1.693395,-1.8671842,-2.0015965,-1.926954,-1.9037627,-1.883671,-1.8944187,-1.8897048,-1.9456398,-1.9481528,-1.9397879,-1.8743942,-1.8190081,-1.7441292,-1.7188512,-1.7512066,-1.8562057,-1.9449894,-1.7809275,-0.6923051,-0.95143104,-1.611744,-1.5403328,-1.9353935,-2.1696124,-1.6883311,-0.9356256,-0.65638727,-0.8192563,-0.9254409,-0.96647215,-1.2371533,-1.6636374,-2.0146399,-2.1317272,-1.961323,-0.947989,-0.059491605,0.22539905,-0.4122777,-0.52330667,-0.20941022,-0.039125398,-0.33467063,-1.1629808,-1.8468047,-2.1213188,-2.2173078,-2.2993855,-2.4300184,-2.888948,-3.3642428,-3.6754494,-3.682161,-3.314671,-2.4808457,-1.872051,-1.2995658,-0.7124617,-0.35418457,-0.4055447,-0.5921366,0.4296059,0.91232646,0.7675046,0.31224924,0.09497249,0.008499116,-0.04225591,-0.06400928,-0.19305302,-0.28932887,0.08496341,0.4265234,0.5096827,0.47169042,0.31781888,-0.22091225,-0.9154526,-1.0360525,-1.1828473,-1.7383124,-2.3256726,-2.786579,-2.936798,-2.6702964,-2.4511049,-2.4618979,-2.5546076,-2.6235924,-2.730882,-2.8300302,-2.8758085,-2.9511018,-3.106141,-3.3065915,-3.5293403,-3.6983426,-3.8958716,-3.892928,-3.915339,-3.9679828,-3.900762,-3.1100373,-3.1097686,-3.1097682,-3.1097665,-3.1097636
-3.040884,-2.795217,-2.5496361,-2.4636974,-2.4313164,-2.451818,-2.5349934,-2.5813289,-2.1481524,-1.7787583,-1.4908278,-1.135107,-1.1104645,-1.478265,-1.8323013,-2.1140113,-2.7196624,-2.560193,-2.6293697,-2.633029,-2.7103338,-2.7180586,-2.7507966,-2.66228,-2.3474445,-2.2205665,-2.3017476,-2.340469,-2.3267188,-2.1745563,-2.8243332,-2.6572042,-2.3889222,-2.1910899,-2.4069364,-2.579877,-2.995719,-3.4903483,-3.5616717,-3.5527887,-3.3424766,-3.2834058,-3.2710419,-3.171503,-2.7909794,-2.4780023,-1.9761807,-1.8668206,-2.0964348,-2.3235571,-2.1151845,-1.74196,-1.4388434,-1.2688792,-1.5809888,-2.293458,-2.6983085,-2.6737707,-2.8155892,-3.70189,-4.090109,-4.3104663,-4.8624516,-5.2251854,-5.2715645,-5.2092657,-5.0605636,-4.713859,-4.0014763,-3.3573012,-2.970551,-2.5606122,-1.9513693,-1.448571,-1.508007,-1.8415321,-1.9757762,-1.9421799,-1.7881821,-1.7752244,-1.7035999,-1.6706586,-1.6057167,-1.5653534,-1.5282171,-1.4122188,-1.3618565,-1.3125598,-1.2653232,-1.2122285,-1.1353278,-1.0265636,-1.0281872,-0.8743664,-1.1620395,-2.5916724,-3.018262,-3.519292,-3.9142182,-4.1473985,-4.1208906,-4.204512,-4.348834,-4.371239,-4.40577,-4.4139667,-4.079083,-3.4117014,-3.031899,-3.0659842,-2.8731246,-2.6978934,-2.6983805,-2.654847,-2.6131315,-2.449629,-2.2849038,-2.4015443,-2.9184074,-3.45688,-3.6307235,-3.7028909,-3.9461126,-4.1141443,-4.206631,-4.270799,-4.309182,-4.476368,-4.8148947,-4.700274,-4.1234207,-3.6754746,-3.2974014,-2.7264488,-2.2717295,-1.8336301,-1.0021095,-0.61938345,-0.4972542,-0.30964053,-0.28113934,-0.29292035,-0.3490519,-0.50860333,-0.61105055,-0.65286165,-0.7272537,-0.89976144,-1.2506843,-1.3704947,-1.5110824,-1.8174602,-2.125741,-2.1970906,-2.2419062,-2.2513132,-2.3587663,-2.7290676,-3.026104,-3.289104,-3.1020312,-2.734652,-2.4766746,-2.4416344,-2.5536234,-2.6592078,-2.7623258,-2.9537885,-3.1934004,-3.4184105,-3.483561,-3.4449782,-3.5375383,-3.5268402,-3.6329894,-3.7250504,-3.929007,-4.751923,-4.7518096,-4.751816,-4.751813,-4.7518177
-1.391355,-1.4580662,-1.5845039,-1.7929132,-1.8947136,-2.0533671,-2.3533537,-2.5615726,-2.8516655,-3.2001271,-3.2935052,-3.1805005,-3.0843194,-2.6646094,-1.5530759,-0.92246443,-1.0065309,-1.1790013,-0.92221326,-0.6510738,-0.37562323,-0.43992692,-0.8201263,-1.2672491,-1.4288611,-1.6074507,-2.1242106,-2.4928555,-2.4916651,-2.4587638,-3.0642648,-3.441998,-3.3074107,-3.2929626,-3.3763547,-3.1940744,-3.223544,-2.9265418,-2.4425907,-2.3489022,-2.5523577,-2.4517264,-2.239008,-2.0192242,-2.084005,-2.465298,-2.2047155,-1.7359166,-1.3478651,-1.1137426,-1.144238,-1.3180172,-1.5403873,-1.8691587,-2.4547977,-2.876535,-2.7149239,-2.8098094,-3.0994895,-2.55725,-2.708283,-2.6723704,-2.6194775,-2.5858586,-2.7249055,-2.5431054,-2.200573,-2.088847,-2.388445,-2.4556808,-2.3123405,-2.081527,-1.6877593,-1.1728699,-0.58992326,-0.5687182,-0.6716492,-0.6009944,-0.6392488,-0.62853587,-0.69655216,-0.6992043,-0.84906435,-0.9044877,-0.92289746,-1.0248499,-1.0650969,-1.1108947,-1.21618,-1.377604,-1.6996126,-2.0800333,-2.2422423,-1.563533,-1.7243123,-2.6740074,-3.051188,-3.4649942,-3.5589018,-3.0214188,-2.577074,-2.285792,-2.252223,-2.221545,-2.1429627,-2.030007,-1.9115382,-2.2105007,-2.537355,-2.6296515,-2.4395492,-2.6303434,-2.5532837,-2.8359005,-2.58557,-2.0675898,-1.7729104,-1.8793554,-2.4593801,-2.8480506,-2.8692012,-2.8202329,-2.7729247,-2.813067,-2.7830005,-2.9259086,-3.3933396,-3.6969743,-3.8675952,-3.6087267,-3.2904978,-3.2105644,-3.052772,-2.5279777,-2.0567408,-1.0421207,0.66304016,1.220541,1.5463852,3.2307653,4.961867,5.769079,6.456442,7.5109687,9.5546055,11.387128,12.233377,12.347958,12.180603,12.126968,12.095547,11.711127,10.058208,8.340597,6.195063,3.2713234,0.56002694,-1.2984688,-2.2721212,-2.1908965,-1.9549229,-1.9711062,-2.1151352,-2.1946197,-2.174653,-2.160507,-2.225103,-2.2050326,-2.146934,-2.1879158,-2.2775793,-2.38683,-2.5077817,-2.495234,-2.4900424,-2.5497088,-2.4482937,-1.9599502,-1.960408,-1.9603876,-1.9604225,-1.9604061
-0.48194894,-0.6932632,-1.0927519,-1.3281729,-1.3696907,-1.3693254,-1.2960095,-1.2397381,-0.8632101,-0.38629365,-0.015195638,0.040017128,-0.27167222,-0.7260047,-1.1046451,-1.0480384,-0.6262629,-0.3495334,-0.15246297,0.16848384,0.42288718,0.45006287,0.3286773,-0.05527176,-0.7430608,-1.2324966,-1.6298815,-1.2986854,-0.2906384,0.89498794,2.0184326,2.0297537,2.0366716,2.211903,1.7586367,0.78409535,0.18368255,-0.1313951,-0.7101175,-1.2521436,-2.1045952,-2.0870748,-1.8854357,-1.6569622,-1.9944758,-2.0431335,-1.6478302,-1.203623,-0.40555158,0.04776402,-0.16378367,-0.42031962,-0.5759946,-0.6803142,-0.4279261,0.427769,0.45707017,-0.06366076,0.14756876,1.5649588,1.30827,1.2465287,1.7277036,1.1833636,0.25579125,-0.15728334,-0.09317368,0.39015087,0.8644229,0.97968686,1.0154635,1.0713704,1.1716079,1.0612137,0.7507396,0.32795605,0.21928875,0.3903334,0.43845853,0.5096606,0.5212877,0.54456425,0.52058387,0.61919725,0.68960416,1.0268497,1.2362806,1.4382889,1.5831072,1.6763989,1.6975713,2.0396562,3.1071262,7.6972704,10.564787,11.799706,11.923643,11.771622,11.148978,10.003835,8.641883,6.7661324,5.223525,4.265408,3.3746433,1.8829232,0.87624764,0.20119783,3.006887,6.4107685,10.4628105,12.230803,12.226266,11.627119,10.72467,9.595345,8.471943,7.388999,5.6879,3.3799093,2.1023164,1.552808,0.8791982,0.35861734,-0.49942994,-0.9868338,-0.93676686,-0.5735296,0.20189518,0.5496109,-0.15345526,-0.49988443,0.35742337,1.0315473,0.94533575,0.41281834,0.40674946,0.7787761,1.0001035,0.8486201,0.7963331,0.8141813,0.8358029,0.9825218,1.4303019,1.8489227,1.7611067,1.0414926,0.33219847,-0.18727997,-0.36240846,-0.7375661,-1.2908878,-1.5096853,-1.6836748,-1.7736732,-1.3652971,-0.82921064,-0.38786834,-0.034683824,0.13593724,0.2693141,0.31195593,0.40869,0.43865895,0.5878121,0.6901411,0.76301295,0.6060613,0.3632775,-0.09495142,-0.46746004,-0.66671133,-0.5348322,-0.46457127,-0.6266413,-0.6163277,0.35183924,0.3548957,0.35479832,0.3549304,0.35486096
-0.20503396,-0.07042515,0.14319475,0.21561028,0.24749185,0.15505156,0.17739308,0.08585301,0.08884624,0.25600773,-0.34538335,-0.76844543,-0.4318001,-0.18491763,-0.14138082,-0.21961549,-0.099004686,0.58408403,0.094697624,-0.9445227,-1.757726,-1.8998238,-1.6253469,-1.1669997,-0.61417454,-0.3263208,0.2323032,0.6456541,0.56621397,-0.4671244,-1.5236018,-2.3096783,-2.457499,-2.190293,-1.8527348,-1.5234451,-1.6863738,-1.9063352,-1.889215,-1.988688,-1.5050906,-1.3381369,-1.2374301,-1.0783716,-0.834935,-1.087934,-1.5482354,-1.5776634,-1.4313645,-1.4764014,-1.3456609,-1.0041406,-0.705415,-0.5459274,-0.8307111,-1.3177345,-1.6239456,-2.0593517,-2.3928683,-2.4713209,-1.7535324,-1.9319732,-2.7424786,-3.2440243,-2.5773299,-1.7618115,-0.779852,0.27688888,1.7229347,2.410126,2.4877644,2.966296,4.6063643,7.0061827,9.4217,10.925691,11.513624,11.363211,11.6171,11.603413,11.761681,11.807434,12.06382,12.154386,12.254866,12.425947,12.456021,12.497122,12.498597,12.478695,12.473267,12.396893,12.188599,10.44466,7.196605,2.3437324,1.3586452,0.68783706,0.39627624,-0.13725346,-0.24550447,0.017246842,0.057511806,-0.15740311,-0.52448946,-0.8826516,-1.5071125,-2.168149,-2.2963269,-1.8719945,-1.2602632,-0.93542886,-0.94793415,-0.73901665,-0.91755795,-1.2113303,-1.260571,-1.2129488,-1.0408065,-0.93164754,-0.84631914,-0.82108593,-1.0576407,-1.4397271,-1.8973436,-2.3142695,-2.546484,-2.6750731,-3.1368566,-3.62004,-3.3127203,-2.693717,-2.353336,-2.3234138,-2.361819,-2.6569192,-2.1865904,-1.4188178,-0.7236377,-0.06330584,0.013230786,-0.04096775,-0.17864612,-0.4061275,-0.31860974,-0.4651077,-0.90309334,-1.2804351,-1.404384,-1.2240483,-1.1408942,-0.96440184,-0.6888768,-0.76743686,-0.7994474,-0.59703547,-0.6383221,-0.8617678,-1.0038623,-1.3220258,-1.4122596,-1.3287759,-1.0706207,-0.9612934,-1.0673884,-1.1338263,-1.0685132,-0.98814404,-0.8378139,-0.6299648,-0.2814766,0.027108401,0.11407223,0.17445707,0.15055941,0.05962523,0.07407408,-0.79206586,-0.7945865,-0.7945141,-0.79461694,-0.79457897
0.1745642,0.25995708,0.23736846,0.14572307,-0.060552314,-0.4432019,-1.0428632,-1.6037095,-2.0385952,-2.4937313,-2.6029692,-2.3602033,-2.2092805,-1.7221357,-1.0096691,-0.4945058,-0.9231651,-1.6173073,-1.9317904,-1.6040949,-0.8160974,-0.49965438,-0.6543472,-1.0681002,-1.6524202,-2.247817,-2.91364,-3.1825294,-2.8197618,-1.9905539,-2.0213532,-1.6020689,-1.851475,-2.2414114,-2.281948,-1.9900528,-2.0984948,-1.8259447,-1.6984673,-2.1159296,-2.4886205,-2.3423414,-1.9810002,-1.50529,-1.0918897,-0.78130037,-0.2848928,-0.022886097,-0.15359823,-0.58562386,-0.95026076,-1.1630462,-1.1435192,-1.0074036,-0.9474354,-0.77530634,-0.1650466,-0.2813512,-1.2463679,-1.0132084,-1.2838783,-1.4380853,-1.6199129,-2.028427,-2.2529097,-2.0929828,-1.7768822,-1.5051912,-1.4231739,-1.2871529,-1.1231693,-0.9814112,-0.97693694,-0.933193,-0.6189085,-0.834445,-1.0321219,-0.9487893,-1.0114183,-0.9263354,-1.0322136,-1.041801,-1.2383103,-1.271123,-1.2729607,-1.4253111,-1.5692562,-1.6829646,-1.8760834,-2.1006007,-2.4200659,-2.7485242,-2.7542086,-2.08634,-1.3226401,-1.2373683,-1.42131,-1.469681,-1.3146836,-1.3555734,-2.0429215,-2.4000967,-2.4209788,-2.3281646,-2.326056,-2.2317195,-1.1315479,-0.36826313,-0.5431516,-1.1193149,-1.3098922,-1.4407259,-1.801029,-2.3502662,-2.5544415,-2.5920758,-2.581407,-2.4991686,-2.3400984,-1.9152951,-1.6496816,-1.5223818,-1.2957089,-0.9600251,-0.53045523,-0.87887585,-1.793962,-2.1140409,-2.1522431,-1.9454367,-1.672363,-1.7162247,-1.6097236,-1.3668616,-1.2089663,-1.2197018,-0.88252264,-1.0475558,-1.322916,-1.4956226,-1.5296242,-1.5963637,-1.6528256,-1.4529932,-0.48258227,0.35597914,0.8572564,1.2760208,1.5949597,1.7747973,1.8128781,1.6766634,0.95040596,0.42483127,-0.43503782,-1.4928988,-2.3814807,-2.6792223,-2.5195913,-2.172258,-2.1780899,-2.2302883,-2.1833851,-2.0795305,-2.2186697,-2.2926288,-2.2078288,-1.8460183,-1.3540086,-1.0995071,-1.1330655,-1.3032777,-1.3267848,-1.381531,-1.3086417,-1.1709596,-1.1718346,-0.9988886,-0.99745655,-0.9975025,-0.9974321,-0.9974586
0.63617676,0.33061942,-0.05207704,-0.42761558,-0.67975837,-0.9615627,-1.267736,-1.4555756,-0.8774059,-0.19278811,-0.1940704,-0.46035498,0.19965346,1.532651,2.3665957,2.006606,2.0427964,2.9248216,3.1285052,2.8813262,2.5386586,2.7481902,2.887474,2.5692258,1.9073389,1.5239804,0.78714454,0.1927184,-0.83639723,-1.7109866,-1.9555241,-1.2136482,-1.7935917,-1.7563124,-0.57848656,0.7298173,1.2708863,1.284934,0.5236014,-0.2669528,-0.39857155,-0.77682024,-1.1192403,-1.310451,-0.45397347,2.6560264,6.2299247,8.0882635,9.9617,11.416475,11.91338,11.722512,10.945552,9.672712,7.0774174,3.2373838,1.4020989,1.1067011,1.133402,1.0571702,2.6544251,2.6406546,1.2147529,0.3289141,0.13590889,-0.20523366,-0.6913635,-1.2754886,-1.43191,-1.329342,-1.1338845,-0.79431045,-0.43832225,-0.24811889,-0.45785165,-0.71011215,-1.0063269,-1.2435223,-1.300771,-1.3968787,-1.310174,-1.2503906,-1.0464928,-1.024185,-0.9847542,-0.8677598,-0.811554,-0.7023141,-0.5250938,-0.33422834,-0.01596567,0.13123038,-0.16006869,-1.4821036,-1.6051328,-1.437381,-1.0816302,-0.07057832,0.9460591,1.1785539,0.8861828,0.59848666,0.28373882,-0.035208374,-0.3542189,-0.6688564,-0.29693246,0.39656347,-0.29830152,-0.72977614,-0.95537364,-1.3546691,-1.0097475,-0.29391629,-0.33971676,-1.0337837,-1.5069574,-1.5825963,-1.3264955,-0.8299198,-0.58639634,-0.46466622,-0.41636217,-0.47181636,-0.41586176,-0.29417312,0.07900062,0.10522099,-0.48942184,-1.3642969,-1.4322349,-0.7314599,-0.52801126,-0.686226,-0.21146044,0.3559045,0.23223633,-0.16308764,0.0066807866,0.6913794,1.0886269,1.3403432,1.5066676,1.5939065,1.5528729,0.39626965,-1.1252385,-2.1367278,-2.4276452,-2.3871403,-2.4031842,-2.2890909,-1.9436356,-2.210582,-2.3673258,-2.150443,-1.8163178,-1.7568545,-1.876911,-2.0894246,-2.2128518,-2.2133358,-1.9627899,-1.8101174,-1.4988058,-1.2178215,-1.2456771,-1.5575845,-1.8950071,-1.9482372,-1.8914483,-1.7988305,-1.7597427,-1.7947664,-1.6007831,-1.4978669,-1.2915387,-1.6186036,-1.6192961,-1.6192725,-1.6192963,-1.6192789
-1.6611623,-1.6439877,-1.6372226,-1.6992134,-1.8319485,-1.9011425,-1.865552,-1.418024,0.00972531,0.6078545,1.0974923,1.3750029,1.2912244,0.3463911,-1.1496468,-1.9922423,-1.5815246,-0.94250906,-1.1616455,-1.3522731,-1.4156492,-1.3051966,-1.0632482,-0.9611055,-1.170702,-1.1330475,-0.55704635,-0.40527466,-0.5910233,-0.4169556,0.1472222,-0.08760822,-0.70156854,-1.1098,-0.9277689,-0.538684,-0.22890005,-0.38510013,-0.4361452,-0.3476409,-0.29372293,-0.6056205,-1.0974114,-1.5817704,-1.665853,-1.4836774,-1.0882361,-0.7490833,0.3586859,1.6442294,2.2189274,2.3723845,2.1470542,1.7352929,1.736131,1.5149302,0.36556858,-0.33003712,-0.5395805,-0.5318386,-1.2114067,-1.5420873,-1.241847,-0.87192285,-0.7612445,-0.8961022,-1.1369047,-1.0336752,-0.2076106,0.84503186,1.2577775,1.3722589,0.8773018,-0.05100976,-0.44154906,-0.09564839,0.2727637,0.2316831,0.4400231,0.5304496,0.6497363,0.6900469,0.8635893,1.0085875,1.0872406,1.1849616,1.2708346,1.4127942,1.4876342,1.534513,1.730674,1.8872952,1.8056777,0.6184729,0.81339747,2.4303405,2.995347,2.7015963,1.9074495,0.749531,0.41682246,0.6561311,1.0288702,1.2762557,1.4259137,1.4594731,0.9608006,1.5214857,2.8958225,3.2207382,2.921208,3.7100601,3.6325,2.8456845,1.991866,1.3703121,1.2541345,1.4092625,1.6370499,1.5311037,1.4986846,1.4807342,1.2303702,0.85374534,0.65271294,0.7546942,1.3529425,1.7786533,1.5851533,0.8730649,0.660163,1.3936309,2.6211581,3.5576916,3.8948536,3.2988577,2.0632544,1.8950862,2.4116116,3.0728223,3.1901917,3.1729112,3.153411,3.0498016,2.8342118,3.120647,3.9036531,4.3203683,4.441954,4.4389734,4.19538,3.5945268,2.3995786,2.018509,2.1941736,2.7268872,3.1349077,3.077308,2.8270063,2.7986321,3.1777382,3.78473,3.9889975,4.0142527,4.0392246,3.8964872,3.617773,3.2278013,2.5932202,1.9240147,1.1091213,0.55948746,-0.025906116,-0.16026753,-0.1713652,-0.43393445,-0.25112087,-1.9301956,-1.9325106,-1.9324224,-1.9325411,-1.9324737
-4.9197025,-4.8604913,-4.784304,-4.6974974,-4.6010313,-4.5030446,-4.5984325,-4.5791235,-4.6828876,-4.6140175,-4.3642335,-3.915791,-3.7809415,-3.583648,-2.8963084,-2.2753665,-2.4700477,-2.7125401,-2.6279724,-2.590453,-2.6757154,-2.8831387,-3.0819666,-2.828529,-2.313649,-2.1581001,-2.4182725,-2.4459374,-2.1047504,-2.1841016,-3.5359006,-3.9380968,-3.3338332,-2.8891761,-2.9833937,-3.2603972,-3.6607985,-3.7744446,-3.5097423,-3.3636143,-3.3012905,-3.024259,-2.6927264,-2.31363,-2.243014,-2.4712234,-2.2915182,-2.1533024,-2.6177535,-3.4043489,-3.6570177,-3.4696882,-3.1358123,-2.8563848,-3.0378807,-3.351832,-3.3303125,-3.3922722,-3.6780376,-4.1457996,-4.6836476,-4.85247,-4.942275,-4.9651895,-4.8262367,-4.525401,-4.141332,-3.993485,-4.1795006,-4.2085204,-4.024553,-3.6964207,-3.0028055,-2.1893911,-1.760253,-2.033844,-2.2188027,-2.1422899,-2.1941094,-2.2251759,-2.2737427,-2.2781467,-2.4453459,-2.5503953,-2.588564,-2.6975555,-2.7832007,-2.8466613,-2.9384246,-3.0507984,-3.2496097,-3.3956032,-3.4083383,-2.6245303,-3.2708778,-4.5976934,-4.8325014,-5.1214156,-5.2726736,-4.9522243,-4.6954403,-4.7731366,-4.8657713,-4.8629403,-4.8498883,-4.7435713,-4.327446,-4.5571322,-4.668295,-4.3162236,-3.6304417,-3.650674,-3.714558,-3.6724205,-3.2530642,-2.6272883,-2.3340003,-2.6249843,-3.4802036,-4.0961075,-4.3259406,-4.4269857,-4.6118608,-4.7491064,-4.8875637,-5.1293993,-5.6205287,-5.924941,-5.9322734,-5.418934,-5.000519,-4.9545965,-4.745733,-4.1458874,-3.6739535,-2.9461896,-1.2770822,-0.6963778,-0.8420765,-1.1076833,-1.2071187,-1.2640955,-1.3252499,-1.3704692,-1.4837383,-1.8183298,-1.8472737,-1.9560548,-2.195437,-2.2538514,-2.4157727,-2.8383412,-3.192981,-3.3297572,-3.8051133,-4.579133,-5.163622,-5.3677373,-5.2464576,-4.97878,-4.7811046,-4.6839514,-4.6130958,-4.6111045,-4.749497,-4.799804,-4.792161,-4.8050213,-4.859903,-4.944523,-4.929948,-4.9519005,-4.907784,-4.8623695,-4.921253,-4.857585,-4.982559,-3.8033032,-3.8006182,-3.8006992,-3.800582,-3.8006322
