0,1,2,3,4,5,6,7,8,9,10,11,12,13,14,15,16,17,18,19,20,21,22,23,24,25,26,27,28,29,30,31,32,33,34,35,36,37,38,39,40,41,42,43,44,45,46,47,48,49,50,51,52,53,54,55,56,57,58,59,60,61,62,63,64,65,66,67,68,69,70,71,72,73,74,75,76,77,78,79,80,81,82,83,84,85,86,87,88,89,90,91,92,93,94,95,96,97,98,99,100,101,102,103,104,105,106,107,108,109,110,111,112,113,114,115,116,117,118,119,120,121,122,123,124,125,126,127,128,129,130,131,132,133,134,135,136,137,138,139,140,141,142,143,144,145,146,147,148,149,150,151,152,153,154,155,156,157,158,159,160,161,162,163,164,165,166,167,168,169,170,171,172,173,174,175,176,177,178
12.444915,12.350895,12.2900715,12.285704,12.126141,10.708405,11.84715,11.483944,11.187901,10.711502,10.328313,10.028453,9.602114,8.74011,7.6811666,5.7650056,3.9775548,2.5957198,1.7130685,1.1374688,1.0754715,1.6544914,1.7578268,1.756803,2.4549258,4.4066877,4.970434,4.039296,2.912353,2.0468202,1.6132978,1.7856822,2.3992562,2.1806297,2.048077,2.0793333,2.2873497,1.9477718,1.0280986,0.49099517,0.043722525,-0.7386421,-1.1111866,-1.300035,-1.0221119,-0.8614259,0.26851365,0.52077186,-0.056683123,0.0049028397,0.35597986,0.6415231,1.4729183,2.6534607,3.352971,4.0429993,3.6447775,2.3384447,1.064532,0.1029847,-0.072757356,0.052606083,0.039253883,0.08903519,0.6753588,1.2831484,1.4472533,1.4975562,1.4288688,1.4639146,1.1371113,0.7025983,0.7282913,1.8904657,3.0055652,3.1486738,2.1524339,0.76018393,0.4348554,0.46813506,0.60529387,1.3803098,2.423188,3.392814,3.8724027,3.5341272,2.8630986,1.6012211,0.33343124,-0.6801931,-1.2765473,-1.4014406,-1.2629068,-1.0262434,-0.59079,0.405343,1.9092934,3.5529833,4.528025,4.8212557,5.032997,4.7379417,3.1463997,1.4488859,0.36466682,-0.4494688,-0.18744117,-0.053216234,-0.44759503,-1.047926,-1.3772533,-1.5688186,-1.7279019,-1.6929595,-1.2599045,-0.5790201,0.37320596,0.77876985,0.5224154,0.16999628,-0.38818794,-0.37384927,-0.07205267,-0.058394343,-0.09517971,0.33135173,0.70342875,0.87571394,1.3658733,1.7825568,2.3232298,2.370973,2.3880868,2.7010908,3.0772402,3.7987914,4.927491,5.6299424,6.3803825,6.7664304,7.0814896,6.596073,5.0996313,4.232199,4.261689,3.5146782,3.4942918,3.092679,2.8687315,2.7693589,2.9815059,3.1966548,3.113676,2.9772482,2.775601,2.28961,1.8677051,1.5910667,1.4846282,1.0966339,0.68643445,0.48427084,0.4015646,0.4598363,0.93874395,1.7798798,3.0912218,5.028436,6.7425556,8.2336445,9.405126,10.515148,10.915596,10.903412,11.217165,11.482771,10.708021,10.70793,10.707806
-2.7137575,-2.6995773,-2.7057827,-2.7020268,-2.6516225,-1.3985428,-2.5958061,-2.4763472,-2.5283191,-2.5638156,-2.4478133,-2.42774,-2.4470696,-2.680862,-2.939034,-3.0910907,-2.8709784,-2.4141579,-2.106333,-1.9324598,-1.8061996,-2.0130088,-1.9288635,-1.9051702,-2.2516656,-2.3780332,-2.2348652,-2.0823288,-2.038515,-2.1836905,-2.2930188,-2.4391334,-2.7648969,-2.7795973,-2.6223369,-2.5669308,-2.5141182,-2.326972,-2.0991821,-2.0829873,-1.9410511,-1.4844227,-1.057296,-0.6004039,0.2666495,0.7960612,1.5824087,1.6941504,1.0497931,-0.5326556,-1.0910138,-1.573839,-2.0430462,-1.9859679,-2.1449513,-1.9789048,-1.4867392,-1.3523293,-1.2181079,-0.9979615,-1.4731853,-1.6916127,-1.3467336,-0.9881166,-0.874726,-1.2374773,-1.3730445,-1.2624311,-1.0669476,-0.8925381,-0.6731386,-0.5394838,-0.3436363,-0.6604399,-1.0411576,-1.213798,-1.036961,-1.1384394,-1.7655687,-2.1940045,-1.9314058,-1.4890693,-1.1712774,-1.0569179,-1.1529086,-1.1131711,-0.9901709,-0.93844557,-0.8332093,-0.9655281,-0.9609068,-0.8335916,-0.90059847,-0.91409886,-0.9094577,-0.86685354,-0.71031827,-1.1842753,-1.4714401,-1.3587241,-1.3417478,-1.2737725,-1.1508734,-1.0695456,-1.4739499,-2.0508275,-2.5030794,-2.564258,-2.5479274,-2.2270179,-1.9340813,-1.7405963,-1.6143409,-1.7071215,-1.9416012,-2.335263,-2.035656,-1.7176113,-1.569105,-1.6079528,-1.6987445,-1.928282,-2.1412,-2.3971086,-2.527282,-2.2522497,-1.8861356,-1.524617,-0.8754817,-0.40961665,-0.10878903,0.31812048,0.18256965,-0.3478422,-0.5840794,-0.8601794,-1.158869,-1.258604,-1.1786385,-1.3240864,-1.5700394,-1.8870418,-2.2540388,-2.4376924,-2.540646,-2.62756,-2.6122653,-2.5265336,-2.434893,-2.1075544,-1.7573225,-1.5345563,-1.7281791,-1.9921796,-2.2679303,-2.461622,-2.6360905,-2.691924,-2.552692,-2.1868827,-1.7811384,-1.4871026,-1.196664,-0.8784541,-0.9491095,-1.0567224,-0.95653427,-1.2149227,-1.5512655,-1.946721,-2.0881276,-2.2334847,-2.2890787,-2.3574276,-2.2537274,-2.1823769,-1.3981435,-1.3981224,-1.3981657
-0.0043378174,0.057473242,0.084338754,0.07569337,0.05811155,0.19232999,-0.06351861,-0.1732804,-0.35646328,-0.7242528,-0.8903968,-1.1113092,-1.3426803,-1.492109,-1.5630949,-1.5879474,-1.3838861,-1.5723587,-1.8308189,-2.0003402,-1.950357,-1.8921592,-2.199165,-2.3621306,-1.4329698,-0.5520525,-0.10626024,-0.41649115,-0.77383804,-0.8523461,-0.7621005,-0.67600685,-0.5111569,-0.8601367,-1.5989662,-1.9387839,-1.9837523,-1.5287985,-0.98495233,-0.5601186,-0.4410627,-0.5528929,-0.90325207,-1.3126447,-1.6616853,-1.9696343,-2.2103236,-1.8089082,-1.8793299,-2.5000508,-2.7180839,-2.539956,-2.1411948,-1.7845984,-1.8234797,-1.8729427,-1.5008025,-1.4222984,-1.7745128,-1.5283177,-1.6864828,-2.3600664,-2.3961625,-1.9695327,-0.8931025,-0.2523136,-0.22886598,-0.40975058,-0.8748738,-1.2229931,-1.4487433,-1.1074488,-0.8499084,-1.1197758,-1.2704024,-1.1415888,-1.5884643,-2.0983744,-2.4267168,-2.7853396,-2.985455,-2.6507077,-2.381387,-2.395002,-2.3937864,-2.4390008,-2.3668306,-2.3482232,-2.7060008,-2.8527896,-2.9277022,-3.0949533,-3.3412514,-3.4317884,-3.516507,-3.6945777,-3.650555,-2.8810093,-2.6688604,-2.4320354,-2.2047448,-1.8390479,-1.684473,-1.6705531,-2.2501647,-2.7999556,-3.2101238,-3.574657,-3.7322812,-3.6595492,-3.4838145,-3.2809677,-2.9128962,-2.2178671,-1.5381718,-0.808871,-0.046673983,0.17670041,0.2362586,0.13433078,-0.049588054,-0.5280236,-1.2478781,-1.8398141,-2.4750736,-2.823153,-2.961379,-2.9032247,-2.5206485,-2.2272167,-2.3451257,-2.0070846,-1.4635966,-0.95198226,-0.82483554,-0.7106559,-0.550883,-0.5771063,-0.580271,-0.46974397,-0.3673309,-0.5090046,-0.5358378,-0.6820489,-0.62325364,-0.4008011,-0.095553756,-0.009330362,-0.9542496,-1.6036865,-1.652589,-1.4401577,-1.1679487,-0.9621288,-0.8014128,-0.6742263,-0.48695466,-0.37651086,-0.44129753,-0.73336613,-1.0515351,-1.1809264,-1.2863474,-1.4163163,-1.5058677,-1.6251397,-1.5807977,-1.3451599,-1.4125632,-1.6142914,-1.3808343,-0.8118886,-0.48889804,-0.37656158,-0.30182076,-0.24134915,0.19224711,0.1922301,0.19218569
-2.6023955,-2.445485,-2.4296103,-2.2997894,-2.1511278,0.012770236,-1.8365703,-1.4714046,-1.3051621,-1.3371856,-1.2431461,-1.1992694,-1.0174029,-0.8437705,-0.7066692,-0.5976219,-0.28429106,0.11572808,0.4585607,0.6998793,1.1788241,1.1830758,0.974238,0.63190484,-0.3658153,-1.466559,-1.3808244,-1.3459148,-1.3764666,-1.3614498,-1.4445956,-1.6867709,-1.9362986,-1.9981413,-1.9347388,-1.8312769,-1.7117348,-1.5512221,-0.8434489,-0.8195286,-1.2318051,-1.6999207,-1.872319,-1.5560844,-0.5294556,-0.3896399,0.14167432,0.3647478,0.2184315,-0.5571563,-0.864795,-0.9848158,-1.1658874,-0.8517816,-1.0000893,-0.0151770115,1.5272382,2.014898,1.2020067,0.62834597,0.1980123,-0.4760399,-0.7573795,-1.0545629,-1.1699625,-1.3684921,-1.4439876,-1.5326709,-1.6543734,-1.6885688,-1.620924,-1.417491,-1.063947,-1.3163662,-1.5692387,-1.4727165,-1.0490446,-0.7123896,-0.9419383,-1.7130315,-2.0326533,-1.4867632,-0.8425011,-0.85421026,-0.87176085,-0.71916103,-0.34677395,0.030207038,0.42351624,0.79886883,0.8590249,0.2825207,-0.26985854,-0.49243286,-0.5632832,-0.45321414,0.1478747,0.78417814,1.5769755,2.8953261,3.4787154,3.7232351,4.049104,4.195904,4.25117,4.0223947,3.1304421,1.7319659,0.2191186,-0.8025871,-1.2021847,-1.3000062,-1.1643137,-1.0822883,-1.5244193,-2.0598135,-2.0458279,-1.7019249,-1.3633248,-1.229016,-1.0036047,-0.82019234,-0.67514503,-0.8330373,-1.4633814,-2.213152,-2.6154735,-2.6978805,-2.49328,-1.9244182,-1.3529949,-0.27660796,0.16685906,-0.28334117,-0.5608137,-0.9711844,-1.2214197,-1.1678236,-0.9425679,-0.6943721,-0.6750797,-0.89482844,-1.2132719,-1.3305709,-1.5378486,-1.694655,-1.7246819,-1.7969065,-1.7864463,-1.7878797,-1.8097413,-1.9390389,-1.9902573,-2.0241196,-1.9176099,-1.5734532,-1.4093449,-1.638731,-2.0074446,-2.2052813,-2.196011,-2.0016122,-1.6329061,-0.95306945,-0.2692527,0.17888631,0.5336997,0.29000983,0.05719945,-0.3073812,-0.6453547,-1.267638,-1.5067569,-1.4606184,-1.3757213,-1.3803911,0.012993276,0.013038874,0.013062239
-1.2032049,-1.5144575,-1.5849051,-1.6673939,-1.7553209,0.40166074,-2.0048478,-2.2562857,-2.1007054,-1.9745207,-2.0873435,-2.0316715,-1.9371749,-1.625847,-1.4453516,-1.5328366,-1.9027557,-2.1953099,-2.3233035,-2.202034,-1.8915482,-1.2305486,-1.1286558,-0.9176158,-1.8468158,-2.7410884,-1.9508799,-1.0921422,-0.5735525,-0.56024003,-0.71954215,-0.9759065,-1.5430329,-1.1896751,0.15003924,0.80782413,2.1377282,5.4518356,9.258427,10.61709,11.273587,11.800086,12.015845,11.816929,10.2686,8.103807,3.214251,0.5331008,-1.1941397,-1.7910194,-1.4010494,-0.9555286,-0.64771366,-0.7598529,-0.9023422,-0.9933855,-1.3967073,-1.5101751,-1.2186875,-1.6511261,-2.0042834,-1.9578395,-2.1388712,-2.0924644,-1.8654609,-1.6663684,-1.4492128,-1.3243252,-1.1525663,-1.2250323,-1.3063539,-1.6280813,-1.8625888,-1.9579461,-2.0412126,-2.1185284,-1.9899336,-1.66443,-1.0821505,-0.46579665,-0.20668167,-0.68155026,-1.353333,-0.98925906,-0.42938724,-0.13170393,-0.011348963,0.05532968,0.028314352,0.2805102,0.36392477,0.44024616,0.5333308,0.53216696,0.51412654,0.4219417,-0.15773511,-1.0984001,-1.6140199,-1.8533366,-1.9197266,-1.8120164,-1.6746163,-1.6574531,-1.3823106,-0.679203,0.58657396,1.9979622,3.1402688,3.7682786,3.9362423,3.8369086,3.5104856,2.7903175,1.7712955,0.23157506,-1.2752395,-1.8791387,-2.1333642,-2.257416,-2.3672092,-2.1086729,-1.8293232,-1.4759283,-1.0131449,-0.9185995,-0.8872918,-1.0807405,-1.5873449,-2.1073644,-2.0427198,-2.1675484,-2.357176,-2.5524185,-2.5028093,-2.4033468,-2.189126,-1.9041891,-1.9249517,-2.1165829,-2.1619723,-1.7619901,-1.0820367,-0.7408798,-0.7850394,-0.850477,-1.0449333,-0.2573893,0.86007637,2.290929,3.7496448,4.86454,6.110518,6.781558,7.6538568,8.788483,9.8036785,10.506136,10.867588,11.078156,11.0935135,10.921331,10.499783,9.487818,7.910899,5.6587715,2.938205,0.985813,0.32674307,0.1572532,0.03132981,0.17212981,0.14814395,-0.038917154,-0.1820423,-0.22423184,0.40147078,0.40147647,0.4015876
-1.9168515,-1.7450955,-1.7223406,-1.7132668,-1.8330572,-1.0640112,-1.8188257,-1.6443722,-1.5297167,-1.4885523,-1.5095618,-1.384475,-1.2897681,-0.9866838,-0.31097782,0.36883307,0.49793422,1.0956606,1.3880632,1.1052952,0.15255907,-0.5623864,-0.6378085,-0.9475529,-1.2034353,-1.5520694,-1.5302542,-1.2962924,-1.0117065,-0.7999659,-0.74391013,-0.6934156,-0.751469,-0.77100986,-0.116674334,0.03129208,0.19223668,0.29451817,-0.67887187,-1.5102088,-2.043801,-2.4873369,-2.4119358,-2.0860178,-1.9753315,-2.178317,-2.0663896,-1.4768364,-1.1918892,-1.4884629,-1.6165665,-1.5107653,-1.0531571,-1.0316913,-0.7611543,-0.4740446,-0.5019975,0.08927345,0.38434854,-0.022499174,-0.6082807,-0.79213476,-0.70124537,-0.48132724,-1.1179891,-1.9093542,-1.9778919,-1.8411028,-1.5214293,-1.0937334,-0.67210054,-0.8244306,-0.8482671,-1.6491951,-2.3136659,-2.3356152,-1.6628962,-0.92567223,-1.0525811,-1.5460687,-1.5587773,-1.2338767,-0.6328914,-0.67378306,-1.015312,-0.9980403,-0.7111807,-0.50194836,-0.5533571,-1.1010536,-1.188216,-0.73508024,-0.49850366,-0.42615214,-0.46705094,-0.75277555,-1.1588968,-1.1062038,-0.6246941,-0.44845134,-0.5739271,-0.50290835,0.016468406,0.6221471,1.0746348,0.707749,-0.37642464,-0.9554738,-0.41071326,0.7312622,1.7008352,2.619248,3.7436407,5.2745256,5.9570932,6.585864,7.0490084,7.2631636,7.7678537,8.414867,8.971475,9.249965,9.106038,8.368204,6.485711,3.4882479,1.5455998,0.36019406,-1.3011,-1.803174,-1.8834357,-2.0622401,-2.1358685,-2.2626624,-2.323927,-2.4529274,-2.6868796,-2.9015632,-3.1426961,-3.479929,-3.5775714,-2.977962,-1.647091,-0.8675315,-0.69866157,-0.08629629,-0.04483047,-0.5318529,-0.42822987,-0.1829506,-0.11342041,-0.23771752,-0.24022011,-0.21351923,-0.31420532,-0.5575994,-1.0953219,-1.7258182,-2.1502473,-2.4021974,-2.383277,-2.2582333,-2.1149826,-2.121253,-2.182404,-2.0236554,-1.9074155,-2.1678734,-2.6026673,-2.8567958,-2.8348188,-2.8141706,-2.6855147,-2.3882813,-2.3347542,-2.3473198,-1.0636073,-1.0634887,-1.0634296
-2.6136436,-2.4961271,-2.45506,-2.3847308,-2.3692317,-2.2845712,-2.2237263,-2.0996635,-2.076087,-1.9680369,-1.8235735,-1.6362414,-1.56794,-1.6231447,-1.4807589,-1.1044122,-0.6439914,-0.21587041,-0.009059027,-0.12218431,-0.16101971,0.17098317,0.28887445,0.4173746,0.14634496,-1.0508704,-1.9456693,-2.2876422,-2.2416577,-2.1231248,-2.0994356,-2.052675,-2.0189207,-1.4507195,-1.1491472,-1.0413166,-0.8944085,-0.61681354,-0.6431789,-0.80191797,-0.8411042,-0.6894211,-0.5757023,-0.56646025,-0.6952219,-0.60092485,-0.57747525,-0.8034049,-0.7193891,-0.13423604,0.5411,1.4272192,1.9091613,1.5987153,1.2074443,0.26836535,-0.79547334,-1.0114839,-0.72829187,-0.116622016,0.2500102,0.53597206,0.6756276,0.54478604,-0.2484367,-0.99170053,-0.96314275,-0.61806536,-0.26126444,-0.21667548,-0.12771834,-0.5534438,-0.28040287,-0.58320165,-1.4140515,-1.9152629,-1.5954845,-0.9907145,-0.4936723,-0.21994533,-0.37462258,-0.80551505,-0.63292265,-0.060436875,0.608138,1.0783356,1.2543635,1.8494635,3.8348224,6.8308325,9.07284,9.67235,9.879906,9.993071,10.073891,10.069674,9.768009,8.652211,7.392475,5.587427,2.7384317,0.89724684,-0.5671345,-0.7968506,-0.4667247,-0.41149512,-0.45927966,-0.5626295,-0.591614,-0.4966728,-0.51075244,-0.6947495,-1.0340803,-1.650665,-2.141547,-2.0473974,-1.6224267,-1.5629275,-1.5413778,-1.4972348,-1.4598411,-1.4302318,-1.2303276,-1.0762408,-0.8552297,-0.91977465,-1.0680776,-1.2367625,-1.6141862,-1.5687522,-1.3091456,-1.6535847,-1.84934,-1.9700229,-2.0248187,-2.1182685,-2.5391333,-2.871026,-3.2443023,-3.4393787,-3.451252,-3.1379194,-2.9521031,-2.743431,-2.6261168,-2.384575,-2.3412595,-2.1839466,-1.6555679,-1.2249709,-1.0258349,-0.96067035,-1.0060936,-0.9961493,-0.9482061,-1.0087397,-1.234738,-1.4305036,-1.4804677,-1.310267,-1.1579738,-1.1123947,-1.1168544,-1.1638854,-1.2364725,-1.3706528,-1.5857233,-2.1228747,-2.4481735,-2.516037,-2.5127535,-2.721995,-2.786446,-2.8469882,-2.9801188,-3.0234673,-2.2845845,-2.284521,-2.2843628
-1.7325535,-1.7907223,-1.799077,-1.7773902,-1.7221982,0.44340596,-1.7847779,-1.7274733,-1.6833234,-1.6965401,-1.7311026,-1.7512766,-1.6723335,-1.8196483,-1.8614929,-1.8684902,-1.4647905,-0.99615407,-0.64962155,-0.60341907,-0.802457,-0.5922444,-0.31442654,0.62537354,0.16908246,-0.7495128,-0.99316895,-0.7071775,-0.5764086,-0.57602084,-0.64413023,-0.85164964,-0.915811,-0.4031087,0.17806908,0.14994732,-0.23482348,-1.3571136,-1.2852736,-0.60285604,-0.111534536,1.0254204,2.3670952,4.8279314,8.660225,10.1695385,10.801354,9.927034,8.815372,6.225113,4.6934376,3.042807,1.6955863,1.1010379,0.25266746,-0.38507992,-0.24080773,-0.51111174,-1.2867029,-1.719331,-1.9308167,-1.9985876,-1.7748067,-1.5044041,-1.4058428,-1.191792,-1.1087692,-0.88876486,-0.10364108,1.4096062,2.6544173,3.022792,2.0329053,0.5636817,-0.43107253,-0.7316457,-0.027488306,0.54067683,0.27814028,0.87474954,3.4725764,6.17908,8.373473,9.486456,9.94393,10.211166,10.453956,10.422075,9.9335165,9.274493,7.701534,5.7623796,3.9001143,3.010276,2.3234181,1.4445344,0.47564086,-1.9014802,-2.0045886,-1.1058359,-0.40747297,-0.22052208,0.043511227,0.23678723,0.1809863,-0.052104056,-0.5343202,-0.9299909,-1.0934348,-1.0826048,-0.9032022,-0.5998842,-0.31683433,-0.35913244,-0.42420906,-0.96906394,-1.120632,-1.0947719,-1.111829,-1.144404,-0.97655493,-0.69447094,-0.44668758,-0.5975988,-1.0624751,-1.1530877,-0.8173133,-0.31656528,0.6575098,1.2988614,1.8519871,2.1388948,1.5261662,0.32861942,-0.17858054,-0.5588405,-0.5678239,-0.33728158,-0.10592238,-0.17816657,-0.551315,-0.96410465,-0.72630775,-0.5781369,-0.65144455,-0.6092733,-0.540943,-0.33863965,-0.043049295,-0.21696678,-0.70935833,-1.1186376,-1.2153263,-1.2316965,-1.1620046,-0.67416644,0.16817369,1.2223438,2.2917314,3.7896988,5.279043,6.167452,7.223201,8.564997,9.203661,9.452229,9.353723,8.4115505,6.868218,4.580221,2.3967056,0.67732644,0.20863234,0.18057778,0.2697115,0.1772339,0.44331115,0.44328484,0.4433007
-0.64408684,-0.6727427,-0.81429374,-0.94989187,-1.0804697,-2.189958,-1.0832716,-1.0761694,-1.1145607,-0.9824204,-0.89515626,-0.85407114,-0.6947958,-0.75974673,-0.8804242,-0.8905487,-0.77593255,0.24804519,2.0883293,4.7432923,8.06016,10.006025,10.592975,10.790281,8.335388,3.5507321,0.014529869,-1.4468966,-1.5230284,-1.1993706,-1.0969837,-0.98225254,-1.1166513,-0.47595268,-0.4256204,-0.4166954,-0.64661026,-1.509892,-1.8971331,-1.8085499,-1.5339739,-1.0930319,-0.93517506,-0.9692031,-0.91926754,-0.85439324,-0.7389556,-0.5842685,-0.28144085,-0.42111385,-0.5176867,-0.44476077,-0.60427326,-1.4437561,-2.0365038,-2.2136452,-1.9203888,-1.5881777,-0.781864,0.14184074,0.4997058,0.5654187,0.25517273,-0.15654281,-1.0829977,-2.039134,-2.304305,-2.034748,-1.1806931,-0.09564015,0.7801819,0.80590874,0.0884628,-0.356435,-0.4330784,-0.39599738,-0.1933155,0.33081806,0.69663686,0.83519334,1.0664313,0.943599,0.49172235,0.289925,0.2729283,0.16752794,-0.2227221,-0.42881465,-0.40747586,-0.56322306,0.18648864,1.0979747,1.5168403,1.5524192,1.4724777,1.2152069,0.5348577,-0.584767,-1.107203,-1.4264348,-1.7592337,-1.8502045,-1.7630556,-1.6732125,-1.2401298,-0.3927458,0.54971737,1.3096172,2.205595,2.916802,3.0409257,2.979456,2.7028997,1.8759457,1.1250529,-0.15995297,-1.6151567,-2.237656,-2.2902155,-2.2038004,-1.9619795,-1.53801,-1.1251724,-0.50379187,0.3838819,1.0148646,1.4158783,1.4529006,0.7805792,-0.059361234,-0.53567916,-1.0061548,-1.1481278,-1.0354216,-0.90773547,-0.7238362,-0.68224955,-0.6823718,-1.0299377,-1.8718827,-2.4416287,-2.2764869,-2.1839359,-2.146441,-2.0451565,-1.7480125,-1.5608547,-1.2136378,-0.9829854,-0.60379565,-0.62812203,-1.0226654,-1.5484798,-1.9510056,-2.3289733,-2.475431,-2.3893642,-2.1910577,-1.9190438,-1.6191014,-1.5317247,-1.594993,-1.7506332,-1.9461882,-2.1076593,-2.1529691,-1.8754544,-1.6598947,-1.8728912,-1.8981278,-1.7503862,-1.7998382,-1.8484464,-1.9805443,-1.9835101,-1.9455074,-2.1902733,-2.1903095,-2.1902738
-3.8140163,-3.5723052,-3.482883,-3.2919772,-3.1739194,-2.7532945,-2.8029215,-2.654695,-2.4197507,-2.2662125,-2.074607,-2.0497136,-2.1193624,-2.3353882,-2.5054812,-2.5143409,-2.8639712,-2.5422492,-2.4377236,-2.4224074,-2.6400723,-2.9642801,-2.9674077,-3.3394327,-4.127689,-4.5285993,-4.0357575,-3.2358685,-2.6803322,-2.5005748,-2.3775506,-2.3094282,-2.2361178,-1.8907127,-2.0036273,-2.1333475,-1.9696577,-1.0544944,-0.48114404,-0.5925114,-0.47440445,-0.052547753,0.26730347,0.7168342,1.1409125,0.45806897,-1.4121809,-1.7865019,-2.388891,-2.9132059,-2.6329641,-1.8198721,-1.2460725,-1.5526626,-2.1687617,-2.9270637,-3.2064838,-2.783216,-2.4644623,-2.4339314,-2.5301561,-2.5281706,-2.4992638,-2.151257,-1.7121015,-1.3556248,-0.90154076,-0.63721675,-0.5411976,-0.44173735,-0.28929567,-0.44083017,-0.86465716,-2.1040733,-2.9685457,-3.3350716,-3.3660078,-3.3641953,-3.2526193,-2.644494,-2.4583583,-3.0067787,-3.7922,-3.8849058,-3.7659793,-3.6645968,-3.3426902,-2.8151565,-1.941021,-0.7154665,0.9043266,1.648674,1.8939784,1.9025071,1.7935387,1.484679,0.8377695,-0.5134549,-1.2713177,-2.168268,-2.9048452,-3.0545788,-2.8121305,-2.5426733,-2.173364,-1.6239178,-1.1177413,-0.74800926,-0.4183418,-0.25773802,-0.33937114,-0.59115905,-0.97650826,-1.5671595,-2.0301633,-1.9357021,-1.3549299,-0.7539581,-0.35904878,-0.16901624,-0.45114148,-1.392609,-2.3083107,-3.2660713,-3.7851992,-3.7507575,-3.767965,-3.904858,-4.4106216,-4.8047814,-4.7942276,-4.491491,-4.1206236,-3.8763795,-3.8177104,-3.7575245,-3.7385817,-3.8497536,-3.9442644,-3.7251933,-3.4416578,-3.1190917,-2.5559244,-2.156346,-1.9404145,-1.3422012,-1.2260731,-1.4606638,-2.0103855,-2.287407,-2.169322,-1.8826898,-1.4499006,-1.1097728,-0.73335195,-0.6345767,-0.7737586,-0.92929554,-0.8900164,-0.52632517,-0.073604405,0.20980984,0.43592277,0.28687394,-0.50372577,-1.4549181,-2.262394,-2.6663914,-2.717953,-2.4964132,-2.2360926,-2.1375296,-2.182945,-2.3123202,-2.5234604,-2.640073,-2.7532563,-2.7532551,-2.753264
-2.1960187,-2.252839,-2.3229995,-2.3816347,-2.393692,-2.2993853,-2.4759579,-2.4798589,-2.509893,-2.604055,-2.6787913,-2.720986,-2.7154396,-2.516195,-2.1983511,-1.8138912,-1.1710806,-1.1225412,-1.3579789,-1.6816032,-1.9557718,-1.7119975,-1.3970908,0.1308139,1.1674709,1.4357178,1.2968965,0.4549856,0.024605818,-0.106094316,-0.18561591,-0.24059752,-0.26705912,-1.0541975,-1.2210885,-1.1197754,-0.92552775,-1.0128546,-1.2684512,-1.3608284,-1.5148058,-1.5465617,-1.5566859,-1.6318169,-1.4555718,-1.4680657,-1.1277188,-0.8121011,-1.0241997,-1.309362,-1.6486503,-1.9202573,-1.5696226,0.030879602,1.0856279,1.3723338,1.9676276,2.1330268,1.158576,0.37046203,0.4207461,0.1047991,-0.05283902,-0.2716315,-0.3447008,-0.3553539,-0.36584538,-0.46318626,-0.65280503,-0.51438266,-0.020376503,0.7999526,1.3155317,1.1158631,0.80881864,0.5140464,0.22360292,-0.16505405,-0.5755023,-0.8589817,-0.69898987,-0.15242925,0.111043945,-0.12825882,-0.18176056,-0.14610371,0.07054484,0.11784907,-0.4267143,-1.0554268,-1.2585053,-1.5816276,-1.6314898,-1.5501106,-1.3955405,-1.0747492,-0.2286121,0.8197011,0.56854486,1.0199013,1.6044288,2.0182111,2.371282,2.4001436,1.821841,1.0465633,0.33487615,-0.2958042,-0.61848146,-0.32269472,0.17363104,0.97917753,2.5267203,4.9550486,6.4181604,7.6207047,8.437143,8.542033,8.369375,7.7344847,6.4827375,3.972781,1.8354338,0.3764878,-0.8659963,-1.357671,-1.4228978,-1.2873725,-0.93142176,-0.8904015,-1.0241339,-0.5667396,-0.1637229,-0.11889948,-0.16357917,-0.14958322,0.019444421,0.13131212,0.38273388,0.97722375,1.6048151,1.1983685,0.19073944,-0.19691624,-0.26046473,-0.5322468,-0.602308,-0.7663783,-0.93098265,-1.028258,-1.1560675,-1.1500583,-1.1036708,-1.0452728,-1.1185415,-1.3402513,-1.6029701,-1.852272,-2.0808656,-2.1948159,-2.1117969,-1.9820838,-1.8627062,-1.6946597,-1.5684223,-1.5166981,-1.403898,-1.7076714,-1.8110476,-2.0719802,-2.5774255,-3.238388,-3.4457035,-3.420959,-3.3854423,-3.3162527,-2.2995307,-2.299507,-2.299448
-3.9970446,-3.9834514,-3.9501662,-3.9238584,-3.8841152,-3.8329208,-3.7282095,-3.588694,-3.6493037,-3.4251904,-3.1089268,-2.8778386,-2.9879205,-2.9521341,-2.806442,-2.355086,-2.0457947,-1.7549593,-1.5700604,-1.3437146,-0.7596253,0.03414774,0.12892815,-0.8969514,-2.1901274,-3.2799528,-3.398909,-3.095397,-2.7236528,-2.4767973,-2.2545223,-2.1623733,-2.2046702,-1.8562299,-1.4411805,-1.3285645,-1.102736,-0.49974215,-0.3711296,-0.6384151,-0.9087339,-1.2639511,-1.5718288,-2.0003717,-2.5818725,-2.5622373,-2.8823383,-2.9024725,-2.9670527,-2.7036405,-2.0006459,-1.0332183,-0.732888,-1.5427285,-2.032883,-2.503987,-3.0498574,-2.8495755,-1.6684847,-0.7824968,-0.60729706,-0.2987007,0.035704732,0.60365444,1.3230135,1.7411896,1.820551,1.7345817,1.2685995,0.42253873,-0.38832477,-0.7577536,-0.784397,-1.626404,-2.2478704,-2.4285293,-2.0509934,-1.3867795,-0.6288831,-0.26560634,-1.2643557,-2.764066,-3.8826804,-4.15962,-4.148608,-3.9822378,-3.72635,-3.0954227,-1.7796168,-0.10744852,0.86581326,0.9461052,1.1057644,1.1704154,1.156718,1.0298471,0.7392676,-0.33191252,-1.0138599,-1.6628692,-2.5427477,-3.0641673,-3.1180248,-2.7703137,-2.4415672,-1.9876925,-1.6143026,-1.4003466,-1.319815,-1.3873031,-1.5158546,-1.7475939,-2.0897603,-2.610331,-2.972286,-2.8728447,-2.180743,-1.4824407,-0.93952894,-0.35266986,0.18016428,-0.14561453,-0.7556686,-1.3506917,-1.8302712,-2.2247822,-2.4792452,-2.657944,-2.7971919,-2.5978546,-2.5517883,-2.7404742,-2.70306,-2.582147,-2.5142553,-2.464077,-2.569421,-2.808302,-3.0251608,-3.0683358,-3.2652795,-3.3349485,-3.1699152,-2.9055316,-2.740776,-2.2856855,-2.0089593,-1.564336,-1.3766068,-1.1015731,-0.83339965,-0.7738993,-0.7890847,-0.73304445,-0.7056366,-0.8412765,-1.1509627,-1.5743012,-2.0019572,-2.4172552,-2.7516904,-2.9181232,-3.1086535,-3.3148148,-3.552285,-3.986701,-4.358596,-4.666163,-4.806805,-4.587652,-4.198924,-4.0650926,-4.1386585,-4.1519556,-4.260707,-4.319499,-3.8326719,-3.8326178,-3.8325448
-3.25172,-3.0000536,-2.9344268,-2.7275302,-2.5965562,-3.7822516,-2.244241,-1.9919329,-1.7535653,-1.4129937,-1.1785293,-1.0090215,-0.78624225,-0.7778387,-0.76616,-0.54652685,-0.81855404,-0.7837912,-0.7094058,-0.7743651,-0.7647171,-0.38479692,0.073868744,0.492444,-0.40541425,-1.8319205,-2.4458275,-2.2326512,-1.7154438,-1.3748981,-1.1711009,-1.2005708,-1.2718564,-0.98000073,-0.7270317,-0.57663435,-0.26975754,0.46849012,1.0412099,0.9353367,0.78849745,0.8331565,0.64363784,0.3428201,-0.5201994,-1.5039556,-2.1466007,-1.8964081,-1.7118593,-1.572394,-1.1160419,-0.0644958,0.116980664,-0.8602631,-1.402397,-1.6106907,-2.1130407,-2.1278987,-1.9255636,-1.6666057,-1.1294572,-0.3090906,0.21951273,0.6560741,0.9460798,1.825624,2.7126124,3.2648168,3.5340545,3.0714989,2.273715,0.8459746,0.21073386,-0.6501174,-1.4823456,-2.0053272,-1.9292166,-1.570019,-0.7318326,0.16282067,0.10507245,-0.7000156,-1.5380565,-1.8618908,-1.8980403,-1.9929502,-2.0131843,-1.8571559,-1.0735632,0.23858735,2.18882,3.1695259,3.6373556,3.757122,3.7594514,3.5755472,3.1065218,1.285714,0.40488243,-0.5223542,-1.4112585,-1.837012,-1.9174056,-1.7288482,-1.1611478,-0.30988085,0.6143734,0.87637645,1.0240076,1.1526182,1.0908401,0.9213854,0.70690256,0.17948104,-0.34222227,-0.16415274,-0.1809269,-0.20081407,-0.086461246,-0.0013638437,0.036839068,-0.2733474,-0.76679695,-1.2368339,-1.4548582,-1.3683095,-1.2702444,-1.3401897,-1.8356465,-2.0070174,-1.9087976,-2.0286863,-2.0224729,-1.9367361,-1.869717,-1.7659674,-1.6615533,-1.6859505,-1.677741,-1.7523515,-2.160986,-2.2393334,-2.1374125,-1.9053178,-1.6147419,-1.3336755,-1.3453859,-1.4360876,-1.1861084,-0.8685928,-0.6222637,-0.35709918,-0.2023804,-0.030381262,0.26787344,0.3579147,0.14381653,-0.1433804,-0.3609119,-0.4251952,-0.58163995,-0.8157829,-1.1615477,-1.8274186,-2.6273992,-3.1916497,-3.328516,-3.358536,-3.2951512,-2.962549,-2.586523,-2.4099426,-2.381827,-2.5194438,-2.667687,-2.8062112,-3.7823303,-3.7823477,-3.7823308
-2.8398414,-2.6478262,-2.6108088,-2.4941082,-2.3714461,-3.4581313,-2.1498303,-2.1517172,-2.0184228,-1.8111553,-1.6569887,-1.5315874,-1.6391273,-1.8454682,-2.0323963,-2.0740604,-2.2792568,-2.0448303,-1.8753846,-1.6395705,-1.499944,-1.2507608,-0.9742418,-1.0970058,-1.7911019,-2.7710543,-2.504551,-1.6852846,-1.0391645,-0.779711,-0.77930737,-0.9280944,-1.4218318,-1.1418062,-0.5230381,-0.22414576,0.24608368,0.896268,0.66294914,0.56124324,0.64031947,0.984655,1.2531819,1.4844778,1.2238109,0.5278324,-1.441469,-2.1291032,-2.671838,-2.9587948,-2.5824866,-1.8379354,-1.3739982,-1.8554311,-2.0464892,-2.1742563,-2.8066077,-2.7151465,-2.5561972,-2.9993868,-3.376611,-3.3841915,-3.2926319,-2.6971765,-1.7809311,-0.7881867,-0.04835859,0.427795,0.78939366,0.35675788,-0.36164027,-0.94670457,-1.5361615,-2.155468,-2.641491,-2.703625,-2.3308268,-1.5904878,-0.72414154,-0.10670969,-0.20347732,-1.365916,-2.6082559,-2.8137012,-2.9374185,-2.8868206,-2.680556,-2.5146518,-2.0967655,-1.3271185,-0.6497241,-0.63253814,-0.6244955,-0.6381189,-0.68473184,-0.73088294,-1.2037892,-2.3116453,-2.3953679,-2.6613774,-3.008115,-3.0525706,-2.7541313,-2.4976523,-2.0928862,-1.3135624,-0.15908194,0.68465716,1.4091208,1.8508534,1.8944014,1.6923071,1.3303635,0.7600909,0.15222484,-0.5978497,-1.0655146,-0.9703058,-0.75749767,-0.62159216,-0.6983338,-0.833361,-1.0234356,-1.17699,-0.88762534,-0.4600786,-0.37020442,-0.52358675,-1.0324441,-1.4925456,-1.6870759,-2.1163309,-2.3420835,-2.2897298,-2.2250686,-2.158176,-2.0903673,-2.1304212,-2.2244287,-2.3749518,-2.5876498,-2.3971949,-1.4810798,-0.91922474,-0.85818875,-0.679214,-0.97075665,-1.294197,-0.93130445,-0.1901628,0.42752188,0.697385,0.8617451,0.88820267,0.8550739,0.73732984,0.60367703,0.4519422,0.3839478,0.5276407,0.72163844,0.8050995,0.79831237,0.7168754,0.33829978,-0.5641093,-1.6639423,-2.469356,-2.8020213,-2.8120823,-2.6775439,-2.5071094,-2.5442405,-2.6680355,-2.9109094,-3.16192,-3.4581914,-3.4582295,-3.4582605
-2.0812113,-1.966562,-1.8772967,-1.7923594,-1.7542639,-0.9777037,-1.5548025,-1.2319267,-1.1969817,-1.0593325,-0.92788345,-0.69254357,-0.49500412,-0.3396317,-0.31224895,-0.25936136,-0.5963861,-0.47657412,-0.39244336,-0.50946856,-0.8532816,-0.7946143,-0.84056246,-1.5709597,-1.6888435,-1.5668519,-1.5959148,-1.2633001,-1.0818697,-1.024524,-1.1049488,-1.1642185,-1.6698704,-1.8297746,-1.2221162,-1.0269653,-0.8991922,-1.0629653,-1.6288512,-1.7891829,-1.6700984,-1.3017985,-1.0663548,-1.0674121,-1.5670862,-1.6278293,-1.7923871,-1.3451111,-1.01648,-0.97483444,-0.9711213,-0.8689852,-0.64677143,-0.81177914,-1.1770581,-1.7460138,-2.4215174,-2.4787016,-1.905683,-1.1741252,-0.55406994,0.017134909,0.04246165,0.019458175,-0.36152333,-0.94270825,-1.2860842,-1.3544885,-1.1561594,-0.9015499,-0.6119593,-0.7813802,-1.0514141,-1.4125314,-1.4867198,-1.5818518,-1.0977889,-0.27501142,0.43414265,1.0620553,1.1427604,0.557128,-0.11226121,-0.3477458,-0.57082856,-0.76036274,-0.94720864,-1.0412501,-0.90051186,-0.6857569,-0.36048794,-0.21369082,-0.03838486,0.038339455,0.060153745,0.0059767226,-0.29827726,-1.249729,-1.6047337,-2.1930463,-2.4991555,-2.7691188,-2.5158372,-2.1973612,-1.5147859,-0.81960154,-0.35168213,-0.15269798,0.46077758,1.0603998,1.2994015,1.3706431,1.5915861,2.1364162,2.2340474,2.6890469,2.893202,3.0447817,3.4427032,4.5113673,5.8558416,6.7856874,6.9517536,6.405432,5.059768,3.776031,2.7467332,1.966757,0.6479578,-0.2369054,-0.40494025,-0.82340676,-1.1291357,-1.337441,-1.3142165,-1.2004093,-1.0475882,-1.1000671,-1.4563916,-1.7887211,-2.032546,-1.8340251,-1.3342943,-1.0743742,-1.1423614,-1.2631891,-1.4860185,-1.999694,-1.8849602,-1.5582564,-1.5200448,-1.7988033,-1.9083776,-1.9911416,-2.133224,-2.1291444,-2.0828276,-1.9683074,-1.8496995,-1.6370184,-1.3859646,-1.2844633,-1.3110504,-1.3834355,-1.2154593,-1.0623496,-1.0464983,-1.1524171,-1.4238447,-1.6610537,-2.019327,-2.4034035,-2.5942388,-2.4286683,-2.36747,-2.341261,-0.9775326,-0.9774668,-0.97734785
3.3613396,3.2902167,3.161822,2.9770818,2.7534888,2.4431953,2.460353,2.2691078,2.2269375,2.1865933,2.0297732,1.8357401,1.535516,1.5234234,1.7323834,2.071406,2.323045,1.8128326,1.1874355,0.6638415,0.42513096,0.42275298,-0.08064002,-0.77994305,-1.3822802,-1.3252378,-0.9386621,-0.76920915,-0.8114481,-1.0306025,-1.1757042,-1.234493,-1.4092162,-2.0826478,-2.253363,-2.1758206,-1.6584533,-0.29661122,0.7224119,1.2986006,1.9697528,2.5463192,2.407372,1.4125366,-0.3047785,-0.73537695,-0.6788792,-0.53752244,-0.23219933,0.5060054,-0.04210583,-1.0521111,-1.3725121,-1.7147553,-1.6813332,-1.6292423,-1.1806453,-0.7717694,-0.622391,-1.0477781,-1.2671126,-1.2775087,-1.0494014,-0.85476553,-0.67190576,-0.57300776,-0.6881312,-0.81003785,-1.0066881,-1.2134068,-1.1724671,-0.706507,-0.26714808,-0.22185867,0.06935039,0.7870921,0.9133532,0.5285493,-0.18067026,-0.57551134,-0.99198574,-1.1740794,-0.8433286,-0.09490669,0.22343472,0.3104693,0.38689825,0.6196754,0.75483716,0.2668888,-0.22483394,-0.3474234,-0.4172299,-0.5418278,-0.6574923,-0.89224935,-1.485497,-1.6121674,-1.6105151,-1.9528887,-1.8248808,-1.5638844,-1.4276069,-1.396915,-2.1419315,-2.7756922,-2.9085808,-2.5925217,-2.0520668,-1.6852092,-1.622895,-1.8300166,-2.2528553,-2.8851595,-3.4357133,-3.424986,-2.8054812,-2.2849743,-2.0523205,-2.0189507,-1.9572326,-1.6426668,-1.3211284,-1.2071114,-1.1490973,-1.0643306,-1.1395468,-1.3408387,-1.7448761,-1.8100867,-1.667525,-0.8117902,-0.055036366,0.5081891,0.68235826,0.64049304,0.1796161,-0.15658437,-0.5035161,-0.7538746,-0.4944767,-0.47478873,-0.27703905,-0.20145978,-0.48838925,-0.80362344,-1.1578767,-1.456595,-1.7040422,-1.5951738,-1.0799364,-0.5874467,-0.14941144,0.16377988,0.5597313,0.9547272,1.2411447,1.5048399,1.6488024,1.6967067,1.5003402,1.1336999,0.52074176,-0.46468225,-1.0329365,-1.1835581,-1.3813256,-1.4736832,-1.1859133,-0.7094377,-0.19676405,0.56908154,0.8065487,0.93631995,1.1551511,1.3979906,2.4432034,2.4431782,2.4431226
0.20847811,0.1434224,0.1685617,0.043619156,0.02559933,-0.02763348,0.047257453,0.12198025,0.009346843,-0.2857532,-0.31265756,-0.4194223,-0.6133082,-0.98458385,-1.3997464,-1.8065126,-1.8780969,-1.9338,-2.083973,-2.3179522,-2.5251107,-2.7847881,-2.8372922,-1.6582105,0.19080445,0.44509244,-0.36916023,-1.0367742,-1.3157915,-1.1671486,-1.0247154,-1.0329423,-0.4509059,-0.38245195,-1.1710334,-1.3247888,-1.6131424,-2.0366426,-1.952153,-1.5714912,-1.4362259,-1.3888092,-1.4144652,-1.3065255,-0.7470765,-0.42830846,-0.025056094,0.29120684,0.61236894,0.4449659,-0.24124962,-1.3491502,-1.7778144,-0.8601328,-0.19322568,-0.37725717,-0.30471915,-0.29106623,-0.6739034,-0.40568453,-0.3396349,-0.51763123,-0.45493627,-0.43570217,-0.2837016,0.039956555,0.028114423,-0.26949966,-0.839761,-1.0830908,-1.1143872,-0.28379703,0.9727285,2.0688553,3.3344932,4.1295085,3.5069394,2.5987449,1.0749712,-0.4850462,-1.2271101,-1.2038862,-1.0417033,-0.94275737,-0.76721483,-0.7377795,-0.73365474,-0.7051128,-1.0494567,-1.3884379,-1.8216534,-2.2584648,-2.3979018,-2.383388,-2.2856357,-1.8495975,-1.0469358,0.66287565,0.8222002,0.19071634,0.050340682,-0.007365048,0.071962506,0.15220967,-0.10156512,-0.5853698,-1.1811656,-1.5835216,-2.0287213,-2.314578,-2.3398647,-2.2355614,-1.9058464,-1.1550887,-0.07345902,0.6909753,0.8233787,0.55277413,0.21030535,-0.078236654,-0.39862353,-0.75311375,-0.8963074,-1.0072246,-1.0752591,-0.9667196,-0.8112122,-0.61617655,-0.28158033,-0.5978512,-0.8820523,-0.16450012,1.1420571,2.381246,2.8516948,3.23453,3.4673462,3.264248,2.6584034,1.6732699,0.5523789,-0.54015297,-1.1451925,-1.3004845,-1.336175,-1.253621,-0.79872876,-0.71555686,-1.2223377,-1.7606359,-2.2049484,-2.284172,-2.1857295,-2.0983768,-2.0311973,-1.9270961,-1.6381549,-1.3793736,-1.3653907,-1.4597589,-1.4530289,-1.3710971,-1.1894159,-0.83792984,-0.556592,-0.12940398,0.38091546,0.6396228,0.43646407,-0.046793107,-0.4983064,-0.87892085,-1.0711898,-1.0460007,-1.1709498,-1.1401023,-0.027608875,-0.027604915,-0.027595028
0.13697048,0.0033615604,0.004906155,-0.016652375,-0.049439892,1.6398513,-0.14654168,-0.27263892,-0.48066258,-0.6093697,-0.7509876,-0.8247529,-1.0268383,-1.2731811,-1.359088,-1.3105419,-0.79988617,-0.64712876,-0.86616683,-0.97805816,-0.8926167,-1.2127942,-1.2645634,-1.4502169,-0.63720465,0.055175364,0.6892761,0.3986508,0.24944688,-0.2110512,-0.27209887,-0.080623046,0.4211361,0.5957519,-0.058593303,-0.37860405,-0.6426715,-0.6820722,-0.6430609,-0.5505959,-0.6589275,-0.94678754,-1.2442367,-1.6427351,-1.66289,-1.6916639,-1.5078644,-0.83714896,-0.31720135,-0.6028878,-1.0208826,-1.2648628,-1.5138037,-1.5149888,-1.3232577,-0.9444529,-0.80961037,-1.4339389,-2.1389635,-2.5906637,-2.6450195,-2.456566,-1.9520386,-1.4585493,-0.6978318,-0.12389824,-0.090678036,-0.3355698,-0.83782434,-1.0725809,-1.3166473,-1.1690977,-0.869299,-0.42025265,-0.41648462,-0.8599269,-1.6164343,-2.4459496,-2.7833128,-2.7555532,-2.4217968,-1.6577604,-0.9874332,-0.91680497,-0.9332914,-0.9573393,-1.0210978,-1.0118517,-1.4326069,-2.1548126,-2.8096254,-2.7077136,-2.52144,-2.3866293,-2.3350098,-2.3239286,-2.1064868,-1.2440782,-1.3329539,-1.4881816,-1.3619139,-1.444041,-1.9083111,-2.3912425,-3.1939907,-3.7520657,-3.8128562,-3.664464,-3.4954717,-3.2555132,-3.034545,-2.8319402,-2.5890734,-2.3305418,-2.5883408,-2.5813127,-2.1332726,-1.9467628,-1.8680322,-1.763722,-1.5537713,-1.5678184,-1.7233274,-1.7881798,-1.936295,-2.16573,-2.2809362,-2.3122828,-2.113055,-1.841722,-1.8851862,-1.1929669,-0.85534453,-0.78850824,-0.9789389,-1.3138187,-1.5182767,-1.4936366,-1.0587292,-0.20394668,0.3116682,0.28400046,-0.20066476,-0.33571848,-0.34318966,-0.32463926,-0.029557824,0.5032978,0.053039134,-0.62241584,-0.7969181,-0.6002825,-0.4969855,-0.4304639,-0.38978684,-0.34613264,-0.2504605,-0.2107181,-0.25289476,-0.48411974,-0.75941813,-0.90318954,-0.96062326,-0.98046994,-0.98594743,-0.86964285,-0.6227214,-0.2764835,-0.21125706,-0.065712966,0.52071047,1.4868865,1.9168029,2.0635176,2.369462,2.5197482,1.6400708,1.6400421,1.639935
-1.9067507,-1.9016824,-1.8871763,-1.9223368,-1.8785071,-3.0060916,-2.0175757,-2.127861,-2.1823559,-2.371902,-2.2835398,-2.3587193,-2.5497518,-2.6808627,-2.6897159,-2.5714011,-2.2615204,-2.3536851,-2.565761,-2.6268947,-2.6497996,-3.1052976,-3.357568,-2.9859457,-1.7106583,-1.3763535,-0.98814344,-1.1211756,-1.4266186,-1.5938563,-1.6446155,-1.8476436,-1.9748781,-2.2950456,-2.9168751,-3.2070549,-3.4043257,-3.2581282,-2.6062574,-2.052431,-1.8577752,-1.8066645,-1.9285518,-2.157823,-2.0795236,-2.6506257,-3.252974,-2.9329586,-2.5007277,-2.2458615,-2.4464467,-2.7492404,-3.3810682,-3.7384832,-3.405312,-3.536871,-3.5371566,-3.598669,-3.5050287,-2.8606796,-2.6303363,-2.748674,-2.4618354,-2.177298,-1.92295,-1.7491066,-1.7857118,-1.9499903,-2.3245761,-2.5413415,-2.5782106,-2.2623198,-1.9900844,-2.3007524,-2.6545143,-2.7791646,-3.324128,-3.757234,-3.9655461,-4.283973,-4.0906515,-3.4450269,-2.7609491,-2.9272203,-3.1771173,-3.308119,-3.3837771,-3.2760415,-3.0537086,-2.89164,-2.6275067,-2.4105954,-2.392883,-2.4587903,-2.6428258,-3.0661197,-3.4341917,-2.9246528,-3.0724778,-3.3897572,-3.5877254,-3.851781,-4.104384,-4.18172,-4.5974917,-4.5828757,-4.2898974,-4.40214,-4.5005417,-4.3575077,-4.15416,-4.000527,-3.8239803,-3.5422425,-3.6570263,-3.4883208,-2.8659477,-2.596309,-2.5071301,-2.448258,-2.3168955,-2.4136975,-2.6009712,-2.601337,-2.3037055,-1.7447435,-1.5670185,-1.3271742,-0.6368981,0.049693704,0.23318915,0.72706497,0.7701619,0.9661615,0.8749232,0.62815785,0.44114864,0.34626025,0.39974546,0.9617885,1.0032045,0.014564455,-1.4735833,-2.1181633,-2.3383,-2.4655628,-2.3130484,-2.140324,-2.7371826,-3.1168408,-3.1574955,-2.963853,-2.7523487,-2.5859818,-2.4709244,-2.379052,-2.1232104,-1.8292602,-1.7312725,-1.7659605,-1.8434483,-1.8958092,-1.9361581,-1.9580525,-2.2768915,-2.6420298,-2.7575436,-2.596836,-2.6022325,-2.9239082,-3.0398088,-2.7668452,-2.6225905,-2.6046453,-2.5220203,-2.3606064,-3.0059786,-3.0059948,-3.0060802
2.1191518,2.9691048,3.3132877,3.730349,4.281562,-0.814967,5.277539,6.001209,6.4898515,7.080034,7.558156,7.9696016,8.307478,9.205413,10.05,11.043531,11.83327,12.364712,12.364552,11.912233,10.0020275,6.664364,4.8630037,0.94295955,-1.8812273,-2.8926735,-2.7854366,-2.4698904,-2.3876357,-2.5222478,-2.6372452,-2.694891,-2.8165612,-3.1454713,-2.855466,-2.493175,-1.523787,-0.564595,-0.94339013,-1.5274272,-1.7886057,-1.9384806,-2.0588346,-2.1518958,-2.1112466,-2.1800084,-1.8315666,-1.7319543,-1.3070028,-0.9977924,-0.9477459,-1.0078766,-1.0743994,-0.93053305,-0.42529246,-0.25670898,-0.10639122,-0.04890442,0.074476,-0.12604648,-0.34820533,-0.64683515,-0.7767936,-0.8443835,-1.1002263,-1.5692935,-1.7329806,-1.7316637,-1.7449019,-2.0376594,-1.9360213,-1.5823389,-1.1098874,-1.0829401,-0.9305656,-0.4390468,-0.16356866,-0.37393108,-0.77877784,-1.2056282,-1.8027797,-1.7954636,-1.2057413,-0.85841584,-0.79187715,-0.36636585,0.2596674,0.54012406,0.5066887,0.0360291,-0.5871853,-1.164626,-1.5370932,-1.7308865,-1.8916663,-2.0708327,-2.1410353,-2.2127235,-2.2909398,-2.1728606,-2.0046961,-1.598025,-1.004136,-0.5677953,-1.1132483,-1.988862,-2.3812914,-2.436287,-2.7575727,-3.1005008,-3.2937305,-3.325376,-3.0482287,-2.22096,-1.5364504,-0.88909847,-0.2944268,0.12589392,0.39721262,0.29105887,-0.13050345,-0.62070763,-0.7678267,-0.9881853,-1.4824841,-2.2143722,-2.6449385,-2.8032956,-2.9026985,-2.410935,-2.3535125,-2.0099192,-1.9630821,-2.2680578,-2.5543737,-3.0788975,-3.5237014,-3.5739398,-3.3758497,-3.05575,-2.6051667,-2.2501142,-1.9267141,-1.9428802,-2.167832,-2.3792415,-2.7422585,-3.3266726,-2.9300869,-2.1510634,-1.379337,-1.0509596,-0.90398645,-0.81645316,-0.8088348,-1.0123148,-1.4101251,-1.7434208,-1.947475,-2.0001855,-2.061882,-2.1386876,-2.237997,-2.3965526,-2.441654,-2.4083729,-2.5936408,-3.0134006,-3.1435666,-2.9755578,-2.81277,-2.6740303,-2.6223958,-2.4333863,-2.304214,-2.235631,-0.81510603,-0.8151124,-0.8151898
-1.6583716,-1.7627399,-1.8758304,-2.0182476,-2.185892,-3.8198996,-2.2758486,-2.3437095,-2.1309412,-1.909776,-1.8889827,-1.8777096,-1.483616,-1.0561626,-1.0633665,-1.2500792,-1.7272912,-1.6947589,-1.4343762,-1.0045693,-0.59539294,-0.8898896,-0.8467519,-0.5736494,-0.9598628,-1.9556439,-2.2633662,-1.9189863,-1.5799024,-1.4288507,-1.3934028,-1.3572631,-1.5076205,-1.18046,-1.2804506,-1.3628244,-1.5468818,-1.1739933,0.15385579,0.76145846,1.1047701,1.1754218,0.99749357,0.6156163,-0.16699824,-0.4438464,-1.2573664,-1.7028295,-2.0310373,-2.4667509,-2.434284,-2.2308822,-2.6757793,-3.1217186,-2.9115283,-2.645857,-2.4069352,-1.9977975,-1.6010026,-1.4128277,-1.0433018,-0.62139934,-0.5326525,-0.56892645,-1.0769374,-1.8674664,-1.9620451,-1.7542927,-1.178382,-0.6840203,-0.3430258,-0.51854295,-1.2578782,-1.763365,-1.8738521,-1.7973349,-1.472249,-0.9401758,-0.27762872,0.4942016,1.3775226,1.4137458,0.10805186,-1.190959,-1.7377462,-1.8428838,-2.0657425,-2.2266774,-2.2450168,-2.0971003,-1.1627835,-0.24105337,0.22106448,0.31099403,0.24159175,-0.119808376,-1.0308853,-2.0465102,-2.3507593,-2.5411057,-2.5543299,-2.384431,-1.9272287,-1.615686,-0.923896,0.75965047,3.052795,4.612712,5.618049,6.1911354,6.337378,6.2237225,5.784222,4.91218,3.9893436,2.067896,-0.7255323,-2.0100188,-2.4704669,-2.7766924,-2.857105,-2.6811588,-2.4751506,-1.880314,-0.95328164,-0.13082889,0.34464592,0.36559874,-0.370983,-1.3296825,-1.8151171,-2.305197,-2.6146796,-2.7674751,-2.8022618,-2.862525,-2.8812819,-2.6635602,-2.4006102,-2.4168568,-2.5114796,-2.234283,-2.0365129,-1.9589566,-1.9254184,-1.7144117,-1.7204981,-1.5608587,-1.539281,-1.3091471,-1.0557325,-0.9613107,-0.9864305,-1.049546,-0.9548584,-0.636292,-0.2741738,0.010247255,0.15847155,0.15071899,-0.059607394,-0.2755248,-0.5380067,-0.8268329,-1.0793401,-1.5340109,-2.0969822,-2.545176,-2.7718704,-2.687655,-2.6571062,-2.6449497,-2.7144578,-2.8614223,-2.8727403,-2.7805452,-3.8198876,-3.8199346,-3.8199682
-4.828599,-4.72384,-4.6969247,-4.7168226,-4.618779,-5.5739737,-4.5504684,-4.453727,-4.4217525,-4.494886,-4.301093,-4.3087006,-4.436886,-4.4641757,-4.498672,-4.4471188,-4.0276704,-3.7627304,-3.8931794,-4.0816517,-3.9752886,-4.1854506,-4.474849,-4.333324,-3.808947,-4.0707145,-3.845745,-3.6137812,-3.5515482,-3.5460987,-3.4037523,-3.345956,-3.120253,-3.1731582,-4.2141695,-4.456212,-4.6020575,-4.267921,-3.505258,-3.1081784,-2.887886,-2.676622,-2.7268376,-2.9575799,-2.940803,-3.3502798,-4.2467165,-4.1124587,-3.7254405,-3.4004347,-3.5913498,-4.2086687,-4.862644,-4.8465624,-4.2664046,-4.139717,-3.9311252,-3.6910155,-3.713861,-3.2883596,-3.0979657,-3.376729,-3.4433868,-3.3595204,-3.2381492,-3.2905867,-3.2271423,-3.1996288,-3.331966,-3.470529,-3.398501,-3.0987506,-3.0275433,-3.3604238,-3.0382977,-2.574237,-2.676299,-2.8558087,-3.3059373,-3.792191,-4.240199,-4.192308,-4.008223,-4.074331,-4.1279936,-3.9915218,-3.7544956,-3.3452249,-2.8646932,-2.5040865,-2.2296345,-2.260605,-2.2902372,-2.3574471,-2.5162992,-2.756671,-3.0384731,-2.3587856,-2.50604,-3.1666987,-3.7119715,-3.9405346,-3.9377587,-3.7215548,-3.9436107,-3.8377204,-3.5046234,-3.4328508,-3.5166006,-3.4139047,-3.3172805,-3.3179789,-3.3243678,-3.1832647,-3.127592,-3.2310152,-3.2255182,-3.0897932,-2.9529166,-2.8710837,-2.812324,-3.2284846,-3.6691403,-3.9534097,-3.9748478,-3.6841364,-3.4279783,-3.0131888,-2.1331177,-1.487126,-1.3056693,-0.09804422,0.84366536,1.5551121,1.5666137,1.1754453,0.33136648,-0.2005082,-0.62493443,-1.0318105,-1.9024775,-3.0514944,-3.7640681,-4.117587,-4.242286,-4.0274754,-3.670437,-3.6092455,-4.251942,-4.4979863,-4.5012913,-4.2935033,-4.1206865,-4.006088,-3.9025688,-3.7835903,-3.6001022,-3.3971844,-3.3707752,-3.3661242,-3.4049344,-3.4545891,-3.5680926,-3.767336,-4.2363763,-4.7821417,-5.0865445,-5.2874126,-5.5580363,-6.020978,-6.4412704,-6.7048187,-6.75716,-6.7486,-6.6391344,-6.490903,-5.573759,-5.573718,-5.5737247
0.6563003,0.5016105,0.46435487,0.33295307,0.27743715,1.3576027,0.021047443,-0.2222263,-0.41332167,-0.46580648,-0.6857284,-0.81926984,-0.97532535,-1.0632117,-0.88677436,-0.61556363,0.16876802,0.08164433,0.01429981,0.14476846,0.097652756,-0.09456225,-0.344597,-0.14226225,-0.07703477,0.61101764,1.4475172,1.3053427,1.1931013,1.3942363,1.4479442,1.3185418,1.5220866,1.0586271,0.41873705,0.08269249,-0.6297941,-1.6431868,-1.823532,-1.7294002,-1.8139496,-1.8348287,-1.5714439,-1.1696978,-0.3121163,0.7286713,3.8163426,6.034753,8.1723385,9.998428,10.050358,9.049964,6.659176,3.5311933,1.3781921,0.7231753,1.2169361,0.87716836,0.15200102,-0.63541013,-0.7277253,-0.489159,-0.053941414,-0.020953916,-0.23823991,-0.30699208,-0.3810571,-0.622633,-1.0695591,-1.3006064,-1.5287201,-1.1512808,-1.0446299,-0.5227101,-0.1240125,-0.12148878,-0.58108246,-1.1069927,-1.2037748,-1.1522752,-0.8027179,0.046091914,0.80274034,0.9958302,1.0968583,1.138258,1.1733005,1.1822985,0.26841626,-0.8278227,-1.162348,-0.60667837,-0.40107548,-0.32541466,-0.34410706,-0.6276119,-0.80115163,-0.95621806,-1.4408617,-0.9857925,-0.09704214,0.23149166,0.15317568,-0.18115959,-0.83240294,-1.6354482,-2.118208,-2.2872694,-2.4119153,-2.3512661,-2.0785074,-1.5946884,-0.97567225,-0.2258193,0.4043934,0.99399924,1.4469299,1.3915515,1.0284426,0.42210174,-0.3535605,-0.9246974,-1.1343709,-1.1261052,-0.953696,-0.8410313,-0.7248189,-0.5203009,0.020379946,0.3580652,0.79252684,1.9534019,2.3709528,2.285622,1.9536384,1.4418478,0.8735603,0.45818326,-0.057609707,-0.14677447,0.21172321,0.58068424,0.5907909,0.676324,0.6724438,0.59934014,0.548332,0.58249015,0.23882996,-0.6593754,-1.45223,-1.6758533,-1.6096123,-1.4210765,-1.2587538,-1.1056426,-0.8840479,-0.7726276,-0.6781826,-0.48276055,0.036515832,0.49896264,1.1071765,2.2751746,3.850781,5.615632,7.0051208,8.143,8.476049,8.494983,7.885936,6.3777466,5.391839,5.1624026,4.40985,3.6100035,1.3573749,1.3573172,1.3573172
-2.0999365,-2.2221804,-2.2855585,-2.4251418,-2.626821,-2.8306372,-2.884365,-3.0063663,-2.8053005,-2.6218123,-2.5958076,-2.508416,-2.091045,-1.4035575,-1.0751871,-0.7736422,-0.73498833,-0.293617,0.06922282,0.5903,1.1096321,0.90514475,0.73640513,-0.031055301,-1.085791,-1.9004676,-1.6218467,-0.80127823,-0.2678185,-0.13830703,-0.2041449,-0.32859316,-0.98318434,-0.93686926,-0.60355127,-0.34333974,0.16213915,1.4706848,2.0805004,2.0745082,2.4367301,2.9836626,3.3407667,3.363084,2.6114526,2.6109602,0.17164071,-1.3540001,-1.9047831,-2.1298523,-2.1958866,-2.130538,-2.0615623,-2.499103,-2.4426007,-2.058651,-1.8503203,-0.7981484,-0.036837317,0.29080552,0.27043217,0.23239793,-0.21416944,-0.41514724,-0.42196286,-0.6805732,-0.9896424,-1.1741627,-0.94179136,-0.64744556,-0.227245,-0.16330998,-0.3285286,-0.38480973,-0.77263224,-1.384227,-1.507453,-1.309272,-1.1018147,-0.7295634,-0.3517212,-0.8674942,-1.7949028,-2.2082489,-2.0224338,-1.6244749,-1.2484658,-0.7907067,-0.34069353,0.29907104,0.47344524,0.5525534,0.6766342,0.7109768,0.6861938,0.48704675,-0.24565408,-1.09409,-1.2288573,-1.6337494,-1.7356532,-1.0711267,-0.20067039,0.50271183,2.6448038,5.707118,7.75808,8.436379,8.807334,8.95966,9.001141,8.933312,8.583686,7.4708657,5.4237165,2.937317,-0.06109415,-0.96868837,-1.026045,-0.8204217,-0.5161715,-0.20691119,-0.03611517,0.11885989,0.20068961,0.47865757,0.7213453,0.7040347,0.36772436,-0.02633439,-0.14899398,-0.9161721,-1.3993375,-1.650128,-1.7053885,-1.7056328,-1.9058563,-1.8650708,-1.8657484,-1.8655726,-1.6673203,-1.1993312,-0.7251331,-0.58667433,-0.6507881,-0.8439564,-1.099122,-1.0393773,-0.8576632,-0.36073947,0.08780797,0.14815237,0.41236356,0.56029433,0.90230656,1.4761397,1.764171,1.9915841,2.2332668,2.5139287,2.7776835,2.8998566,2.8798296,2.5433474,2.010722,1.0440989,-0.47960988,-1.4820971,-1.8803722,-2.1789937,-2.5090818,-2.5386329,-2.3422785,-2.426064,-2.3714998,-2.1652985,-2.83076,-2.8307467,-2.8306923
-1.2956662,-1.2673006,-1.328186,-1.4342806,-1.4244343,-2.9694982,-1.6455766,-1.6894343,-1.7523687,-1.8099532,-1.7538967,-1.8150201,-1.8770003,-1.9080336,-2.0063477,-1.9063421,-1.4422085,-1.2914286,-1.2275368,-1.0837306,-0.6343011,-0.42229193,-0.76242316,-1.7206061,-2.2296264,-2.343162,-2.2087686,-1.7570903,-1.5919263,-1.5223265,-1.404493,-1.1622632,-0.98660314,-1.1584224,-2.1063669,-2.1966214,-2.3463326,-2.715447,-2.5967522,-2.2749739,-1.8668234,-1.259582,-1.0491055,-1.1708289,-1.365564,-1.6094767,-2.1511335,-2.4670231,-2.373632,-2.1800995,-2.5394847,-2.80763,-2.9580379,-3.4951,-3.1885686,-2.644166,-1.7404563,-0.9055676,-0.6753833,-0.65503514,-0.7635528,-1.2839448,-1.5916619,-1.7263467,-1.8638568,-2.256014,-2.4648528,-2.463389,-2.3083136,-2.03123,-1.6568645,-1.225943,-1.0808018,-1.06376,-0.9962293,-0.810421,-0.84438634,-1.1524913,-1.9740425,-2.0802517,-1.68207,-1.3421292,-0.9989785,-0.6182486,0.10724056,1.1311166,2.029247,3.1827388,4.679368,4.369009,3.8866494,4.1300235,4.0094056,3.5978358,2.9547355,1.9087168,0.36742663,-0.7251787,-0.6805704,-0.6857782,-0.6214088,-0.74218917,-0.6724781,-0.4753648,-0.57021546,-0.76531774,-0.9328952,-1.050559,-1.1810488,-1.1339688,-1.1662571,-1.2881181,-1.5108765,-1.9240944,-2.4885807,-2.8672562,-2.8684473,-2.5353153,-2.238311,-2.1745472,-2.3036928,-2.7502084,-2.9117532,-2.962917,-2.8552828,-2.6518567,-2.4932241,-2.3276665,-2.2012632,-2.0664623,-1.9388359,-1.1814907,-0.45255357,-0.1569533,-0.21543834,-0.46926007,-1.050065,-1.4278541,-1.7765989,-1.7906615,-1.7547281,-1.7730116,-1.5712159,-1.6194234,-1.6984811,-1.5495669,-1.5270808,-2.0782013,-2.5136318,-2.37859,-2.2072902,-2.1757736,-2.3594656,-2.5269883,-2.6786182,-2.696972,-2.5054646,-2.1832118,-1.8649585,-1.5332774,-1.4409993,-1.5016123,-1.7266383,-2.212044,-2.7508168,-3.1886017,-3.5182123,-3.7558491,-3.9059901,-3.8816557,-3.7494283,-3.7616477,-3.7621267,-3.7417076,-3.5644107,-3.3218725,-2.9694607,-2.9694407,-2.969471
-1.8660346,-1.794367,-1.7042868,-1.5080752,-1.2962104,-0.15263557,-0.7814487,-0.55595267,-0.2963586,0.15138549,0.2731366,0.50956714,0.938339,1.51528,1.7986063,1.9552693,1.7416534,1.8670944,2.141954,2.0673785,1.2327485,0.7711139,0.9740746,0.73439574,0.9590269,0.9889663,0.020879924,-0.014077365,0.29817817,0.6576849,0.76210994,0.9386332,1.1041017,1.495199,1.8956804,2.052795,1.9990247,1.8479494,1.5931455,1.725086,2.103625,2.6919346,3.0513492,3.2146163,2.7983735,3.2156248,1.7638121,0.5578709,0.7150605,2.761467,5.360761,7.918882,9.341906,9.445276,8.260817,5.965172,2.662487,0.9300838,1.2602059,1.5582933,1.5376518,1.8651968,1.6474116,0.9832783,0.20701325,0.19829476,0.26990557,0.3535735,0.5469737,0.2189732,-0.17210674,-0.7848234,-0.94986606,-0.040011637,0.70592463,1.5483208,3.5197148,6.298976,8.568878,9.842463,10.404974,9.810712,8.426673,6.995487,5.457896,4.1814704,2.7891648,1.5977297,1.5780041,2.5305443,2.5990975,2.3028028,2.4936962,2.6737292,2.8861341,3.1827447,3.4007654,2.2868328,1.9390745,1.5596869,0.88401103,0.40982184,0.24168827,0.6124675,1.944212,2.6101203,2.05966,1.94573,2.2229812,2.4432397,2.4165478,2.2661889,1.718183,1.025586,1.196453,1.2722348,0.6847463,0.010062158,-0.16927494,0.24393459,1.179987,2.5703158,3.5778291,4.9144874,6.6757793,7.75968,7.939064,7.9353004,7.664119,6.9692183,6.007263,3.1554828,1.1450706,0.49348396,0.44319183,0.6417706,0.6442216,0.5307519,-0.02223304,-0.60425305,-1.0411825,-0.9560412,-0.4879433,0.025705181,0.21746145,0.36526865,0.3327949,0.71070635,1.7434442,2.4915774,2.5045419,2.2551787,2.174354,2.1500368,2.0765798,1.9926722,2.0590277,2.329721,2.7482207,3.2822425,3.7286072,3.8478389,3.7972665,3.664791,3.6227615,3.0729651,2.0103102,1.2322836,1.2738626,1.2342533,0.93873966,0.59373426,0.34127727,0.068480045,-0.2685045,-0.5782002,-0.15258023,-0.15254806,-0.15245749
-2.1270163,-2.1517522,-2.1796646,-2.144659,-2.0151982,-0.88326037,-1.8478405,-1.6859827,-1.6567874,-1.6733167,-1.5468534,-1.416463,-1.3380612,-1.1667246,-0.9584157,-0.69377995,0.021804214,0.076783955,-0.084305525,-0.12975115,0.3449469,1.0305363,1.3372581,1.4103596,0.016618818,-0.11837506,1.3436168,2.0961192,2.1244745,1.8865018,1.6482683,1.5548255,1.6770642,1.5269828,1.468945,1.2641796,0.5449276,-1.1021258,-1.9982553,-2.309843,-2.672932,-3.0663457,-3.1452127,-2.9872599,-2.5217447,-2.7895226,-2.108453,-1.6889125,-1.4538727,-0.93942493,-0.51110125,-0.4367596,0.036939263,3.2785158,7.2902036,9.789486,11.024135,11.298648,11.591768,9.6716175,7.124569,3.6303282,0.91353655,-0.6862104,-1.073153,-1.0680975,-1.0180492,-1.053621,-1.172919,-1.2020488,-1.1938682,-1.0165551,-1.297945,-1.507602,-1.0428729,-0.7193328,-0.85046613,-1.3271122,-1.9420741,-2.3952985,-2.9180145,-2.75719,-2.3375852,-2.3609056,-2.454877,-2.1390715,-1.5283201,-0.9794555,-0.96183246,-1.3502825,-1.8646243,-2.5769205,-2.806703,-2.7769518,-2.5880253,-1.7552876,0.2669685,5.2955008,6.7515984,7.910884,8.821338,9.330572,9.763292,9.911865,9.412976,8.468078,7.1587324,5.58033,3.380443,1.2863218,0.22483528,-0.2606441,-0.38236827,-0.047465593,0.59284437,0.8094169,1.1897709,1.6636547,1.8085215,1.5533257,0.9576012,-0.01049459,-0.59051085,-0.97185576,-1.5240306,-2.2675018,-2.5635808,-2.5214841,-2.1287248,-1.5151241,-1.434678,-0.9611949,-0.46178627,-0.49928415,-0.49641597,-0.16398871,1.5088624,2.8092453,4.1433516,4.410576,4.347773,4.0348086,3.3798318,2.8417919,2.4837987,2.0555983,1.8677071,1.7757127,1.2287277,0.14141466,-0.7683487,-1.2762787,-1.6353476,-1.823637,-2.088529,-2.337485,-2.6103277,-2.9975863,-3.423452,-3.7591267,-3.835977,-3.710091,-3.530821,-3.172495,-2.8348536,-2.5864935,-2.255687,-2.260679,-2.2098887,-2.1464157,-2.2379167,-2.474203,-2.596622,-2.5460732,-2.5589263,-2.754366,-0.8831086,-0.8830495,-0.883027
-1.8277545,-1.8827972,-1.9117749,-1.802381,-1.7939013,0.67203844,-1.7543839,-1.8921261,-2.0040271,-2.2028165,-2.3884528,-2.3950372,-2.5157356,-2.6583552,-2.5690374,-2.4200754,-1.8406823,-1.9686627,-2.3019676,-2.4661071,-1.9065461,-0.8916079,0.048498243,3.956008,7.870398,9.503561,10.617663,11.161193,11.496094,11.521683,11.529679,11.345711,10.733487,8.604768,5.457979,4.1160517,1.8047054,-1.0056924,-1.272837,-1.0345432,-1.1195707,-1.4807806,-1.8176574,-2.1646996,-2.1223772,-2.7462802,-2.490415,-1.7783825,-1.2922304,-1.3667737,-1.6130209,-1.6384404,-1.6690778,-0.968477,-0.11798309,0.7295011,1.6873262,1.8045459,0.8026718,0.01669389,-0.15953463,-0.7847433,-1.1038239,-1.2429556,-0.89084363,-0.5692101,-0.4656713,-0.6238028,-1.2285697,-1.9107599,-2.4931622,-2.3909492,-1.6504438,-0.73146874,-0.65407914,-1.2843543,-2.082675,-2.8639312,-3.321422,-3.4861002,-3.451837,-2.6743786,-1.9380602,-2.1432486,-2.3732197,-2.3871484,-2.187619,-1.9457841,-2.1134663,-2.47223,-2.6761484,-2.7762504,-2.8412652,-2.8303108,-2.8007755,-2.5689993,-1.9422015,0.45877224,1.1842167,1.4334588,1.594195,1.6695733,1.5378507,1.1712543,0.37985075,-0.31853706,-0.7264984,-0.631181,-0.8625337,-1.4807055,-1.7519226,-1.8519479,-1.8117957,-1.7136848,-1.9058776,-1.9191885,-1.3632674,-0.97253716,-0.8664778,-1.0105982,-1.0835685,-1.250015,-1.3611202,-1.4879138,-1.9989861,-2.746221,-3.0597992,-3.1706948,-3.0666094,-2.8867831,-3.1923318,-3.0361633,-2.338226,-1.8789592,-1.7960343,-1.5576822,-0.09141943,1.3224944,3.7454681,6.227103,8.012614,9.449934,10.3947935,10.639663,10.461105,10.161171,9.5911875,7.8578434,4.778166,1.6930997,-0.14475778,-0.66012037,-0.88299,-0.96488047,-1.0055358,-0.94562876,-0.8471634,-0.9057479,-1.1384327,-1.4634507,-1.7185669,-1.7987967,-1.7939601,-1.6487749,-1.5783255,-1.5073415,-1.126661,-0.7059331,-0.5022993,-0.04479541,0.8237287,1.4300196,1.6437509,1.8420415,1.8180277,1.5474447,0.6725291,0.6725554,0.67250663
-1.5425436,-1.5365176,-1.4882023,-1.4667699,-1.4350533,-0.63315475,-1.4720315,-1.5280612,-1.6164175,-1.8182784,-1.9856927,-2.1797423,-2.2802615,-2.2012923,-1.9220233,-1.5749326,-0.99204534,-1.1413292,-1.6975894,-2.2618241,-2.6011157,-2.9400868,-3.2702672,-2.9358797,-1.0683184,-0.064760536,0.014502555,-0.38940805,-0.7148031,-0.81303406,-0.71968555,-0.6660677,-0.39126658,-0.71729946,-1.8532219,-2.2953453,-2.657403,-2.5032208,-2.141163,-1.8414962,-1.6999574,-1.7542311,-1.853393,-2.0789673,-2.1513698,-2.1909363,-1.8016236,-1.5209305,-1.3826075,-1.6387777,-2.4430044,-3.0883496,-3.0574195,-2.5651147,-1.9315978,-1.6104386,-0.8961375,-0.2949637,-0.8380325,-1.1850101,-1.2955225,-1.7148895,-1.841953,-1.8587723,-1.6366085,-1.4331021,-1.4674468,-1.6830521,-2.3015337,-2.9276438,-3.2041745,-2.5671034,-1.4325037,-0.4895822,0.2156027,0.574281,-0.039416127,-0.90271556,-1.5480795,-2.2259464,-2.803969,-2.515074,-2.071116,-2.118754,-2.2402897,-2.3576555,-2.2727864,-2.1055188,-2.3993206,-2.963235,-3.1596785,-3.0399036,-3.0634828,-3.0922842,-3.1418848,-3.2806268,-3.1007915,-1.7934465,-1.519912,-1.2314628,-0.93865794,-0.40882444,-0.16185421,-0.18116444,-0.70919585,-1.3943803,-2.1038733,-2.7815003,-3.2540488,-3.3604612,-3.2852144,-3.1473272,-2.8378487,-2.0855606,-1.2732015,-0.7185992,-0.311103,-0.24871135,-0.30021742,-0.5537295,-0.94290817,-1.6116909,-2.1414876,-2.4420156,-2.7672057,-3.1100733,-3.2628655,-3.1825757,-2.6710265,-2.3133955,-2.263575,-1.4528625,-0.4633424,0.16633293,0.2420847,0.25293744,0.27058986,0.22999458,0.16269818,0.21744856,0.23414543,-0.05759412,-0.43787196,-0.8222431,-0.87555695,-0.85684276,-0.65129155,-0.5510657,-1.3708341,-2.051118,-2.3104076,-2.1753826,-1.9347196,-1.743398,-1.6578957,-1.7198143,-1.7420647,-1.7109416,-1.6927981,-1.7857785,-1.8015218,-1.7636456,-1.7295796,-1.7393236,-1.7403345,-1.4434394,-0.905511,-0.6720564,-0.7891775,-0.8225911,-0.61211723,-0.49114424,-0.3684804,-0.21423364,-0.22957087,-0.2773571,-0.6328983,-0.63288236,-0.63294053
-2.1921635,-2.1896563,-2.2026203,-2.2064369,-2.0534906,-0.36723536,-1.8101367,-1.4327285,-1.2091508,-1.1415998,-1.2381296,-1.3250484,-1.1345474,-0.56579685,-0.1530861,0.36041984,1.2180324,0.89438343,0.23988107,-0.26376823,-0.31519067,-0.24703428,-0.5120177,0.16409019,1.0160682,1.2038519,0.5835737,0.019455433,-0.23165786,-0.48268816,-0.7887196,-1.1214215,-1.6489823,-2.3195188,-1.9053162,-1.6463455,-1.3889004,-1.3033748,-0.96303225,-0.6756076,-0.54116404,-0.4003657,-0.47298282,-0.863222,-1.4327972,-1.766027,-1.3643196,-1.110084,-0.45840403,1.2952543,1.3610096,0.870692,0.33788687,0.17631063,0.80437124,0.97985464,1.5394819,2.1100197,1.755499,0.8248563,0.51581335,-0.18329102,-0.880236,-1.6263149,-2.1630101,-2.2964935,-2.4347262,-2.603279,-2.7195451,-2.4015784,-1.6387355,-0.18502872,0.9982428,1.9284455,2.7882237,3.7781992,3.981227,3.894963,3.7253985,2.6360714,0.9181632,0.36122343,0.3604164,0.38546747,0.5311612,0.8090846,1.3044062,1.8996403,1.8047888,0.890794,-0.38303572,-1.492395,-2.0704436,-2.2941356,-2.3925846,-2.436403,-1.9400624,-0.3476002,0.04829988,0.6430416,1.1904573,1.6500579,2.046171,2.304098,1.873936,1.0853411,0.32008412,-0.3210788,-1.0727515,-1.7939657,-2.177484,-2.3182979,-2.265214,-1.7996662,-1.2425616,-1.108863,-0.84103507,-0.4943711,-0.13496178,-0.042335957,-0.046840847,-0.5088738,-0.91644824,-1.1996394,-1.5845925,-2.1295638,-2.3193204,-2.1901278,-1.4926176,-0.9508664,-0.92367816,-0.35489607,0.23608488,0.18266189,0.1139195,-0.14990732,-0.5957875,-0.7268274,-0.76565075,-0.39433593,0.15609002,0.39410892,0.47224867,0.10331993,-0.35348856,-1.0167499,-1.6131474,-2.091428,-1.6519978,-1.4526299,-1.6468062,-1.7879238,-1.6331683,-1.401042,-1.2280264,-1.141396,-1.0104656,-0.8428143,-0.7465475,-0.6608571,-0.6257489,-0.7325578,-0.94393265,-1.3381248,-1.5972563,-1.55997,-1.5167457,-1.8002889,-1.9024773,-1.9756975,-1.870904,-1.7752932,-1.7890558,-1.6758512,-1.6506103,-1.7240015,-0.36737797,-0.36731622,-0.36722377
-1.9060175,-1.5524637,-1.4322501,-1.2397199,-1.074044,-1.3012836,-0.73605645,-0.74033284,-0.7863135,-0.7294326,-0.6715029,-0.5952079,-0.80784655,-0.9498664,-0.9359022,-0.5811825,-0.32808232,0.29904327,0.5577456,0.4867301,-0.123209625,-0.5013424,-0.47995582,-0.8875007,-1.0806992,-1.4507227,-1.6748619,-1.2494113,-0.6266467,-0.13611278,0.14496122,0.16477436,-0.15527764,0.10987961,0.66111255,0.807768,0.8872398,1.0800976,1.1217479,0.8428198,0.6150465,0.43504268,0.33277097,0.43049943,0.34608185,-0.39014608,-2.1438823,-2.5632648,-2.8585405,-3.694645,-3.6918466,-2.8329394,-1.6963289,-1.8049444,-1.9463027,-2.083008,-2.5393105,-2.0906672,-1.4410396,-1.5649316,-1.9979169,-1.8475108,-1.4380867,-0.56010544,0.32283154,0.98047,1.7177625,2.2728658,2.4838796,1.7475961,0.7509848,-0.37423426,-0.464034,-1.033633,-1.8116014,-2.1503067,-2.1029463,-1.7551422,-0.93966603,-0.379346,-0.936602,-2.3556852,-3.5467649,-3.6008713,-3.4707496,-3.1884046,-2.7949111,-2.5899777,-2.1010222,-1.5547022,-1.046786,-0.94597304,-0.9257196,-0.9648533,-1.0641043,-1.214358,-1.708631,-2.7714942,-2.8487864,-2.981596,-3.052879,-2.9061599,-2.3935037,-1.9072785,-1.8013021,-1.7634748,-1.7328887,-1.600998,-1.2449784,-0.8976753,-0.832926,-0.91929334,-1.0199214,-0.9919022,-0.7958008,-0.45731848,-0.23021042,0.13206863,0.44271883,0.54212946,0.14095278,-0.7050158,-1.3076429,-1.7857732,-1.9615979,-2.0331626,-2.1314597,-2.3723292,-3.0996356,-3.3892477,-3.3806546,-3.4458337,-3.4318922,-3.3437612,-3.338266,-3.373129,-3.3761315,-3.4058933,-3.244257,-2.9659526,-2.7177536,-2.2177548,-1.3114253,-0.65425974,-0.34364527,0.22833863,0.16540413,-0.030427672,0.3148046,1.040858,1.6750522,1.9904008,1.855204,1.58758,1.3010051,1.1215656,0.95962495,0.6851932,0.43333277,0.25492477,0.08653971,-0.022354446,-0.118585095,-0.28033453,-0.84273803,-1.7490168,-2.5380487,-2.9290595,-3.0085251,-2.469736,-1.6239872,-0.88848066,-0.6798123,-0.6180131,-0.8146681,-1.1141409,-1.3010399,-1.3010346,-1.301048
-2.845273,-2.865544,-2.8665278,-2.8718677,-2.7559557,-2.8729577,-2.735896,-2.600048,-2.5928197,-2.560731,-2.4066525,-2.402714,-2.4010336,-2.2982137,-2.168837,-2.0342848,-1.7834109,-1.6673174,-1.8319299,-2.0338395,-2.1466768,-2.341116,-2.3982527,-2.656915,-3.0669937,-2.646957,-1.6612852,-1.3884954,-1.4432566,-1.8905966,-2.0952163,-2.0480127,-1.8546956,-1.9225563,-1.9627905,-1.8172631,-1.5585248,-1.4293604,-1.9643817,-2.375808,-2.6358466,-2.8178,-2.85843,-2.834677,-2.3412845,-1.7542019,-0.9400457,-1.0795377,-0.9910857,-1.3313864,-1.7972256,-2.47555,-2.6984324,-1.3575997,0.18026018,0.9284575,1.0671864,1.0055983,0.5397507,-0.28882918,-0.7383891,-1.1405245,-1.411129,-1.7595854,-2.0105736,-2.2582736,-2.3432574,-2.3707886,-2.2508109,-1.8006376,-1.2550697,-0.89068747,-1.1656878,-1.392107,-0.866464,-0.5168264,-0.6153244,-0.88773996,-1.3209394,-1.6375065,-2.0524445,-2.055588,-1.6500094,-1.3660551,-1.179818,-0.88638276,-0.5928885,-0.56407225,-0.8632419,-1.2422903,-1.7484822,-2.204532,-2.2342315,-2.1299372,-1.9907596,-1.5791726,-0.64028376,1.2064741,1.3207799,1.371661,1.2629776,1.110173,1.0829722,0.9678209,0.45541143,-0.07485874,-0.24106735,-0.29893076,-0.62897336,-0.9597051,-1.1289431,-1.1264188,-0.9368669,-0.4548205,-0.21661761,-0.18587688,0.19237907,0.5095012,0.6110064,0.6175245,0.33704722,-0.23958811,-0.7227476,-1.1310966,-1.570664,-1.8058137,-1.6591399,-1.2430687,-0.05347848,1.1918048,1.7499466,2.6977067,2.890616,2.6176324,2.3603158,1.99083,1.6650188,1.469553,1.2441533,0.9200549,0.51222116,0.037465014,-0.78721875,-1.4030887,-1.6110146,-1.9742815,-2.0669858,-1.9358218,-1.7926915,-1.7209787,-1.627821,-1.5717696,-1.7263303,-1.8382324,-2.0259354,-2.2984529,-2.6426642,-2.9693127,-3.2313123,-3.444312,-3.530965,-3.4827857,-3.4026234,-3.207865,-2.9124036,-2.62461,-2.3349023,-2.5475214,-2.9011424,-3.4011788,-3.967358,-4.365761,-4.409848,-4.315463,-4.027662,-3.850893,-2.8727946,-2.872775,-2.8728285
-1.782172,-1.5736921,-1.5148722,-1.2817485,-1.2349719,1.2989866,-0.69711673,-0.3017043,-0.08525373,0.13937375,0.1977897,0.35197225,0.47782344,0.6786361,1.0535038,1.540587,1.5601587,1.6470866,1.8452739,1.7180018,1.7731793,1.6008797,1.05933,0.37506703,-0.21902102,-0.6180887,-1.142744,-0.39791107,0.46311858,1.0434887,2.1379752,3.4684505,5.4597874,8.937155,10.783868,11.105245,11.495251,11.280799,9.251575,7.443959,5.9284067,3.6154206,1.6535552,0.043439,-1.3972468,-2.212421,-1.8887721,-1.5766966,-0.8939612,-0.28895414,-0.526826,-0.70444363,-0.8984124,-0.91691816,-0.8445222,-0.3303201,-0.0007985532,0.0669907,0.3367096,0.090660304,0.16136563,1.7276667,4.001637,6.972366,9.5214615,10.9940815,11.676748,12.056677,12.475395,12.7562895,12.483435,11.325451,9.286284,6.145761,2.9721472,1.3064489,1.2803255,1.0433244,0.6390842,0.07639781,-0.52758527,-0.90152514,-0.79069585,-0.7927931,-0.75221545,-0.41197684,0.13271159,0.6536733,1.01214,0.7254218,0.24138206,0.106233016,-0.026651591,-0.0785694,-0.10637577,-0.31937522,-0.52791107,-1.0844324,-1.3768387,-1.3724413,-1.4271754,-1.2654523,-0.84776694,-0.30045828,-0.058407247,-0.13724309,-0.5994518,-0.7614102,-0.8254992,-0.6934235,-0.58515555,-0.36894578,-0.12266609,-0.018906489,0.05700192,0.21860993,0.17348948,-0.05015114,-0.11203632,-0.15957072,-0.060630977,0.022113502,-0.109446466,-0.5114401,-1.2369168,-1.7941788,-1.9350296,-1.8730366,-1.6252257,-1.1998471,-1.0004576,-0.96042484,-1.137738,-1.5666769,-1.930135,-2.450478,-3.0141106,-3.2574358,-3.1972895,-2.854803,-2.393311,-1.5479057,0.5115303,1.8974438,2.9263916,5.5477085,7.2457943,9.336423,10.856192,11.454604,11.340759,11.045962,10.624374,10.289925,9.771887,9.088797,8.098532,6.8511477,5.605342,3.992032,1.8946829,0.6356349,-0.22311586,-1.0580653,-1.6765853,-1.7226111,-1.6972303,-1.6278391,-1.5520416,-1.2362953,-0.6420374,-0.22558509,0.08157979,0.43018824,0.5813831,0.39657265,1.2991617,1.2992799,1.2994438
-2.4132752,-2.514949,-2.5946991,-2.756195,-2.7162168,-4.5473986,-2.9368706,-2.9274335,-2.9085977,-2.9715672,-2.7597628,-2.8633733,-2.995597,-2.8852527,-2.8305402,-2.8308806,-2.6345763,-2.7270207,-2.9230132,-3.075429,-3.2664301,-3.5044467,-3.6986628,-3.4623609,-2.8946304,-2.479334,-1.9635794,-1.7809368,-2.0477214,-2.2978315,-2.382363,-2.4522564,-2.4596238,-2.9737089,-3.5080304,-3.5747552,-3.5075684,-3.1566095,-2.9662943,-2.8579266,-2.8435824,-2.8208864,-2.7708907,-2.6003952,-2.2012224,-2.522785,-2.3189657,-1.8538071,-1.3869237,-0.7494872,-0.94746095,-1.8063821,-2.763295,-2.647913,-1.7686086,-1.3029423,-0.93578184,-0.8629067,-1.1245857,-1.1533644,-1.0475849,-1.3227658,-1.5471137,-1.8150833,-2.1976566,-2.5984287,-2.8115742,-2.9161568,-2.9102926,-2.57381,-1.9591038,-1.0589409,-0.82245296,-1.1546564,-0.94135296,-0.5666493,-0.6563988,-0.79408,-1.055726,-1.5757973,-2.109049,-2.208143,-2.1777265,-2.221201,-2.2004814,-2.0996704,-2.0704257,-1.95844,-1.6976012,-1.5346009,-1.4844162,-1.7258067,-1.888233,-1.9828284,-2.095506,-2.2372923,-2.2054145,-1.2155756,-1.0162343,-0.815355,-0.69720155,-0.8040571,-0.909376,-0.9320886,-1.1990058,-1.2642593,-1.0723323,-1.1515975,-1.5877203,-1.8386338,-1.8668426,-1.7975228,-1.6157296,-1.0861993,-0.58169097,-0.7901736,-0.9037899,-0.91181386,-0.9633473,-1.0373316,-1.1697904,-1.5073433,-1.7104262,-1.6163852,-1.139102,-0.20301542,0.5615316,1.6321584,4.158236,6.4038334,7.721876,9.729093,10.307765,10.3432455,10.216152,9.876984,9.05323,8.267585,7.077437,5.730708,3.5288773,0.7100809,-1.3601816,-2.2753878,-2.554918,-2.8895683,-2.8736107,-2.9593854,-3.2288365,-3.2375467,-3.1722322,-3.1067183,-3.1283813,-3.131363,-3.1690915,-3.2026649,-3.1835873,-3.128063,-3.1759,-3.2421064,-3.2218974,-3.145664,-3.101998,-3.11698,-3.3485188,-3.4905162,-3.3003383,-3.0812955,-3.0768943,-3.6741762,-4.53249,-5.1852417,-5.3531637,-5.38937,-5.2651668,-5.113285,-4.547358,-4.5473595,-4.5474153
-2.702696,-2.4447596,-2.4274378,-2.380866,-2.346505,-5.5567346,-2.2990832,-2.2916434,-2.2522233,-2.2131076,-2.1176624,-2.0875807,-2.1812956,-2.2198374,-2.1026285,-1.6399539,-1.3156745,-1.0283382,-0.9129078,-0.9687408,-0.9626913,-0.91289437,-0.8559853,-1.4822181,-1.7591865,-2.6773782,-3.1550174,-2.8184266,-2.413868,-2.1200175,-1.9332529,-1.9131793,-1.9806757,-1.9137479,-2.4360387,-2.3405766,-2.1154912,-1.7495213,-1.5770814,-1.7644328,-1.930481,-2.1668024,-2.4288583,-2.6415482,-2.7374525,-3.0503204,-3.6347528,-3.7187555,-3.4989066,-3.7590475,-4.1351604,-4.308378,-4.682224,-5.115965,-4.533503,-3.987238,-3.5768635,-3.0015063,-2.4936118,-1.9744157,-1.3840408,-0.84943664,-0.53251565,-0.476039,-0.87735224,-1.2451527,-1.181699,-0.9906111,-0.9999838,-1.6209469,-2.178393,-2.5556445,-2.3187084,-2.5791721,-2.9469118,-3.07448,-3.0773828,-2.9377372,-2.5557103,-1.9645439,-1.9433519,-2.4115334,-3.0393503,-3.562428,-3.7916496,-3.617717,-3.3244457,-3.056813,-2.554776,-2.1167293,-1.3891273,-1.1318686,-1.1487551,-1.3025815,-1.5916479,-2.1589537,-2.8943756,-3.357717,-3.36757,-3.3736448,-3.6366634,-3.6632857,-3.3649294,-3.0058064,-3.0374131,-2.6273456,-2.2271006,-2.3197258,-2.224855,-1.9876611,-1.8789319,-1.8286333,-1.6616398,-1.2960987,-1.2223684,-1.1266245,-1.2184758,-1.29093,-1.2471981,-1.2705145,-1.3498918,-1.7406306,-2.1276832,-2.413978,-2.5358114,-2.4850311,-2.401233,-2.4095345,-2.6724315,-2.681312,-2.6857634,-2.5710626,-2.355554,-2.1824777,-2.2242005,-2.4570332,-2.7444305,-2.8163857,-2.6132448,-2.5299687,-2.8982506,-3.3193688,-3.2560906,-3.106565,-3.069428,-2.7298346,-2.5933542,-2.6689906,-2.847592,-2.3943293,-1.8383548,-1.4634278,-1.5204148,-1.6238889,-1.7399856,-1.9636815,-2.2390208,-2.46141,-2.6967113,-2.9522548,-3.2898898,-3.5309758,-3.7421443,-3.9324653,-4.230966,-4.5768013,-4.7517233,-5.021821,-5.261702,-5.279299,-5.1515746,-4.9643803,-4.8936763,-4.83008,-4.7924767,-4.7323346,-5.556551,-5.556555,-5.5566034
-1.4961925,-1.5071502,-1.4457629,-1.5451849,-1.5028851,-2.1142373,-1.708401,-1.8189409,-1.8452654,-1.9895382,-1.7819493,-1.9007967,-2.2224433,-2.426616,-2.622231,-2.8936865,-3.0699973,-3.1788213,-3.2325373,-3.0311022,-2.3502407,-2.3363614,-2.75853,-3.4229202,-3.4186907,-3.581249,-3.2631412,-3.3669515,-3.5511096,-3.5863876,-3.4629872,-3.4908636,-3.176304,-2.4865394,-2.6441643,-2.9140155,-3.0448997,-2.6864405,-1.7990906,-1.326984,-1.2953651,-1.4822361,-1.7479767,-1.979051,-1.7949764,-2.305367,-3.0998526,-2.614026,-2.3623757,-2.3687072,-2.4655786,-2.7392921,-3.2526364,-3.7057557,-3.6996741,-3.857572,-3.7110312,-3.5314164,-3.2633712,-2.2344704,-1.9959673,-2.4478042,-2.5416317,-2.2706203,-1.5563812,-1.0622932,-0.9141967,-0.94910663,-1.2208893,-1.3607732,-1.3684447,-1.1782252,-1.4824337,-2.308342,-2.3949282,-2.0687332,-2.4037263,-2.7888732,-2.992231,-3.2592716,-3.4492822,-3.284075,-3.115518,-3.3156743,-3.557747,-3.7651896,-3.8357363,-3.5776389,-3.1724343,-2.6372662,-2.2551599,-2.177155,-2.3195367,-2.459101,-2.6824598,-3.0755048,-3.448136,-2.893137,-2.870643,-3.13417,-3.3863676,-3.5427208,-3.6881895,-3.6314206,-3.8522298,-3.5590162,-3.152577,-3.249385,-3.5272155,-3.6958413,-3.7770498,-3.9179502,-4.131471,-4.253357,-4.3256984,-4.0588346,-3.515596,-3.2601843,-3.177382,-3.0938408,-2.9448798,-3.2230906,-3.6679826,-3.911941,-3.9130092,-3.6467655,-3.5632653,-3.452681,-3.1365387,-2.8423474,-2.9032116,-2.3980494,-1.9861354,-1.4426992,-1.3790214,-1.548583,-1.9208646,-2.142054,-2.0665927,-1.7323471,-1.6966195,-2.3935785,-3.2886746,-3.7209504,-3.785709,-3.4042444,-2.7475603,-1.8799765,-2.2549324,-2.5576656,-2.4774764,-2.2046263,-1.9734967,-1.7938833,-1.6391538,-1.5480826,-1.3410022,-1.1638358,-1.2218821,-1.4605141,-1.7169288,-1.8422014,-1.9423147,-2.0431998,-2.4942653,-3.0041873,-3.0553093,-2.624528,-2.5465515,-2.8127732,-2.9524484,-2.7524602,-2.600675,-2.595437,-2.4538891,-2.2038445,-2.1140544,-2.1140518,-2.1141174
-0.3239158,-0.68044376,-0.8399564,-1.0969197,-1.2014865,-0.7008905,-1.4928573,-1.5424845,-1.4948466,-1.303937,-1.3173769,-1.2693441,-1.1868538,-0.96292967,-0.60533977,-0.24801023,0.36358386,0.11734899,-0.19325453,-0.6317023,-1.4666034,-1.5037285,-1.1684773,0.68747056,1.949744,3.5297198,3.170639,2.1904576,1.7970212,1.8656595,1.8496741,1.6171083,1.4524065,0.5751506,0.26374125,-0.010010779,-0.5590876,-1.4639413,-1.5877101,-1.2891414,-1.2888635,-1.332483,-1.1377548,-0.57162666,0.20640452,1.2535033,6.129446,8.400528,8.4671545,7.161455,5.4029894,3.5858502,2.6759536,2.690273,1.7627038,0.864221,1.478797,1.9398139,1.1009127,0.2934125,0.33742574,0.10258457,-0.18989955,-0.5905973,-0.7514314,-0.6744675,-0.72623086,-0.8506969,-0.7083787,0.7695532,2.9921312,6.806587,9.631498,10.920378,11.148537,10.912342,10.732463,9.837317,8.2558365,6.286504,3.9354012,2.341075,1.1932919,1.1588838,1.432187,1.5531328,1.6820523,1.997828,1.4715265,0.9784028,0.61610436,0.41168523,0.04530868,-0.109701514,-0.16061148,-0.06537682,0.25108272,0.15502167,-0.15973088,0.7353899,1.8301778,2.3632834,2.8977234,3.1221719,2.8330488,2.199966,1.7640588,1.7973164,1.1992677,0.40347922,0.08804846,0.10032213,0.16003059,0.32192615,1.1540416,1.351248,1.4975252,1.3831606,1.081495,0.67375565,0.1253695,-0.48707482,-0.7211896,-0.8814373,-1.0744809,-1.4798484,-1.483186,-1.2317058,-0.34919527,0.023965254,0.09825695,1.0728552,2.0146866,2.3597696,2.5167933,2.8977761,3.6023674,3.690779,3.5368361,3.509717,3.5162432,3.2710395,2.4318557,1.971162,1.8998542,1.5460341,1.1866345,0.70672053,0.35369247,-0.37458456,-1.0601301,-1.4718497,-1.6924884,-1.7403042,-1.7564058,-1.6020532,-1.376121,-1.2676466,-1.271587,-1.2755487,-0.99788713,-0.70008624,-0.3714764,0.07798532,0.7838427,1.919363,2.9864655,2.938501,2.374835,1.4602247,0.15332979,-0.9367089,-1.323262,-1.2703315,-1.3620802,-1.5405203,-0.7011856,-0.7011951,-0.7011051
-0.5314259,-0.34395993,-0.33647686,-0.28527892,-0.24754995,-0.95441127,-0.0004746616,0.21475852,0.6071026,0.9352259,1.123098,1.0965023,1.1173848,0.75866324,0.23998067,-0.022397,-0.8604546,-1.0524015,-0.97535473,-0.69299966,-0.26121074,0.27768305,0.6817546,0.17172176,-1.3371754,-2.3734822,-2.675898,-2.2293308,-1.844121,-1.562672,-1.5663185,-1.6076863,-1.8470831,-2.2525194,-2.332311,-2.0844052,-1.3412492,0.289222,0.9170645,0.5066019,0.27198875,0.24243578,0.18637088,0.33162355,0.4966617,0.44485646,-0.7212204,-1.5557312,-2.599758,-2.9882674,-2.897862,-2.7536063,-3.101508,-4.010119,-3.9214382,-3.2109623,-2.6901588,-2.2836766,-1.7073486,-0.88639545,0.033615902,0.49453944,0.22894439,-0.13078208,-0.68574536,-1.0813856,-1.0691717,-0.8996869,-0.64627624,-0.80781066,-0.93866295,-1.0729601,-0.76859635,-0.700073,-0.93761134,-0.8194953,-0.40447807,0.19160697,0.6886771,1.1451544,1.0287881,-0.14447886,-1.8015736,-2.6259358,-3.0576534,-3.1717038,-3.0276518,-2.7709737,-2.3031921,-1.703338,-0.91378045,-0.43499053,-0.19205879,-0.22345127,-0.4014993,-0.9055371,-1.8067961,-3.0006433,-3.1055117,-3.1418386,-3.0425785,-2.6685033,-2.2434611,-2.0621934,-1.8086979,-1.193275,-0.6644236,-0.28494063,0.44913018,0.8076593,0.7603483,0.5649034,0.3490471,0.034843028,-0.74203676,-1.4647958,-1.9949845,-2.0583272,-1.8496596,-1.5425481,-1.1770543,-0.58911747,-0.28868833,-0.027099095,0.44887614,0.7576231,0.74635565,0.46424422,-0.5549288,-1.4623296,-1.9027528,-2.675661,-2.9296973,-2.7803257,-2.68904,-2.642137,-2.617811,-2.5719376,-2.5523062,-2.7852983,-3.2142596,-3.0221581,-2.410564,-2.1097054,-2.0142138,-1.7786043,-1.9232666,-2.2363012,-2.186098,-1.5688331,-0.8205998,-0.19546908,0.26987708,0.48782477,0.7520058,0.64316875,0.21981356,-0.11024886,-0.34999067,-0.5918502,-0.86654353,-1.0623611,-1.2212212,-1.4320098,-1.6675647,-1.992406,-2.454204,-2.6820042,-2.4690192,-1.8597726,-1.4578782,-1.0763464,-1.1178856,-1.201724,-1.3726838,-1.3554645,-0.9542236,-0.954236,-0.95423627
1.0320528,1.028719,1.2783475,1.3406346,1.3809116,2.4563742,1.2505312,1.1011704,0.80064976,0.29216117,0.08521676,-0.2455155,-0.5570086,-0.8478883,-1.187654,-1.5234123,-1.8249494,-1.9658283,-1.9055122,-1.5442239,-0.9502293,-1.3094404,-1.707445,-2.1812077,-0.6219311,-0.15860969,-0.5225013,-0.7795662,-0.9444593,-0.8071538,-0.43220544,-0.41018373,0.06286345,0.4072597,-0.3662102,-0.70794284,-1.1502435,-1.5147786,-1.1486738,-0.6146598,-0.51653355,-0.76057005,-1.1336982,-1.4387733,-1.2038257,-0.8464997,-1.3141989,-0.9666939,-0.29847306,-0.30350915,-0.89457506,-1.4719534,-1.8909795,-1.8383482,-1.9657788,-1.9977596,-1.6124067,-1.3092775,-1.2503501,-0.31545365,-0.2537166,-0.84403306,-0.9994966,-0.9957663,-0.53256327,0.13986006,0.17298628,-0.0948385,-0.68340623,-1.031215,-1.3437362,-1.4305646,-1.2756176,-1.0501966,-0.82129633,-0.59828115,-1.2742977,-1.8490803,-2.2825856,-2.931288,-3.111311,-2.44038,-1.6744814,-1.7709389,-1.8710403,-2.1339018,-2.3220997,-2.3352041,-2.3770216,-2.2238286,-2.1074064,-2.2434835,-2.3571336,-2.3974552,-2.4314756,-2.4020808,-2.2622051,-1.2398429,-0.94511807,-1.2627349,-1.2898821,-1.2388805,-1.2197694,-1.1649852,-1.2866279,-1.3250545,-1.5136094,-1.9024875,-2.374111,-2.6980257,-2.9084294,-3.147143,-3.2668984,-2.9952915,-2.5122828,-1.6996907,-1.2464945,-1.2481556,-1.4543676,-1.6865056,-1.9535438,-2.3223991,-2.4324918,-2.3404312,-2.0392172,-1.6976271,-1.6647435,-1.6358352,-1.3691909,-1.1460886,-0.94163287,-0.22691324,0.6170174,1.3190875,1.5438707,1.5820591,1.2321801,0.8295102,0.63850814,0.68842924,0.44338092,-0.16289127,-0.72466016,-0.94566,-1.045324,-0.9684369,-0.50147223,-0.04170791,-0.49449033,-1.2335472,-1.7346187,-1.8355318,-1.694121,-1.5722872,-1.4818273,-1.3379782,-0.94370294,-0.6173112,-0.6399851,-0.96080637,-1.3071642,-1.4524213,-1.437484,-1.175375,-1.0747299,-0.90608674,-0.463236,0.6816066,1.3145831,1.6747805,2.3082426,2.9967928,3.309164,3.3393338,3.1900215,3.3758712,2.4564178,2.456383,2.456313
0.8967719,0.42965043,0.24069136,-0.14874955,-0.49574155,-1.7453663,-1.0646795,-1.3563547,-1.6917348,-1.6066613,-1.4969535,-1.3963677,-1.2797114,-1.2564616,-1.2669781,-0.95789444,-0.8316628,-0.6773386,-0.07380471,0.9215393,2.100595,2.1581998,2.1760688,1.7478133,1.1405944,0.9411481,0.3601417,0.28840354,0.25455,0.28910285,0.12276812,0.051934943,-0.67462957,-0.81826735,-0.5605378,-0.53825027,-0.6498925,-0.21169043,0.27157205,0.14382766,0.37917694,0.76382077,1.0888212,0.96772265,0.32276505,1.3441759,1.2609501,0.51263237,0.5275943,0.774343,1.5204792,1.7499273,1.4951686,0.995208,0.36324632,-0.1045022,-0.4417091,0.17842835,4.091214,8.9850235,10.62648,11.539335,11.6009865,10.773965,8.910064,6.1507754,4.06533,2.8987842,2.0075302,0.63482034,-0.33544594,-1.0726106,-1.4430902,-1.2536981,-1.3048959,-1.4838712,-1.014985,-0.050893232,0.61526847,0.96993065,1.1454155,0.4475637,-0.17034207,-0.54810435,-0.73082745,-0.63062817,-0.6636483,-0.3528773,0.28223565,0.7755491,0.2840051,0.2811979,0.6320965,0.83475804,1.0120634,1.0928046,0.8492335,0.5293894,0.629676,0.41746312,-0.12089642,-0.59821093,-0.5730037,-0.22181585,1.1881006,2.598916,2.8464022,2.9305902,3.1715426,3.150724,3.0720801,2.959042,2.7053847,1.8880852,1.2488824,0.6421745,-0.4337932,-1.1714509,-1.1945069,-0.7292328,0.34634608,2.2875934,4.0064554,6.0530357,8.026335,8.99566,9.169767,9.083303,8.564582,7.57919,6.264025,2.9565172,0.5716366,-0.47849345,-0.6038889,-0.61438006,-1.1786075,-1.4323254,-1.8469086,-2.1792338,-2.0117664,-1.326896,-0.7798772,-0.6386726,-0.74497664,-1.1298449,-1.4295907,-1.3613973,-1.0975311,-0.8712865,-0.84597045,-1.1859889,-1.4615301,-1.5857067,-1.4621949,-1.0932695,-0.99426407,-0.94335085,-0.75591326,-0.40341777,-0.014142156,0.22155724,0.3875605,0.5575015,0.75195813,0.6429137,0.19318302,-0.40322545,-0.7598876,-0.88160497,-0.9379804,-0.85473263,-0.70867413,-0.8048969,-0.63479984,-0.31683233,-1.7453716,-1.7453349,-1.7452796
-0.31094953,-0.3745353,-0.39260104,-0.39255768,-0.3855728,-1.5982811,-0.60061324,-0.7014621,-0.706334,-0.68966526,-0.5479346,-0.3597203,-0.09789954,0.302449,0.8173953,1.6454663,2.1511214,2.4962783,2.5764818,2.1530387,0.8241961,0.4061365,0.72200966,0.5075283,0.3421627,1.7805642,3.0569851,3.8294327,3.9953818,4.1520386,4.1353846,3.8113465,2.984507,2.2536473,3.3007855,3.6939607,3.9599085,3.1051903,1.4513175,1.1756358,1.3795555,1.7589712,2.000811,1.9511559,0.95300496,0.93738943,1.6076409,1.2775714,0.80759543,0.3857003,-0.285477,-0.5618138,0.23848076,0.99172425,1.0375746,1.8288754,3.3197184,4.1971617,3.4645452,2.0000825,2.2338064,2.9338694,3.0952127,2.677917,2.0061107,2.0225632,2.3044739,2.5113494,2.8606682,3.2239962,3.248622,2.5377154,1.6583351,1.9292883,2.2282023,1.9396855,1.6525056,1.0614794,0.39982292,0.4246406,0.62997687,0.24259269,0.21139142,0.6527147,1.1803279,1.6034654,1.9193673,2.1395824,2.1753743,1.9919487,2.2014635,2.8368793,3.3171651,3.5219636,3.6544113,3.722087,3.3901508,2.0799987,1.8311151,2.297266,3.1915147,3.6522129,4.312969,4.608699,4.2759647,3.3254197,2.2800694,2.172921,2.755712,3.3019452,3.5011563,3.4834247,3.32511,2.879437,2.6189814,3.1986706,3.774156,3.9100409,3.8819952,3.8911538,4.0891356,4.400605,4.3947926,3.9829717,3.4172199,3.2988205,3.3946972,3.3105025,2.60991,2.0661912,2.1155603,3.1967738,3.6780927,3.7619433,3.745059,3.4320555,2.5308619,1.8575537,1.1576774,0.8064282,1.1299556,2.2150838,3.3545449,3.5941753,3.5422125,3.160577,2.6183689,2.5249307,3.3497596,3.7261558,3.4907928,2.9929874,2.4257634,2.0778003,1.6651266,1.3221874,1.0834572,1.0105686,1.0567853,1.1476457,1.1931794,1.1997979,1.0878035,0.8955108,1.0219656,1.3772126,1.5232613,1.0518005,0.5452105,-0.012791246,-0.66447294,-1.1042848,-1.0394855,-0.9493451,-0.808327,-0.6290006,-1.5983472,-1.5983746,-1.59842
-5.316164,-5.1898327,-5.1521034,-5.126346,-5.061656,-4.860381,-4.9299793,-4.8130655,-4.766624,-4.827278,-4.721572,-4.7720966,-4.947837,-5.0508614,-5.1439204,-5.1124754,-4.790617,-4.49328,-4.5025,-4.3829126,-3.7378738,-3.6713874,-3.8923192,-3.7823157,-3.5402327,-4.364509,-4.365576,-4.082591,-3.844846,-3.8264694,-3.6806312,-3.6431894,-3.4762428,-3.2975087,-4.2374864,-4.5529485,-4.7447896,-4.1191597,-2.9999185,-2.6887622,-2.7204504,-2.8767316,-3.1337461,-3.2774572,-2.8694582,-3.447653,-4.517539,-4.3408437,-4.1675596,-4.4653597,-4.8361244,-5.2038937,-5.8032227,-5.9452276,-5.4252133,-5.246959,-4.8858633,-4.4561796,-4.070198,-3.375912,-3.4803772,-4.064586,-4.1461377,-3.7685146,-3.0825596,-2.8303967,-2.7568712,-2.775353,-3.0231318,-3.3008451,-3.3330235,-2.886838,-2.507434,-3.361807,-3.8723092,-3.8632493,-4.098407,-4.304469,-4.5096827,-4.7628627,-5.1120114,-5.179819,-5.318983,-5.589788,-5.7350874,-5.5630717,-5.1302586,-4.558194,-3.9690554,-3.452158,-3.097972,-3.345901,-3.665688,-3.8832862,-4.155241,-4.5448756,-4.840337,-4.0784883,-4.030986,-4.3504295,-4.797782,-4.8580585,-4.7199655,-4.4907765,-4.626186,-4.1509075,-3.505931,-3.5441175,-3.9431942,-4.2139254,-4.303607,-4.3548803,-4.2680326,-3.9780746,-4.124715,-4.477079,-4.404343,-4.0430756,-3.768837,-3.7233868,-3.9064941,-4.6965714,-5.3441114,-5.7892737,-6.021934,-6.067582,-6.08272,-5.944002,-5.440173,-4.8830624,-4.72597,-4.051999,-3.3537304,-2.9982018,-3.0266728,-3.2303638,-3.2883797,-3.214171,-2.812696,-2.3767972,-2.615324,-3.4308271,-3.998345,-4.205599,-4.301383,-3.9662967,-3.621706,-3.5539591,-4.356193,-4.7864895,-4.692045,-4.3138323,-4.0061297,-3.827899,-3.6344347,-3.4723115,-3.3691375,-3.3494277,-3.5070033,-3.704027,-3.9118338,-4.006607,-4.044243,-4.119006,-4.6633673,-5.368443,-5.7507915,-5.8511076,-5.980652,-6.125772,-6.0509133,-5.934644,-5.9246187,-5.9154515,-5.9107695,-5.888173,-4.860159,-4.8601036,-4.8600845
