0,1,2,3,4,5,6,7,8,9,10,11,12,13,14,15,16,17,18,19,20,21,22,23,24,25,26,27,28,29,30,31,32,33,34,35,36,37,38,39,40,41,42,43,44,45,46,47,48,49,50,51,52,53,54,55,56,57,58,59,60,61,62,63,64,65,66,67,68,69,70,71,72,73,74,75,76,77,78,79,80,81,82,83,84,85,86,87,88,89,90,91,92,93,94,95,96,97,98,99,100,101,102,103,104,105,106,107,108,109,110,111,112,113,114,115,116,117,118,119,120,121,122,123,124,125,126,127,128,129,130,131,132,133,134,135,136,137,138,139,140,141,142,143,144,145,146,147,148,149,150,151,152,153,154,155,156,157,158,159,160,161,162,163,164,165,166,167,168,169,170,171,172,173,174,175,176,177,178,179,180,181,182,183,184,185,186,187,188,189,190,191,192,193,194,195,196,197,198,199,200,201,202,203,204,205,206,207,208,209,210,211,212,213,214
13.211445,13.348455,13.37135,13.316841,13.235915,13.09087,13.009806,12.003832,9.634785,7.634551,6.066107,4.817149,3.06013,1.9236872,1.7214161,1.6044674,1.090307,0.32087404,-0.28481612,-0.8089394,-0.8302498,0.20056038,0.9241425,1.3976932,1.7551998,2.3848805,2.8331666,3.155848,3.4613378,3.2337167,3.1307635,3.5591245,3.0822043,2.383263,1.7955539,1.5776453,2.3450809,2.8538084,3.064961,3.1917825,3.1989057,3.147473,3.0705833,2.7850566,2.0968428,1.4711642,1.0084002,0.4379754,0.065288156,-0.10962719,-0.3120955,-0.628985,-0.8512101,-0.8447481,-0.9193116,-0.88608736,-0.8195836,1.0430878,1.5138993,0.844391,-0.59665585,-0.45563823,-0.481417,-0.51649016,-0.4197926,0.35643393,1.2382556,1.168945,0.7922207,0.9104037,0.6893975,0.5104602,0.37768894,0.23151545,0.10788228,-0.00045600533,0.04335898,0.41546342,0.776786,1.0345495,1.2595586,1.2046205,1.5618091,1.8480005,2.5801816,2.912629,2.998361,2.8985064,2.1843448,1.2264287,1.0571961,0.67768145,0.27713934,0.0004066825,-0.09808758,-0.16851678,-0.29624316,-0.32343757,-0.44357803,-0.5181294,0.13978636,0.92439187,1.931541,2.3618493,2.6834955,3.0399575,3.6960478,5.196062,6.5081887,6.553197,5.6697254,2.9251013,1.6389315,1.5072725,1.6646471,1.4735157,1.3303776,1.007401,0.7654038,0.6273281,0.49447286,0.3508199,0.1665221,0.18023978,0.12826656,0.09753485,-0.044322565,-0.37564114,-0.47598168,-0.52761227,-0.11219686,0.9657459,1.1546757,1.1171204,0.9914302,0.7338728,0.6249946,0.9673898,1.4959047,1.6181245,1.5428562,1.0480592,0.2749759,-0.4422649,-1.0261424,-0.8324876,0.44388437,1.4089963,2.0715783,2.29458,2.7321477,2.3781002,1.6814113,1.3450346,1.1277318,1.0036905,0.61568534,0.39002392,0.2538366,-0.018902555,-0.14164466,-0.13436194,-0.04197237,0.13469034,0.729764,1.5970427,2.3944006,3.897458,4.2269983,3.421616,2.4369252,1.8475767,1.6062505,1.4083583,1.2810065,1.3685496,1.6165965,2.6599658,3.163869,2.4602704,1.629858,1.5269428,1.7562456,2.3491492,2.821061,3.089305,3.2946494,3.3365514,3.809847,3.9184997,4.236697,4.3959026,4.5168333,4.7589645,4.94603,5.5231824,6.0664406,6.7244925,7.330064,7.8115263,8.007866,7.7617607,8.028896,8.671009,9.688149,10.184685,10.154314,9.872013,10.482466,10.831694,10.968696,10.552351,10.552181,10.552259,10.552238
-2.4356103,-2.4713917,-2.3422308,-2.277011,-2.2429385,-2.2025347,-2.0930033,-2.056274,-1.8902321,-2.0694158,-2.1672544,-2.144418,-1.6439354,-1.4093457,-1.4683671,-1.6735923,-1.9268779,-2.1167154,-2.345607,-2.7409515,-3.037362,-2.5377398,-2.3131566,-2.3056893,-2.4474664,-2.367185,-2.2290916,-2.0539699,-2.0985813,-2.022343,-1.9017093,-1.650753,-1.7311707,-1.8460153,-1.933418,-2.3109307,-2.6009097,-2.5770617,-2.597849,-2.6201863,-2.57904,-2.6032236,-2.712884,-2.82294,-3.0205636,-3.210026,-3.281509,-3.204794,-3.0546103,-2.8714745,-2.693916,-2.514387,-2.4114723,-2.439383,-2.5479052,-2.88479,-3.2385616,-2.3282366,-2.2779455,-2.4020965,-3.2842731,-3.3342824,-3.254814,-3.0417287,-2.5545468,-2.0945504,-1.7558826,-1.2432346,-0.5575985,0.26632348,1.8383467,3.0883014,3.8357406,4.3513083,4.673403,5.314905,6.3606176,7.41263,8.792439,9.820989,10.375931,10.54003,10.503979,10.358888,10.085186,9.447827,8.149575,6.402006,3.9384165,0.7199321,-0.785337,-1.531208,-1.8903446,-2.0090022,-2.0538676,-2.0896668,-2.1056917,-2.0165172,-1.9102211,-2.0080144,-2.416645,-2.8812964,-2.996497,-2.9082456,-2.7431645,-2.7024355,-2.6749387,-2.6294532,-2.7173476,-2.6429243,-2.4858763,-2.1463041,-1.644043,-1.1762935,-0.7455229,-1.1991167,-1.891351,-2.3017955,-2.5846057,-2.6678147,-2.698828,-2.6853948,-2.6709304,-2.690483,-2.67594,-2.673239,-2.604396,-2.242755,-1.8502302,-1.191277,-0.5294439,0.5430355,1.0905204,1.2543188,1.3224965,1.4494144,1.1039283,0.02762732,-0.79444903,-1.0447224,-1.255286,-1.2900809,-1.3875,-1.2703996,-0.9232261,-0.68085784,-0.6078219,-0.52525884,-0.17735523,-0.27286914,-0.58424264,-0.4995059,-0.40201297,-0.51502895,-0.8756486,-1.28063,-1.5361663,-1.6137507,-1.7008705,-1.8046298,-1.8521665,-1.8535517,-1.8013656,-1.7732942,-1.9011137,-2.3835363,-2.8894043,-3.4915702,-3.3577542,-3.2660503,-3.3339407,-3.3256543,-3.1729374,-2.9920635,-2.9019203,-2.89178,-2.8877792,-2.9230428,-3.0252695,-3.2673044,-3.8517194,-4.182623,-4.1323166,-4.159482,-4.077876,-3.7604406,-3.357348,-2.9991298,-2.5082798,-2.3397386,-2.0845752,-1.9687965,-2.0388026,-2.068869,-1.8831115,-1.8593826,-1.8036449,-1.9102876,-2.0125616,-1.8972113,-1.7663901,-1.6301291,-1.5529605,-1.5968572,-1.7588203,-1.8907905,-2.018949,-2.097071,-2.1121535,-2.075183,-2.1120381,-1.1897418,-1.1902987,-1.190314,-1.1903064
-0.74407256,-0.6079452,-0.56431925,-0.5790154,-0.7621955,-0.9760467,-1.0738949,-1.5766966,-2.031643,-2.2276294,-2.3556201,-2.2242136,-1.7040157,-1.7419624,-1.7488769,-1.9070854,-2.2400122,-2.6249611,-2.7715824,-2.6411185,-2.7102106,-2.6336727,-2.7003398,-2.806839,-2.830485,-2.4150658,-1.760684,-1.3356985,-1.4462185,-1.4220401,-1.283205,-1.0139924,-0.7827907,-0.6734094,-0.79780525,-1.3950701,-1.3405545,-1.1719346,-1.051072,-0.9899596,-1.0106801,-1.0172685,-0.9569322,-0.89696276,-0.87437075,-0.79855114,-0.71970975,-0.8881528,-1.2090905,-1.4653628,-1.6069703,-1.7848577,-2.0232406,-2.1774,-2.3314102,-2.4269712,-2.2363772,-1.549745,-1.4396979,-1.6723701,-1.8976479,-2.2437153,-2.4028893,-2.427037,-2.14079,-1.4218068,-1.1223183,-1.0958414,-1.1401715,-0.79374444,-0.5966667,-0.52689976,-0.51815593,-0.57397336,-0.6816103,-0.85143596,-0.9656149,-0.9581039,-1.0451388,-1.3967534,-2.1788545,-2.4869778,-2.9434302,-3.4240153,-3.6426148,-3.354461,-2.7477143,-2.4115703,-2.3409755,-2.3983028,-2.5306695,-2.908365,-3.393383,-3.6235952,-3.8132114,-3.9933908,-4.185688,-4.321127,-4.503723,-4.23429,-3.2330718,-2.1419911,-1.3204255,-1.0294272,-1.0334117,-1.158837,-1.2414315,-0.91924596,-0.60179126,-0.3325372,0.0480042,0.9299565,0.44480863,-0.44790405,-1.4341202,-1.3982708,-1.3957,-1.5629404,-1.7507751,-1.8113415,-1.7953527,-1.7869492,-1.7740123,-1.795259,-1.8429028,-1.8998227,-1.8286833,-1.8354323,-1.7748499,-1.8120542,-2.0319078,-2.060366,-2.0541122,-2.2760549,-2.2976885,-2.0950289,-1.7801993,-0.9727025,-0.1014723,0.18690035,0.40603903,0.22218177,-0.5357089,-1.3425162,-1.7063911,-2.2620537,-2.7675576,-2.641191,-2.3201752,-2.0450518,-1.4780962,-1.15188,-1.18146,-1.3209777,-1.0856053,-1.0264516,-1.774036,-2.2566519,-2.4689221,-2.5410357,-2.5968146,-2.5262654,-2.4294245,-2.247466,-1.9972315,-1.7836144,-2.0305657,-2.3117208,-2.3603199,-2.35934,-2.2117794,-1.6424437,-1.1200807,-1.0685863,-1.0880888,-1.0391455,-0.994349,-0.92869556,-1.1088042,-1.8663248,-2.499066,-2.1666512,-1.7773739,-1.8405896,-2.0091689,-2.223575,-2.4519022,-2.511165,-2.569468,-2.549338,-2.4998193,-2.4716578,-2.3781266,-2.5227947,-2.5591357,-2.4662447,-2.4040039,-2.235899,-2.1590438,-2.2457604,-2.4562593,-2.5116496,-2.6491423,-2.724552,-2.6636658,-2.572732,-2.5859036,-2.6216295,-2.4137907,-2.23008,-2.1794486,-0.69282293,-0.69287986,-0.69287634,-0.6928789
-1.3038464,-1.2943413,-0.9577412,-0.7436106,-0.578978,-0.39251232,-0.1878759,-0.04793948,-0.22610402,-0.45465782,-0.5949652,-0.39339215,0.5112067,1.0000827,0.7731236,0.5508088,0.120583564,-0.45146656,-1.0890069,-1.5327132,-2.0453386,-2.0611043,-2.0583096,-1.964932,-1.4266818,-1.0715464,-0.92547446,-0.5527743,-0.2538033,-0.016812012,0.16640452,0.18322794,-0.071213305,-0.23741975,-0.4684533,-0.8239176,-0.92827344,-0.9848926,-1.3230877,-1.4168535,-1.3329357,-1.3791761,-1.4014573,-1.3097712,-1.1732852,-0.95432746,-0.55560714,-0.4339792,-0.48368132,-0.5800381,-0.7083312,-0.9449047,-1.1782615,-1.386493,-1.5370874,-1.6812387,-1.3188772,-0.5026455,-0.45101005,-0.55057335,-1.3484652,-1.5124508,-1.5597932,-1.4466348,-1.1803637,-0.97659445,-0.6367205,-0.41627905,-0.098713726,0.3408475,0.48494083,0.4163916,0.20089209,0.0042808056,-0.075647175,-0.06855911,-0.012337089,0.06466365,-0.04452288,-0.4000979,-0.7435651,-0.55253875,-0.35807812,-0.12513563,-0.04363233,-0.019695193,0.032013565,0.14845029,0.35902402,-0.084120154,-0.3204881,-0.8952879,-1.6563365,-1.9731398,-2.1874723,-2.3120728,-2.3225946,-2.2725334,-2.1059916,-1.8191451,-1.4514997,-1.2540743,-1.4228027,-1.5571711,-1.541996,-1.6458513,-1.7487857,-1.7872021,-2.105409,-2.2015045,-2.1273665,-1.0450639,-0.50217676,-0.005181402,0.4425342,0.43749034,0.39929405,0.056746915,-0.504969,-0.8363828,-1.0021889,-1.020938,-0.98200774,-1.0281221,-0.9931043,-1.0159194,-1.0754681,-1.0811368,-0.8058921,-0.21882075,1.0753654,1.851659,1.783818,1.4434777,0.85458326,0.20405392,-0.20977104,-0.5712481,-0.8886381,-0.9103952,-1.0506301,-0.9045589,-0.35632455,0.33611262,0.9262271,2.194444,4.509917,6.5044622,8.539562,9.983692,10.340256,10.905682,11.220402,11.15557,10.225262,8.750587,5.993295,3.8320081,2.3659053,1.3394663,0.5549152,-0.07311679,-0.18354276,-0.47023326,-0.60119087,-1.1703117,-1.4622841,-1.5352105,-1.1365033,-1.1571333,-1.3200163,-1.5523201,-1.8024857,-2.02176,-2.1104383,-2.1664207,-2.286951,-2.4635801,-2.4435089,-2.266867,-2.2300766,-2.3308702,-2.1940765,-1.9099497,-1.8065106,-1.8526388,-1.901264,-1.8241471,-1.5126283,-1.3601553,-1.1689324,-0.9803381,-1.0151242,-1.1137104,-1.0908183,-1.0793487,-1.0811036,-1.0038627,-1.0846936,-0.9505452,-1.0166861,-1.0672094,-1.1236738,-1.1229706,-1.0201277,-0.81139255,-0.8048921,-0.8930242,-0.89877844,-0.85417676,-0.8540823,0.5700002,0.56784666,0.567765,0.56777346
-1.0274647,-1.1055698,-1.4027486,-1.6304696,-1.8033423,-1.9160115,-2.01113,-2.0836883,-1.6175859,-1.3887284,-1.3377696,-1.3007877,-1.4279063,-1.3253095,-1.2082345,-1.1928916,-1.0912504,-0.4787935,0.39429924,1.1393063,1.4665058,1.483625,1.0001711,0.4818647,-0.31140864,-1.1236868,-1.6789713,-2.200016,-2.3270802,-2.2124815,-1.9577312,-1.6390201,-1.2174888,-0.97643316,-0.6613219,-0.4649558,-0.6663994,-0.64374304,-0.34285745,-0.28346744,-0.36186892,-0.32179555,-0.17465225,-0.035256974,0.24943528,0.59249955,0.65854466,0.9309825,1.2867548,1.6272027,1.9917526,2.131179,2.1876004,2.292698,2.268864,1.7665653,0.6868684,-1.0036018,-1.3328786,-1.2278531,-0.7600169,-0.31927675,0.14954083,0.4091818,0.39881012,-0.51653856,-0.98806393,-0.7441825,-0.27903217,-0.109087944,0.104944676,0.2112201,0.3403933,0.45478666,0.5462675,0.55902255,0.4323115,0.09574252,-0.33626956,-0.59214836,-0.7530121,-0.7690482,-0.62175775,-0.06052968,-0.14008296,-0.45741653,-0.55965817,-0.51369625,-0.45732006,-0.25409448,0.22678435,1.0877563,1.858199,1.970774,1.8991665,1.7984958,1.669569,1.4772382,1.0346005,0.6212176,-0.420601,-2.0847383,-3.197763,-3.1175265,-2.6052563,-2.2278354,-1.8099084,-1.9309186,-2.1476383,-2.2459056,-2.2766323,-2.3184528,-1.9579947,-1.3990884,-0.27759236,1.6381342,2.8973746,3.8131106,4.5269938,4.8621287,5.0782566,5.0505533,5.0573163,5.2043552,5.2503667,5.3572206,5.4317675,5.1572433,4.7564898,3.8260214,1.9791834,-0.7338455,-1.2564738,-0.9023905,-0.7853961,-0.5717397,-0.23710075,-1.1453338,-2.4991236,-2.8471346,-2.8279645,-2.49297,-1.4892313,-0.19206516,0.72612894,1.2242267,0.4405521,-0.54764897,-1.168676,-0.5298348,-0.2649357,-0.2884945,-0.45506287,-0.5837773,-0.2747128,0.14041603,0.9473005,1.4553696,1.8077364,2.0954647,2.286212,2.2305043,2.0800035,1.712943,0.99435455,0.40918985,-0.0073106214,-1.4011526,-2.1987538,-2.4177833,-2.2474654,-2.0394936,-1.7271627,-1.5053751,-1.4023775,-1.3680218,-1.2775028,-1.176846,-1.1559036,-0.8019843,0.19031799,1.2250714,1.9417484,2.1509027,2.134401,2.2571087,2.2385044,2.0716126,1.6390501,1.3155572,0.8403997,0.4487177,0.4423096,0.59825057,0.47671315,0.18936357,0.06768839,-0.20428179,-0.32089472,-0.46616176,-0.35198972,-0.37896016,-0.29864964,-0.24976632,-0.07508959,0.07439715,0.26537156,0.24369536,0.23162359,0.15831539,0.18123011,0.6231532,0.6218621,0.6218314,0.62182564
-0.48562372,-0.45770556,0.11710659,0.60912555,1.2691393,1.8552201,2.1813993,4.8902473,8.019039,9.261815,10.010859,10.558434,11.03665,11.402523,11.503044,11.457638,11.250998,10.638969,9.382269,7.9374456,4.3770776,0.21232866,-0.50780916,-0.529826,0.09869409,0.6865994,0.8628681,0.6174414,0.3275442,0.32824332,0.5436797,0.44193417,0.65513253,1.8038094,4.5555725,7.859151,9.824005,10.220148,10.290562,10.380091,10.465297,10.44586,10.307077,10.175177,9.931001,9.2148695,8.379622,6.8705897,5.1521826,3.541719,1.775569,0.7642692,0.09071161,-0.27675313,-0.59573555,-1.0296842,-1.1387315,-1.7223198,-1.9246132,-1.5772907,-1.0482676,-0.88039255,-0.7139063,-0.5809374,-0.2957496,-0.36573714,-0.47395808,-0.17554128,0.28693348,0.5709692,0.92091125,1.0490804,1.1028347,1.1238389,1.0970571,1.1100142,0.97776955,0.70235455,0.094646364,-0.5037873,-0.93409556,-0.9923292,-1.0782123,-1.1978036,-1.2406896,-1.4286144,-1.5768101,-1.4833906,-1.1314979,-0.9112505,-1.257612,-1.2914073,-0.9126391,-0.49988776,-0.20316538,0.045497596,0.23557532,0.27233037,0.06599033,-1.0555438,-2.820538,-3.4923065,-3.431828,-3.5047204,-3.437644,-3.37881,-3.3359146,-3.5112998,-4.0583053,-4.1755214,-3.7867165,-1.7463346,0.35894656,0.8474673,0.8360825,0.031888604,-0.7590003,-1.0169151,-1.0580742,-1.0569657,-1.003928,-0.94900537,-0.87327945,-0.8020508,-0.67640007,-0.4654463,-0.29043055,-0.19538005,-0.3291699,-0.56477094,-0.546416,-0.12533134,-0.5078479,-0.8311493,-0.8468454,-0.7765309,-1.1151061,-2.2529879,-2.896787,-2.9745035,-2.8885221,-2.403043,-1.5043662,-0.7912148,-0.017430097,0.7134464,0.70800173,0.70295674,0.3213555,-0.7156458,-1.5645578,-1.8247036,-1.46678,-0.95113367,-0.6900513,-0.30475792,0.2509792,0.41353345,0.33490515,0.25118953,0.15052593,-0.06901625,-0.170569,-0.5460379,-0.9313359,-1.5407538,-2.0197082,-2.208919,-2.4438758,-2.603766,-2.628979,-2.5879073,-2.4466655,-2.2411017,-2.1559482,-2.1953526,-2.2836125,-2.5465598,-2.5674672,-2.0382433,-1.7165391,-1.8978375,-2.1471488,-1.9137685,-1.6236843,-1.1720273,-0.53496397,-0.07982321,0.3865747,0.61686957,0.79138625,0.6944572,0.4766816,0.5162947,0.3816527,0.07513404,-0.058059722,-0.35399354,-0.4453649,-0.60224485,-0.6290167,-0.6868425,-0.73395896,-0.83508277,-0.86945575,-0.69685435,-0.8072132,-0.84247375,-1.157398,-1.3123919,-1.2775977,-0.36210287,-0.36324057,-0.36328316,-0.3632822
-1.6613185,-1.7782861,-1.8615267,-1.8493878,-1.8112451,-1.6925213,-1.5949333,-1.4346832,-1.4788098,-1.4323602,-1.480972,-1.5423665,-1.4359708,-1.1012356,-0.9301799,-0.8532373,-0.89729273,-0.74885976,-0.43904883,-0.2479432,-0.8621334,-1.5341214,-1.2316378,-0.7540283,-0.31271705,-0.09826958,-0.28468028,-0.60247326,-0.85412157,-0.85994303,-0.80174106,-1.2551227,-1.5395057,-1.5594337,-1.5374258,-1.3914324,-1.392416,-1.097347,-0.83769244,-0.8651817,-0.90208304,-0.94621396,-1.0932844,-1.203655,-1.2508702,-1.3369187,-1.3410025,-1.2093625,-1.1461948,-1.1378101,-1.1955662,-1.3090005,-1.375504,-1.4353901,-1.4872159,-1.7369804,-1.4282274,-1.3974892,-1.6413995,-1.5399488,-0.78696096,-0.6416237,-0.40672442,-0.28867012,-0.36393842,-0.5278235,-0.3983448,-0.5620099,-0.7329395,-0.73566663,-0.46762705,-0.2882567,-0.18970338,-0.1253413,-0.0761987,-0.072265916,-0.24958572,-0.5873582,-1.1219245,-1.6551833,-1.8611684,-1.58593,-1.3909264,-1.3289,-1.4629748,-1.7916597,-1.9111277,-1.7778556,-1.3894649,-0.5541587,-0.37155914,0.070847765,0.88317233,1.4034517,1.7804203,2.0783062,2.381196,2.5379972,2.6478357,2.4312625,1.4280033,0.4382445,-0.79593754,-1.5515718,-1.7316042,-1.7812619,-1.9056855,-2.3220215,-2.804174,-2.938737,-2.9131505,-2.462586,-1.7804018,-1.1336443,-0.3382849,-0.21670601,-0.543148,-0.740387,-0.87208056,-0.9682473,-1.051296,-1.0507607,-1.056687,-1.1228882,-1.1275492,-1.1456624,-1.3424468,-1.3736149,-1.4669275,-1.5779334,-1.5512072,-0.87125105,-0.8060234,-0.94101924,-1.058924,-1.0906048,-1.1912236,-1.3866184,-1.6769044,-1.6743286,-1.4059527,-0.5084716,2.0734377,5.58772,7.772503,8.450804,8.194216,7.552578,5.9547377,3.5365324,1.3435146,-0.5887356,-1.3222796,-1.5579189,-1.809423,-1.6566398,-1.2697175,-1.048956,-1.0451739,-1.0700548,-1.1410187,-1.2828099,-1.4776267,-1.6902739,-1.8333957,-1.9334308,-1.6069057,-0.99856114,-1.0115659,-1.1941535,-1.5383478,-2.2541895,-2.6683757,-2.5201082,-2.4097266,-2.4054136,-2.4472692,-2.779832,-3.0492148,-2.9951477,-2.4779599,-2.0343332,-1.7745152,-1.3263446,-1.2516706,-1.2918991,-1.2993917,-1.353652,-1.5477448,-1.7002064,-1.9525433,-1.9906051,-1.9699429,-1.902895,-1.9097099,-2.0022388,-2.1389265,-2.2810216,-2.4432113,-2.4547138,-2.44429,-2.4021988,-2.4446058,-2.5536058,-2.7486205,-2.8869233,-2.8815417,-2.8872838,-3.095346,-3.1106367,-3.0874364,-2.2167215,-2.2158434,-2.2158406,-2.2158294
-1.0144275,-1.0892619,-0.9791291,-0.96600235,-0.991693,-1.0276933,-0.9078886,-1.0728066,-1.7407229,-2.2148144,-2.4524827,-2.2643301,-1.3016785,-0.7680733,-0.6241945,-0.49832267,-0.2787233,-0.329537,-0.5141962,-0.8048829,-0.82868975,-0.5998299,-0.63304746,-0.47929442,-0.020143002,-0.13334835,-0.64070463,-0.8970506,-0.86780035,-0.74255717,-0.61579365,-0.6152681,-0.9385511,-1.2566242,-1.5545468,-1.8600202,-2.2697322,-2.5118132,-2.696359,-2.6198602,-2.4286351,-2.3785384,-2.4330063,-2.416802,-2.4701142,-2.4684987,-2.3209054,-2.0435534,-1.6381291,-1.2562639,-0.7986128,-0.25084186,0.19067311,0.35532045,0.6190819,0.9423716,1.3145602,1.6497686,1.1549814,0.9352514,-0.4560789,-0.598698,-0.59319973,-0.36097014,0.27108368,0.5049236,0.40900406,0.48008978,0.70332646,0.757643,1.0186764,1.1809176,1.2567806,1.2771,1.3320391,1.5449533,1.9842341,2.4384842,2.9849114,3.1332085,2.939737,3.0661132,2.9622447,2.8316474,2.7881334,2.5096688,1.8433586,1.2091427,0.8493084,-0.030352503,-0.23409927,-0.23604387,-0.38051116,-0.4183467,-0.4931474,-0.5220815,-0.3614161,-0.14238226,0.24337637,0.19845322,-0.6641981,-1.6787906,-2.162927,-2.4526436,-2.5315452,-2.503562,-2.3701723,-1.8256485,-1.1082597,-0.48541343,0.21445304,0.7869674,0.52010244,0.52788097,0.28379297,-0.54324806,-0.73916495,-0.8632181,-0.8727725,-0.76408815,-0.60562825,-0.4857641,-0.3427084,-0.24704987,-0.09931022,0.12561697,0.9370782,2.4989693,4.403352,6.944451,9.374344,10.90826,11.312103,11.492132,11.460602,11.170283,10.085238,7.1810956,3.0205243,0.9809123,-0.42879343,-0.6509384,-0.7528633,-0.8652499,-0.94362223,-0.45354885,0.21904421,0.88414085,1.7148108,1.9887049,1.2965143,0.684055,0.425489,0.12686333,-0.35799056,-0.54137725,-0.1506213,0.11051571,0.31509954,0.48490667,0.6827773,1.0283675,1.2832773,1.5642753,1.5845445,1.3055769,1.3064224,1.1690326,1.2528403,0.92116565,0.109741025,-1.1947112,-1.7628884,-2.1518013,-2.2377887,-2.238131,-2.19607,-1.7804658,-1.3553786,-1.0171806,-1.7335893,-2.5858192,-2.750822,-2.4522572,-2.1627476,-1.6471591,-1.0481594,-0.6337023,0.07299505,0.3686208,0.8540807,1.1074374,0.9496523,0.8772927,1.0637152,1.0850444,1.1223538,1.0429878,0.90569395,1.0775597,1.120398,1.1163193,1.108893,1.0925634,0.7812499,0.6575031,0.5379231,0.44101322,0.203108,0.039720476,0.036847934,0.57127476,0.5698924,0.56984675,0.5698525
-0.6639892,-0.75805,-0.8727999,-0.93348116,-0.902066,-0.82458985,-0.77259034,-0.7383217,-0.5601499,-0.49646676,-0.4817846,-0.58282834,-0.9598068,-0.29688343,0.3530332,1.1107913,3.0806122,5.7512693,8.059951,8.870916,9.009048,8.507784,7.668187,6.459997,4.4246664,2.6203737,1.0390359,-0.024354815,-0.88640654,-0.99940217,-1.007112,-0.7342818,-0.6450412,-0.639073,-0.7572112,-0.9115088,-1.1669763,-1.255986,-1.4216883,-1.4161652,-1.4040058,-1.4317106,-1.4589052,-1.3982182,-1.2568984,-1.191268,-1.2125807,-0.9706192,-0.6119558,-0.2889415,-0.0016092658,0.36303395,0.6843666,0.7906549,0.78865016,0.68072754,-0.12666553,-0.9100916,-1.0808082,-1.548974,-1.6085877,-1.3960067,-1.2427425,-1.2048606,-1.3801143,-1.7222025,-1.6371963,-1.1646111,-0.89163494,-1.2295855,-1.4701425,-1.6084414,-1.7340117,-1.8697673,-1.9267403,-2.051355,-2.2128396,-2.2955441,-2.171103,-1.7446384,-0.929634,-0.75707984,-0.73441553,-0.5472371,-0.3719501,-0.21217033,-0.16207409,-0.11389837,-0.22181192,-0.7732351,-0.67011666,-0.30304998,0.23349597,0.5822072,0.97764003,1.297199,1.4408087,1.5387341,1.6059295,1.1300198,0.2887246,-0.2969448,-0.79969686,-0.93552077,-0.78552866,-0.55327374,-0.38525727,-0.6623887,-1.1505332,-1.4538662,-1.5441172,-2.3309693,-2.5839684,-1.9944932,-1.3682014,-1.4576387,-1.4597013,-1.1904225,-0.84131676,-0.6084836,-0.5335084,-0.51025736,-0.5116483,-0.51357377,-0.5510417,-0.58590406,-0.57114583,-0.3758865,-0.26557255,-0.12002429,-0.24670129,-0.1287848,0.053087488,0.29716396,0.44596523,0.39789546,-0.09921467,-0.6125349,-0.6999295,-0.587471,-0.3186742,0.23760955,1.2644085,2.0862632,2.5519528,2.8281076,2.6353593,1.9150413,1.1514952,0.7209958,0.5830521,0.5535942,0.663632,0.5456439,0.5686257,0.5683012,0.7479665,0.7115177,0.6096154,0.58155316,0.63756007,0.57098365,0.45382565,0.25964817,0.004893899,-0.14550757,0.005193293,0.0012010932,-0.09640482,-0.16078871,-0.15041599,-0.12369889,-0.5045267,-0.53101426,-0.40294638,-0.38060194,-0.3836019,-0.46139288,-0.38850883,0.23810019,1.3199432,1.525423,1.5201787,1.3582458,1.3053204,1.4282777,1.5303224,1.3803477,0.9186482,0.69277245,0.21298201,-0.12503138,-0.2056504,-0.20197403,-0.13698035,-0.45146513,-0.62123215,-0.9184162,-1.1822098,-1.2356285,-1.0491837,-0.731657,-0.6644757,-0.84682596,-1.4273348,-1.8387122,-1.8686894,-1.6022675,-1.6578689,-1.7207391,-1.8068097,-2.090992,-2.0912113,-2.091171,-2.0911791
-3.1220365,-3.0136592,-2.9313898,-2.8877902,-2.8686624,-2.8985646,-2.9101257,-2.5130777,-1.8309115,-1.5909414,-1.4686444,-1.6649137,-1.9091393,-1.7586364,-1.737449,-1.8941392,-2.3671863,-2.6753511,-2.5308142,-2.1513922,-1.7455823,-1.4008806,-1.2396036,-0.9395495,-0.477485,-0.21816665,-0.22207248,-0.7040154,-1.12821,-1.2580671,-1.4006622,-1.9561462,-2.1232505,-2.0009096,-1.4545773,-1.0359302,-1.4393907,-1.7891667,-1.6540649,-1.7146453,-1.7816156,-1.7061594,-1.5486666,-1.4512941,-1.2873346,-1.0074679,-0.6699938,-0.06585741,0.41010588,0.73883665,1.1211517,1.2780471,1.1160393,0.91958505,0.74369377,0.20360091,-1.0522999,-2.7763522,-2.9012876,-2.7993896,-1.7275512,-0.79034984,-0.13332334,0.31298652,0.67629737,0.32902256,0.07030329,0.34099883,0.4771357,0.29532397,0.5390386,0.89738345,1.1599648,1.3154019,1.288419,1.2312961,1.0343397,0.6584376,0.01093575,-0.55345213,-1.0438277,-1.0822577,-1.2650615,-1.7441111,-1.9718695,-1.761019,-1.4181831,-1.3031125,-0.7789957,0.59288156,1.2735903,1.885896,2.3962414,2.5369508,2.4797485,2.3580933,2.3149219,2.1730862,1.9103268,1.4275553,0.045346603,-1.3635743,-2.227576,-2.3724976,-2.2389364,-2.2372122,-2.4055738,-2.6224527,-2.689651,-2.5506024,-2.3652766,-1.9141933,-1.666954,-1.6127384,-1.0842825,0.05198329,0.5547603,1.0962282,1.7262684,2.0823138,2.4774928,2.6762729,2.7710638,2.900361,3.1008048,3.4085612,3.382318,3.3656366,3.1492696,2.6912735,1.3933635,-1.0596178,-1.7496091,-2.178245,-2.5327463,-2.5138803,-2.2411947,-2.545711,-3.2240562,-3.246482,-2.9764154,-2.7961626,-2.5906124,-2.0054336,-0.96329284,0.08473614,-0.31739354,-1.0033505,-1.9103343,-2.0897098,-2.381592,-2.277894,-2.0292912,-1.7777563,-1.5845883,-1.004148,0.22537631,0.87098193,1.2016306,1.3737171,1.3377684,1.1833365,1.0201459,0.6150775,-0.10845515,-1.0074193,-1.6965271,-2.7942295,-3.129428,-3.003247,-2.6849794,-2.4024148,-2.0850878,-1.7931017,-1.7122281,-1.7219689,-1.7969733,-2.1059551,-2.457285,-2.6560867,-2.4891386,-2.1467617,-1.9621093,-1.9741836,-2.0775166,-2.1508915,-2.0655007,-1.9287529,-2.0337253,-2.2072449,-2.327299,-2.3859935,-2.4358501,-2.3981729,-2.498138,-2.6198387,-2.750696,-2.955932,-3.122316,-3.2643163,-3.2066202,-3.2445354,-3.1982245,-3.0795255,-2.729429,-2.3653421,-2.20147,-2.31781,-2.5035856,-2.639699,-2.5771627,-3.446007,-3.4468975,-3.4469118,-3.4469128
-1.2246436,-1.2272615,-1.2930028,-1.3708826,-1.4761627,-1.5553164,-1.5714873,-1.7983668,-1.8327677,-1.7914293,-1.6933246,-1.3943048,-0.66211206,-0.5508445,-0.7098768,-0.80766094,-0.98328775,-1.3137504,-1.6142366,-1.7226638,-1.6732509,-1.4058447,-1.2715805,-1.0562007,-0.40918645,0.39471957,1.1951339,1.8707385,2.0132427,2.0713053,2.1909745,2.1126628,1.8555735,1.5986751,1.3264201,0.48706305,-0.35187835,-0.76956457,-0.9127283,-0.89793813,-0.8314766,-0.82083595,-0.82201874,-0.79143536,-0.76948345,-0.86392915,-0.88051176,-1.0896181,-1.322587,-1.5175436,-1.629523,-1.6643249,-1.6683824,-1.6768574,-1.5668666,-1.063822,-0.16059959,0.7745614,0.8445371,0.4974622,-0.252707,-0.7117961,-0.8693868,-0.8933141,-0.6646873,-0.12479788,0.018052876,-0.25834084,-0.62769896,-0.91641736,-1.2415736,-1.3658417,-1.4292688,-1.470225,-1.4635959,-1.3915521,-1.2121571,-0.9740349,-0.541162,-0.30192462,-0.25320554,-0.2990179,-0.2995832,-0.41974434,-0.4725299,-0.13850816,0.11870052,0.17430694,0.22786824,-0.04094903,-0.26073802,-0.59675866,-1.0903385,-1.3589822,-1.5970297,-1.7940178,-1.9052405,-1.9102926,-1.6450844,-0.9636727,-0.13836399,-0.12284431,-0.2345623,-0.40433052,-0.7334646,-1.1220973,-1.4664319,-1.5568733,-1.6347079,-1.6173502,-1.4859974,-0.16024303,0.3419459,0.11709285,-0.47973377,-1.2478132,-1.6878306,-2.1167161,-2.5502634,-2.689113,-2.6251318,-2.5641842,-2.521489,-2.5914168,-2.626144,-2.6436603,-2.58319,-2.4357433,-2.141553,-1.5014828,-0.9033282,-0.24623914,-0.11975385,-0.24757661,-0.3529505,-0.46195337,-0.90156317,-1.6298096,-1.3616879,-0.9993225,-0.64478624,-0.54157424,-0.692581,-0.762921,-0.91049874,-1.5356846,-1.7090249,-1.6389868,-1.4358549,-1.2718532,-1.341331,-1.2020562,-1.0561303,-1.0459924,-1.2984891,-1.636858,-2.166139,-2.3590636,-2.437803,-2.415563,-2.3795922,-2.2674918,-2.2556753,-2.183165,-2.056031,-1.9511251,-1.9085709,-1.3511376,-0.76552516,-0.70098555,-0.80352736,-1.1383067,-1.3328183,-1.5289229,-1.5906088,-1.5866272,-1.5934207,-1.6848778,-1.7674685,-2.0470898,-2.406608,-2.209128,-1.8029053,-1.4781924,-1.2779224,-1.3210502,-1.3154941,-0.8419167,-0.31313387,0.018806145,0.5372573,1.0359378,1.2700232,0.8309009,0.7854643,0.786062,0.6866535,0.80183774,0.65944266,0.42097005,-0.20208745,-0.29882532,-0.6564183,-1.0690675,-1.4247019,-1.6241627,-1.5791059,-1.4989855,-1.5082655,-1.4469928,-1.4787787,-1.0144806,-1.0142846,-1.0142887,-1.0142844
-4.2842674,-4.3766522,-4.42315,-4.4657764,-4.433467,-4.3696585,-4.3881445,-4.06514,-3.278483,-2.7204223,-2.505315,-2.4935846,-2.1730218,-1.752572,-1.7593958,-1.9448929,-2.2392375,-2.3865361,-2.5017176,-2.7235646,-3.390418,-3.433663,-2.9453673,-2.1528056,-0.94589484,-0.29281268,-0.0692745,-0.600653,-1.3087037,-1.4152389,-1.5837144,-2.2556653,-2.335021,-1.9875016,-1.4030724,-0.62499547,-0.2580357,-0.093697526,-0.32498717,-0.73851216,-1.0898415,-1.3737618,-1.7286712,-2.0103238,-2.1682408,-2.3053234,-2.366386,-2.2359407,-2.1978855,-2.096311,-1.8602288,-1.7791045,-1.7828863,-1.8146316,-1.7815177,-1.6892452,-1.943944,-3.0118344,-3.060948,-2.6118133,-1.4758041,-1.3556371,-1.211651,-1.1674165,-1.2422392,-1.1291994,-0.6798501,-0.43425074,-0.3086283,-0.0961483,-0.083352074,-0.20939198,-0.3096259,-0.3509698,-0.35922098,-0.3529274,-0.43624192,-0.605981,-0.8840939,-1.3201895,-1.7661307,-1.7335236,-1.8129187,-2.132308,-2.577623,-2.9394283,-2.8304322,-2.5641212,-2.228825,-1.4552045,-1.0477012,-0.7706493,-0.49697372,-0.34188533,-0.2199809,-0.10625517,-0.06436443,-0.09369688,-0.33918506,-0.54933083,-1.0819876,-1.8444307,-2.4652815,-2.4937372,-2.3852065,-2.3774102,-2.4475312,-2.9871087,-3.5067883,-3.6025887,-3.5465512,-2.8514109,-2.1521444,-1.9757929,-1.7803609,-1.2793691,-0.82353604,-0.6537123,-0.632587,-0.69131225,-0.7893025,-0.82628536,-0.87076104,-0.9202992,-0.91244614,-0.9223953,-1.0677192,-1.2729845,-1.564206,-2.1570666,-3.4284198,-4.3187103,-4.2807508,-4.3126607,-4.406255,-4.3997087,-4.154125,-3.8331301,-3.214838,-2.760333,-2.1123571,-1.361068,0.19591993,2.2066793,3.828855,3.5376654,1.8126718,0.13189872,-1.5440199,-2.5672169,-3.039419,-2.751146,-2.1412556,-1.621503,-1.565366,-1.6937084,-1.9671471,-2.064862,-2.1568055,-2.1968832,-2.334221,-2.586039,-2.7867346,-3.0117984,-3.2607436,-3.5766044,-3.879417,-4.4414797,-4.7012496,-4.5158505,-4.0925455,-3.4258072,-3.1322398,-2.7647448,-2.5774128,-2.5700035,-2.6201334,-3.0350442,-3.4005857,-3.5062962,-3.2012537,-2.815119,-2.5849895,-2.4504824,-2.5135248,-2.6295302,-2.6500497,-2.7460198,-2.9897633,-3.1655354,-3.4210396,-3.505651,-3.4818275,-3.3998785,-3.4746065,-3.5463462,-3.6669044,-3.7473097,-3.85577,-3.896652,-3.8932395,-3.9444008,-3.9307215,-3.873825,-3.8130317,-3.7166238,-3.6480134,-3.6301098,-3.8441176,-3.9481363,-3.9369373,-3.8905416,-3.8886127,-3.888612,-3.8885975
-2.620099,-2.6026917,-2.562023,-2.4719558,-2.332377,-2.1861148,-2.1205418,-1.4453126,-0.026258826,0.50187755,0.656147,0.3410402,-0.21621118,-0.101306275,-0.28203467,-0.35459927,-0.4956515,-0.60012984,-0.7156677,-0.5846871,-0.24431077,0.00857152,0.4609403,1.0961804,1.5322826,1.5443956,1.1596648,0.7180277,0.29265606,0.12222339,-0.041472234,-0.8255877,-1.4588342,-1.5726094,-1.2437216,-1.0405216,-0.95886487,-0.54383314,-0.14491418,-0.31014958,-0.5338174,-0.56561124,-0.60343605,-0.65004873,-0.63527936,-0.6693133,-0.62425643,-0.33050123,-0.0019391626,0.25357985,0.5751256,0.6542715,0.48064643,0.25668657,0.1195201,-0.17350766,-0.5250795,-1.3631306,-1.3886654,-1.0490434,0.70201164,2.0237298,2.6133564,2.907965,3.0144274,2.7872097,2.71018,2.629255,2.2623782,2.1446602,2.4753947,2.705445,2.7848027,2.788629,2.7219222,2.6143146,2.3180614,1.9123886,1.4628288,1.1459686,0.9022723,1.1244855,1.0804316,0.5521813,0.057409614,-0.35659534,-0.45525986,-0.21503846,1.156826,5.268619,7.4994326,8.945435,9.91628,10.316818,10.496949,10.551592,10.782848,10.809219,10.678969,10.309315,8.218049,4.9837112,2.0812554,0.73777604,0.52197295,0.38995087,0.111973524,-0.34774497,-0.8247011,-1.0395697,-1.1618537,-1.1187336,-0.984743,-0.6578517,0.09666345,0.7376549,1.0330008,1.4037869,1.7700465,1.9472749,2.0960705,2.197102,2.1962247,2.1658535,2.2095966,2.3285427,2.1923351,2.0815074,1.7655928,1.0619657,-0.13157068,-1.3047521,-1.5214,-1.8044302,-2.0741262,-2.1767116,-2.1291695,-2.4695983,-2.7591696,-2.841965,-3.0074697,-3.0134568,-2.6066098,-1.5368577,-0.11701961,1.3996848,1.5606029,0.89699745,-0.67187643,-1.385231,-1.9836733,-1.9063245,-1.3949698,-0.808081,-0.5041311,0.052197754,0.8157304,1.1107066,1.139715,1.0572493,0.80179214,0.42624766,0.14634903,-0.38447377,-1.1629909,-2.0802495,-2.1476433,-2.0134466,-2.094954,-2.271266,-2.426699,-2.634535,-2.449004,-2.0477395,-1.8950373,-1.8920101,-1.9100285,-2.1540253,-2.3289478,-1.9693367,-1.0661715,-0.42949823,0.18325049,1.0104957,1.2295947,1.1178746,1.0454017,1.0156057,0.6721303,0.36907515,-0.10750556,-0.1430673,-0.08078265,-0.0547484,-0.21020705,-0.34802088,-0.5751316,-0.62613577,-0.8270386,-0.9100921,-1.0336133,-1.0979719,-1.2186569,-1.3680416,-1.4102284,-1.3679491,-1.2034539,-1.1347492,-1.387855,-1.6136328,-1.6620572,-3.4967551,-3.4981325,-3.4981277,-3.4981465
-3.5391312,-3.4357138,-3.3667095,-3.3249831,-3.2709336,-3.2376025,-3.2468872,-2.712371,-1.6596508,-1.1620038,-0.8300518,-0.6181516,-0.1723265,-0.10360406,-0.45949847,-0.8196762,-1.1140379,-0.9893738,-0.6090497,-0.1791218,-0.005908668,0.09631343,0.08171956,0.15548606,-0.13360333,-0.9532485,-1.5553076,-1.7599125,-1.43319,-1.3846481,-1.3713515,-1.5502564,-1.4462149,-1.1311128,-0.20454617,0.7493442,0.9564666,0.7090528,0.4166754,-0.03639639,-0.46243542,-0.60400385,-0.6089944,-0.6738755,-0.6823448,-0.6597008,-0.6127676,-0.39701295,-0.09745632,0.28293854,0.90429074,1.2045655,1.1399145,1.0313578,0.90598875,0.61842,-0.29849952,-2.0339372,-2.2487884,-1.8753449,-0.07091141,0.9700031,1.4697139,1.6385988,1.6203713,1.1194111,0.8054156,1.270218,1.795407,2.0203428,2.1851978,2.3023481,2.4437752,2.5945926,2.6711588,2.6316967,2.4116619,1.9757401,1.2153163,0.64978725,-0.013921201,-0.11999351,-0.25081554,-0.56752557,-0.96799505,-1.2911975,-1.3620193,-1.5886499,-1.4852195,-0.7312814,-0.09316774,0.620164,1.3222747,1.6403065,1.7802739,1.8615881,2.0611372,1.9939474,1.6689043,1.0739744,-0.45930937,-1.8937072,-2.604275,-2.5016222,-2.1596546,-2.0296607,-1.913149,-2.1724565,-2.3451319,-2.2235866,-1.9430374,-1.3457749,-0.73989487,0.1046875,2.0522664,4.6957054,5.4825997,5.8473244,6.1182613,6.269354,6.3874073,6.48414,6.4761305,6.4418564,6.4267855,6.4149604,6.35983,6.398366,6.1318865,5.533918,3.3895452,-0.29984826,-1.3351146,-1.7195207,-1.992273,-1.8578058,-1.5518398,-1.9650913,-2.4157658,-2.5673952,-2.5656576,-2.5195806,-2.4864311,-1.9368751,-0.64121634,0.28314704,-0.46745473,-1.5801783,-2.3880258,-2.116199,-1.8830836,-0.9849752,-0.21009895,0.51696455,1.1345055,1.0216222,0.97018516,1.1161804,1.3480027,1.5965896,1.6713736,1.5743201,1.5132412,1.0526006,0.39770728,-0.35360032,-0.7878705,-2.1344538,-3.1915026,-3.38263,-3.0950847,-2.5211163,-2.0821385,-1.7178538,-1.6296164,-1.6643324,-1.7418094,-2.2385654,-2.775639,-2.9435992,-1.9646766,-0.87764865,-0.13822822,0.5666578,0.89677346,1.2533355,1.3300202,1.3298492,0.9308783,0.68299496,0.26660326,-0.018363446,0.03815019,0.14407413,-0.043655835,-0.32477105,-0.543587,-0.9206642,-1.1987836,-1.5137286,-1.4849865,-1.4856936,-1.4530822,-1.3980345,-1.0755885,-0.9026104,-0.8362967,-0.9268286,-1.2159371,-1.4311578,-1.4129847,-2.7233965,-2.7259088,-2.7259645,-2.725985
-1.0567706,-1.1032734,-0.88936526,-0.66470134,-0.33463055,-0.015411161,0.070110634,1.0028722,1.4998189,1.4202137,1.4627976,1.0972509,0.4672032,0.9929855,1.6065838,1.9901187,2.4420788,2.3664455,1.7142034,1.1382394,0.558578,-0.71344864,-0.67176485,-0.17290618,0.64674497,0.85977054,0.3165394,-0.5833699,-1.0168121,-1.1043961,-1.3424072,-1.8020142,-1.7490016,-1.390691,-0.45495507,0.6937393,1.2554371,1.5923547,2.0124366,2.3486433,2.7510061,3.0616302,3.144008,3.1921873,3.2261157,3.14431,2.926849,2.6213017,1.8409681,1.0859092,0.4137509,0.086283505,-0.15348268,-0.25370705,-0.3462444,-0.5680238,-0.65621316,-1.6087213,-1.7191132,-1.2159256,-0.14726216,0.057392836,0.05771157,-0.04081428,-0.36016798,-0.88279724,-0.9359886,-0.6644849,-0.33992502,-0.38449445,-0.42824706,-0.48293406,-0.5227929,-0.50617945,-0.4885941,-0.3607937,-0.36980805,-0.4790557,-0.7131213,-1.0819476,-1.2675924,-1.1890339,-1.1344937,-0.95531017,-0.5953975,-0.58753073,-0.8099812,-1.0340025,-0.80227387,-0.120656855,0.024389237,-0.0110848695,-0.04931411,0.00317581,0.117003724,0.26149428,0.26451164,0.2177568,0.09524539,-0.36439717,-0.8378659,-1.2593269,-1.704744,-1.8380859,-1.916179,-1.8685739,-1.824153,-2.0787494,-2.5402267,-2.795472,-2.8340628,-2.5900645,-2.0338075,-1.7005191,-1.1274437,-0.82739323,-0.8330353,-0.9999079,-1.1488999,-1.2413554,-1.2215135,-1.1442065,-1.0972617,-1.0439597,-0.9935558,-0.86424714,-0.6643045,-0.57390994,-0.6724631,-0.9345889,-1.2537913,-1.378712,-1.4000401,-1.2571449,-1.1740414,-1.1911981,-1.3780885,-2.2891178,-3.150796,-3.2624655,-3.2876878,-3.1187046,-2.2652745,-0.7689507,0.7305944,1.1664255,0.75920945,0.38133967,-0.7959932,-2.2911906,-3.130704,-3.6549308,-3.576499,-2.9857898,-2.1043434,-0.9885636,-0.38344508,-0.51548636,-0.7715595,-0.9093256,-0.98137164,-1.0743731,-1.0492713,-1.0392967,-0.9951162,-0.72488374,-0.50820804,0.017165158,-0.23340003,-0.5356702,-0.9621171,-1.3879397,-1.200809,-0.97630394,-0.9177941,-0.9674646,-1.0937592,-1.565917,-2.0649524,-2.1829755,-1.38939,-0.44043672,0.31007305,1.4421972,2.027407,2.3304021,2.7762666,3.0150425,3.3498502,3.5331984,3.663496,3.6088715,3.6212583,3.6551037,3.4720426,3.3563547,3.2450838,3.1101806,2.9633746,2.823094,2.6815648,2.4606986,2.3736978,2.3547578,2.203328,2.3458142,2.255004,2.1902084,1.7701015,1.7020915,1.7374734,0.9186015,0.9189111,0.91886455,0.91887367
1.5841448,1.6192967,1.503269,1.2663647,1.109519,0.99587876,0.9192412,0.16404384,-1.1467696,-1.455262,-1.3044486,-0.8893471,-0.7857146,-0.885226,-0.5627949,-0.37210026,-0.4705658,-0.49154145,-0.3174488,-0.3336693,-0.8479858,-1.1921866,-1.3652402,-1.4531021,-1.4558101,-1.1336067,-0.67968535,-0.5871044,-0.60987127,-0.78166884,-1.0335522,-1.1005656,-1.1271865,-1.2858462,-1.5829866,-1.9070909,-1.9992237,-1.9319172,-1.6168704,-1.3590121,-1.0657539,-0.8954085,-0.820019,-0.7667607,-0.7295757,-0.68879485,-0.6485083,-0.52572703,-0.44639423,-0.4153903,-0.39559236,-0.40150404,-0.37683856,-0.4112428,-0.6938137,-1.3691658,-1.9379461,-1.2650315,-0.6099639,-0.13286918,-0.2991311,-0.7787901,-1.0979351,-1.3757148,-1.663652,-1.7223103,-1.2446665,-0.9024356,-0.7644591,-0.8770607,-0.9256087,-1.0341457,-1.140639,-1.2648396,-1.3481313,-1.5091022,-1.5937648,-1.4423084,-1.0430919,-0.53195226,-0.1759713,-0.3387574,-0.2999154,-0.51658857,-0.72848046,-0.41001472,0.3541641,0.84086436,0.9017541,0.46925956,0.037843764,-0.21865341,-0.22452874,-0.15012571,-0.09003003,-0.15459031,-0.38937572,-0.6146084,-1.0969055,-1.3289772,-1.2515155,-1.1186566,-0.43119717,0.21231312,0.5311946,0.5152515,0.5345469,0.70542514,0.8511338,0.82381386,0.56553775,-0.3831029,-1.206751,-1.546844,-1.6083509,-1.0772988,-0.5496683,-0.27304748,-0.27063817,-0.3438561,-0.34515643,-0.32352954,-0.31081495,-0.29852647,-0.344674,-0.4297181,-0.42085874,-0.7361764,-1.1462288,-1.69866,-1.5054678,-0.8329561,-0.71942127,-0.6812664,-0.7595031,-0.69251734,-0.5847323,-0.36397925,0.32995456,0.7243693,1.4061856,1.9387087,1.8486314,0.7114614,-0.6606867,-1.6510218,-2.3551157,-2.3753428,-1.8577639,-1.2987152,-1.1320821,-0.99527305,-1.114166,-1.4513524,-1.6023141,-1.4640307,-1.1817591,-0.9864766,-0.89812064,-0.90977716,-1.0801682,-1.3058133,-1.2480981,-1.2876368,-1.3371942,-1.3357563,-1.5210321,-1.7625587,-1.8393143,-1.8735831,-1.4283961,-0.83245695,-0.7655486,-0.7180238,-0.6336074,-0.55478334,-0.44459397,-0.15704836,0.11650012,-0.27724797,-1.4157765,-1.5241652,-1.4697752,-1.3807108,-1.3179592,-1.1334423,-1.0494215,-1.1067698,-1.2907753,-1.3197381,-1.3283999,-1.44791,-1.3507568,-1.2435222,-1.3215094,-1.2271618,-1.186219,-1.2672908,-1.2055397,-1.2164956,-1.0979542,-1.1615624,-1.0397668,-0.7983408,-0.47471204,-0.25673357,-0.29505652,-0.43802375,-0.27443272,-0.033586882,0.010211006,0.6075846,0.60916984,0.609201,0.60921085
-0.33909464,-0.28437364,-0.40021288,-0.46556443,-0.5510359,-0.7580743,-0.8404378,-1.118011,-0.72486156,-0.41860387,-0.43579528,-0.54156584,-0.9920904,-1.35777,-1.4199023,-1.5391705,-1.6927998,-2.0563614,-2.3924608,-2.5132084,-2.21354,-1.7773576,-1.8600898,-2.014899,-1.8025681,-1.3748338,-0.60485053,0.104591876,0.82596374,0.91459745,0.6965298,0.5411638,0.63378716,0.45753473,-0.19501473,-0.52916616,-1.0530825,-1.6483265,-1.8031547,-1.6187083,-1.397315,-1.2635337,-1.1905932,-1.146399,-1.1298649,-1.2189441,-1.5344726,-1.9562069,-2.2003577,-2.3153448,-2.2549367,-2.07969,-1.9217312,-1.7931932,-1.6161366,-0.99694264,0.027854517,0.38734227,0.08728996,0.030571923,-0.7954937,-1.5873032,-1.9306891,-2.1701272,-2.35463,-1.9411587,-1.3364437,-1.0108619,-0.95549506,-0.94599843,-0.9599563,-0.93206334,-0.8993086,-0.8423668,-0.8232095,-0.80184424,-0.6438302,-0.34950566,0.05684571,0.22626457,0.034970522,-0.496418,-0.77740276,-1.0823486,-0.69238913,0.13648513,0.012322167,-0.7519252,-1.4193913,-1.6235001,-1.674207,-1.8302138,-2.0608168,-2.0896997,-1.9743041,-1.7654159,-1.2855542,-0.80072737,1.0064294,4.1955175,8.12349,10.2902775,11.425238,11.8636875,12.055466,12.063258,11.971899,11.738578,11.0973835,10.362871,9.601494,7.339843,4.132526,1.9496655,-0.33935955,-2.188055,-2.7696252,-2.8053465,-2.7607682,-2.6943474,-2.597148,-2.5443177,-2.523051,-2.5154436,-2.5510044,-2.6313462,-2.726636,-2.561273,-2.1355813,-1.387332,-0.92539334,-0.7339485,-0.061812133,1.0240185,2.5352664,4.386978,7.2128296,9.689795,10.282513,10.107585,9.374325,8.23892,6.161259,2.918211,-0.75960684,-2.951922,-2.7869465,-2.3215933,-1.4671401,-0.59851205,-0.2226201,-0.2895031,-0.76258665,-1.2094498,-1.3662783,-1.7529609,-2.42802,-2.6543026,-2.7417483,-2.7753143,-2.756999,-2.619204,-2.44777,-2.181597,-1.9012938,-1.5692217,-1.3634167,-0.5520039,0.49792433,1.2106171,1.4281918,1.3709705,1.8814659,2.140195,2.151141,2.1601753,2.1072738,1.8736601,1.8002999,1.3534771,0.72310764,0.38022137,0.14013547,-0.3362782,-0.66678035,-1.240885,-1.7902436,-2.0036287,-1.9816723,-1.8077794,-1.5234307,-1.2486699,-1.215077,-1.3419324,-1.125636,-0.74096435,-0.70492566,-0.45510146,-0.36323678,-0.33767816,-0.53076154,-0.529075,-0.6782627,-0.83931005,-0.86270165,-0.9031419,-1.0460885,-1.1866946,-0.83308685,-0.6499297,-0.53873324,1.2386959,1.2387667,1.238749,1.2387642
-0.045745723,0.039345626,0.15953347,0.1470554,0.1693894,0.2095682,0.12000306,-0.43210414,-1.2551358,-1.6271372,-1.5882723,-1.2579494,-0.6258865,-0.9047713,-0.8829578,-0.89382136,-1.1531045,-1.339809,-1.2109222,-1.2771245,-1.7595675,-2.0446045,-2.1909614,-2.3040025,-2.2074084,-1.7009797,-1.2855304,-1.4327581,-2.170187,-2.3605871,-2.4727864,-2.505509,-2.545336,-2.5102906,-2.799099,-2.3996468,-1.4628125,-0.9653655,-0.79624677,-0.6775586,-0.5862883,-0.586405,-0.5773455,-0.6052363,-0.71618485,-0.7530068,-0.76563156,-0.9345589,-1.1970007,-1.4194598,-1.6482816,-1.8158445,-1.9492532,-2.007941,-2.0613601,-1.8715496,-1.6725006,-1.015076,-0.7945063,-1.1555462,-1.624222,-1.7461228,-1.9507742,-2.0274448,-1.8262123,-1.4109445,-1.2325499,-1.1916778,-1.2852075,-1.1806638,-0.917245,-0.7384132,-0.58009994,-0.47598076,-0.47724414,-0.54755294,-0.55230063,-0.49173933,-0.52690494,-0.7879737,-1.2867866,-1.5574446,-1.925174,-2.0824308,-1.6917294,-0.6616251,0.11503297,0.6580712,0.25585523,-0.40278238,-0.93651605,-1.6581428,-2.279715,-2.5478315,-2.8165562,-3.0614595,-3.294334,-3.441321,-3.6553226,-3.499435,-2.3371887,-1.3375115,-0.79912543,-0.6932813,-0.85703176,-0.994937,-1.0581896,-0.857521,-0.7080943,-0.6710795,-0.69861025,-0.84007007,-1.0737605,-1.865155,-2.612021,-2.1787617,-1.7322596,-1.534656,-1.4926026,-1.5427756,-1.6290135,-1.7277229,-1.7578413,-1.7669446,-1.8345551,-1.9341317,-1.94271,-2.0537877,-2.2060628,-2.3528037,-2.579175,-2.34007,-2.3865244,-2.5945175,-2.4971082,-2.2203343,-1.8343145,-1.2155284,-0.7176217,-0.4305547,-0.26268017,-0.6069509,-1.3246067,-2.0990005,-2.395339,-2.3385682,-2.1756961,-1.6903405,-0.91991127,-0.7688411,-0.2299689,-0.10653956,-0.39925823,-0.95284534,-1.2782952,-1.5717217,-1.9264385,-1.8119222,-1.6154033,-1.4985452,-1.3628201,-1.1433009,-0.9904446,-0.6193683,-0.16354682,0.18549868,-0.0049627125,-0.5084576,-0.8220615,-0.9716219,-0.9513556,-0.4906931,-0.22894669,-0.22966999,-0.32019776,-0.34230056,-0.32308635,-0.06148854,0.18711632,0.12421167,-0.17857648,-0.45883578,-0.92736363,-1.7603917,-2.1308923,-2.1356597,-1.946586,-1.7840929,-1.6223031,-1.5754626,-1.4263297,-1.376823,-1.4243251,-1.4183254,-1.387608,-1.201384,-1.0259275,-0.7443216,-0.4107417,-0.25668517,-0.211007,-0.26411483,-0.1970387,-0.047357135,-0.008225463,0.0416992,-0.017203078,-0.15009782,0.32094026,0.56279093,0.5164292,0.7039546,0.7030071,0.7029574,0.7029622
-2.4055715,-2.3414035,-2.2383628,-2.2548904,-2.4272068,-2.5847116,-2.666236,-3.2142658,-3.6333928,-3.8373952,-3.8502066,-3.680522,-3.280387,-3.19141,-3.1116757,-3.236902,-3.5324717,-3.714231,-3.658224,-3.6932783,-4.0465026,-3.9797254,-4.0722675,-4.246001,-4.3037014,-4.103715,-3.8298056,-3.835195,-4.291868,-4.4432874,-4.7023735,-4.789108,-4.4021034,-4.143695,-4.354034,-4.249676,-3.6790035,-3.4605541,-3.294282,-3.2208362,-3.1518254,-3.077399,-2.9784832,-2.874628,-2.703683,-2.3782551,-2.227446,-2.3319235,-2.5567899,-2.809728,-3.0972052,-3.2408724,-3.333969,-3.3884888,-3.3896875,-3.2402883,-3.0637858,-3.0514278,-3.1655622,-3.6984768,-3.7408595,-4.042701,-4.091113,-4.0560675,-3.8729901,-3.5151494,-3.5707674,-3.717988,-3.7429225,-3.603004,-3.5438251,-3.5728693,-3.6067705,-3.595752,-3.5899727,-3.5704727,-3.531217,-3.4943025,-3.5126586,-3.5908954,-3.6566958,-3.6415749,-3.7981315,-3.665241,-3.516439,-3.2227051,-2.8525152,-2.700385,-2.8992026,-3.1157904,-3.0744727,-3.1119518,-3.3001575,-3.3823695,-3.515804,-3.6583047,-3.7806828,-3.8493547,-3.8815446,-3.4806874,-2.4519806,-1.6538749,-1.1426067,-0.8407522,-1.1062822,-1.2549224,-1.5053657,-1.7423658,-1.7972778,-1.8508081,-1.956351,-2.0723617,-2.4685194,-3.047161,-3.5844548,-3.158927,-2.8344407,-2.9597034,-3.2336936,-3.370827,-3.4555387,-3.4677043,-3.4380898,-3.4543934,-3.499649,-3.5586865,-3.490916,-3.4271872,-3.3937216,-3.3417935,-3.539222,-3.4328558,-3.3288991,-3.427744,-3.2987452,-3.1811175,-2.6891456,-1.3009398,-0.4310197,-0.055707157,0.046666324,-0.2537779,-0.7293702,-0.8691604,-1.0095991,-1.7107606,-2.188399,-2.2788806,-2.609414,-3.0957448,-2.838296,-2.8218412,-2.887126,-2.9270968,-2.4952254,-2.2558045,-2.6482768,-2.7945604,-2.751834,-2.6604295,-2.5261965,-2.2800345,-2.1189308,-1.8564942,-1.5357974,-1.2299716,-1.4419467,-1.7199836,-1.6259077,-1.1025996,-0.74013317,-0.009268351,0.17476733,0.09070335,0.10330269,0.13282971,0.14697108,-0.047850847,-0.33302557,-0.91815805,-1.6459831,-1.754051,-1.8379183,-2.4203496,-2.9251273,-3.3833241,-3.6011815,-3.6513171,-3.6520584,-3.5785694,-3.450746,-3.3676682,-3.3980432,-3.4644525,-3.3905206,-3.29111,-3.238849,-3.1601756,-3.0598552,-3.0611396,-3.0325308,-2.9964743,-3.0695047,-3.127665,-3.2253904,-3.3044224,-3.2919657,-3.260569,-3.1536279,-3.1131437,-3.099146,-3.5493565,-3.5500793,-3.5501332,-3.5501227
-1.7346267,-1.6807725,-1.5348625,-1.4992037,-1.442332,-1.315976,-1.220403,-0.8624506,-0.95829517,-0.79041255,-0.413177,0.013423499,0.53465235,0.7098229,0.6855729,0.64896095,0.212913,-0.3585894,-1.089118,-1.5766168,-1.9107571,-1.9897605,-1.6749859,-1.314317,-0.7891267,-0.48304445,-0.31141067,-0.2160056,-0.1747641,-0.110332906,0.20003879,-0.07914895,-0.511924,-0.6059077,-0.44326222,-0.56447524,-0.54463315,-0.5105929,-0.44125697,-0.5709487,-0.6065741,-0.54914683,-0.43514138,-0.3190901,-0.19036162,-0.04572372,0.27632385,0.37697983,0.19222105,-0.08535024,-0.47117537,-0.8528237,-1.095616,-1.3233877,-1.5162449,-1.7089701,-1.6679932,-1.3472881,-1.0287389,-0.78224254,-0.47525224,-0.6545372,-0.84763455,-0.9527931,-1.086833,-0.82532096,-0.1905128,-0.10375941,-0.36186665,-0.6347814,-0.78856355,-0.863966,-0.92231834,-0.98733246,-1.0212425,-1.0503923,-1.0613098,-1.0079293,-0.80683726,-0.5446739,-0.44133127,-0.34023723,-0.01852101,-0.4248716,-1.0211107,-0.91179645,-0.22148183,0.080412835,0.36800614,0.5794381,0.4153619,-0.016761988,-0.5122389,-0.6100181,-0.67643476,-0.7891649,-0.9353511,-1.0914823,-1.520979,-1.8678032,-2.7353184,-2.7540941,-2.1739597,-2.0417283,-2.026005,-2.1281667,-2.2421172,-2.0842478,-1.3514309,-0.6374808,-0.038106814,0.031799458,-0.17469056,0.5823267,1.5732257,1.8089731,1.1399245,0.47166488,-0.34381044,-0.9044294,-1.295341,-1.4040155,-1.444994,-1.576627,-1.5879351,-1.666146,-1.824477,-1.8230109,-1.817386,-1.794246,-1.0880538,-0.0074023455,0.08889928,-0.19879664,-0.5245398,-0.85115993,-1.3200815,-1.8993192,-1.7068479,-1.4150279,-0.7854172,-0.25748605,0.03341478,0.0057405233,-0.3643111,-1.6266663,-2.4118392,-2.318688,-1.904621,-1.9334388,-1.7893546,-0.9483087,-0.35410714,-0.07166447,-0.13123032,-0.0121609345,-0.17151335,-0.6449955,-0.95541084,-1.1115801,-1.2631873,-1.3695855,-1.422147,-1.3982587,-1.2974246,-1.5809348,-2.1826406,-2.9713893,-3.1433935,-3.0425518,-2.767472,-2.3888245,-2.4641547,-2.4862945,-2.4452314,-2.4232621,-2.3648624,-2.1931183,-1.8075765,-1.2795551,-1.1109309,-1.2936702,-1.1443253,-1.0537478,-1.2505779,-1.6071446,-1.994471,-2.1452818,-2.22646,-2.1829715,-2.0925364,-2.0744476,-2.1778748,-2.191303,-2.2952917,-2.3790574,-2.4536042,-2.5354338,-2.537044,-2.577625,-2.5300655,-2.558061,-2.4653163,-2.302545,-1.9898922,-1.8463359,-1.8120677,-1.7871702,-1.6876734,-1.6648273,-1.673294,-1.3015045,-1.3033854,-1.3034188,-1.3034286
-2.0763144,-2.114835,-2.2639337,-2.3547604,-2.4282174,-2.4791028,-2.4807858,-2.4756365,-1.9233347,-1.7324141,-1.6975347,-1.9333735,-2.4927607,-2.1380253,-2.048467,-1.8918636,-1.2408707,-0.17370331,1.0526572,2.4777198,3.7356281,3.3718486,2.1980133,1.0089828,-0.28237608,-1.1381693,-1.5390925,-1.6641743,-1.565433,-1.5061488,-1.5234957,-1.4116237,-1.1368418,-1.0627387,-1.0846089,-1.4020524,-2.0090156,-2.2902963,-2.2387614,-2.2318797,-2.2875183,-2.2232428,-2.04739,-1.8239484,-1.4577825,-0.9854255,-0.6892193,-0.06314397,0.56056607,0.9511269,1.1328597,1.3166368,1.3706787,1.3277283,1.191272,0.69463193,-0.26016065,-1.9738517,-2.2425284,-2.4908757,-1.9646512,-1.4974828,-1.1634939,-1.0293808,-1.1536242,-1.7434967,-2.410256,-2.3877738,-2.1512067,-2.2224138,-2.1641295,-2.083522,-2.0402584,-2.050263,-2.0797324,-2.1065881,-2.118402,-2.1512,-2.0099325,-1.5435479,-0.87311596,-0.73741156,-0.8235022,-0.54728955,-0.36616552,-0.33494955,-0.6738721,-0.73542374,-0.64014965,-0.3246059,-0.0385425,0.3065341,0.57273686,0.5268797,0.5227123,0.5525146,0.4006463,0.26644325,0.11808473,-0.22200336,-0.7832035,-1.2433033,-1.9992931,-2.2161932,-2.1410072,-1.9510199,-1.8130472,-2.0002983,-2.2837956,-2.3663516,-2.3582382,-2.7782223,-2.661471,-2.3360565,-1.9220563,-1.61998,-1.2753575,-0.48842424,0.390244,0.872508,1.1311594,1.1845069,1.210258,1.3048774,1.349225,1.4318359,1.3703,1.1176927,0.70943725,0.1130625,-0.70016515,-1.9203799,-2.0980492,-1.803837,-1.5309637,-1.2971292,-1.2424088,-1.4902256,-2.0960836,-2.1989076,-2.2286725,-2.2065394,-2.050013,-1.7654083,-1.1905884,-0.36734965,-0.2828072,-0.8106608,-1.2078013,-0.89935267,-0.6817107,-0.4634261,-0.22270393,-0.16616762,-0.02145715,0.092740335,0.61717534,0.88860214,0.9615803,1.0413862,1.1286664,1.0124851,0.8783665,0.5485958,-0.02260521,-0.46318212,-0.5445485,-1.4061192,-1.9880198,-2.0736368,-1.9713835,-2.1311364,-2.1993659,-2.009651,-1.8596992,-1.8072604,-1.7560992,-1.6219677,-1.312315,0.065832324,3.5288057,5.69455,7.0351553,7.7433453,8.138743,8.784148,9.20863,9.314484,9.063339,8.894877,8.528236,8.200553,8.097227,8.142902,8.128384,7.769904,7.500742,7.0345,6.673092,6.387897,6.5176373,6.928511,6.880369,6.4226804,5.4149013,4.624203,4.631396,5.1391544,4.3887215,3.876382,3.63547,0.25889814,0.2542407,0.25416613,0.2541319
-5.32681,-5.273238,-5.1635847,-5.156454,-5.2201986,-5.3425126,-5.369972,-5.5461283,-5.06961,-4.6232986,-4.3378177,-4.101753,-3.9382513,-3.9061365,-3.9520926,-4.097227,-4.356314,-4.5329494,-4.663622,-4.7500105,-4.9281664,-4.698588,-4.7003427,-4.699933,-4.53396,-4.1801205,-3.63553,-3.3457093,-3.3843155,-3.4027119,-3.6610167,-3.9565992,-3.7834284,-3.6990352,-3.9874344,-4.1188345,-4.1666927,-4.588952,-4.696453,-4.707513,-4.620682,-4.582079,-4.6056194,-4.602992,-4.505293,-4.37976,-4.3424654,-4.455078,-4.587237,-4.6971617,-4.7931747,-4.818696,-4.8495493,-4.9003983,-4.9011145,-4.723339,-4.4986854,-4.4923067,-4.481125,-4.6928115,-4.6693206,-4.9893484,-5.046725,-5.07304,-5.0736327,-4.860633,-4.5933847,-4.3301363,-4.2019186,-4.1985455,-4.0548325,-3.9547822,-3.8944626,-3.8039293,-3.7305908,-3.6016378,-3.4606004,-3.3676872,-3.235117,-3.2358832,-3.237828,-3.2680137,-3.4355578,-3.5924325,-3.4341912,-2.7680047,-2.3455608,-2.4469535,-2.882803,-3.153658,-3.2079406,-3.2332628,-3.4176993,-3.5197167,-3.6289787,-3.7104735,-3.7289643,-3.7541013,-3.4741516,-2.4537473,-1.5186577,-1.4424286,-1.3616803,-0.9376473,-0.94859684,-1.1713558,-1.56196,-1.9734995,-1.9956164,-1.880269,-1.8582497,-2.4716291,-3.3640733,-3.9931588,-4.5560284,-4.8496804,-4.977668,-5.0390625,-5.0979853,-5.1266503,-5.12003,-5.072059,-5.0381937,-5.058194,-5.061409,-5.075383,-5.1227584,-5.0820723,-5.0440145,-4.7361803,-4.523201,-4.3097553,-3.9935966,-3.6131408,-2.9337788,-1.8833671,-0.3235029,1.4299608,2.227428,2.4630728,2.7151344,2.8430347,2.406732,1.1452475,-0.69573635,-2.8878627,-4.253126,-4.679051,-4.69268,-4.828701,-4.871162,-4.71752,-4.595051,-4.5142303,-4.3417816,-4.366026,-4.885765,-5.1522,-5.294221,-5.336607,-5.3885922,-5.4397373,-5.466655,-5.4017944,-5.329899,-5.239721,-5.3980784,-5.648631,-5.4366827,-5.049031,-4.777329,-4.2299633,-3.5556717,-3.0336666,-2.8174746,-2.7554846,-2.7598011,-3.1415787,-3.4140806,-3.8368936,-4.0493994,-3.7373405,-3.411899,-3.7889907,-4.2282877,-4.70982,-4.973152,-4.9923897,-4.988536,-4.9017887,-4.7039213,-4.53686,-4.552789,-4.6483707,-4.52164,-4.441169,-4.5010176,-4.5469666,-4.628169,-4.701711,-4.6495867,-4.4539776,-4.490057,-4.6191406,-4.8207254,-5.038648,-5.057246,-4.967554,-4.883897,-4.905461,-4.8924794,-4.673519,-4.672722,-4.672736,-4.6727166
-0.00019705296,0.016156077,-0.07093531,-0.14018777,-0.18917465,-0.24486867,-0.28424156,-0.74907607,-2.311386,-2.8214343,-2.7017708,-2.2612844,-1.5512424,-1.7904768,-1.5486779,-1.2806764,-0.99655426,-0.8750949,-0.593299,-0.51799434,-0.7369885,-1.1338074,-1.2271311,-1.2757055,-1.421232,-1.6863989,-1.9707448,-1.9228065,-1.8202045,-1.7666051,-1.7383792,-0.9089498,-0.29836527,-0.27081144,-0.7597705,-1.5217787,-1.7807665,-1.5887334,-1.5291843,-1.3234963,-1.1689029,-1.0799694,-0.983061,-0.879437,-0.8207501,-0.7263745,-0.7660506,-0.86594254,-0.8425485,-0.71707153,-0.4342932,0.14062512,0.95833796,1.5514163,2.4472916,4.313087,6.338587,7.018007,6.805358,6.005582,3.9590464,2.029581,1.1574593,0.7713024,0.5693631,0.4123541,-0.10360658,-0.56817615,-0.9015522,-1.5087099,-1.9603804,-1.9800463,-1.9228433,-1.9038849,-1.9233208,-1.9083638,-1.7167497,-1.4462674,-1.0586065,-0.8413119,-0.9217771,-1.079701,-1.3525982,-1.3728354,-1.3858767,-1.2090278,-0.82295877,-0.37706763,-0.21489638,-0.64067245,-1.0185174,-1.1899024,-1.3304466,-1.2983606,-1.3531446,-1.4657834,-1.477968,-1.4125175,-1.0798894,-0.6035658,0.18262361,1.1410547,2.0309832,2.2011025,1.7820114,1.5344427,1.4341384,1.5087789,1.5804237,1.3274442,0.99010396,1.2975682,1.068347,0.36463273,-0.97108257,-1.8019263,-2.061002,-2.3198965,-2.3797798,-2.2765694,-2.1361427,-2.049766,-1.9790621,-1.9469961,-1.9291451,-1.8783163,-1.6042486,-1.2592993,-0.90920764,-0.52076566,-0.055078395,0.51780397,0.8257778,0.7625024,0.79942375,0.6889755,0.53337264,1.166918,2.0397453,2.3484986,2.4554162,2.0796282,0.95579,-0.5728745,-1.2972009,-0.46411484,1.8005979,3.4774137,4.3224435,3.6475406,3.2869554,1.3565446,-0.14312431,-1.2979,-1.8532877,-1.6188415,-0.700037,0.13739978,1.1046474,1.937205,2.8251634,4.221107,4.9842777,6.2614684,7.532386,8.812576,9.505158,10.335871,10.418861,10.399496,10.0497465,8.656439,6.684449,4.856795,4.201929,4.00539,3.8178277,3.6873126,3.4423513,2.659106,1.2513491,0.3528995,-0.38003668,-0.8400309,-1.0555313,-1.1130015,-1.1311159,-1.0742269,-0.8794029,-0.76558805,-0.5738063,-0.47507882,-0.51679116,-0.6349442,-0.6481272,-0.57785726,-0.46880728,-0.2954235,-0.07137424,0.0016930699,0.009619951,0.028849483,0.044818997,0.062443614,0.04815626,-0.023207366,-0.09476942,-0.11125445,0.10698837,0.12249279,0.112336576,0.028751671,0.031218052,0.031252652,0.031262696
-1.247535,-1.3363372,-1.5230563,-1.6461244,-1.7553794,-1.7786279,-1.7264967,-1.1951983,-0.25967866,0.050096005,0.22337815,0.101245046,-0.4887864,-0.27057,-0.1551488,0.07388282,0.66828984,1.6639425,2.6953552,3.3274863,3.669198,3.4746597,2.664977,1.4917464,0.20115033,-0.72430587,-1.3621076,-1.9413891,-2.1332998,-2.1110196,-2.0373368,-1.7044618,-1.1727129,-0.89366937,-0.47494185,0.010515638,7.70092e-05,-0.33982968,-0.408645,-0.4038427,-0.42943665,-0.37700692,-0.2588673,-0.06269455,0.3520323,0.7650192,0.9675839,1.1658114,1.3605475,1.4411314,1.3051798,1.193424,1.1657356,1.218549,1.141769,0.6163851,-0.21192172,-1.5783653,-1.6158235,-1.0293947,0.56646377,1.1772487,1.2380742,1.108309,0.4797568,-0.8550292,-1.6198405,-1.1213449,-0.41113994,-0.3062019,-0.41162193,-0.55412424,-0.6052487,-0.6145382,-0.5861031,-0.5979247,-0.7367547,-1.1112626,-1.4126974,-1.4161156,-0.88824236,-0.7010742,-0.39799255,0.29392186,0.33768263,-0.13281624,-0.4701368,-0.54866076,-0.45769593,0.13097002,0.5487754,0.9893224,1.5500692,1.8093028,2.0451677,2.214925,2.2357502,2.143174,1.9807292,1.6114581,1.5766385,1.1272045,-0.36920136,-1.1403925,-1.2900429,-1.3726938,-1.5533826,-1.9927125,-2.3846374,-2.6916103,-2.790556,-2.834962,-2.1222672,-1.6760718,-0.65801775,0.119271874,0.20988229,0.57505476,1.0595808,1.2966017,1.3480257,1.2833948,1.2868209,1.3554863,1.426966,1.4930463,1.4212663,1.1291661,0.69048804,0.17992853,-0.19031057,-1.3704511,-1.5707794,-0.8362795,-0.3062603,0.2521997,0.6778595,0.2582248,-0.93856514,-1.5010083,-1.8213341,-1.6652026,-0.63622224,0.79008603,1.9160117,2.2179582,1.2882406,0.17381886,-0.99659836,-1.1239555,-0.97798395,-0.65843976,-0.39704013,-0.11869085,0.48091283,0.69690824,0.8971053,0.8971749,0.80166066,0.748968,0.6751592,0.41659784,0.16350408,-0.11135861,-0.5063455,-0.71873724,-0.6834659,-0.50289685,-0.13476649,0.001447618,0.26364446,0.03444822,-0.0056538135,0.25214195,0.3385355,0.3421166,0.29422885,-0.03606914,-0.502532,-0.39302963,0.5333524,1.278458,1.5765836,1.5135876,1.6597245,2.0159698,2.3310037,2.3469913,2.1237764,1.8488389,1.455786,1.2457149,1.3099712,1.4864221,1.3161949,1.0205634,0.7648333,0.33476603,0.0105483085,-0.3456707,-0.37901115,-0.280356,-0.2785044,-0.44902617,-0.7672923,-0.8410096,-0.75945497,-0.56648535,-0.8929005,-1.0452183,-1.114147,-2.5549812,-2.554682,-2.5546982,-2.554685
-2.418624,-2.5123248,-2.5548074,-2.5387714,-2.586286,-2.5763922,-2.5420988,-2.462266,-2.5795531,-2.6360214,-2.543948,-2.2749104,-2.3056555,-2.6142747,-2.9284554,-3.0351706,-2.8096838,-2.234837,-1.554942,-1.3774279,-1.599207,-1.8254693,-1.980242,-2.2852654,-2.4742785,-2.383297,-2.1647818,-1.7766824,-1.0746179,-0.8790662,-1.1135409,-1.4234778,-1.3460405,-1.4086483,-1.8316432,-2.336629,-3.0590816,-3.901565,-4.2218447,-4.29029,-4.201193,-4.040546,-3.8553076,-3.6525958,-3.3037872,-2.805351,-2.5034485,-2.3301647,-2.247794,-2.1567664,-2.0816746,-1.9408845,-1.7950664,-1.7866243,-1.85097,-1.9519502,-2.4225607,-2.9145002,-2.7818518,-2.8336778,-2.8236074,-2.9783745,-3.0164611,-3.0538158,-3.2312174,-3.391442,-2.8295166,-1.8771396,-1.3122544,-1.4647579,-1.6514926,-1.794662,-1.9374385,-2.0226207,-2.0152516,-2.041673,-2.1692286,-2.311639,-2.3616087,-2.0012705,-1.2160064,-1.0663617,-1.0625756,-1.0449054,-1.1424882,-1.1982964,-1.1699858,-1.0412863,-1.237375,-1.9662759,-2.1127796,-1.9768242,-1.7444465,-1.6438756,-1.5786127,-1.5421548,-1.5997385,-1.7019284,-1.9668547,-2.2235363,-2.9831457,-3.3858094,-3.0431943,-2.7474368,-2.8630257,-3.0407863,-3.2260635,-3.1367316,-2.2666674,-1.5492526,-1.122115,-1.5613301,-2.4448643,-2.4880886,-2.3336923,-2.3466213,-2.343278,-2.39994,-2.4833198,-2.5604007,-2.6477273,-2.6316705,-2.6074967,-2.6483893,-2.668883,-2.7249103,-2.7768364,-2.7707858,-2.8210602,-2.8655157,-2.5912278,-1.9769809,-1.527421,-1.1988734,-0.9087043,-0.53215975,-0.22269517,0.97412,3.0342562,4.1547856,5.994827,7.714857,9.2354355,9.3447275,7.7867,4.332579,1.0420189,-0.6133094,-1.027374,-1.2139242,-1.4189031,-1.2645173,-1.074771,-1.1096287,-1.2515675,-1.4863882,-1.8763931,-2.0911398,-2.175258,-2.1490068,-2.0994298,-2.09599,-2.1058145,-2.0430894,-1.936108,-1.8653333,-1.9848279,-2.6094728,-2.7929053,-2.6947076,-2.4626598,-2.3150342,-2.314582,-2.0661418,-1.8639686,-1.7784841,-1.7158308,-1.8113633,-1.8514087,-1.9793472,-2.1265085,-1.937111,-1.8019826,-1.9149137,-2.0042145,-2.0131426,-2.0081944,-2.012043,-2.1081207,-2.0704126,-2.004695,-1.9359717,-1.9335158,-2.01536,-2.0074248,-2.1072655,-2.204452,-2.3826547,-2.5641751,-2.6293802,-2.5622568,-2.3599901,-2.3267028,-2.4003203,-2.6374125,-2.869461,-2.8702865,-2.7598042,-2.697266,-2.6881876,-2.703539,-2.5415225,-2.5395217,-2.539484,-2.5394678
-1.4723473,-1.4933865,-1.5788262,-1.5529196,-1.5251648,-1.4501147,-1.4278483,-0.9567575,-0.15152062,0.3074023,0.5768242,0.39929512,-0.22203493,0.003017962,0.047584444,0.07894379,0.5031216,1.0981369,1.687732,2.878943,4.237959,4.320734,4.218811,4.2555757,3.433799,1.9795492,0.6636721,-0.16204727,-0.4436627,-0.46858805,-0.4497647,-0.64534926,-0.4866383,-0.04396732,0.55648696,1.2028861,1.2438556,1.7329751,1.8445835,1.5706116,1.206915,0.9310933,0.7016942,0.5507731,0.59267116,0.5609086,0.64255977,1.0975264,1.6912258,2.177693,2.6933372,3.0583072,3.194851,3.2624352,3.2809181,2.9904835,2.7866066,2.2737355,2.6606884,5.558338,8.6200485,9.493479,9.808525,9.843012,9.54863,8.449969,5.7735643,3.1566892,1.8532168,1.8095084,2.117279,2.4086118,2.7017105,3.0216203,3.2814379,3.4955795,3.5562792,3.2820287,2.7565107,2.296693,1.8735657,1.9033346,1.9454305,2.1039765,1.8255166,1.0342656,0.5577345,0.4240622,0.7395982,1.5302316,1.5473058,1.7520205,2.143494,2.4026916,2.570735,2.7605536,3.0542264,3.2148066,3.2154937,2.8525026,2.750192,3.0982838,2.4976792,1.8110807,1.7177434,1.8728219,2.0609558,1.5070287,0.7156269,0.4524863,0.47182298,0.4376952,0.7241589,1.3584311,1.8041716,1.9456079,2.3185115,2.9276981,3.4902453,3.7733068,3.9527097,4.0018888,4.0100803,4.0293307,4.0363946,4.109188,4.279687,4.087918,3.8519292,3.8814812,4.403019,3.6031814,2.605966,2.2032933,1.5619833,0.63804054,0.33783442,0.50589466,0.042170152,-0.53464025,-1.1219819,-1.0258132,-0.089981526,1.1756006,2.2191107,3.0940642,2.9924462,2.6425524,1.5187637,0.6150776,0.21413562,0.113577455,0.51620424,1.315831,1.7505119,2.1573448,3.2059655,3.702178,3.8723896,3.9679713,4.005227,3.8244407,3.5373762,3.1143882,2.5856853,2.0433083,1.8554726,1.2264357,0.6831827,0.6047839,0.76318395,0.9644872,1.1913679,1.4964677,1.5298531,1.4627045,1.3976994,1.2970865,1.317936,2.1801302,2.9282637,2.5158823,1.8891675,1.8115638,2.1016576,2.744255,3.3228164,3.6053271,3.7282104,3.8028908,3.8276153,3.7677598,3.7839673,3.7779086,3.86766,3.7087688,3.538704,3.2353146,2.9841542,2.7425008,2.7047129,2.8016655,2.6439717,2.2132483,1.4252586,1.0218737,1.2191324,1.5549934,1.1622839,1.0554295,0.9046751,0.73167515,0.73135567,0.7313373,0.73133016
-1.267447,-1.2558843,-1.0564132,-0.93462414,-0.7882196,-0.6387156,-0.57102525,-0.37343508,0.10536897,0.5597767,0.97075355,1.6385016,2.5653024,1.760031,0.67625195,0.33341455,0.08694556,-0.4172435,-0.9668285,-1.469313,-1.9640571,-1.5218055,-0.8548072,0.006953284,1.5219085,3.2169166,5.404646,7.5876365,8.884765,9.276737,9.751009,10.764306,11.269084,11.540964,11.106161,9.269887,6.1497593,3.0730453,1.1362739,0.6381297,0.39904976,0.054762363,-0.15455586,-0.2982887,-0.4703461,-0.6918775,-0.63399374,-0.89725536,-1.0665642,-1.207079,-1.4190683,-1.6280305,-1.6732798,-1.6475093,-1.4854234,-1.0651503,-0.9636828,-0.13544965,0.38568467,0.50647473,-0.31853634,-0.9440249,-1.3092575,-1.4584379,-1.4254509,-0.97928554,-0.4103149,-0.6359848,-1.2522842,-1.6315019,-2.0581088,-2.2088246,-2.2797747,-2.3300576,-2.3525138,-2.3474627,-2.3173025,-2.2227,-2.097136,-2.0818334,-2.02883,-1.9722033,-1.6929715,-1.6822093,-1.8153563,-1.4021624,-0.51927507,0.042380095,0.5551745,0.28937125,0.07588121,-0.4296819,-1.234549,-1.6628621,-2.0301383,-2.3158138,-2.5187,-2.6693313,-2.772988,-2.525846,-2.5625243,-2.705306,-2.4366953,-2.1569862,-2.160851,-2.4049385,-2.6467333,-2.7096438,-2.7753258,-2.5176682,-1.9636071,-0.7575408,-0.4857785,-0.46988973,-0.72645825,-1.0821394,-1.2925426,-1.8885558,-2.4587946,-2.7100484,-2.8173723,-2.8228996,-2.8189106,-2.8583941,-2.853877,-2.8516512,-2.8728542,-2.9994166,-2.9959676,-2.7639108,-2.3266137,-1.6319141,-1.4775121,-1.5729847,-1.5543737,-1.4453292,-1.5131867,-2.030228,-1.6178191,-1.209072,-0.75323933,-0.63589346,-1.0856757,-1.8411851,-2.6027622,-3.436895,-3.3532968,-2.7012198,-1.8485589,-1.4475384,-1.0855049,-0.27232152,0.3523131,0.6010091,0.41387916,0.11681588,-0.79568577,-1.4288738,-1.770054,-2.0043368,-2.2057154,-2.3655498,-2.4452548,-2.3727646,-2.1177201,-2.0167665,-2.1815825,-2.2364726,-1.9356568,-1.7763402,-1.7709693,-1.8373688,-2.275024,-2.712133,-2.8195994,-2.863041,-2.9271069,-2.999765,-2.9235358,-3.0011916,-3.219942,-3.097113,-2.7675643,-2.524007,-2.5554137,-2.9257092,-3.3050888,-3.3476887,-3.2703094,-3.201332,-3.0414057,-2.8849287,-2.8979425,-2.9833279,-2.9697375,-2.9577482,-2.9164643,-2.8164356,-2.7360125,-2.6921816,-2.7063246,-2.6772952,-2.6511579,-2.6746023,-2.5917325,-2.4498563,-2.332714,-2.2625775,-2.2332947,-2.3733869,-2.3769548,-0.5530966,-0.5506191,-0.55057347,-0.55055547
-1.1066524,-0.9530087,-0.6517134,-0.47169107,-0.36430287,-0.24679533,-0.27105346,-0.6323484,-1.3538188,-1.650875,-1.5179933,-0.9844953,-0.19656579,-0.51696736,-0.62035656,-0.621549,-0.829432,-1.2225716,-1.5599811,-2.0354497,-2.6980562,-2.7413301,-2.8061602,-2.8561797,-3.024622,-2.7173967,-1.8642604,-1.0575098,-1.3067847,-1.3620222,-1.35806,-0.8823873,-0.4417694,-0.018687457,-0.48311198,-1.025238,-1.1261703,-1.101634,-1.0535806,-0.9262599,-0.83326507,-0.84223807,-0.8677051,-0.90984213,-1.0789372,-1.2738972,-1.3471079,-1.6919155,-2.082616,-2.4357026,-2.8944726,-3.229353,-3.4079244,-3.4475517,-3.401493,-2.967595,-1.938699,-0.29321516,0.035856076,-0.6417905,-1.2703921,-1.6134229,-1.7591633,-1.8154919,-1.6103508,-1.4344525,-1.4611619,-1.4947867,-1.6193804,-1.5138884,-1.3814137,-1.2939211,-1.2782242,-1.3303978,-1.4329602,-1.5924904,-1.7625844,-1.8670692,-2.1377997,-2.4315581,-2.7072954,-2.811203,-2.915264,-2.8953257,-2.829554,-2.4799128,-1.8430946,-1.364248,-1.264011,-1.424533,-1.5818336,-2.0500083,-2.5798752,-2.814403,-3.038717,-3.2489471,-3.4372778,-3.5850039,-3.7958832,-3.5342176,-2.7203398,-2.012834,-1.8279157,-1.9437262,-2.2855892,-2.5981069,-2.8291035,-2.6128082,-2.5363362,-2.4234488,-2.1526873,-1.3525803,-1.5192065,-2.2319882,-2.972074,-2.578253,-2.3343291,-2.5515428,-2.7511096,-2.821501,-2.8722134,-2.8795137,-2.8817763,-2.8831239,-2.8898106,-2.8691592,-2.8113089,-2.9783487,-3.1269026,-3.222496,-3.5727892,-3.3907294,-3.2925005,-3.5260482,-3.3569252,-2.9521818,-2.6781106,-2.648633,-2.210845,-1.9534612,-1.747304,-1.8286705,-2.2216735,-3.0142226,-3.566975,-3.4155684,-2.4768572,-1.4537754,-0.55772793,-0.34584832,0.11592875,-0.10224277,-0.59922314,-1.2553596,-1.6177974,-1.8146297,-2.361979,-2.5652833,-2.5860465,-2.6335976,-2.6717348,-2.5518637,-2.4307585,-2.2230608,-2.0045516,-1.863897,-1.757087,-1.3211821,-1.0400021,-1.1320604,-1.3881819,-1.4366548,-1.8698921,-2.322258,-2.457148,-2.4840465,-2.4362736,-2.0815005,-1.776211,-1.7009481,-1.9183682,-2.0515792,-2.1227674,-2.3771229,-2.5634742,-2.739191,-2.9163346,-2.992031,-3.0667446,-3.0563192,-3.018806,-2.9942956,-2.9358969,-2.95822,-2.968996,-2.8627005,-2.7053242,-2.5321057,-2.3378663,-2.3660493,-2.404163,-2.4445598,-2.4209788,-2.3825996,-2.2264714,-2.0367737,-2.0055127,-2.0481143,-2.1486332,-2.2675192,-2.2683496,-1.2290328,-1.2270683,-1.2270457,-1.2270416
-1.986206,-1.8568437,-1.7671204,-1.7013338,-1.700856,-1.7670327,-1.8282433,-2.0697021,-2.2765698,-2.4254537,-2.5156763,-2.2661884,-1.7056808,-2.0008466,-2.2072427,-2.3828332,-2.7239199,-3.1152077,-3.302431,-3.4140847,-3.6374366,-3.8626423,-4.0828695,-4.4255624,-4.654318,-4.05167,-2.7970567,-1.6550448,-1.385174,-1.369236,-1.035718,-0.3511035,-0.13714918,-0.24832064,-0.7353307,-1.5391991,-2.0664976,-2.407765,-2.384148,-2.2630656,-2.1613266,-2.0790603,-1.9810226,-1.9031187,-1.8713498,-1.9460849,-1.9924765,-2.175872,-2.4572704,-2.7490573,-3.015136,-3.2196546,-3.4006038,-3.4823346,-3.5604246,-3.5878239,-2.4515765,-0.61125004,-0.60008425,-1.2485561,-1.7205956,-2.4343665,-2.7515779,-2.919801,-2.972857,-2.8875656,-3.0321414,-2.834428,-2.537306,-2.3025582,-2.2172303,-2.2052007,-2.1795459,-2.141205,-2.1256304,-2.0860682,-1.9537308,-1.7782078,-1.568086,-1.6487434,-1.9406297,-2.0019925,-2.094158,-1.9598637,-1.6064569,-0.79303974,-0.14205039,0.2355792,0.26235777,0.27782643,0.054280024,-0.20404662,-0.6091902,-0.9192083,-1.2654438,-1.5910902,-2.0357537,-2.3384933,-2.7874045,-2.448658,-1.4451625,-0.9536003,-0.833852,-0.61985767,-0.80988485,-1.1063325,-1.4784336,-1.4583678,-1.236117,-1.1460829,-1.0099077,-0.054394513,-0.12068623,-0.96516484,-2.1266468,-2.8039055,-3.1137831,-3.2387612,-3.362795,-3.43362,-3.4508824,-3.4376469,-3.4039268,-3.376747,-3.370193,-3.390583,-3.337953,-3.4440508,-3.481811,-3.3961787,-3.01546,-2.3295035,-2.1625385,-2.1639848,-1.8785315,-1.4410305,-1.0393237,-0.6555152,-0.43311566,-0.25664276,-0.2089959,-0.6348499,-1.7317805,-2.7173553,-2.9166074,-3.0135164,-2.889645,-2.4267783,-1.9318082,-1.5965407,-1.0209966,-0.8326083,-1.0913742,-1.4504035,-1.8769417,-2.3535132,-3.2312336,-3.566609,-3.6677566,-3.6700776,-3.637793,-3.4813411,-3.352858,-3.2020526,-2.9747367,-2.6736414,-2.5037382,-1.7443001,-1.1226628,-1.1164737,-1.0911849,-0.6499109,-0.09098163,0.07230383,0.083880335,0.09964153,0.066209525,-0.07602379,-0.14103252,-0.3671409,-0.71834064,-0.76589787,-1.0082597,-1.542459,-1.9817002,-2.5708385,-3.023021,-3.1802921,-3.239439,-3.1593673,-2.9988227,-2.8934317,-2.839573,-2.9484735,-2.9754143,-2.8279755,-2.7096076,-2.5048892,-2.3533795,-2.3651807,-2.5529919,-2.6173582,-2.6970463,-2.7362266,-2.6517706,-2.6528022,-2.7327523,-2.7767096,-2.742192,-2.73562,-2.6813126,-1.7430117,-1.7412351,-1.7412255,-1.741209
-2.2681923,-2.218804,-2.2067187,-2.2240365,-2.11208,-1.9448452,-1.892728,-1.6336361,-1.6198392,-1.670152,-1.4373803,-0.935008,-0.51098675,-0.94696033,-1.3208536,-1.3904982,-1.4321254,-1.6451569,-1.9616402,-2.3912873,-2.7641659,-2.973656,-3.0722504,-2.9973,-2.3054023,-1.4656636,-0.2993923,0.7219047,1.4900743,1.6285181,1.7282113,1.1189407,0.7410469,0.40553838,-0.07571997,-0.8883678,-2.1498098,-3.050188,-3.3137054,-3.2674851,-3.08701,-3.0287693,-3.005987,-2.956782,-2.8740568,-2.8358836,-2.6058404,-2.4379022,-2.3194408,-2.292134,-2.229151,-2.192056,-2.0838635,-2.0460086,-2.036648,-1.9934185,-1.1977971,0.31343454,0.76321375,0.81613326,0.60270447,-0.13288987,-0.6187482,-0.94640434,-1.40355,-1.679882,-1.5722446,-1.442977,-1.3431273,-1.604077,-1.8721564,-2.089416,-2.274811,-2.3809645,-2.3979037,-2.4015758,-2.3226993,-2.1471128,-1.7233381,-1.2875824,-0.67245686,-0.37690073,0.29740956,1.1670086,2.8150954,5.8405113,8.531227,10.074907,11.159276,10.927545,9.903855,8.446934,6.3358674,5.0612803,3.9345064,2.9653478,1.6799213,0.84245753,-0.45388582,-0.4489749,-0.0012723804,-0.08085036,-0.16357432,-0.3430415,-0.66618305,-1.0569856,-1.5029831,-1.5346022,-0.69224465,-0.10388219,0.16312599,0.85629076,0.4890195,0.027259916,-0.92921126,-1.6368086,-1.3162673,-1.2037601,-1.4969585,-1.7446387,-1.8551223,-1.8557011,-1.7733139,-1.7729235,-1.7749224,-1.8587811,-1.7319598,-1.7893829,-1.7557694,-1.7105172,-1.2258426,-0.43764475,-0.008167475,0.34902757,0.6924603,0.97452027,0.4587972,-1.0827717,-1.3328547,-0.9957117,-0.3898629,-0.35004926,-1.0925837,-2.057692,-2.6895266,-3.2884207,-3.3544984,-2.6042237,-1.5052557,-0.9046658,-0.58473927,0.039384633,0.35447115,0.1660245,-0.6310588,-1.0778801,-1.6264045,-2.241598,-2.5684662,-2.6985765,-2.8209271,-2.9166138,-2.8816004,-2.8058589,-2.5846224,-2.298501,-2.2053008,-1.6867349,-0.9458052,-0.7507893,-0.70795083,-0.72137874,-0.8167156,-0.9533397,-0.9851429,-1.0008532,-1.0500035,-1.1318998,-0.81810915,-0.5646188,-0.64089394,-0.6399059,-0.8335358,-0.9704746,-1.0787892,-1.3613638,-1.6133835,-1.5835905,-1.484765,-1.2977909,-0.93985385,-0.6427878,-0.56446004,-0.79497194,-0.9612149,-0.9108616,-0.89966106,-0.77473533,-0.69239396,-0.67019325,-0.9879157,-1.2073793,-1.3040664,-1.282565,-1.15116,-1.0274625,-0.911356,-0.90195185,-0.6481369,-0.61660624,-0.5667426,0.095669426,0.095132105,0.09508887,0.09510056
-2.2106767,-2.0832033,-1.9906733,-1.9622097,-1.7980301,-1.6880083,-1.7381169,-1.3328601,-0.7002368,-0.39595637,-0.22885315,-0.2793129,-0.027987383,0.098760255,-0.34764293,-0.6756427,-0.90261805,-0.9099227,-0.87000215,-0.9075746,-0.6955282,-0.0018654317,0.68808043,1.0242441,0.2817123,-0.73820853,-1.378412,-1.4273868,-0.91760504,-0.7702551,-0.6267242,-0.8004701,-0.8646604,-0.5773427,0.3508931,1.3296816,2.2213676,2.6505878,2.2705896,1.4933592,0.79509574,0.56566435,0.43312398,0.27400234,0.21788836,0.49906373,0.7447097,0.95848304,1.0178171,1.0798742,1.2037718,1.0857863,0.74027616,0.48465285,0.25855058,-0.2115775,-1.4061612,-3.0585084,-3.1012182,-2.5273247,-0.3368067,0.9996612,1.6946869,2.1001668,2.395289,2.464508,3.357655,5.6854224,7.7477894,9.180612,10.135519,10.322274,10.337118,10.340456,10.313182,10.210345,9.915073,9.4713335,8.441423,6.833143,4.951567,4.4349833,3.652618,2.0500598,0.6950152,-0.3937511,-0.820251,-1.0087614,-0.79517245,0.06934691,0.3931458,0.62207067,1.0140039,1.2260978,1.3578151,1.4584844,1.6465818,1.6335605,1.4121174,1.0678142,-0.12129788,-1.6649666,-2.2980323,-2.1996644,-1.8876104,-1.7675786,-1.667865,-1.9273255,-2.0939236,-1.9425659,-1.7006435,-0.7066623,0.3706963,1.1876225,2.2280715,2.6371622,2.88688,3.4942832,4.0315294,4.1258683,4.089033,4.0648003,3.9547467,3.8803961,3.980916,4.064225,3.8544765,4.0384727,3.8962946,3.1699243,1.085034,-1.7045584,-2.2519531,-2.383256,-2.5100784,-2.3731475,-2.272789,-2.9585319,-2.9732747,-2.8054917,-2.522079,-2.2765515,-1.9160597,-1.2991827,-0.22034165,0.16973752,-0.7217727,-1.6082472,-2.146601,-1.9340942,-1.9763784,-1.2260417,-0.43849534,0.24821112,0.13486937,-0.26687583,-0.22506584,-0.051430177,0.09681006,0.22616953,0.17209475,-0.014871612,-0.12595338,-0.53706706,-1.113647,-1.8977041,-2.4208345,-3.2322721,-3.540564,-3.333832,-2.7241628,-1.9485089,-1.7521284,-1.5660127,-1.5050855,-1.5276694,-1.5972542,-1.9797761,-2.3500285,-2.2678256,-1.2077879,-0.41674992,0.042316467,0.38836583,0.4519615,0.41780362,0.11950299,-0.06998843,-0.56050014,-0.8429752,-1.3064913,-1.5841937,-1.5584347,-1.4648936,-1.6568367,-1.8940376,-2.0911374,-2.263631,-2.4926064,-2.6546211,-2.6885266,-2.7439468,-2.656827,-2.3726373,-1.5351285,-1.1109737,-1.2456539,-1.5739486,-1.4827034,-1.4322225,-1.3235372,-1.2131963,-1.2139769,-1.213983,-1.214007
-2.5979564,-2.6598015,-2.595078,-2.5351605,-2.4553947,-2.3573983,-2.284713,-2.096638,-0.8339902,0.21650574,0.9204481,1.3585844,1.5793011,1.0041387,0.42169338,0.1624633,-0.15487987,-0.5117668,-0.89209193,-1.4359612,-2.0547276,-2.0359948,-1.8145714,-1.5918736,-0.96669424,-0.062044047,0.6641486,1.0027717,0.9316962,0.94697475,0.9623015,0.970657,0.8449468,0.6284411,0.5232599,0.5913226,0.8915011,0.49199158,0.027347505,-0.05516258,-0.0023412853,-0.11210601,-0.2589701,-0.41931373,-0.65959376,-1.0240301,-1.2595391,-1.7286716,-1.9992094,-2.153205,-2.2639456,-2.2818415,-2.2378612,-2.2189445,-2.131605,-1.876625,-1.9701415,-1.4803836,-1.184865,-1.2658567,-1.6173028,-2.157233,-2.4829173,-2.6548553,-2.6270738,-2.13126,-1.7918322,-1.7845289,-1.903924,-2.0310473,-2.0886462,-2.0238557,-1.8937234,-1.719655,-1.5705023,-1.324553,-0.97142094,-0.6512852,-0.29389763,-0.37898993,-0.43516535,-0.51908517,-0.5902566,-0.7748897,-0.7033578,0.03847859,0.6730623,1.0106018,0.6485743,-0.1755636,-0.6765245,-1.1322832,-1.6313233,-1.8923209,-2.1351595,-2.3352153,-2.4768703,-2.574291,-2.550921,-2.2005794,-2.016327,-2.026123,-1.7478813,-1.4817209,-1.593541,-1.8581082,-2.0562205,-1.9976038,-1.7192215,-1.4462801,-1.1383475,-1.0145018,-1.2519612,-1.2677891,-1.283093,-1.787719,-2.1939683,-2.5805573,-2.8786416,-2.9972262,-3.0395894,-3.0572052,-3.072916,-3.133761,-3.172165,-3.235872,-3.3485394,-3.33324,-3.2604296,-2.929745,-2.3734398,-1.2572978,-0.88616514,-0.64601237,-0.30290082,0.1595478,0.3774114,0.28410602,0.519464,0.7852197,1.0837755,0.95914674,0.038368136,-0.8730352,-1.584532,-2.576798,-3.2633355,-3.3978019,-2.7338185,-2.3951058,-2.1934357,-1.467829,-1.0990425,-1.0984733,-1.3886592,-1.9718304,-2.8768148,-3.1383295,-3.2220192,-3.2814436,-3.3127148,-3.3280163,-3.3628194,-3.1989357,-2.8350801,-2.3456464,-2.2235456,-2.1433768,-1.968881,-2.0390844,-2.332885,-2.6996267,-2.8708282,-2.8500414,-2.829348,-2.8136318,-2.8257298,-2.8563893,-2.6745129,-2.5931554,-2.572882,-2.5551026,-2.4101052,-2.7131684,-2.901991,-3.153768,-3.2726464,-3.1395514,-2.8963225,-2.6754873,-2.2820191,-2.001241,-2.0326319,-2.1300478,-2.0553055,-1.9465,-1.8253154,-1.7156045,-1.5840297,-1.442402,-1.389791,-1.2492539,-1.1875497,-1.2322071,-1.6437722,-2.0478628,-2.1975698,-2.1808496,-2.0585022,-2.0399978,-2.1120477,-1.8394833,-1.8387989,-1.8388002,-1.8387892
-2.4011574,-2.4070802,-2.4770308,-2.4777455,-2.3617213,-2.2525058,-2.2742918,-2.0528526,-1.5092187,-0.8844289,-0.62136036,-0.46403956,0.51642746,0.9644757,0.8305172,0.8471516,0.66633147,0.47665456,0.32638767,0.8565216,4.2858386,7.098681,8.593002,9.672449,10.479874,10.464338,9.986077,8.862977,7.4661674,6.975548,6.010049,3.0373545,0.9909835,0.18143651,0.256742,0.22885,0.07935846,0.5269579,0.642324,0.3907205,0.18028826,0.17796034,0.21364886,0.20714074,0.19465113,0.1416027,0.39666224,0.7401325,0.9426383,1.2026143,1.6690652,1.6665902,1.5370891,1.2343535,0.85873723,0.1457561,-0.41992792,-0.43891293,-0.5251603,-0.30882555,0.37081537,1.6404201,2.7878928,3.9616053,6.0940447,8.747833,10.334206,10.728401,10.467074,9.648737,8.335621,7.2946777,6.490021,5.7491317,5.3129487,4.663289,3.7588675,2.927701,1.9109304,1.520087,1.3291793,1.1376954,0.7536782,-0.29036576,-0.7670586,-1.0016636,-0.9677553,-0.62058586,-0.09716462,0.057671785,-0.09364985,0.16894312,0.5168023,0.6732253,0.87045896,1.0707377,1.2533981,1.4638972,1.5197198,1.0629879,0.18395779,-0.22267291,-0.48705208,-1.2619754,-1.565376,-1.6104231,-1.6444261,-1.3407116,0.44993055,3.13837,5.6586013,9.604683,11.546787,11.991364,11.676818,10.187726,8.730751,7.4410996,5.846402,4.767823,4.008852,3.826698,3.8454537,3.5304852,3.3924165,2.9354138,1.9662874,1.4326351,0.96210325,0.13206607,-0.6336523,-0.6920847,-0.5650374,-0.883833,-1.0841742,-1.1541603,-1.4787548,-1.6340115,-1.4492383,-1.4648733,-1.5215724,-1.5504615,-1.6150548,-1.75031,-1.6976264,-1.2326198,-1.0918775,-0.9723021,-0.97452843,-0.9196914,-1.3183339,-1.0335121,-0.5928057,-0.3293082,-0.61731446,-0.8301602,-0.5157367,-0.27350712,-0.08004889,0.16821307,0.2908618,0.26876596,0.12925175,0.023755103,-0.11189872,-0.38155276,-0.7448801,-0.8882694,-0.73504233,-0.7234247,-0.89522195,-1.4132544,-1.7038065,-1.6241925,-1.6456567,-1.7481868,-1.8347245,-1.9197112,-1.5055916,-0.47771385,0.6802633,0.32566082,0.41267014,1.0746969,1.3077178,1.6846243,1.7349104,1.813525,1.4678836,1.3288223,0.8501164,0.5228179,0.27435195,-0.038151328,-0.61526346,-1.1379385,-1.4905661,-1.5558181,-1.7662907,-1.8661695,-2.042973,-2.148428,-2.1612458,-2.0936964,-1.818054,-1.7808557,-1.8555024,-1.8168793,-1.7754695,-1.7894435,-1.7810905,-0.2668173,-0.26742288,-0.267403,-0.2674262
-3.0498962,-3.107076,-3.095255,-3.1243815,-3.2777815,-3.4422746,-3.3860285,-3.620072,-2.9620728,-2.5298798,-2.3464365,-2.2036707,-2.0825949,-2.0672545,-2.1476195,-2.3198035,-2.5744224,-2.7479873,-2.9044046,-3.170031,-3.6401706,-3.381003,-3.3612194,-3.3675947,-3.0334752,-2.4858348,-1.8032694,-1.2125859,-0.98412365,-0.9516889,-1.0593278,-1.2295394,-1.1480142,-1.2954167,-1.7607989,-2.305614,-2.2713401,-2.507165,-2.6845257,-2.6912246,-2.6014938,-2.6159587,-2.6697433,-2.6959844,-2.6703744,-2.7447205,-2.9285934,-3.3549008,-3.5442567,-3.612499,-3.598978,-3.4334493,-3.2198582,-3.1021686,-2.833811,-2.18132,-1.6852465,-1.4130013,-1.4019706,-1.7366533,-2.372105,-3.2037416,-3.6187968,-3.8563156,-4.0082335,-3.8091085,-3.737598,-3.7267525,-3.6452568,-3.6147008,-3.752841,-3.8914237,-3.9720104,-3.9644408,-3.9026089,-3.7638803,-3.5660973,-3.3730557,-3.0840967,-2.8737316,-2.5323906,-2.4289896,-2.344746,-2.218373,-2.1340835,-1.7207855,-1.354484,-1.3223139,-1.5741031,-2.2097147,-2.3437033,-2.487814,-2.8884628,-3.1296318,-3.3572764,-3.5169473,-3.612575,-3.6467714,-3.435329,-2.754715,-2.3028445,-2.2924354,-1.7694683,-1.1382363,-1.1869977,-1.3704088,-1.5729924,-1.7054183,-1.5159663,-1.4045817,-1.421634,-1.7456342,-2.2385788,-2.5321507,-2.878756,-3.4026494,-3.6326916,-3.9270852,-4.1950994,-4.2737336,-4.2703896,-4.2441735,-4.234232,-4.2537255,-4.258034,-4.281889,-4.328842,-4.267411,-4.123248,-3.7955701,-3.530549,-2.7312498,-2.000399,-1.2775811,-0.53438294,0.16917874,1.2848275,3.0670059,3.9438267,4.0204625,3.7644043,3.4431624,2.6967683,2.1172853,0.6679046,-1.7904623,-3.237072,-3.7040722,-3.550981,-3.3726754,-3.1963713,-2.8138328,-2.5047753,-2.3054707,-2.1210384,-2.4077864,-3.370956,-3.7673676,-3.905768,-3.9479842,-3.9468713,-3.899682,-3.850247,-3.673016,-3.3416567,-2.861577,-2.7159495,-2.43445,-1.933552,-1.4873128,-1.5423439,-1.5945327,-1.5959624,-1.6099873,-1.5675892,-1.5247272,-1.5337671,-1.7939306,-2.0729392,-2.6802607,-3.381278,-3.3980973,-3.2880218,-3.6461935,-3.9669309,-4.3833265,-4.5494127,-4.4554935,-4.193589,-3.9677453,-3.5871162,-3.3145595,-3.3221772,-3.4062057,-3.2285266,-3.0814314,-3.0252957,-2.9587193,-2.942881,-2.8526616,-2.7649899,-2.592143,-2.6108754,-2.6805782,-2.9398768,-3.1769211,-3.189876,-3.0997143,-2.9968371,-2.9737582,-2.9730406,-3.3801453,-3.3797617,-3.3797758,-3.3797603
-4.1381598,-4.1044393,-4.0522494,-3.9800563,-3.9489017,-3.9360137,-3.8972993,-3.7215545,-3.2968688,-3.0155334,-2.8275414,-2.7323325,-2.498508,-2.0195603,-1.8200917,-1.8411688,-1.8984039,-1.8466092,-2.135288,-2.51597,-2.35333,-1.9342351,-1.9225173,-2.2187428,-2.9518867,-3.3205268,-3.2930462,-2.915088,-2.4180248,-2.309402,-2.21102,-2.3534129,-2.4149294,-2.3324504,-2.279152,-2.5191357,-2.3913138,-1.8398564,-1.2173516,-1.2329924,-1.2715468,-1.0900947,-0.87956464,-0.73393893,-0.50330174,-0.22410738,-0.14021485,-0.07919133,-0.0824811,-0.20400742,-0.4619318,-0.67778236,-0.85575306,-1.0359645,-1.1796284,-1.3147788,-1.6449671,-3.0119073,-3.5093954,-4.2891912,-3.7678893,-3.1426153,-2.8273625,-2.709909,-2.771078,-2.860982,-2.3788764,-1.6718197,-1.2837957,-1.0279527,-0.6891892,-0.65252656,-0.70172846,-0.7258626,-0.7131263,-0.6938294,-0.7184131,-0.73740834,-0.52394277,-0.3814448,-0.60500646,-0.51940936,-0.8316645,-1.3986286,-1.9267812,-2.2547097,-2.404184,-2.4711423,-2.3321764,-1.608743,-1.2244143,-1.1350789,-1.0591552,-1.0169431,-0.96312106,-0.91451675,-0.87454665,-0.8756702,-0.8675071,-0.76259995,-1.0133715,-1.3900676,-1.7674035,-1.9307144,-2.062927,-2.1920724,-2.4574943,-2.7674656,-2.9183729,-2.9048734,-2.865634,-2.5604584,-2.1904685,-1.7028555,-0.80227363,-0.25307986,-0.2889493,-0.32600018,-0.42106608,-0.56548524,-0.76464975,-0.82546365,-0.874805,-0.96919805,-0.9863919,-1.0542881,-1.2788161,-1.3277264,-1.5488456,-1.8691838,-2.3731678,-2.6107135,-2.708173,-2.9131608,-2.9702983,-2.8327165,-2.5518177,-2.351887,-2.121082,-2.0309808,-2.0011523,-1.9636514,-1.8705316,-1.4304814,-0.6099825,-0.8106,-1.7288477,-2.5331745,-2.9994755,-3.207077,-3.2144225,-2.5735846,-1.985093,-1.411386,-0.9750632,-1.0712976,-1.3985271,-1.4449525,-1.4959826,-1.4911324,-1.5300173,-1.641981,-1.7361988,-1.8760626,-2.092362,-2.361445,-2.517394,-3.2630403,-3.8539453,-3.8822994,-3.822781,-3.603284,-3.3668022,-3.000604,-2.797532,-2.7518632,-2.76523,-3.0808442,-3.2080383,-2.8954554,-1.9963299,-1.4233848,-1.1872703,-1.3884194,-1.7237651,-2.0943463,-2.366775,-2.4395003,-2.6550152,-2.7245507,-2.8618608,-2.856442,-2.8404036,-2.8557186,-2.87294,-2.9737449,-3.0837994,-3.2325425,-3.3555245,-3.4185727,-3.3985326,-3.2453365,-3.2709067,-3.3921256,-3.3797371,-3.435433,-3.4515817,-3.4673197,-3.5544949,-3.660729,-3.6536298,-4.956605,-4.9581823,-4.958202,-4.9582186
-1.6131153,-1.615154,-1.6235011,-1.7686601,-1.9523664,-2.2339592,-2.405708,-2.8875256,-3.0030177,-2.9318647,-3.0309443,-3.1025872,-2.985146,-2.8868253,-2.8291707,-2.930407,-3.1991668,-3.4966683,-3.711073,-3.8159523,-4.0031996,-3.6955028,-3.5010138,-3.29293,-2.7840204,-2.2486222,-1.7725369,-1.7565283,-2.1687465,-2.320712,-2.646053,-3.0527866,-2.9642382,-2.8693016,-2.9804673,-2.7380185,-2.3882372,-2.6198497,-2.8013115,-2.8699224,-2.897149,-2.9524684,-3.009149,-3.0333667,-3.0016823,-2.8106403,-2.5964174,-2.5262551,-2.6271477,-2.6824818,-2.7059817,-2.7817464,-2.9307241,-3.0528502,-3.090324,-2.9282844,-2.9840446,-3.2718596,-3.3507264,-3.8480115,-4.066951,-4.301719,-4.3605757,-4.338299,-4.1161513,-3.4118242,-2.9143157,-2.7880597,-2.8211527,-2.7128627,-2.763391,-2.9125845,-3.0214942,-3.065462,-3.0957375,-3.0999122,-3.0381994,-2.9208755,-2.8436596,-3.0251474,-3.3865354,-3.5624337,-3.8657103,-3.9728398,-3.6578126,-3.0498972,-2.5806947,-2.5344856,-2.749691,-2.8426142,-2.6585536,-2.5854166,-2.8193493,-3.0389404,-3.2611074,-3.4399014,-3.6162732,-3.7496266,-3.8749628,-3.4718628,-2.460015,-1.8042517,-1.1399568,-0.2603224,-0.11419357,-0.12362338,-0.35601592,-0.62377703,-0.6233261,-0.61537707,-0.80736846,-1.5109415,-1.9446951,-2.5940752,-3.4185517,-3.2825556,-2.8825297,-2.806831,-2.9166827,-3.029119,-3.1377754,-3.1773632,-3.1764398,-3.1964922,-3.2117543,-3.248719,-3.217473,-3.1939902,-3.0820742,-2.8692908,-3.1014767,-3.4131427,-3.4433248,-3.5456176,-3.3430617,-2.9421713,-2.2017753,-0.63782036,0.058938265,0.49624664,0.85009134,0.68438184,-0.16847523,-0.9897154,-1.177804,-1.8520792,-2.6312532,-2.7650843,-2.9045143,-3.1195765,-2.8494866,-2.70019,-2.6493874,-2.5492303,-1.9496112,-1.6303849,-2.2685428,-2.7004814,-2.8931744,-2.9784117,-3.0443807,-3.0677602,-3.0368588,-2.9243321,-2.7718153,-2.6595254,-2.973386,-3.6362233,-3.5876722,-3.0525365,-2.289917,-0.71618396,0.4213805,0.8884269,1.1160553,1.2015758,1.2188196,0.99161816,0.81654096,0.39038277,-0.23919687,-0.34067884,-0.3445262,-0.99423033,-1.5818253,-2.2067764,-2.6975553,-3.042307,-3.325204,-3.4134486,-3.4738247,-3.4910865,-3.5180125,-3.5424235,-3.4577327,-3.3238382,-3.277495,-3.119781,-3.009984,-2.9485679,-2.8334312,-2.7487044,-2.7264085,-2.5752566,-2.3277178,-2.2711892,-2.2194963,-2.1658688,-1.9315337,-2.0167236,-1.9412229,-2.0074387,-2.0068316,-2.0068424,-2.0068302
-1.7693594,-1.9742177,-2.2487116,-2.427626,-2.467638,-2.496673,-2.4503937,-2.3323452,-2.3660717,-2.18833,-1.9431443,-1.5052736,-0.90482306,-0.883562,-0.7402377,-0.49533194,-0.21841818,-0.30270594,-0.3876722,-0.46715298,-0.44756538,-0.46765518,-0.47222322,-0.2829942,0.80631626,2.0666738,3.2401123,4.069871,4.206839,4.3207145,4.5003414,3.7795548,2.9599223,1.9963045,1.3730615,0.3432012,-0.60544026,-1.1576749,-1.5208211,-1.328799,-1.0636175,-1.0020545,-0.9589415,-0.85200477,-0.7650003,-0.7364202,-0.7828716,-0.7540034,-0.5246841,-0.20449694,0.32194903,1.0711298,1.9627526,2.5464134,3.5897768,6.0825305,8.994151,10.32488,10.287178,9.568935,6.6191244,3.7317839,2.0865543,1.1935742,0.3963742,-0.043200135,-0.6343193,-1.0570632,-1.077277,-1.3734407,-1.9435437,-2.2934275,-2.4824572,-2.6083422,-2.6165903,-2.567751,-2.4256024,-2.200942,-1.6856067,-1.1160959,-0.55850106,-0.51472306,-0.2748459,-0.097054765,0.053188235,0.5265636,0.87989503,1.1557525,1.6167091,0.7101215,0.088778734,-0.45528376,-1.1461724,-1.52573,-1.8843262,-2.136498,-2.284297,-2.3025098,-2.0304644,-1.6270952,-1.2184308,-0.8424251,0.0019004047,0.6149858,0.45322657,0.21715918,0.24281615,0.38145933,0.26922685,-0.0375655,-0.27537572,0.62852067,0.67232203,0.0047309995,-1.1626657,-2.2558155,-2.3731322,-2.4317307,-2.408654,-2.299013,-2.1386352,-2.075905,-2.052687,-2.0194287,-1.9583182,-1.8893083,-1.7486272,-1.4524658,-0.9630861,-0.46972853,0.05877517,1.5090489,3.0234127,4.0013666,4.5521617,4.447341,3.4701009,3.1118479,3.5715723,3.65325,3.466189,2.9952686,1.7618881,0.25985003,-1.2183636,-1.8745233,-1.1513224,-0.28635347,1.1015385,2.1886868,2.0554152,1.5057187,0.99122816,0.33832026,-0.2399211,-0.56165427,-0.7556758,-0.7235371,-0.5681288,-0.43685913,-0.3475034,-0.11313458,0.081025824,0.3897302,0.8121849,1.3301765,1.7711868,2.193524,2.3879695,2.3024073,2.0721197,1.2990936,0.3748446,-0.6165,-0.9100439,-0.9598973,-1.0152037,-0.7745388,-0.49915832,-0.6909689,-1.2631447,-1.6420579,-1.9464433,-1.9859536,-1.8129979,-1.5923432,-1.3199794,-1.0493379,-0.5901997,-0.3217724,0.15835136,0.50784874,0.50712097,0.47473577,0.63390326,0.8600373,0.9705364,1.062108,1.1147724,1.3047755,1.3755977,1.3975487,1.4084833,1.5053091,1.5788684,1.5951333,1.5961156,1.573159,1.5375198,1.3910973,1.4018396,1.2399237,1.2416224,1.2416227,1.2416334
-2.2103043,-2.1835892,-2.2723393,-2.2287672,-2.2081814,-2.1493788,-2.1396546,-1.8649154,-1.5720241,-1.2816359,-0.98597264,-0.9346724,-1.1468768,-0.5574093,0.25029677,0.47543055,0.4730835,0.6483531,0.54261595,0.3977378,0.95071363,1.3226249,0.8161261,-0.101213604,-1.3025548,-1.8997262,-2.3999758,-2.6263287,-2.2672281,-2.200126,-2.0761676,-1.9647968,-1.8657908,-1.7276031,-1.393677,-1.4812783,-1.2977883,-0.30970877,1.2102098,1.7170416,2.0451736,2.7420278,3.860508,4.913963,6.3599253,8.30618,9.348995,10.297316,10.845313,11.086513,11.158201,11.05119,10.848704,10.691102,10.443745,9.521078,6.4241285,1.0715201,-0.037209645,-1.2264699,-1.4998045,-0.8609626,-0.46281245,-0.28685907,-0.4901943,-1.3035686,-1.7852498,-1.7420247,-1.5375884,-1.431021,-1.0307791,-0.78654444,-0.66608965,-0.5952289,-0.5922142,-0.68268085,-0.9331618,-1.2917461,-1.6132836,-1.46223,-1.191915,-0.9582226,-0.8927018,-0.7761983,-0.86807215,-0.9665295,-1.2347542,-1.4473569,-1.1501056,-0.25809845,0.48081887,1.0829194,1.3356022,1.3209063,1.2363396,1.1289437,1.0049613,0.8106986,0.38020724,-0.321341,-1.1152682,-1.2008822,-1.3888013,-1.4713743,-1.2711788,-1.0534728,-0.9417523,-1.1371388,-1.3851769,-1.471948,-1.4466727,-1.7014508,-1.4446764,-0.7735546,1.1751859,5.3758373,7.3384504,8.229319,8.706044,8.81817,8.821802,8.819761,8.853024,8.879306,8.838684,8.732732,8.677885,8.561108,8.316672,7.6888075,5.9600024,2.2889638,0.5425328,-0.74430287,-1.9478773,-2.5964918,-2.6602821,-2.4153984,-2.2285573,-2.2580748,-2.2790477,-2.2847266,-1.8801036,-0.7966242,0.6382086,1.8181148,1.4549687,0.3060687,-0.6821969,-0.29659057,0.6087088,2.0468066,2.7669795,4.02962,7.056254,9.24161,10.57577,10.836645,10.836592,10.755638,10.560991,10.2276745,10.0681095,9.729084,9.215776,8.193376,6.785327,2.7876146,0.04789692,-0.94026446,-1.4376369,-1.6832603,-1.4909194,-1.0556827,-0.9097003,-0.9117625,-0.98613167,-1.2997757,-1.6910233,-1.923406,-1.576185,-1.0470237,-0.7733153,-0.5604621,-0.51371694,-0.3666402,-0.12057909,0.071021646,-0.0011545569,-0.035799906,0.007108785,0.043199006,0.06182094,0.2218168,0.2737507,0.19654329,0.12961602,-0.3112282,-0.42504758,-0.63569033,-0.41865566,-0.19196892,-0.15797924,-0.31573576,-0.019979551,0.23918974,0.5152897,0.4190166,0.29306626,0.06691422,0.13093239,-1.4016732,-1.4050679,-1.4051445,-1.405164
0.99933857,1.1427004,1.2190572,1.3324704,1.3286823,1.1222051,0.9197365,0.3663597,0.30439678,0.41552895,0.20701405,-0.18980262,-0.7977532,-1.3507049,-1.6389242,-1.920607,-2.2438862,-2.3480692,-1.9890335,-1.4692744,-1.2888887,-1.5716419,-1.8493292,-2.2495308,-2.6752539,-2.809527,-2.616964,-2.1174452,-1.7620876,-1.6844325,-1.7918818,-1.5216705,-1.0072348,-0.72792745,-1.0735809,-0.83446103,-0.718534,-1.2406772,-1.5738212,-1.544446,-1.5252854,-1.5517675,-1.5411812,-1.5181272,-1.4549477,-1.2387185,-1.1825843,-1.4131906,-1.745681,-2.0092292,-2.2626572,-2.3985212,-2.4403012,-2.362445,-2.2417946,-1.8124726,-1.131214,-0.7145617,-1.0379299,-1.1263099,-1.7084482,-2.2685964,-2.6564915,-2.9236767,-2.9509401,-2.276655,-1.7583456,-1.6465145,-1.7706096,-1.6781583,-1.7171108,-1.8252594,-1.8359102,-1.7765346,-1.7591863,-1.7657677,-1.6458309,-1.3482635,-0.8876927,-0.74787366,-1.2051558,-1.6511497,-2.0712047,-2.3383572,-2.2208047,-2.008836,-2.06442,-2.383653,-2.5355632,-1.8771586,-1.3565465,-1.3127389,-1.7125344,-1.9526777,-2.0719893,-2.0845928,-2.039228,-1.9625412,-1.577692,-0.5942435,1.4674573,3.8112733,5.36044,6.1135964,5.997757,5.9114294,5.4724197,4.849841,4.275566,3.7784052,3.4379864,2.154132,0.9960601,-0.036581725,-1.4002905,-1.9654176,-2.1649714,-2.508563,-2.818199,-2.9383307,-3.0267754,-3.069864,-3.0624905,-3.0501003,-3.1345773,-3.2416348,-3.2793565,-3.2753778,-3.0997682,-2.565168,-2.0853548,-1.9157257,-2.116256,-2.3273997,-2.251553,-2.1444988,-1.5593772,0.63507897,1.9492714,2.3314905,2.279939,1.7029816,0.4304106,-0.8199011,-1.8735555,-2.676743,-2.6085453,-2.2099524,-2.0231104,-1.6818273,-1.2287569,-1.352464,-1.7651864,-2.032051,-1.5412444,-1.3798947,-2.0040417,-2.3332176,-2.463653,-2.5505161,-2.5340104,-2.336422,-2.136798,-1.7031686,-1.2085713,-0.4824798,-0.15259022,1.4182853,3.3152554,5.7559013,8.067477,10.412754,11.6303,12.079213,12.159344,12.164609,12.159577,12.146303,12.097214,11.881029,10.97968,10.098276,8.9726305,7.142783,5.6841283,3.5715363,1.308512,-0.36889684,-1.7249035,-2.1611838,-2.8496332,-3.1890244,-3.1654963,-3.2510085,-3.3069286,-3.2480712,-3.1774125,-2.8271363,-2.5998726,-2.4545336,-2.5886493,-2.6555061,-2.7185998,-2.668359,-2.589858,-2.7268841,-2.9248977,-2.9433615,-2.6979728,-2.651007,-2.5717626,-0.8155826,-0.81147456,-0.8114226,-0.81138676
1.0489874,0.6960818,0.22001305,-0.030677706,-0.3627985,-0.46925658,-0.47316098,-0.6554848,-0.7842088,-0.42842093,-0.10032192,-0.114427,-0.75539285,-0.5859484,-0.35880855,0.05671288,1.0881484,2.3294659,3.1119878,3.24262,2.9584985,2.3434849,1.7192006,0.96943754,0.036518335,-0.9073186,-1.8017621,-2.3621056,-2.4217358,-2.3312283,-2.2463243,-1.5743735,-0.670808,-0.09737305,0.06135094,0.17118686,-0.19844295,-0.29563528,-0.40804875,-0.3452382,-0.32575065,-0.38211787,-0.51140845,-0.4778608,-0.24228744,-0.11795913,-0.1314664,0.29361293,0.7498723,0.9931861,1.0781636,1.1803771,1.3734459,1.5545003,1.4988943,0.9086924,0.06813976,-0.9786968,-1.0033056,-0.48042354,0.4151731,0.61599004,0.7995082,0.7893541,0.17657518,-0.913606,-1.8685772,-2.0508394,-1.4743754,-1.0211577,-0.6940986,-0.5787789,-0.52211785,-0.4649164,-0.3767012,-0.2479952,-0.075908706,-0.1329254,-0.12811196,0.097846866,1.1977233,1.6789775,2.1916604,3.3031318,2.9266808,1.3940843,0.20003907,0.0074867606,-0.22171688,-0.212154,0.15846714,0.88305867,1.9479367,2.571985,3.249948,3.7790082,3.901831,4.215317,4.5833445,4.0760593,3.3061407,2.6156077,1.2919133,0.49610513,0.602404,0.9200213,1.2488446,0.71903676,-0.4152222,-1.0577477,-1.2337236,-1.3568723,-0.96805274,-0.88041276,-0.9802382,-0.72542626,-0.23062041,0.27769145,0.84236526,1.2103047,1.2857485,1.2145598,1.2049546,1.2486544,1.271354,1.2879217,1.4258277,1.5801225,1.5880764,1.3490924,0.7458944,-0.044723146,-0.21958405,0.1809237,0.2999336,0.12041004,0.04006076,-0.31947896,-0.8817965,-1.1999211,-1.2320812,-0.44830298,1.3791151,2.253983,2.0204635,2.108261,2.2101364,1.4613539,0.44691,-0.104033574,-0.42503452,-0.37004706,0.17721805,0.32605523,0.069694474,-0.066793874,0.6547283,1.2022183,1.4542611,1.6763412,1.8744179,1.9140825,1.7820299,1.7002523,1.5023043,1.4909446,1.5641259,1.1837766,0.54588515,0.33470768,0.49470967,0.6496013,0.6413095,0.66196537,0.68447644,0.687634,0.6653467,0.46975046,0.44093806,1.1576555,1.2546046,0.6809662,-0.1216681,-0.8370927,-0.97324723,-0.85603315,-0.53164697,-0.42805192,-0.3724385,-0.46929502,-0.58978593,-0.5471452,-0.46442175,-0.3563255,-0.27153736,-0.19483674,-0.25008693,-0.343499,-0.46921837,-0.53186285,-0.56955004,-0.63761765,-0.66564447,-0.7717694,-1.2585979,-1.3041213,-1.1963258,-1.0975838,-1.4090707,-1.3032191,-1.4151506,-2.4057255,-2.4038072,-2.4037395,-2.4037292
0.051733837,-0.058395214,-0.12855352,-0.11450095,-0.19470581,-0.2897312,-0.34819567,-0.23565367,0.57234204,1.6744106,2.3769813,2.8878329,3.8275628,4.481027,4.738122,4.7063065,4.506392,3.9099612,2.9096277,2.3921885,2.5641806,2.6727471,2.7771564,3.1713336,3.7251883,3.6933017,3.2144496,2.860847,2.996949,3.1872928,3.4447243,4.2299604,4.7135134,4.725222,4.1616936,3.5853524,3.8061712,4.3580413,4.4640527,4.5173993,4.5594425,4.4842978,4.2484756,4.0085955,3.638846,3.0391507,2.8479254,3.0046148,3.2765303,3.4700425,3.514383,3.4181404,3.292161,3.186556,2.9696908,2.4188232,2.4168422,3.5560746,3.5837142,2.9066572,2.479525,3.1779842,3.3889241,3.3969061,3.2534032,3.2073362,3.887184,4.1494365,3.5378087,2.6046097,1.875343,1.7218194,1.7564789,1.841637,1.8871207,1.9014008,1.7416188,1.5300701,1.4855869,1.998425,2.5699854,2.7190146,2.6875024,2.6934848,2.4247422,1.5991579,0.45452994,0.0055472627,0.184338,0.055748403,-0.35627472,-0.4950993,-0.037164718,0.24845016,0.48044714,0.70907664,1.1334229,1.3336631,1.5885043,1.3173375,0.9071949,1.3706111,2.2640388,2.642716,2.5748568,2.405103,2.0382936,1.7859591,1.5002235,1.025595,0.625027,1.1194744,2.682539,3.335286,3.623088,2.594017,1.7496927,1.6220429,1.7635672,1.8731439,1.9209311,1.961468,1.9722315,1.9531657,1.88236,1.8189168,1.7194872,1.6085393,1.287328,0.86317503,1.4734662,3.1438024,3.6049726,3.5235949,3.3016288,2.877327,1.9448338,1.701769,2.5851839,2.8897216,2.6198225,2.2813776,1.9419243,2.0795233,2.406638,2.22728,1.5884279,1.1043168,1.593221,2.5250409,2.9879446,3.3302608,3.3140955,3.0354228,2.230496,1.733345,2.0483305,2.4710672,2.559494,2.5135741,2.434304,2.1823027,1.988374,1.7530677,1.473872,1.3587267,1.668117,2.504666,2.772468,2.8612993,2.7781,2.7472892,3.3283596,3.826178,3.9468622,3.991627,4.0478115,3.8259926,3.5236444,3.04919,2.0026667,1.1444478,0.6227671,0.40777633,0.46456555,0.59505814,0.5398662,0.44352028,0.16877346,0.06801526,-0.18423408,-0.3705663,-0.4804609,-0.5141499,-0.54004514,-0.72546256,-0.8089601,-0.89074457,-0.9637096,-1.0188737,-1.0275198,-0.9642339,-1.0477054,-1.2382045,-1.565481,-1.7639408,-1.7935917,-1.7308719,-1.8371861,-1.7614567,-1.8278304,-2.5208507,-2.520759,-2.5207458,-2.520753
-5.8053384,-5.7093477,-5.549959,-5.500262,-5.4747534,-5.480754,-5.463135,-5.4691076,-5.029365,-4.9751587,-4.9688916,-4.874619,-4.5437117,-4.5445995,-4.7500224,-4.9578547,-5.3067107,-5.4279284,-5.3343735,-5.389129,-5.6742954,-5.4023457,-5.3670683,-5.4377546,-5.341774,-4.9178276,-4.1674023,-3.6886265,-3.7168717,-3.7195923,-3.823051,-4.2902884,-4.4291553,-4.389276,-4.348223,-4.3162026,-4.518155,-5.1195917,-5.2989798,-5.372963,-5.3600807,-5.294676,-5.173486,-5.0391316,-4.7850256,-4.3519535,-4.104352,-4.1151104,-4.27355,-4.427484,-4.5423956,-4.6181374,-4.7006435,-4.783559,-4.763597,-4.564272,-4.748086,-5.5120635,-5.6126375,-5.8886175,-5.7506733,-5.9498277,-5.950144,-5.8843017,-5.6837187,-5.4005957,-5.05907,-4.5185833,-4.005271,-3.603195,-3.2303977,-3.1429844,-3.150106,-3.151434,-3.149252,-3.097117,-2.992434,-2.8920813,-2.8051178,-3.0591266,-3.4643624,-3.5161905,-3.7132235,-4.0293837,-4.0627723,-3.4384277,-2.6874065,-2.5914392,-2.8522162,-2.8531177,-2.5961459,-2.5672174,-2.923183,-3.1527524,-3.3773956,-3.5774374,-3.798388,-3.9562945,-4.0694003,-3.6157446,-3.2884946,-3.6219258,-3.9015343,-3.6682425,-3.687973,-3.851181,-4.150682,-4.454742,-4.44553,-4.1605635,-3.8347707,-3.4694881,-3.8009205,-4.197827,-4.3469095,-3.7197566,-3.440894,-3.5227625,-3.7693255,-3.9421,-4.0404625,-4.0465956,-4.028047,-4.061584,-4.037696,-4.051443,-4.1413617,-4.077872,-3.9839313,-3.795316,-4.354211,-5.1601686,-5.121686,-5.0259495,-4.695108,-4.0336556,-3.179144,-2.627698,-2.529725,-2.3162835,-1.909023,-1.806834,-2.1450527,-2.515451,-2.7576642,-3.5608954,-4.45432,-4.8074236,-4.9744587,-5.0927587,-5.084649,-4.6037107,-4.1791425,-3.8705664,-3.3866558,-3.3390775,-4.1157055,-4.6080475,-4.832005,-4.910865,-5.005002,-5.0545206,-5.046691,-4.9977217,-4.973659,-5.07956,-5.502564,-6.2275224,-6.1489716,-5.6826334,-5.175726,-4.4729776,-4.1188,-3.9041154,-3.7750826,-3.757785,-3.8225918,-4.1692505,-4.4228396,-4.6401844,-4.28424,-3.6103308,-3.1736305,-3.5084994,-3.988459,-4.566886,-4.960476,-5.081496,-5.20378,-5.218781,-5.178434,-5.095368,-5.075698,-5.1314106,-5.126151,-5.124482,-5.171795,-5.2348757,-5.3049374,-5.33193,-5.3098407,-5.210663,-5.190608,-5.175817,-5.0788517,-5.030759,-5.037477,-5.064452,-5.0397587,-5.138987,-5.091447,-4.489356,-4.4883833,-4.4884043,-4.488386
