0,1,2,3,4,5,6,7,8,9,10,11,12,13,14,15,16,17,18,19,20,21,22,23,24,25,26,27,28,29,30,31,32,33,34,35,36,37,38,39,40,41,42,43,44,45,46,47,48,49,50,51,52,53,54,55,56,57,58,59,60,61,62,63,64,65,66,67,68,69,70,71,72,73,74,75,76,77,78,79,80,81,82,83,84,85,86,87,88,89,90,91,92,93,94,95,96,97,98,99,100,101,102,103,104,105,106,107,108,109,110,111,112,113,114,115,116,117,118,119,120,121,122,123,124,125,126,127,128,129,130,131,132,133,134,135,136,137,138,139,140,141,142,143,144,145,146,147,148,149,150,151,152,153,154,155,156,157,158,159,160,161,162,163,164,165,166,167,168,169,170,171,172,173,174,175,176,177,178,179,180,181,182,183
12.090935,9.196881,12.067506,12.005072,11.141529,10.593312,10.4503355,10.315949,9.956808,9.417652,8.573743,7.0690393,5.1352816,2.928265,2.5339634,1.6365896,0.9773128,0.44961393,0.030844837,-0.08052637,-0.2276108,-0.30743182,-0.6043031,-0.5601252,-0.3523803,-0.27301118,-0.4967448,-0.49555245,-0.47948152,-0.32359785,-0.18032806,0.05821751,0.31589228,0.6805804,1.018503,1.5747968,1.9528679,2.0424428,1.6141226,0.77202404,0.18447256,-0.1653424,-0.19967693,0.05293941,0.21140215,0.070954695,0.020061895,0.033448204,0.007666439,-0.077763975,-0.16637966,-0.22331336,-0.22615752,-0.12864283,-0.037532866,0.10504185,0.21603653,0.5171498,1.6148188,3.9658172,5.5605693,6.6383486,6.7190804,7.356044,8.323845,8.642024,9.526861,9.972067,10.017004,10.103282,9.992159,9.9704685,10.198308,10.194073,10.22605,10.299772,10.272032,9.403996,7.896675,6.354417,4.526368,4.321249,4.3052177,4.0004377,3.2851453,2.9352393,2.570105,2.5452087,2.7985816,3.1775894,3.2732656,3.5980117,3.8809125,3.8492231,3.8942695,3.8955588,3.5327678,2.7597973,1.6437011,0.851856,0.9383283,1.9150414,2.4696689,2.8435333,2.420598,1.4470005,0.45530468,-0.40230846,-0.66345876,-0.6391739,-0.3882574,-0.23878752,0.22988799,0.75076216,1.394919,2.5261781,3.2497005,3.8367014,3.1445112,2.198573,2.1278,1.5490642,0.9011798,-0.40798217,-1.0995588,-1.0786227,-1.0431435,-1.268422,-0.8955581,-0.24355473,0.33861786,0.3339184,-0.31957173,-0.9700908,-1.4606581,-1.3252325,-1.2296531,-1.2528298,-1.1792227,-1.1031685,-1.0120301,-0.8959259,-0.7607757,-0.5482971,-0.30902773,-0.044816196,0.11116153,0.10656427,0.059179723,0.017747581,-0.045548975,-0.05671023,-0.018536985,0.019300073,0.0811058,0.16414952,0.268063,0.27593622,0.24247092,0.1971691,0.2024646,0.0904855,0.06168896,0.25399292,0.62113947,1.1761003,2.3691683,2.8113482,3.275134,3.4674587,3.4890685,3.8482285,4.577578,5.246729,5.570493,5.922059,6.7077885,7.4587936,8.0420265,8.785284,9.147943,8.953087,8.952786,8.952795
-1.6275568,-1.128396,-1.6609519,-1.6361413,-1.5976197,-1.5639586,-1.5332718,-1.4830241,-1.6383611,-1.6783628,-1.77509,-1.904027,-2.0160446,-2.059166,-1.9676697,-1.5265613,-1.0815837,-0.639544,-0.50453806,-0.4625548,-0.36788315,-0.3507664,-0.4414058,-0.9565996,-1.354285,-1.7219794,-1.8955215,-1.9583949,-1.8759992,-1.8559543,-1.8406532,-1.7612917,-1.67005,-1.6372526,-1.6710105,-1.7767239,-1.7806281,-1.7946858,-1.8722044,-1.9512247,-2.1169333,-2.3458662,-2.4868426,-2.4159036,-2.3145409,-2.2746787,-2.2478383,-2.202079,-2.2903152,-2.3483024,-2.2921686,-2.2963061,-2.3395457,-2.3907995,-2.3888729,-2.2316828,-1.9939723,-1.8633375,-2.8093157,-3.446158,-3.3089435,-3.229324,-3.2052636,-3.3342252,-3.3668618,-3.4011102,-3.3726182,-3.3153262,-3.26831,-3.1570363,-3.0992193,-2.935801,-2.85947,-2.850172,-2.7605896,-2.7382135,-2.634315,-2.6314692,-2.987393,-3.2898307,-3.5420754,-3.585352,-3.5376039,-3.3560023,-2.6336112,-2.0796146,-1.3590207,-1.2406343,-1.3941925,-1.6332438,-1.7563444,-1.9045335,-2.1435933,-2.446265,-2.8153946,-3.0737357,-3.2705817,-3.477362,-3.5649605,-3.2375414,-2.979266,-2.8096488,-2.382018,-2.1319962,-2.1037831,-2.2204561,-2.44477,-2.9738069,-3.2323346,-3.140272,-3.045846,-3.0240335,-2.993544,-3.052465,-3.4237385,-3.859595,-3.736635,-3.6433353,-3.510096,-3.5380363,-3.6247468,-3.6593351,-3.62211,-3.5717077,-3.5749621,-3.4779162,-3.3188622,-2.4060478,-1.3380687,-0.5669496,-0.03696984,0.38660812,0.1580793,-0.20123833,-0.71476823,-1.6321088,-1.8396425,-1.8441348,-1.8648971,-1.8998216,-1.947084,-1.9979013,-2.0387197,-2.120924,-2.2595947,-2.4607344,-2.7117565,-2.8975446,-2.984786,-3.039731,-2.9826727,-2.8651981,-2.729387,-2.405274,-2.1895425,-2.0363667,-1.8646269,-1.7207305,-1.5402584,-1.4039736,-1.4312813,-1.414668,-1.1679296,-0.79192764,-0.29554912,0.27058953,0.95044374,1.1177739,1.0331428,0.91719866,0.8484101,0.6041478,0.5550342,0.51793694,0.4625804,0.24343453,-0.009303302,-0.2848605,-0.598132,-1.0420375,-1.1134129,-1.0948356,-1.0944576,-1.0944996
-1.4774165,-0.49705952,-1.8602954,-2.4902544,-3.4237213,-3.5418372,-3.5239062,-3.4928536,-3.4583998,-3.3007312,-3.0709248,-2.7295299,-2.510919,-2.1776915,-2.137248,-2.0754561,-2.100478,-2.1643324,-2.2284684,-2.2532086,-2.2652428,-2.2539673,-2.1872785,-1.6049459,-1.3649828,-1.3921692,-1.7118065,-1.8316271,-1.834425,-1.7763431,-1.8057921,-1.7396432,-1.5744317,-1.2197021,-0.80919814,-0.3329878,-0.13171911,-0.06086438,-0.11887473,-0.26245287,-0.5019563,-0.7750002,-1.0717968,-1.3654828,-1.6169267,-1.7993798,-1.8756847,-1.8252887,-1.7659206,-1.7301753,-1.6872698,-1.6809771,-1.6968606,-1.6337012,-1.6166794,-1.6529994,-1.6984954,-1.5478151,-1.1464132,-1.1124007,-1.3922439,-1.599747,-1.7631276,-1.7478311,-1.9629736,-2.108339,-1.812994,-1.4528031,-1.2590072,-1.0180154,-0.96096396,-0.9261223,-0.89790577,-0.87674797,-0.56059486,-0.30538782,-0.1816653,-0.11373787,0.0019826293,0.14271557,0.43281105,0.45849067,0.50155413,0.17139366,-0.7073948,-1.1706271,-1.379111,-1.2841775,-1.1347342,-1.0397973,-0.9461131,-0.872767,-0.772918,-0.80847234,-0.9443982,-1.0748825,-1.2890002,-1.7879725,-2.491075,-2.9459991,-2.9548135,-2.2271867,-1.4169652,-0.6938411,-0.3349014,-0.35185495,-0.84305745,-1.2896824,-1.8434639,-2.7483337,-3.174197,-3.316752,-3.4714234,-3.602041,-3.4389591,-2.921128,-2.0632806,-1.3127576,-0.9366906,-0.77981603,-0.8139927,-0.74846613,-0.8415121,-0.93287987,-1.2550399,-2.0337462,-3.035008,-3.8105268,-4.059289,-3.883386,-3.5236428,-3.1666882,-2.7512994,-2.5812402,-2.6947844,-2.9123738,-3.1918688,-3.309832,-3.3109598,-3.2866058,-3.2455053,-3.2019358,-3.0910916,-2.8290524,-2.5165367,-2.2259078,-2.1049454,-2.1428387,-2.2216945,-2.331626,-2.5469878,-2.7099938,-2.8183432,-2.9074535,-2.8944635,-2.867703,-2.8636456,-2.8716798,-2.938528,-3.0948355,-3.305584,-3.5420697,-3.8383129,-3.8626485,-3.7127962,-3.5862923,-3.3143833,-3.1544306,-2.9754713,-2.9219759,-3.0654294,-3.0595956,-2.885875,-2.8843746,-2.953515,-2.955112,-2.8529758,-2.7000885,-2.6776624,-2.622332,-2.5558958,-0.5243332,-0.5240577,-0.52413744
-1.6261973,0.98511744,-1.7905209,-1.8246778,-1.9300201,-1.9994421,-1.9682865,-2.0800614,-2.2154617,-2.0712733,-1.7618821,-1.6945251,-1.8876119,-1.9591968,-1.7834351,-1.5429046,-1.2632275,-1.1723607,-1.1729193,-1.1196039,-0.9872046,-0.89678144,-0.69267195,-0.8237687,-1.1087534,-1.521215,-1.8233731,-1.9913242,-2.0355482,-2.0479312,-2.054147,-1.9440153,-1.7013366,-1.3182781,-1.0813785,-0.81934536,-0.59006536,-0.3718755,-0.30896673,-0.3463397,-0.3864559,-0.40420213,-0.2774847,-0.103550196,-0.29561034,-0.5341587,-0.97420454,-1.2327245,-1.4021215,-1.4575086,-1.4858882,-1.5892006,-1.6840444,-1.8503146,-1.9361866,-1.8863516,-1.6567233,-1.1943203,-0.8849331,-0.67592436,-0.5282013,-0.53210455,-0.6146479,-0.8489793,-1.0253888,-1.0572555,-1.003433,-1.1196275,-1.1083032,-1.1701757,-1.2772136,-1.0709459,-0.9088212,-0.85101265,-0.6384429,-0.5202929,-0.5226886,-0.5741413,-0.6766786,-0.72036207,-0.72228026,-0.788619,-0.7069626,-0.54053307,-0.3298198,-0.4029532,-0.37971666,-0.2177608,-0.11529878,-0.11534992,-0.21996,-0.33220157,-0.51240754,-0.7187246,-0.7602947,-0.69496965,-0.6708759,-1.0402534,-1.5933429,-1.3379049,-0.57313514,0.9268193,2.1118999,2.6355164,3.0279408,3.3500419,3.7376738,3.3633945,2.7732196,1.2847499,0.2518683,-0.27218518,-0.90074944,-1.5053954,-2.0040963,-2.3953545,-2.3997495,-2.4376955,-2.7533014,-3.0331824,-3.1285496,-3.042797,-2.7519054,-1.9658575,-1.2003781,-0.9779848,-1.4472976,-1.486793,-0.7777819,0.62166876,1.5289298,2.1193488,2.114803,2.1055198,2.2701578,1.4593775,0.16321836,-0.39927647,-0.7666527,-0.9433995,-1.0427678,-1.0922803,-1.0369487,-0.76834744,-0.42233783,-0.21960256,-0.3766513,-0.5780055,-0.6988261,-0.92239296,-1.1811796,-1.4004645,-1.6135888,-1.7607032,-1.8347508,-1.8720787,-1.8535329,-1.7953385,-1.5589664,-1.3370094,-1.0983822,-0.9068098,-0.72767127,-0.40745234,0.32473284,1.1474743,1.870852,1.9821973,1.7593808,1.3627315,1.1350639,1.0785068,1.3223054,1.6364102,1.805163,1.7255385,1.6225477,1.6437426,1.486157,1.1011461,1.112894,1.1196431,1.1196134,1.1196399
2.057282,1.1963018,1.8029149,1.4561536,1.1623558,1.101129,1.0720031,0.9154152,0.5708643,0.36936057,0.33286,0.48356622,0.7112095,0.9440338,1.031282,0.93376446,0.5852548,0.40111896,0.36292434,0.2893565,0.21878645,-0.10472544,-0.58461356,-1.1662549,-1.5287894,-1.4392433,-0.90861344,-0.372879,-0.04421252,0.13205221,0.3568357,0.4418419,0.47816977,0.348762,0.14299947,-0.123749256,-0.18559569,-0.09966618,0.45073566,1.1714342,2.249961,3.57789,5.5003724,7.2046423,8.75812,9.414839,9.960399,10.182119,10.281719,10.2951975,10.394081,10.544132,10.585346,10.712828,10.812722,10.857885,10.685322,10.102095,8.342346,5.2056475,2.5213923,1.4465923,1.7360487,1.9013971,1.8610935,1.8307203,0.62592787,-0.014849991,-0.34035778,-0.5044371,-0.44846284,-0.69625115,-0.7705722,-0.8084901,-1.0102087,-0.9783152,-0.9303529,-0.89543986,-0.81569135,-0.8127769,-0.6263771,-0.4891716,-0.57537675,-0.42496094,-0.06365737,0.032637328,-0.34132695,-0.7065037,-0.7778869,-0.78913736,-0.7871139,-0.78561157,-0.73312783,-0.61987567,-0.53930795,-0.45153058,-0.22895637,0.47350538,1.5542636,1.8615596,1.1793776,-0.41790286,-1.3074887,-1.6095635,-1.4482201,-1.299516,-0.7523627,0.48625812,1.872751,2.908844,3.1821136,3.1926975,2.9602504,2.3702135,1.5207264,-0.28376576,-1.3760549,-1.5600834,-1.4061904,-1.3060479,-1.3042371,-1.7182736,-1.7117878,-1.3344821,-0.6357672,0.51449895,1.8955241,2.9284155,2.640375,1.098546,-0.04237,-0.2488971,0.053003073,0.5988354,1.5910354,3.0927644,3.908433,3.933436,3.876148,3.8019636,3.7452078,3.6688695,3.4681387,2.9345841,2.272345,1.4834805,0.91826797,0.59787315,0.5222281,0.4791023,0.4592116,0.48066008,0.47252673,0.41886085,0.22076267,0.08123256,0.00445503,-0.05328569,-0.0801003,-0.19340616,0.13772327,0.66802514,1.3178185,1.2778375,0.54061687,-0.4412372,-1.4202633,-1.4179643,-1.1179148,-0.8323288,-0.52269137,-0.4378224,-0.39588505,-0.03309554,0.16311389,0.40002078,0.4625411,0.39888448,0.4353923,0.4383136,0.41614726,1.1228671,1.1223725,1.1224505
-1.1769884,-0.66421175,-1.5858868,-2.2309828,-2.6284134,-2.537596,-2.5239627,-2.6374226,-2.5372896,-2.1476526,-1.7040706,-1.5517422,-1.5350251,-1.4663165,-1.6313678,-1.8575207,-1.6194199,-1.1934617,-0.946891,-0.87111473,-0.72181106,-0.47980797,0.023654789,0.26984316,0.44952932,0.6510703,1.0798745,1.1172409,1.110439,0.9651822,0.8982195,0.90441656,0.8262578,0.55945855,0.290915,-0.054687887,-0.21346466,-0.19636253,-0.08034402,-0.03466496,-0.16972592,-0.39485475,-0.69801533,-1.055007,-1.3999043,-1.4703903,-1.4228957,-1.3672607,-1.2381948,-1.0136204,-0.7898737,-0.59918666,-0.55365944,-0.40185124,0.0037739575,0.52787983,0.8532195,0.33099633,-0.83307874,-1.6596882,-2.537582,-3.0751505,-2.991234,-3.205502,-3.3025305,-3.3057237,-3.0419822,-2.7181923,-2.3815346,-1.6803719,-1.5454223,-1.2522552,-1.328129,-1.207129,-0.9039275,-0.8968692,-0.678593,-0.17030695,0.3080772,0.794193,1.2946,1.5750985,1.6647589,1.9753534,3.2682803,4.418662,6.7634954,7.883521,8.203156,8.466476,8.504131,8.491348,8.525384,8.543235,8.703151,8.780912,8.675014,8.117246,6.8653483,5.320235,4.3093076,3.429243,2.79011,1.7256584,0.9976768,1.003331,0.73796487,-0.07000023,-0.8344429,-1.0144031,-1.000042,-0.9483714,-1.0053866,-0.9444781,-1.1041028,-1.7399015,-2.3960752,-2.4921134,-1.8284643,-1.0081921,-0.67292345,1.553729,4.091259,6.1693163,6.972073,7.0026946,6.2786946,4.3009357,2.3625512,1.9316865,1.5258943,1.1227423,0.7749869,0.5045581,0.55589306,0.22580776,1.0179029,1.9112518,2.6374254,3.2681074,3.7563405,4.2111783,5.0356884,6.139959,6.7696185,7.0655966,7.0639987,6.8632536,6.697426,6.464624,5.957656,5.497327,5.047083,4.183404,3.3848743,2.748384,2.1653757,1.6369891,1.2082129,1.063068,1.0150539,0.6836801,0.29735973,0.1595783,0.035549432,0.056028187,-0.16630542,-0.29250008,-0.58058244,-0.7515342,-0.78736854,-0.730556,-0.7628457,-0.71733975,-0.6187561,-0.66511893,-0.6990901,-0.80854774,-1.0104314,-1.4460068,-1.6131752,-0.61025715,-0.60996354,-0.61003315
-2.7752085,-2.434645,-2.6094158,-2.4116223,-2.075028,-1.9161755,-1.8933742,-1.8535687,-1.700392,-1.5600882,-1.7663668,-2.2036242,-2.4850469,-2.62363,-2.7699332,-2.6862736,-2.129099,-1.0457423,-0.41626936,-0.14169745,0.15800004,0.69895613,1.051208,0.6876576,0.7689095,1.0585101,1.5510664,1.6557283,1.6245246,1.5111816,1.5545287,1.5495479,1.418142,1.0442575,0.5977445,-0.114163786,-0.72622126,-1.3337302,-1.8135186,-1.8447213,-1.8027686,-1.8204628,-1.9677501,-2.0306585,-1.9521041,-1.8478067,-1.7677329,-1.808854,-1.837023,-1.8630433,-1.8550537,-1.7976315,-1.7339207,-1.6359608,-1.5751972,-1.5624168,-1.7399464,-1.9821109,-2.1893525,-1.8018765,-1.6510832,-1.8509805,-2.0034814,-2.0927842,-2.087835,-2.053959,-2.1732666,-2.2401407,-2.258192,-2.1623857,-2.095735,-2.0749412,-2.049086,-2.1044128,-2.0342038,-2.1878881,-2.3299098,-2.507801,-2.5089803,-2.2582066,-1.8898758,-1.8250716,-1.7162461,-1.3236867,-0.77437246,-0.51406395,-0.3887853,-0.37383443,-0.3691969,-0.38903752,-0.40367144,-0.43872204,-0.5189937,-0.5866431,-0.7930106,-0.9484016,-0.96663153,-0.7992296,-0.5492821,-0.55129105,-1.0115509,-1.5186707,-1.7090828,-1.9825739,-2.041809,-1.7384672,-1.3020816,-1.0485613,-0.89686,-0.7118964,-0.7062437,-0.72369945,-0.6665655,-0.66774577,-0.96453965,-1.2449553,-1.386462,-1.935196,-2.0273173,-1.8234046,-1.6646545,-1.1051369,-0.5485191,-0.22103351,-0.28650787,-0.33750513,-0.009682268,0.12100832,-0.14811409,-0.651563,-0.9176635,-1.1226971,-1.4505463,-1.638641,-1.6347096,-1.2138697,-0.636358,-0.5625506,-0.6083685,-0.6410576,-0.72401905,-0.83582646,-1.0270741,-1.3000944,-1.452502,-1.6027434,-1.6756128,-1.666507,-1.5658586,-1.4596123,-1.267654,-1.107171,-0.96283114,-0.72508943,-0.57361174,-0.5005102,-0.4186352,-0.33700705,-0.32945076,-0.3229056,-0.2688796,-0.16010076,-0.016774386,-0.074952304,-0.28946307,-0.53853476,-0.8317425,-1.0553523,-1.4053051,-1.577861,-1.5919013,-1.5372021,-1.4631331,-1.4540911,-1.4123704,-1.479621,-1.6883297,-1.8811915,-2.0466263,-2.1401432,-2.121507,-2.3636048,-2.363185,-2.3632197
-1.1978922,3.6366873,-1.653328,-1.4136537,-1.4566354,-1.7117298,-1.7747386,-1.9554119,-2.3322635,-2.6590989,-2.6633108,-2.96073,-3.2033117,-3.3447225,-3.0146737,-2.2583156,-1.3402865,-0.6555579,-0.25407597,0.06780369,0.5067737,0.9874433,1.8999146,1.616932,0.81112456,0.24787763,-0.095697954,-0.25626448,-0.2439031,-0.22709489,-0.23993096,-0.1813913,-0.065474175,0.08234505,0.03255813,0.04124154,0.17184386,0.31640172,0.40358126,0.5253221,0.550237,0.40463102,0.21807157,0.055422843,-0.21667057,-0.28679675,-0.31892148,-0.2799862,-0.25123864,-0.16127217,-0.038334906,0.024618804,0.03775072,0.04741299,0.3730044,0.9145706,1.757754,2.3353915,1.9804881,1.7202702,1.7141646,1.2012342,1.1409177,0.8135377,0.3891032,0.28612202,-0.6175604,-1.0185136,-1.188043,-1.5478293,-1.5643258,-1.6055837,-1.5481378,-1.5800657,-1.7424812,-1.7679391,-1.6488122,-1.6542141,-1.8324456,-2.0271273,-2.2274327,-2.2697656,-2.3164473,-2.284603,-1.7686768,-1.4411061,-1.0387672,-0.8670392,-0.89019084,-0.94772154,-1.046075,-1.2787457,-1.5042028,-1.6940393,-1.6442366,-1.4924951,-1.3100584,-1.3180429,-1.5947669,-1.2431327,-0.61157554,-0.4602095,-0.1258494,0.08224659,0.032728292,-0.013774931,-0.11274153,-0.7039561,-0.961971,-0.5948009,-0.24808487,-0.03242916,0.32819888,0.69351274,0.53982526,-0.15156186,-0.5721211,-0.8189273,-0.84686273,-0.9434991,-1.0359378,-0.86772025,-0.7066505,-0.4001079,0.13110141,0.68003666,0.9333157,1.8892653,4.0661397,6.2262373,7.387494,7.8014555,7.810654,7.714527,7.3069315,6.1444807,4.4236817,3.556973,2.9103541,2.480737,2.2209525,2.0354612,1.8877982,1.7464503,1.6720256,1.6041723,1.3382099,1.1059575,0.96481115,0.8467907,0.80367607,0.7906521,0.7257989,0.8049537,0.9155521,0.98629504,1.0791695,1.2259669,1.706609,2.2038257,2.8003836,3.3146546,3.9631476,4.660159,5.756494,6.729231,7.581753,7.803547,7.798703,7.6767206,7.555235,7.372324,7.4150434,7.248579,7.225499,7.019766,6.8492217,6.61332,6.2714367,5.639811,5.433098,3.6767683,3.6760778,3.676227
-0.2592436,-2.7994862,0.1313697,0.24616507,1.0935856,1.9403266,2.2654922,2.8049562,3.8729277,5.5092936,6.8596735,7.882121,8.441647,8.714963,8.854034,9.325432,9.701966,9.884129,9.956362,9.951302,9.878844,9.633507,8.910253,7.0939245,5.2267575,4.027074,3.4680266,2.7917316,2.4549322,2.1054606,1.6392007,1.2873378,0.77935785,0.05808729,-0.52457243,-1.2434263,-1.7814038,-2.268136,-2.5886211,-2.6089983,-2.551308,-2.4437356,-2.3339138,-2.0926943,-1.7367042,-1.5206089,-1.452043,-1.5557392,-1.652288,-1.7195505,-1.8286526,-1.8767005,-1.8267137,-1.8695307,-1.9047651,-1.9589069,-2.0937476,-2.2066936,-1.9485507,-1.5412624,-1.3086799,-1.365057,-1.2975504,-1.1685795,-1.1830518,-1.2464801,-1.9117279,-2.144844,-2.2174783,-2.21046,-2.1378174,-2.1861396,-2.2772713,-2.4075124,-2.5522351,-2.4016542,-2.085388,-2.0666485,-2.241496,-2.393311,-2.5767462,-2.7713242,-2.8649516,-2.8698943,-2.4788384,-2.2336597,-2.0908089,-2.0582395,-2.0668526,-1.9681444,-2.027204,-2.0929534,-2.1270688,-2.165435,-2.1315079,-2.0586858,-1.7862272,-0.9723846,0.12834294,0.5240688,0.28345618,-0.8617469,-1.700176,-2.1481466,-2.1637235,-2.005927,-1.445785,-0.609262,0.3390664,1.3444536,1.6688997,1.7273706,1.764106,1.7708106,1.4589324,0.5959577,-0.3224657,-1.1905086,-1.4247673,-1.4276992,-1.3716233,-1.4673367,-1.6058375,-1.5410883,-1.143657,-0.1837367,1.5472873,3.17432,3.4310942,2.5042732,1.4441755,0.696819,0.2004738,0.11928493,0.22458133,0.87270224,1.4483359,1.5542141,1.548164,1.492099,1.4334829,1.3858433,1.1893079,0.67579806,0.07225564,-0.34506905,-0.28021184,0.1602914,0.573533,1.207118,2.3593946,3.198937,3.8557198,4.469858,4.717523,4.8348494,4.912818,4.963003,4.9470806,4.9061594,4.625907,4.1894474,3.2932703,2.7683287,2.2977262,1.8050654,1.1503046,0.771131,0.6327484,0.8634379,1.2049252,1.1312476,0.73219776,0.46359244,0.30730927,0.17887077,-0.24499226,-0.77415156,-1.145946,-1.4605944,-1.642415,-2.8483186,-2.8481965,-2.8481603
-2.6419294,-2.030756,-2.6350465,-2.695406,-2.8761005,-2.8697672,-2.8425446,-2.8136191,-2.8251846,-2.6789284,-2.6328857,-2.8704984,-2.9452658,-2.9570532,-3.0485418,-3.2439294,-3.3689966,-3.2692127,-3.1233845,-3.1478748,-3.1998384,-3.3804545,-3.5538957,-3.8864381,-3.8663363,-3.6297274,-3.1935828,-2.688809,-2.3755603,-2.2180588,-1.9849429,-1.8226392,-1.676961,-1.6193289,-1.5340389,-1.5280889,-1.510938,-1.3980398,-1.1182823,-0.92955124,-0.7651446,-0.55204594,-0.08973952,0.46423703,0.94440746,1.1229105,1.2428373,1.1453111,1.0584619,1.0005273,0.94495827,0.88198674,0.7719562,0.73022264,0.6151046,0.54039127,0.68759173,0.46299386,-0.45679268,-2.1325846,-2.602599,-2.5533047,-2.4297795,-2.4016023,-1.9983197,-1.8714864,-1.3622171,-1.25426,-1.2054768,-1.0583858,-0.9973981,-1.0274248,-1.206756,-1.1436505,-1.1550047,-1.2135342,-1.0936975,-0.7105699,-0.3351897,-0.074882835,0.044009864,-0.036950916,-0.17254558,0.012596637,0.40861344,0.569955,0.3130144,-0.19547945,-0.5168735,-0.931738,-0.9464978,-0.96465605,-1.1185204,-1.3201388,-1.7172369,-1.9830344,-2.2283752,-2.1888804,-1.3429015,-0.7211178,-1.2824318,-2.5118546,-3.0220609,-3.123324,-2.9667773,-2.6766913,-2.2691386,-1.631569,-0.95758873,-0.54406404,-0.56454605,-0.7002138,-1.1467655,-1.7946471,-2.5405433,-3.6209226,-3.992025,-3.6838021,-3.2770972,-3.0039182,-3.0819213,-3.1688347,-3.0547051,-2.9586973,-2.9175458,-2.9232967,-2.5844948,-1.7637188,-1.7394733,-2.8484807,-3.3902802,-3.0298321,-2.512345,-2.1783261,-1.5494843,-0.1401511,1.0017806,1.1321663,1.0752828,0.9890893,0.86472154,0.70878243,0.42823926,-0.1239174,-0.58168066,-1.0569386,-1.4405748,-1.7852286,-1.9645625,-2.1499336,-2.3856006,-2.4608226,-2.5188737,-2.576681,-2.7276924,-2.863522,-2.9625912,-3.0326545,-3.1817026,-3.2910411,-3.2559998,-3.0166378,-2.477973,-2.4294777,-2.8124602,-3.1385095,-3.1538806,-2.7280335,-2.3921201,-2.1735373,-2.3080938,-2.3919606,-2.2004762,-1.9501487,-1.9651163,-1.9035882,-1.8448937,-1.6698756,-1.4490333,-1.2005391,-1.1118615,-2.0580893,-2.0589375,-2.0588117
-3.2275517,-1.2473199,-3.285118,-3.1310937,-3.3627102,-3.472886,-3.5089526,-3.4763198,-3.2321708,-3.0206132,-2.8408055,-2.6685266,-2.4475598,-2.1520374,-1.9581352,-1.5160843,-1.3799992,-1.5784931,-1.6204746,-1.498425,-1.2992427,-0.86767226,0.71101344,2.537703,2.7907252,2.2615395,1.7336521,1.4932194,1.5370934,1.607502,1.577581,1.8255098,2.3074102,3.03894,3.5676389,4.149698,4.4523277,4.5895557,4.2607026,3.5963695,2.9262476,2.3374548,1.6803408,0.8816027,0.0036060214,-0.49890777,-1.0509431,-1.3133354,-1.3994285,-1.4264368,-1.4677196,-1.5505744,-1.6086245,-1.7076939,-1.855042,-1.9787807,-1.8912009,-1.4363743,-0.680459,-0.72301793,-0.71057856,-1.0834247,-1.4072156,-1.7195199,-2.0084956,-2.1727774,-2.6445796,-2.9330044,-3.0151072,-3.196501,-3.1135395,-3.2405653,-3.2457948,-3.2369592,-3.0473092,-2.8332574,-2.727458,-2.556246,-2.4315913,-2.2522445,-1.9326956,-1.8514138,-1.7519302,-1.676064,-1.8145015,-1.9550622,-1.6481249,-1.257082,-1.1692666,-1.1754273,-1.1385512,-1.1821269,-1.1605153,-1.1142824,-1.1467049,-1.234173,-1.3302548,-1.5272381,-1.4361072,0.2933995,2.974628,5.708066,6.47097,6.760274,6.836624,6.7669506,6.3700438,5.6346664,4.362001,2.2497175,1.1218143,0.6574388,-0.07330487,-0.8083221,-1.1889509,-1.8842475,-2.1643207,-1.8760558,-1.7647073,-1.6006761,-1.6476383,-1.5371628,-1.4914421,-1.3398504,-1.3234494,-1.710739,-2.4662786,-2.6334774,-2.205051,-1.3366778,-0.90014255,-0.6079797,-0.58765984,-0.77992666,-1.1871188,-2.1367197,-2.6535673,-2.6493552,-2.5835843,-2.456186,-2.3424144,-2.2319145,-1.9772046,-1.4515944,-0.9766035,-0.6438306,-0.5845163,-0.7223034,-0.8493471,-1.0255861,-1.3122609,-1.5137508,-1.6750038,-1.8014829,-1.8279805,-1.8775202,-1.9402175,-1.98792,-2.0724416,-2.0877342,-2.3634498,-2.5794997,-2.6110144,-2.3012438,-1.6476197,-1.0800979,-0.67716706,-0.574661,-0.70073026,-1.0160488,-1.4768249,-1.5785844,-1.5129839,-1.6589328,-1.7241343,-1.8655767,-1.963535,-1.9479756,-2.0054789,-2.0402586,-2.0412805,-1.0895708,-1.089159,-1.0892017
-3.6102674,-4.289094,-3.3497303,-3.2481916,-2.764469,-2.5381393,-2.4633546,-2.4568357,-2.4954853,-2.5841293,-2.8680944,-2.9224212,-2.8920975,-2.6631403,-2.731127,-2.7641535,-2.68717,-2.4113011,-2.2137022,-2.2389016,-2.3131685,-2.3642828,-2.805377,-3.0722299,-2.697221,-1.9953022,-0.98969257,-0.24070767,-0.0025675148,0.037136633,0.20569372,0.15810898,-0.04280415,-0.51780957,-0.88192785,-1.4847465,-1.862319,-2.2124937,-2.4797273,-2.4593852,-2.247158,-2.002326,-1.638659,-1.1755834,-0.8912409,-0.8607261,-0.9253871,-1.0042417,-1.0804961,-1.1294262,-1.1854675,-1.2162538,-1.2138244,-1.2565773,-1.4198608,-1.7143123,-2.2750628,-2.813014,-3.3055212,-3.964701,-4.276431,-4.41936,-4.345815,-4.270582,-4.1554885,-4.0968575,-3.9124422,-3.8709583,-3.7834163,-3.5928974,-3.4822311,-3.4103062,-3.4731271,-3.4876719,-3.2980554,-3.3202033,-3.2160509,-2.7980008,-2.3025067,-1.8244444,-1.335985,-1.2532698,-1.1189085,-0.8479539,-0.4038585,-0.17987064,-0.1415966,-0.30080575,-0.37176064,-0.49853304,-0.49092385,-0.48831958,-0.52953446,-0.54698217,-0.8520198,-1.1435871,-1.3817372,-1.6364937,-1.7051187,-1.8344426,-2.339997,-2.9105377,-3.2717433,-3.544662,-3.4250169,-3.0219436,-2.5032597,-1.9942884,-1.7287619,-1.7227182,-2.0237298,-2.2938952,-2.7626238,-3.243864,-3.8061562,-4.382254,-4.499676,-4.383458,-3.941656,-3.4983485,-3.3734174,-2.9147463,-2.1221633,-1.000454,-0.6083162,-0.85766315,-1.1635923,-1.7420468,-2.477806,-3.5926461,-4.2112894,-4.422592,-4.418558,-4.2516146,-3.7629356,-2.730907,-1.5922182,-1.1902739,-1.0456699,-1.0231652,-1.0848776,-1.1929648,-1.3684361,-1.6389621,-1.8605943,-2.1882472,-2.4088278,-2.5505733,-2.593494,-2.676219,-2.8113904,-2.8774796,-2.891398,-2.8673165,-2.8952885,-2.9410539,-2.9660678,-2.9658122,-2.9663022,-2.9528103,-2.7971196,-2.5878434,-2.552136,-2.8770547,-3.400972,-3.9126854,-4.491141,-4.671356,-4.9069796,-4.9579735,-4.8891473,-4.861453,-4.8093076,-4.8306613,-4.807847,-4.801003,-4.795373,-4.820388,-4.9191008,-5.089074,-5.0982685,-4.271712,-4.270977,-4.2710958
-2.3601453,-2.7517548,-1.8883235,-1.5993688,-1.5906398,-1.630748,-1.686467,-1.6450979,-1.4801171,-1.4439389,-1.5654292,-1.9283428,-2.2332351,-2.477198,-2.6024995,-2.655543,-2.495701,-2.155665,-1.9207443,-1.8774774,-1.8305477,-1.7293116,-1.44931,-1.2945752,-0.94765687,-0.8262817,-0.49616277,-0.17260733,0.02572377,0.108473785,0.29324228,0.47833285,0.63608414,0.60463506,0.48862413,0.25107086,0.110810876,0.02577481,0.07354017,0.11134393,0.28004825,0.47927254,0.66406536,0.9723102,1.2642428,1.4008527,1.4360349,1.3294072,1.2779355,1.2147657,1.1674962,1.1663172,1.134754,1.1207217,0.9437325,0.6603201,0.04654164,-0.91707927,-2.113215,-2.8709772,-2.7525847,-2.7924783,-2.83327,-2.8882258,-2.6353986,-2.5132318,-1.978476,-1.7329915,-1.544882,-1.2134672,-1.036143,-0.8759437,-0.96830946,-0.9357785,-0.59388274,-0.58751297,-0.4173667,0.42985636,1.4543343,2.147022,2.5194204,2.4175475,2.356104,2.5545642,2.9245498,3.040282,2.702553,2.2321289,1.9500171,1.6203701,1.6203835,1.5885184,1.5003688,1.541237,1.2357429,0.92758876,0.78369576,1.1236361,2.0054312,2.7608433,2.6992462,1.5754106,0.47660083,-0.47683847,-0.7661752,-0.53848654,0.14312294,1.1296756,1.9203699,2.0773249,1.8525418,1.6352166,1.2029021,0.60089254,-0.17863359,-1.5669724,-2.5894792,-2.9373872,-2.9462047,-2.669566,-2.5414665,-2.320246,-1.9438876,-1.4468372,-0.7556045,-0.025250465,0.9577405,1.7987112,1.6991374,0.56249905,-0.51078784,-1.1023674,-1.5235587,-1.6722325,-1.3384418,-0.39959157,0.6623665,0.8660949,0.9325081,1.0129135,0.9891664,0.9292632,0.84764004,0.80273736,0.8565023,0.8595527,0.7963784,0.728871,0.727769,0.67769754,0.6191821,0.61236674,0.58193505,0.5629648,0.45345598,0.2760938,0.15719691,0.14192988,0.057167213,0.08287469,0.3307075,0.73727924,1.2783579,1.3813121,1.1195801,0.6533056,-0.06829935,-0.2592814,-0.43294936,-0.40776542,-0.48189747,-0.30055442,-0.29404056,-0.15970457,-0.16846128,-0.112353295,-0.27840137,-0.34089905,-0.4458964,-0.47856355,-0.5022286,-2.7372236,-2.7382374,-2.7380733
-1.0390549,-1.7319255,-1.058737,-1.184774,-1.5123029,-1.4202485,-1.393472,-1.4291196,-1.614916,-1.5992248,-1.6581975,-1.6616021,-1.6934727,-1.6482959,-1.633275,-1.6050452,-1.6808552,-1.7064295,-1.6424936,-1.6831713,-1.7624002,-2.0039935,-2.144856,-2.3957653,-2.668102,-2.5162728,-1.9921501,-1.3999897,-1.1065389,-0.97994024,-0.77790636,-0.7276646,-0.7740905,-1.0180343,-1.1599606,-1.4140745,-1.482059,-1.454119,-1.118141,-0.8257006,-0.47385582,-0.09954034,0.37510476,0.7422906,1.1675702,1.4558644,1.738817,1.8391511,1.9151139,1.9172298,1.9900583,2.1408691,2.1942737,2.3932192,2.3941274,2.299924,1.9862852,1.163348,-0.24979687,-2.0644386,-2.7438767,-2.6552677,-2.3259807,-2.0567052,-1.4324028,-1.3614522,-0.6896734,-0.2536586,0.10862057,0.8876305,1.1140076,1.1932235,0.900469,0.94106466,0.9229052,0.8678359,0.7818367,0.98722804,1.2735901,1.4312449,1.7033705,1.8291885,1.7401893,2.0444818,2.5870457,2.7095327,2.4517834,1.9827652,1.6509278,1.2396753,1.1111403,1.0173589,0.8560636,0.9392433,0.8227918,0.7574736,0.88121665,1.5105743,2.51845,2.721962,2.0244753,0.11393738,-1.1214616,-1.7835978,-1.7173394,-1.3985109,-0.6137526,0.83776474,2.121038,2.8535829,2.8525643,2.6811824,2.2215407,1.4739627,0.5008833,-1.4595509,-2.4406211,-2.3780563,-2.0721393,-1.7277268,-1.7195528,-1.8461521,-1.536772,-0.85899395,0.1316379,1.3095025,2.5291069,3.2290115,2.7864852,0.7952703,-0.85730666,-1.1221389,-0.7379885,-0.1548127,1.026837,2.6357646,3.5545728,3.7622209,3.861939,3.9333653,3.939384,3.9038773,3.8065343,3.4210432,2.8436983,2.0025027,1.3772271,1.0175997,0.9290073,0.85977757,0.79407704,0.78118706,0.76614773,0.724246,0.50805306,0.3016473,0.15471452,0.045275286,-0.04430996,-0.13947463,0.3850522,1.2072912,2.1587715,2.1425862,1.2764357,-0.07585694,-1.50598,-1.7200652,-1.770606,-1.6070594,-1.4368424,-1.3545997,-1.3116152,-1.0341522,-0.89939976,-0.726849,-0.7124238,-0.68372047,-0.6070616,-0.61052096,-0.7022938,-1.8293283,-1.8300033,-1.8299279
-0.694778,0.70501184,-1.1569324,-1.5252285,-1.6261069,-1.4834943,-1.3964918,-1.449716,-1.4014829,-1.2611225,-1.0103862,-0.855059,-0.6189108,-0.41904607,-0.5804534,-0.9848918,-1.1961002,-1.2716287,-1.3154466,-1.4148276,-1.484326,-1.5596511,-1.6752149,-1.4619247,-0.29671428,1.3991147,3.402358,5.0389476,5.6083093,5.8618393,6.262354,6.4586935,6.5259614,6.380419,6.1256943,5.7159834,5.3643293,4.8110986,3.9550076,3.2817204,3.184772,3.4219365,3.4890954,3.2255063,2.4841459,2.013206,1.4084669,1.0883296,1.021803,1.0846076,1.0605371,0.99524385,0.9736512,0.8503271,0.7395692,0.5909514,0.018564582,-0.9912758,-1.789745,-1.7629857,-2.044951,-2.4557414,-2.4893816,-2.4943433,-2.4172325,-2.3320358,-2.1250093,-1.9315403,-1.781274,-1.4426606,-1.4215523,-1.3534769,-1.4909344,-1.4399831,-1.3185275,-1.1313552,-0.5848306,0.3209576,1.2369461,1.9179213,2.4990075,2.7796497,2.8676562,3.0239244,3.5119562,3.8175216,3.6859899,3.1599996,3.028617,3.0930781,3.1556082,3.1557207,3.2710972,3.4126596,3.871492,4.2210126,4.3771157,4.1207576,3.5272593,2.7145486,2.2337956,1.0028013,-0.28389865,-1.4129522,-1.8935494,-1.6682205,-1.1817483,-0.60849285,-0.21475282,0.20518911,0.28171378,0.22368094,-0.06294814,-0.21311216,-0.53872204,-1.309646,-2.267819,-2.7369165,-2.5930061,-2.3204856,-2.232519,-1.5635235,-0.5806765,0.7066457,2.1459227,3.037648,2.9487405,2.2954772,1.5000492,0.828786,0.07843009,-0.5832921,-0.8129598,-0.6642621,0.07489456,1.4837253,2.7173283,3.2296886,3.4713225,3.5558715,3.5787377,3.5787604,3.6062045,3.7067769,3.890412,4.0429487,4.039626,3.813096,3.57471,3.2613144,2.6407273,2.1624117,1.7282947,1.0076324,0.48358968,0.13129877,-0.16358039,-0.42523804,-0.6928252,-0.76086867,-0.49573725,-0.23309791,-0.045270078,-0.16745621,-0.4609877,-0.73123324,-1.3735828,-1.5260633,-1.6386018,-1.5797672,-1.4215759,-1.1855935,-0.95204055,-0.5988636,-0.3515953,-0.1852748,0.03225167,0.14621437,0.12970228,-0.38464552,-0.6006173,0.74041855,0.7406379,0.740593
1.9320382,1.267899,1.8641642,1.678955,1.3195491,1.2334019,1.2682896,1.4263213,1.337627,1.0073371,0.68947005,0.77362823,1.0674416,1.4039145,1.4519509,1.4058636,1.1945719,0.79457855,0.46456346,0.23932494,-0.027812183,-0.46422726,-1.2600216,-1.719975,-1.6602727,-1.2238352,-0.9628973,-1.0223043,-1.1335402,-1.2498193,-1.3706818,-1.548352,-1.7149442,-1.7945323,-1.6890101,-1.3972794,-1.1246104,-0.7407988,-0.3178923,-0.056286633,-0.0276804,-0.17748809,-0.2814582,-0.5006254,-0.62540114,-0.59000033,-0.5231874,-0.44381914,-0.43090546,-0.4793388,-0.40020806,-0.33371258,-0.3057161,-0.2596367,-0.34815216,-0.5405383,-0.9816195,-1.4104224,-1.7633544,-1.4865761,-1.6256154,-1.3615031,-1.426672,-1.2886245,-1.0203466,-0.82707065,-0.39213753,-0.04257478,0.12938653,0.39821684,0.3727848,0.3589915,0.39346728,0.2647245,0.5573331,0.63147205,0.59411705,0.22868699,-0.14846931,-0.23179695,-0.20134173,-0.22146605,-0.28425083,-0.54795015,-0.750903,-0.84375215,-1.1939684,-1.2555132,-1.0869086,-0.88892,-0.8578582,-0.76988316,-0.6546726,-0.5358069,-0.27294528,-0.15323623,-0.2491916,-0.6316875,-1.2477504,-2.2661467,-2.9842696,-3.0991845,-2.482238,-1.6771247,-1.1639149,-1.3825216,-1.9345717,-2.2944002,-2.129067,-2.005597,-2.1649249,-2.3138862,-2.5984564,-2.768415,-2.8052948,-2.4584339,-1.8809748,-1.1441289,-0.595369,-0.33886522,-0.38047138,-0.57137364,-1.0385808,-1.7237945,-2.0327358,-1.791345,-1.6529572,-2.0227404,-2.7703147,-3.1967654,-2.534853,-1.5759138,-0.6594423,-0.19101924,0.02848678,-0.35960203,-0.59881616,-0.5583483,-0.57317436,-0.6601985,-0.71829534,-0.7871207,-0.89887285,-0.9737438,-0.8671714,-0.6724981,-0.5316309,-0.4090345,-0.36696655,-0.39620277,-0.54396933,-0.65607667,-0.7608296,-0.8660103,-0.98953176,-0.9951474,-1.0017775,-1.0181454,-1.0979906,-1.2561646,-1.3108166,-1.3492024,-1.6583781,-2.1116931,-2.5282986,-2.5401847,-1.8593233,-1.4654051,-1.3550711,-1.2624657,-0.9760365,-1.2323222,-1.6281904,-1.9942355,-2.258898,-2.436166,-2.4133081,-2.2118907,-1.9212412,-1.4086589,-1.1882489,1.3256127,1.325775,1.3257558
-1.5184487,1.4266582,-1.8544872,-2.0392866,-2.2338357,-2.391045,-2.4123433,-2.375562,-2.2899046,-2.2224793,-2.1196759,-1.9063022,-1.7780336,-1.5537009,-1.3970716,-1.2513393,-1.4855514,-1.8193432,-1.8304627,-1.7656753,-1.6209879,-1.2147003,-0.0871117,2.0780168,3.6078901,4.002546,3.5909495,3.2968297,3.1784534,3.2491322,3.1719284,3.2705226,3.5664861,4.1635985,4.65287,4.9700685,4.7624416,4.069649,2.7456746,1.6023858,0.6189593,0.10588642,-0.7258682,-1.6971338,-2.321434,-2.4911911,-2.5859184,-2.537763,-2.5364966,-2.4930005,-2.4863582,-2.5254972,-2.5634747,-2.649227,-2.729411,-2.8020916,-2.5811195,-1.9560304,-0.7497928,-0.51764596,-0.65934515,-0.8294405,-1.1509943,-1.468168,-1.9282116,-2.1869028,-2.1286192,-1.8785733,-1.7758743,-1.7099835,-1.7849967,-1.7093819,-1.511232,-1.4391937,-1.2402177,-1.3568547,-1.6187592,-1.8311403,-1.998918,-2.0923069,-2.3731356,-2.4174986,-2.3737478,-2.4380617,-2.734435,-2.824452,-2.2424893,-1.4896674,-1.2325535,-1.071763,-0.9839897,-0.9763541,-0.93299174,-0.8756871,-0.7681567,-0.74790853,-0.8122587,-1.2751579,-2.0812836,-2.1786456,-1.7464756,-1.0070411,-0.8705799,-0.6526114,-0.7250893,-0.93749297,-1.3969631,-2.0264995,-2.4524534,-2.5054088,-2.1646562,-1.9051135,-1.4702024,-0.95437515,-0.15872385,0.60225827,0.41023007,-0.0237334,-0.44057298,-0.7548006,-0.82924974,-0.8064728,-1.1618214,-1.2713906,-1.4569218,-1.9301782,-2.3418827,-2.4903052,-2.3183227,-1.911725,-1.439533,-1.1664357,-0.93525547,-0.9504866,-1.3991922,-2.0020297,-2.5708,-2.6513176,-2.6619196,-2.6659849,-2.6479127,-2.6209555,-2.5535116,-2.4740934,-2.4180548,-2.3414352,-2.2735672,-2.3023553,-2.3858309,-2.443399,-2.5076373,-2.4803452,-2.3879645,-2.217159,-1.9202871,-1.6974974,-1.6122248,-1.5474075,-1.5070314,-1.4909062,-1.7109752,-1.9082787,-1.9363339,-1.6967803,-1.3303603,-0.9018949,-0.36002684,0.06769246,0.58448887,0.7974104,0.7253188,0.6927663,0.6467796,0.330756,0.08318049,-0.024659216,-0.10135576,-0.17143098,0.011611819,0.2805795,0.4371986,1.5435157,1.543625,1.5436187
-0.112421095,-0.2042138,-0.16849388,-0.2664007,-0.56851697,-0.67141193,-0.6913472,-0.6303593,-0.5869973,-0.43809277,-0.22515206,0.18553066,0.51164293,0.6832129,0.7006476,0.8662511,0.5919851,-0.0101402495,-0.48350433,-0.7598027,-1.1752036,-1.6108932,-1.9574399,-1.2128541,-0.9266708,-1.356586,-2.1521401,-2.6376543,-2.7962034,-2.816242,-2.910359,-2.9758785,-3.018844,-2.9113805,-2.7194366,-2.2778082,-1.9715762,-1.6097237,-1.2654612,-1.0543027,-1.1565332,-1.5587898,-1.9545467,-2.1759233,-2.343336,-2.4811773,-2.4230647,-2.2965288,-2.2350502,-2.210924,-2.226345,-2.2672296,-2.2804284,-2.2672515,-2.2046528,-2.102439,-1.7442927,-1.0313166,-0.48287892,-0.23556548,0.14363518,0.20285526,0.14861336,0.10783914,0.04872042,0.13080695,0.67349404,0.8402872,0.8810939,0.91313374,0.7826773,0.80816627,0.802175,0.87238437,0.850973,0.8076944,0.50417995,0.0801646,-0.25258157,-0.21913743,-0.11311562,-0.11409423,-0.10087332,-0.3650396,-0.95949847,-1.2321781,-1.3491769,-1.5567684,-1.6635182,-1.681648,-1.6550429,-1.5486702,-1.3809754,-1.2633476,-1.1423098,-1.1126833,-1.3241982,-1.7247999,-2.1113625,-2.5080295,-2.5397203,-2.0572913,-1.6396055,-1.438498,-1.5866153,-2.0105748,-2.657093,-3.1689065,-3.536294,-3.5503576,-3.310427,-3.078081,-2.5729625,-1.9750795,-1.2114294,0.20449209,1.1362829,1.6412501,1.6825218,1.520583,1.3419403,0.88574344,0.6459993,0.1097756,-0.59572554,-1.5223694,-2.3272305,-2.923706,-3.071025,-2.288744,-1.4160292,-0.9654653,-0.8463788,-1.1254516,-1.9114438,-2.78331,-3.0467048,-2.964838,-2.8208337,-2.6998715,-2.5792196,-2.4666667,-2.2717566,-2.0098472,-1.8419405,-1.7212584,-1.6305156,-1.6134788,-1.6310244,-1.6152947,-1.6139473,-1.6472578,-1.6144495,-1.5465832,-1.4513605,-1.3345923,-1.235311,-1.2057611,-1.2717268,-1.4556774,-1.8884928,-2.4086041,-2.922254,-2.993272,-2.8282354,-2.5458448,-2.0180082,-1.9036596,-1.765874,-1.762641,-1.7416375,-1.8097799,-1.9048302,-2.0497963,-2.0547504,-2.0295784,-1.8850026,-1.6891081,-1.5923295,-1.4098703,-1.3911033,-0.22933108,-0.22910975,-0.22915459
-2.843032,-3.0645728,-2.5564837,-2.4161184,-2.6999803,-2.6639028,-2.5938482,-2.5291924,-2.57547,-2.5280762,-2.666417,-2.592228,-2.3822358,-2.1955104,-2.2258842,-2.3088212,-2.5959773,-2.7035277,-2.7314973,-2.7676854,-2.7986095,-2.7970486,-2.694747,-2.0755801,-1.887789,-2.0426798,-2.485612,-2.8207211,-3.0019944,-3.06433,-3.1460574,-3.2158275,-3.2318478,-3.1269822,-2.9882808,-2.7404134,-2.6536245,-2.6751342,-2.8723626,-2.9822454,-3.076227,-3.1305294,-3.0966506,-2.911745,-2.6570387,-2.5355678,-2.3461974,-2.1832428,-2.101143,-2.087596,-2.0992308,-2.1401746,-2.1844726,-2.2450438,-2.2808673,-2.2725,-2.0006886,-1.3454969,-0.8017941,-0.69703084,-0.6514224,-0.6370597,-0.74530685,-1.30306,-1.7711518,-1.9402103,-1.9062831,-2.032514,-2.0897236,-2.471899,-2.5295782,-2.548389,-2.5451589,-2.523324,-2.506053,-2.6747317,-3.13376,-3.434439,-3.423769,-3.2576084,-3.0979776,-3.1110754,-3.1525826,-3.372819,-3.949082,-4.14097,-4.1100674,-4.147029,-4.1942587,-4.225759,-4.197465,-4.1300306,-4.065765,-3.9763,-3.9384613,-3.9385762,-4.040451,-4.2679286,-4.35468,-4.3114896,-4.1406603,-3.7048502,-3.4718313,-3.3523202,-3.3773856,-3.557004,-3.9025218,-4.06074,-4.170785,-4.2436852,-4.045239,-3.8045535,-3.2547264,-2.4344358,-1.3298053,0.9983096,2.6523461,2.987114,3.1306963,3.0905704,2.8923674,2.4403625,1.9203973,1.232269,0.21119933,-1.0752635,-2.6604104,-3.7543392,-3.9423223,-3.5604763,-2.9308066,-2.637217,-2.34202,-2.429986,-2.9028401,-3.4199495,-3.7335844,-3.7516217,-3.7205887,-3.718999,-3.6889434,-3.6597567,-3.594651,-3.4565027,-3.293178,-2.987093,-2.6429143,-2.3362963,-2.2220802,-2.0656524,-1.853677,-1.6959982,-1.513805,-1.2637569,-1.0710245,-0.9440356,-0.89841616,-0.8819101,-1.0253159,-1.244104,-1.7989693,-2.511303,-3.3837428,-3.6450973,-3.6889277,-3.6026678,-3.4251578,-3.3795733,-3.3300009,-3.2435632,-3.0708551,-3.0660253,-3.1302936,-3.2845757,-3.4110332,-3.3966022,-3.3101482,-3.26199,-3.1468554,-2.9436467,-2.9133372,-2.9313307,-2.9315357,-2.9314642
-1.499172,-1.4876268,-1.2901341,-1.3623598,-1.456075,-1.2364175,-1.0993426,-0.8007268,-0.63414854,-0.75837713,-0.96063256,-0.7893052,-0.6414384,-0.17215513,-0.099938974,-0.040019847,-0.27523935,-0.73878396,-1.0881357,-1.2081089,-1.341512,-1.5439693,-1.7657409,-1.7528644,-1.9552432,-2.1067798,-2.148735,-2.266893,-2.4563408,-2.6665733,-2.897488,-3.1343272,-3.324973,-3.3268523,-3.2010424,-2.963475,-2.7808251,-2.4170003,-1.82866,-1.4164672,-1.3615055,-1.5023353,-1.4609252,-1.3999379,-1.6707306,-1.9592011,-2.317371,-2.5175447,-2.6208653,-2.6457937,-2.632669,-2.618766,-2.6044126,-2.561812,-2.5695217,-2.6031487,-2.6689122,-2.5692577,-2.6482928,-2.8379972,-2.9988575,-3.1207523,-3.153617,-3.2397628,-3.106267,-2.9444375,-2.6293979,-2.5134635,-2.2798123,-1.9154449,-2.0084405,-1.798844,-1.8616333,-1.7809498,-1.4692855,-1.2987671,-1.1094086,-1.0294731,-1.0014992,-0.78719103,-0.4204247,-0.2658705,-0.07019347,0.16286579,0.43186873,0.42171407,0.6078814,0.95534915,0.9663779,0.7437791,0.6941472,0.6882927,0.51245695,0.3551585,0.19286923,0.024337798,-0.21840124,-0.7213978,-1.3962979,-2.0421157,-2.1245658,-1.6616035,-0.9664767,-0.32529747,0.090239115,0.22979875,0.0017623603,-0.60988486,-1.0437298,-2.0253963,-2.8922293,-3.3404531,-3.8907256,-4.2384105,-4.395753,-4.1812367,-3.5332584,-2.9510655,-2.498905,-2.2302513,-2.145188,-1.4347868,-0.69798315,0.0049697757,-0.05817014,-0.28239742,-0.8174913,-2.1100292,-2.8917465,-2.9408047,-2.432383,-1.8204136,-1.4871128,-1.4719493,-1.7277541,-2.4654768,-3.0074756,-3.1340876,-3.2264848,-3.2680075,-3.3046787,-3.325876,-3.2705598,-2.897884,-2.3258047,-1.7164419,-1.3053,-1.0530854,-0.9760149,-1.0493945,-1.3184593,-1.6335204,-1.8950348,-2.1445088,-2.214159,-2.2342243,-2.2105706,-2.2029197,-2.169285,-2.1608162,-2.2320747,-2.3013883,-2.498249,-2.8021772,-2.9089708,-2.6509576,-1.8989073,-1.6117558,-1.7042502,-1.9458413,-2.2679415,-2.612605,-2.7166624,-3.029502,-3.1921482,-3.4435725,-3.460945,-3.3580956,-3.2784405,-3.2705765,-3.2867346,-1.4099509,-1.4096594,-1.4097027
-1.7054744,-3.6749244,-1.5116249,-1.3145261,-0.52660596,-0.09902851,-0.0012020767,0.034185052,0.11999917,0.42852312,0.86225444,1.0367285,1.3235446,1.1153939,0.8758674,0.91249794,1.4398916,2.1913493,2.5335972,2.5786448,2.6221442,2.4265501,1.9597477,1.1173111,0.44998577,0.114850864,0.22287513,0.024073938,-0.028318861,-0.17369515,-0.33103785,-0.5056839,-0.7804382,-1.260478,-1.6237803,-2.028323,-2.205093,-2.289261,-2.1862102,-1.9110833,-1.5125475,-1.0483396,-0.48908114,0.04879429,0.61370057,1.0356282,1.4432817,1.5248487,1.5763388,1.5614865,1.5476943,1.6112704,1.6292776,1.6435616,1.6349468,1.6081045,1.4659541,1.0089012,0.6206665,-0.031102002,-0.77809674,-1.0018991,-0.9145709,-0.72621304,-0.5814024,-0.62926114,-1.7182462,-2.140885,-2.351844,-2.4897196,-2.4545295,-2.528227,-2.6489632,-2.6935732,-2.892168,-2.8085573,-2.4595351,-1.9453981,-1.6162754,-1.6339724,-1.67967,-1.8579905,-2.0479848,-2.1241,-1.94452,-1.8461722,-2.2167614,-2.6532922,-2.882207,-3.0217628,-3.0898328,-3.1591606,-3.2623289,-3.2946494,-3.3009162,-3.2546535,-3.0628567,-2.2724962,-0.88529974,-0.09571308,-0.25413817,-1.3033597,-1.9286387,-2.0739598,-1.737047,-1.276763,-0.14690992,2.0386176,3.7775528,5.0798426,5.552824,5.6888046,5.707403,5.4969816,5.116718,4.039423,2.440259,1.0369437,0.3949203,0.011407778,-0.09036696,-0.78705186,-1.4279158,-1.979413,-1.9545326,-1.1346527,0.25763786,1.8225244,2.3366683,1.3072295,-0.16272894,-0.92096233,-1.071513,-0.8092203,-0.14573178,1.2049521,2.167831,2.2296555,2.2481828,2.237093,2.217866,2.1869168,2.0052006,1.5380831,0.90736973,0.33948606,0.1792239,0.29927808,0.49536368,0.86901665,1.539534,2.0688572,2.431899,2.746989,2.8070436,2.8339791,2.8794808,2.8951263,2.774314,2.5569475,2.2620726,1.8995085,1.5253221,1.3537068,0.91191137,0.184618,-0.8987338,-1.1404616,-1.1431129,-0.91079164,-0.65426475,-0.6912214,-1.0270092,-1.0446625,-1.0302583,-0.94882435,-1.1456517,-1.498796,-1.6615682,-1.8532971,-1.9678088,-3.7025099,-3.702823,-3.7027738
-6.5719633,-4.454015,-6.5554132,-6.449731,-6.220557,-6.077512,-5.965543,-5.759577,-5.5723677,-5.3937564,-5.316408,-5.0865364,-4.7787786,-4.3478117,-4.234162,-4.074505,-4.068793,-3.8717477,-3.6762352,-3.6653209,-3.645709,-3.597289,-3.5040312,-3.220233,-2.9595585,-2.7112367,-2.5603845,-2.4286342,-2.4402113,-2.452529,-2.464345,-2.538703,-2.582365,-2.5427961,-2.461999,-2.377027,-2.3705115,-2.4439685,-2.771314,-3.1157222,-3.430084,-3.520164,-3.4967086,-3.2953618,-3.0546064,-2.987699,-3.0116713,-3.050254,-3.123971,-3.1870012,-3.2528124,-3.3299408,-3.3956618,-3.527811,-3.737691,-3.9678593,-4.1868124,-4.161576,-4.198641,-4.8128943,-5.137706,-5.285929,-5.525525,-5.928424,-6.192794,-6.301362,-6.673687,-6.817068,-6.8366766,-6.985304,-6.9742713,-6.990469,-7.0362163,-7.04823,-6.8604813,-6.8022165,-6.793824,-6.668794,-6.4616213,-6.1991234,-5.92718,-5.9315605,-5.9229717,-5.9022465,-5.84584,-5.7574053,-5.519989,-5.440294,-5.4774942,-5.5661354,-5.5400467,-5.5472684,-5.57339,-5.531551,-5.5273294,-5.54924,-5.6106787,-5.763982,-5.7643104,-5.5644927,-5.431909,-5.171595,-4.8762856,-4.5329714,-4.3257303,-4.272747,-4.3512936,-4.399233,-4.5541058,-4.8794384,-5.0259666,-5.089342,-5.104829,-4.9169497,-4.53026,-3.5387144,-2.6839037,-2.197701,-1.7138283,-1.5071797,-1.7017772,-1.925617,-2.3435845,-2.7229424,-3.3565607,-4.224471,-5.083314,-5.412105,-5.422356,-5.3025475,-4.795319,-4.3197026,-3.9525933,-3.9828112,-4.4517407,-5.046094,-5.080655,-4.972941,-4.922268,-4.9502144,-4.982876,-5.029464,-5.0807395,-5.0531693,-4.9198437,-4.601365,-4.255677,-3.9664927,-3.8957357,-3.8113413,-3.672566,-3.5155394,-3.3430028,-3.0461924,-2.7814953,-2.601493,-2.5235875,-2.4569826,-2.555364,-2.6861703,-3.3360777,-4.075074,-4.89215,-5.111303,-5.070871,-4.8264475,-4.448256,-4.170123,-4.048578,-4.0029,-3.9503865,-4.088497,-4.1659837,-4.48657,-4.71061,-4.8606825,-4.99437,-5.180387,-5.240707,-5.3652487,-5.3903456,-4.250964,-4.2507715,-4.2507486
0.7367131,-0.8265952,0.6234526,0.67584324,0.33249477,0.06390208,-0.046818078,-0.14491981,-0.32475936,-0.66773117,-0.91931677,-0.94428295,-0.62123257,-0.3799395,-0.20307091,0.18572092,0.00074599683,-0.5246932,-0.6809023,-0.62277776,-0.48532474,-0.19110657,0.56504714,2.080699,2.5906415,2.1845295,1.062556,0.09522918,-0.32762045,-0.46885443,-0.7931394,-1.0584873,-1.2180424,-1.15386,-1.0859338,-0.96380097,-0.9403177,-0.7938119,-0.5220784,-0.303434,-0.37988475,-0.69026834,-1.155121,-1.5574409,-1.6981668,-1.5473349,-1.0214304,-0.6436662,-0.39633992,-0.25932112,-0.14650784,-0.059229154,-0.0023944862,0.09310639,0.47716585,1.167978,3.0094209,5.582966,8.076816,9.133871,9.543795,9.489267,9.398919,9.075053,8.458074,8.323818,7.637394,6.9725313,6.6111984,5.2886667,5.0845556,4.515524,4.489806,4.2928944,3.2498364,2.621885,1.1991055,-0.37596822,-0.99173605,-1.0249796,-0.8981713,-0.82046723,-0.8674326,-1.25049,-2.078775,-2.2499352,-2.1478179,-2.0422997,-2.0718582,-2.094704,-2.0965548,-2.063675,-1.9688381,-1.9550393,-1.902269,-1.7920364,-1.7004714,-1.8274218,-2.2472353,-2.2067487,-1.6772083,-0.7783278,-0.2713284,0.1503962,0.010933444,-0.37053013,-1.1704639,-1.9075123,-2.132237,-1.567284,-0.762077,-0.04356408,1.2139807,2.450768,3.709384,5.4959965,6.7507496,7.3859377,7.65016,7.836956,7.86598,7.6692867,7.0362444,5.7285457,3.6949444,1.4421297,-0.52806336,-1.8030705,-1.5725933,-0.3636767,0.766897,1.2622857,1.5810322,1.3145679,0.4000529,-0.6153127,-1.3848715,-1.5400741,-1.5171702,-1.4557518,-1.3766115,-1.3051107,-1.2147288,-1.1817918,-1.2733262,-1.3250275,-1.311778,-1.3400947,-1.4159611,-1.416478,-1.3875093,-1.3640072,-1.342981,-1.2690066,-1.0487132,-0.87431014,-0.7654437,-0.65187204,-0.5038333,-0.37069628,-0.57939905,-0.885108,-1.2821958,-1.3394951,-1.0549006,-0.7138722,-0.38019988,-0.33762768,-0.22532693,-0.27215862,-0.50662196,-0.7236464,-0.89713204,-1.0508239,-1.0962818,-1.1154846,-1.0379186,-0.7359142,-0.65778863,-0.4657941,-0.5882189,-0.8468406,-0.84681606,-0.84685194
-1.1119112,-2.4282422,-1.1948094,-1.3557916,-1.0466393,-0.75415957,-0.67265636,-0.57369125,-0.21574043,0.2722651,0.83566403,1.3103188,1.8456577,2.3482862,2.3234537,2.389181,2.6596634,3.1071055,3.3785563,3.4001706,3.4203537,3.1928778,2.364737,1.0130746,0.22679746,0.16007459,0.37918353,0.57983005,0.7492046,0.8159916,0.8859377,0.81380594,0.6343748,0.2722829,-0.02752313,-0.41072088,-0.6649158,-0.79239726,-0.48858482,0.20283934,1.1310347,2.0628173,2.9977918,3.4454246,3.9122615,4.2356067,4.4075274,4.3112435,4.258103,4.223218,4.2586727,4.336801,4.3685293,4.382939,4.368138,4.238822,3.7391765,2.8031642,1.3150009,-0.19647503,-0.9681211,-0.97549456,-0.8170412,-0.2698632,-0.124035954,-0.05447042,-0.7388428,-0.9452084,-1.1047457,-1.1351582,-1.1750568,-1.3052393,-1.4412584,-1.4745305,-1.7121551,-1.5495303,-0.8720903,-0.17673062,0.2680748,0.29886994,0.6220359,0.75735354,0.6494861,0.52634704,0.70467657,0.83881766,0.50364196,-0.041812763,-0.4450855,-0.67620313,-0.8667602,-1.042709,-1.2211149,-1.3334509,-1.2951125,-1.2244964,-1.1513246,-0.5585722,0.6350159,1.0050482,0.48438308,-0.998793,-1.8136666,-2.0277889,-1.7263186,-1.2164865,-0.26451775,1.2654738,2.3089464,3.0512466,3.2896245,3.3345208,3.1190147,2.7254796,2.1420045,0.683076,-0.43712562,-0.89149296,-0.783661,-0.55166864,-0.50819755,-0.6888661,-0.6864499,-0.46184602,0.17020625,1.3122053,2.4684396,3.2991786,3.3161423,2.1509037,0.7174248,0.26279813,0.8294054,2.009012,3.8313189,5.777817,6.435671,6.574724,6.6246514,6.591729,6.559541,6.510865,6.335534,5.799279,4.9785547,3.792018,2.800968,2.125431,1.8821801,1.7192255,1.5261493,1.4402074,1.3391166,1.165254,0.9090503,0.71896774,0.59270203,0.49832055,0.39718825,0.35549736,0.66200364,1.1230541,1.6694206,1.7372622,1.3420533,0.60745937,-0.73534775,-1.13045,-1.1550659,-1.0422523,-0.82035613,-0.7343699,-1.0237491,-1.0207852,-0.92442167,-0.80133617,-0.98637176,-1.2701716,-1.3181016,-1.3174505,-1.3350973,-2.4421453,-2.4420621,-2.4420931
-3.3126109,-2.978132,-3.15663,-2.9925206,-2.467583,-2.0296977,-1.8395807,-1.5111117,-1.2703506,-1.323087,-1.4964824,-1.3939852,-1.3029926,-0.96672326,-0.9677437,-0.74732393,-0.042099983,1.0060998,1.3870609,1.3915842,1.274736,1.1382055,0.30646414,-0.55506194,-0.62603086,-0.2752331,-0.04499655,-0.34629232,-0.6785291,-0.932757,-1.223834,-1.5937656,-2.0200477,-2.4093328,-2.5691528,-2.6687775,-2.6510067,-2.5036564,-2.2931285,-2.1877246,-2.2943168,-2.4401526,-2.4213004,-2.2918425,-2.195243,-2.1745749,-2.2854476,-2.398354,-2.483234,-2.557159,-2.6421943,-2.6810622,-2.6588013,-2.6983118,-2.805952,-2.984745,-3.295557,-3.5185537,-3.9260256,-4.0779867,-3.7710927,-3.348723,-3.4357877,-3.5131507,-3.4441304,-3.376232,-3.3412528,-3.3279414,-3.277413,-3.38216,-3.4435134,-3.4023952,-3.453647,-3.485905,-3.4914432,-3.4009364,-3.3266768,-3.4132648,-3.4863966,-3.4699197,-3.2555346,-3.1809244,-3.096247,-2.9816065,-2.891582,-2.9723468,-3.4463882,-3.9643466,-4.243277,-4.4345484,-4.5036907,-4.5278397,-4.6180077,-4.65572,-4.7153425,-4.7097993,-4.579459,-4.3038464,-3.8291173,-3.7527852,-3.9350653,-3.9243565,-3.2773147,-2.4206784,-1.8724787,-1.6246808,-1.4469247,-1.4850829,-1.6609998,-1.7842951,-2.1040006,-2.324814,-2.596524,-2.796155,-3.0234306,-2.9861262,-2.5286326,-2.0915363,-1.5248773,-1.1930417,-1.2646763,-1.1263124,-0.8670627,-0.5669694,-0.9452194,-1.5089533,-1.8974233,-2.134954,-2.3006594,-2.1695604,-1.3481022,-0.42518672,0.3477268,0.69796515,0.4917758,-0.05357284,-0.3854193,-0.40931922,-0.5139649,-0.73497903,-0.96545607,-1.2092111,-1.6685438,-2.3133793,-2.7115757,-2.7670088,-2.5027306,-2.0381196,-1.7378348,-1.3536397,-0.668386,-0.1561631,0.2656843,0.91454196,1.3562627,1.6322004,1.8515282,2.0027254,2.1523092,2.1088767,1.8193371,1.276239,-0.23379625,-1.3720846,-2.0893998,-2.3683896,-2.379716,-2.3056064,-2.277792,-2.2089815,-2.0547726,-2.360045,-2.6770158,-3.0317748,-3.230529,-3.3838768,-3.5400167,-3.7503085,-3.8148355,-3.7535458,-3.7197332,-2.8887298,-2.888065,-2.8881187
0.24541454,1.5190003,0.25394428,0.41297215,1.2330832,1.4265435,1.4302481,1.4006879,1.5507863,1.5890326,1.4890063,1.4233577,1.6172996,1.9339883,1.9982529,1.8869102,1.8113616,2.014058,2.1862612,2.2641299,2.2687492,2.159531,1.7216959,0.89535785,0.8124722,1.4802622,2.4624567,3.223764,3.5179458,3.6958852,4.0048704,4.1668496,4.229417,4.089775,3.8339977,3.4335139,3.1454182,2.8279996,2.7013464,2.979273,3.5622826,4.1250744,4.2649813,4.161506,4.345845,4.6762276,5.0104523,5.084516,5.116602,5.120648,5.10598,5.172018,5.2800207,5.386754,5.4800963,5.4256268,4.9309053,3.9764671,3.121762,3.0190275,2.3217201,2.0827465,2.2436588,2.3907797,2.396615,2.2122984,1.7109629,1.2538388,0.9482814,0.8003861,0.8619609,0.70280284,0.6165451,0.5486907,0.27238286,0.15632027,0.23124304,0.3294252,0.4900117,0.64426786,1.0905561,1.174677,1.1807148,1.5156529,1.978204,2.0825043,1.9821851,2.1605206,2.3141444,2.3604832,2.3995366,2.329439,2.3915777,2.7256968,3.010095,3.3572922,4.240134,5.803506,7.2468925,7.803523,7.5639915,6.1480303,4.2990746,2.477173,2.040599,2.640953,4.0178556,5.160729,5.2970986,5.624913,5.7799387,5.761826,5.6259537,5.4824753,5.326586,4.751651,3.3473778,1.6070912,0.71307397,0.4525349,0.61578417,0.7570858,0.8685138,1.4438875,2.477986,3.7489347,5.3047385,6.543137,6.6196127,6.1865425,4.894843,3.1102412,1.9891559,2.004054,2.5724008,2.941341,2.922561,2.848454,2.7538705,2.7182736,2.6918528,2.6654868,2.604131,2.4760804,2.3672833,2.268266,2.2028682,2.3344638,2.5291271,2.7358131,3.0890064,3.3260264,3.4857893,3.6672273,3.7352104,3.7521422,3.7693987,3.8576179,4.154219,4.392866,5.067924,5.797474,6.5906577,6.7648087,6.5976825,5.953895,4.146885,2.8528671,1.8110576,1.446572,1.9490247,2.3742015,2.2993507,2.5033653,2.663663,2.74901,2.5610356,2.331244,2.208414,1.905198,1.7014842,1.5593286,1.5594406,1.559402
-3.4167902,-0.83590573,-3.354989,-3.191901,-2.917005,-2.8153684,-2.700325,-2.5445962,-2.4138422,-2.2609222,-1.8734295,-1.0820642,-0.64527065,-0.3031896,-0.056045175,0.20630956,-0.055847973,-1.0001924,-1.5094695,-1.7212626,-1.954023,-2.1591735,-2.3852296,-2.6725755,-3.1306772,-3.3503032,-3.371528,-3.2149014,-3.2347279,-3.2421155,-3.2602277,-3.2783165,-3.2172174,-2.9800272,-2.8213534,-2.5824,-2.323937,-1.8548024,-1.2993404,-1.077621,-1.0095373,-1.049051,-0.9541323,-0.7230866,-0.80645144,-1.1116225,-1.5922732,-1.8767489,-2.0214214,-2.0667005,-2.1502528,-2.262897,-2.3202138,-2.455185,-2.6336064,-2.799732,-2.783577,-2.3130717,-1.8183905,-1.889379,-1.574883,-1.5015395,-1.4950621,-1.6303146,-1.7048852,-1.7232141,-1.7799668,-2.122862,-2.1823168,-2.5209684,-2.586936,-2.6320474,-2.6376097,-2.5745268,-2.4438083,-2.2187128,-2.1701956,-1.9044712,-1.5700083,-1.3542817,-1.2888447,-1.3164701,-1.2378491,-1.1508868,-1.2541435,-1.5304964,-1.4161087,-1.0613642,-0.9518178,-0.96228516,-0.97259104,-1.0001608,-1.083781,-1.1911695,-1.2334464,-1.2751844,-1.3619198,-1.7181603,-2.0138726,-1.2813354,0.52051735,3.7462897,5.149526,5.7260036,5.7229323,5.6674147,5.083996,4.017414,2.5752308,0.06691968,-1.2755122,-1.8449025,-2.5532045,-3.0853496,-3.2901015,-3.3516016,-2.9292946,-2.1326597,-1.7916206,-1.6707509,-1.6757041,-1.7392039,-1.8854611,-2.2997327,-2.80089,-3.2889156,-3.700953,-3.984674,-3.9056425,-3.3029928,-2.7531052,-2.2587411,-2.1080682,-2.194572,-2.4767432,-3.0426624,-3.5058434,-3.665906,-3.7443938,-3.757039,-3.740265,-3.7059617,-3.616673,-3.3495886,-2.9901254,-2.5818818,-2.329044,-2.2999012,-2.347695,-2.504148,-2.763925,-2.988913,-3.1758156,-3.398808,-3.5085487,-3.5816505,-3.6255677,-3.6655893,-3.6870809,-3.635744,-3.8584912,-4.0588818,-4.1286807,-3.941926,-3.3457952,-2.5799918,-1.4656084,-0.95776737,-0.8515963,-1.1072128,-1.7227741,-1.9451733,-1.713849,-1.7386968,-1.7848554,-1.9442469,-1.8820689,-1.7126825,-1.7546858,-2.029972,-2.1524482,-0.7188315,-0.71806484,-0.71818084
-2.723164,-1.2344658,-2.7573082,-2.6300855,-2.8044388,-2.9249718,-2.941408,-2.8916657,-2.8846421,-2.8656611,-2.7135806,-2.38388,-2.038281,-1.6076001,-1.5083745,-1.4582577,-1.7387865,-2.300802,-2.653238,-2.8091052,-2.9779816,-3.1069713,-3.177265,-2.6193857,-2.541223,-3.0220006,-3.761466,-4.2162013,-4.3646665,-4.373242,-4.4159584,-4.4117928,-4.3410864,-4.1239023,-3.8921735,-3.443375,-3.0947263,-2.673144,-2.3126054,-2.1888912,-2.2456808,-2.5531185,-2.7452927,-2.6725984,-2.6107635,-2.6679454,-2.6917543,-2.6685374,-2.6286783,-2.6299484,-2.6486738,-2.6785784,-2.7183313,-2.7371538,-2.7536612,-2.7110994,-2.392962,-1.6130452,-0.50403214,0.31889448,0.8316586,0.6067513,0.4887033,0.30053073,0.25677544,0.27278087,0.38408417,0.089833274,-0.032445133,-0.24938275,-0.19786586,-0.3059133,-0.31800723,-0.28928655,-0.18140838,-0.019341141,-0.08367053,-0.12893905,-0.10021664,0.020926908,0.17465404,0.15418938,0.099453166,-0.23789443,-0.99108,-1.3930907,-1.7078269,-1.8794187,-1.8553768,-1.8229285,-1.736833,-1.6060282,-1.450217,-1.3378942,-1.1881713,-1.0963928,-1.2046895,-1.6336737,-2.300709,-2.609095,-2.1547942,-0.5957397,0.58697003,1.3031924,1.673894,1.4223346,0.5504229,-0.28266513,-1.0978857,-2.0919156,-2.571334,-2.6184332,-2.50905,-2.4024599,-2.0209756,-1.0651548,-0.13512886,0.5780764,0.7043922,0.67732453,0.62601745,0.3360381,-0.06250326,-0.9981107,-1.7694559,-2.5072746,-3.1502414,-3.8339605,-4.124714,-3.7717886,-3.3211083,-2.924534,-2.4903483,-2.388896,-2.5936275,-2.7940006,-3.1457658,-3.2734175,-3.246943,-3.19486,-3.1269586,-3.0660505,-3.0016193,-2.9289384,-2.8336625,-2.6511345,-2.4839802,-2.4432726,-2.4780993,-2.5863423,-2.8084106,-3.0202732,-3.1782656,-3.3684402,-3.441064,-3.4471216,-3.43412,-3.4167874,-3.427629,-3.500774,-3.6816177,-3.8562841,-4.0647736,-4.060725,-3.8126535,-3.5462503,-2.899475,-2.5889611,-2.3190618,-2.2618685,-2.5437007,-2.632284,-2.5171924,-2.5613558,-2.6436887,-2.6216614,-2.432424,-2.0732436,-1.9886433,-1.946713,-1.9651278,-1.2060658,-1.2056971,-1.2057916
-2.1013832,-1.3546823,-2.3790014,-2.4811866,-2.7598977,-2.9717963,-3.0783615,-3.2506166,-3.257403,-3.1664472,-3.0483599,-2.9060178,-2.692922,-2.1698985,-2.10271,-2.1641622,-2.399281,-2.470965,-2.3290906,-2.0638556,-1.7521266,-1.3676307,-0.21075405,1.2753513,1.6183441,1.2319328,0.5151949,0.07596448,-0.093739346,-0.11687188,-0.29592937,-0.3981424,-0.4044659,-0.18880138,0.14505386,0.6544946,0.9950422,1.3666089,1.6491787,1.7501798,1.6067162,1.3312066,0.98130894,0.56520927,0.09516296,-0.20489281,-0.446651,-0.40750924,-0.38761473,-0.35304898,-0.337824,-0.48146677,-0.5939184,-0.8364049,-1.141682,-1.5018971,-1.685553,-1.4958225,-0.7450599,-0.17446601,-0.19153544,-0.40985414,-0.7034448,-0.8762318,-0.89701223,-0.99502885,-1.1784441,-1.1169789,-1.1412263,-1.2307572,-1.177452,-1.2411594,-1.2719566,-1.332346,-1.3083944,-1.3233522,-1.443115,-1.5255467,-1.4761246,-1.3438561,-1.1099523,-1.1214812,-1.1368918,-1.4685987,-2.357937,-2.8128777,-3.0868728,-3.071177,-2.9742568,-2.8407845,-2.715719,-2.6139667,-2.4492068,-2.337576,-2.3228388,-2.363552,-2.4623666,-2.7115328,-3.1403563,-3.4332345,-3.2943149,-2.332177,-1.3739583,-0.60947376,-0.35293636,-0.5023692,-1.1222315,-1.8611958,-2.5680175,-3.4277954,-3.6446378,-3.6038356,-3.4220328,-3.090674,-2.3849049,-1.0285912,0.098767474,0.8270492,1.1855352,1.5035462,1.6472604,2.0279727,1.9668571,1.3013897,0.06588942,-1.6066198,-3.0920696,-3.9255934,-3.9130075,-3.0407295,-2.061883,-1.3827586,-0.9061615,-1.0222375,-1.7640574,-3.0081863,-3.6266265,-3.6775556,-3.6271844,-3.573731,-3.520664,-3.4715466,-3.3668156,-3.1481376,-2.891448,-2.593974,-2.4430983,-2.4636865,-2.5510247,-2.6589324,-2.853304,-2.9889283,-3.0693107,-3.1209571,-3.042366,-2.973349,-2.9763417,-2.975143,-3.0033507,-3.070776,-3.2986493,-3.57204,-3.813195,-3.7880912,-3.4813545,-3.0168843,-2.4060812,-2.1042519,-1.7804892,-1.6565142,-1.9266207,-2.0537655,-2.0752513,-2.2032158,-2.3066714,-2.365728,-2.333529,-2.2274573,-2.2661133,-2.2163277,-2.210778,-1.3221804,-1.3223114,-1.3222867
-1.6425512,-1.1099943,-1.5659032,-1.5504899,-1.4563544,-1.3203878,-1.2187545,-1.0483255,-0.7908279,-0.7374767,-0.72024274,-0.41701984,0.008884311,0.6313158,0.95070577,1.2240627,0.8277387,0.055493474,-0.14208648,0.17236143,0.6129254,1.2119766,3.538567,5.800751,6.136234,6.004101,5.5635505,5.0907464,4.7239923,4.512894,4.1112943,3.7403326,3.5581903,3.854373,4.441257,5.482918,6.4025354,7.645063,8.908722,9.714378,9.91556,9.752045,9.320673,8.62496,7.2617483,6.2534103,5.0512776,4.541833,4.15205,4.0709076,3.887815,3.355093,3.0688353,2.3005753,1.4040284,0.30633754,-0.80534756,-1.4238868,-1.7743909,-1.8657749,-1.5606475,-1.3210337,-1.6997024,-2.155323,-2.3333068,-2.1834617,-1.8529266,-1.7873178,-1.7660084,-1.898212,-2.1287332,-2.221495,-2.1707573,-2.1433625,-2.0801308,-1.9471532,-1.909816,-2.1220884,-2.2475433,-2.1619277,-1.9785539,-2.0175216,-1.946559,-2.0425913,-2.51234,-2.9842603,-3.1894531,-3.024515,-2.9173546,-2.7901058,-2.68669,-2.614694,-2.5160213,-2.3319829,-2.061613,-1.8983992,-1.7650316,-1.9088978,-2.2197835,-2.3599508,-1.9750763,-0.76194745,0.4168303,1.4380691,2.0736103,2.1338472,1.6341491,0.7234602,-0.052969545,-1.3417088,-2.1259022,-2.4717338,-2.847596,-2.9641542,-2.7587562,-2.098831,-1.3763545,-0.89969385,-0.6169868,-0.4053093,-0.38067773,-0.45759732,-0.7831102,-1.0661774,-1.5619043,-2.3130212,-3.1332345,-3.5340433,-3.337619,-2.3318527,-1.4014591,-0.57206094,-0.060964584,0.049177602,-0.45212108,-1.9293712,-2.9969287,-3.3550766,-3.6040502,-3.7546825,-3.8245902,-3.857771,-3.8288023,-3.548143,-3.0963979,-2.50381,-2.109791,-1.8323745,-1.7624474,-1.8111786,-1.9742494,-2.1372213,-2.3000762,-2.4550424,-2.479878,-2.488127,-2.5574584,-2.619349,-2.6058912,-2.5517678,-2.7089498,-2.8603415,-3.0188904,-3.0959313,-2.867177,-2.3530161,-1.7403567,-1.5218265,-1.5842257,-1.8858029,-2.492323,-2.852528,-3.009698,-3.2567077,-3.3696756,-3.6126065,-3.7463117,-3.7368119,-3.7368293,-3.735573,-3.7118802,-1.0620265,-1.0608997,-1.0610492
0.5998262,-1.2520452,0.2529937,-0.46950543,-1.3861322,-1.479708,-1.5246067,-1.5018443,-1.7180808,-1.966036,-2.2766368,-2.4287462,-2.5169034,-2.3152206,-2.395056,-2.5375745,-2.7166002,-2.7633424,-2.7042491,-2.7276964,-2.7766643,-2.8962262,-2.8973875,-2.7646775,-2.581061,-2.4328265,-2.0400057,-1.5973086,-1.3839021,-1.3499254,-1.2198969,-1.1958019,-1.2691705,-1.5095128,-1.5953572,-1.8005719,-1.8253876,-1.7365048,-1.4967421,-1.2573153,-0.9766203,-0.7082156,-0.42568254,-0.25066862,-0.25457793,-0.30949894,-0.3868661,-0.4337291,-0.42362761,-0.43949175,-0.38379914,-0.25479853,-0.18071651,0.03951353,0.10407877,0.1287171,0.029296756,-0.36697313,-1.3245039,-2.58213,-2.8533993,-2.7676678,-2.4638116,-2.0930746,-1.3910081,-1.3173597,-0.037335172,1.022034,1.8490708,3.5403264,3.9985185,4.540489,4.33033,4.4909987,5.2615104,5.509646,6.044018,7.0774736,7.9523087,8.502575,8.921475,8.859997,8.836437,8.977449,9.139461,9.0564575,8.633385,7.9087353,7.3348103,6.62117,6.398476,6.321625,5.9187317,5.4489746,4.124115,3.0381436,2.1852329,1.6553247,1.5047225,1.1412426,0.20237054,-1.2338742,-1.9812051,-2.350224,-2.3241901,-2.0429716,-1.636594,-1.0972878,-0.6499295,-0.3953721,-0.5799457,-0.82223594,-1.3832474,-2.1592872,-2.9834867,-4.2074623,-4.477269,-4.131082,-3.836862,-3.482136,-3.394033,-3.105527,-2.4042382,-1.2256634,-0.34044993,0.12108573,0.6712186,0.7527491,0.0005376041,-1.5396391,-2.4995084,-2.4257648,-1.9816239,-1.5596237,-0.77970445,0.35757095,1.1949952,1.4583857,1.5567256,1.5768559,1.467568,1.3066853,1.0786161,0.6734717,0.28443086,-0.36063612,-0.8808073,-1.2735345,-1.4304819,-1.6043789,-1.8513725,-2.0212407,-2.158338,-2.3535244,-2.620952,-2.8505268,-2.9868155,-3.0682657,-3.078333,-3.0389729,-2.458966,-1.6312428,-0.6882076,-0.72625697,-1.4364798,-2.2746906,-2.9225078,-2.9122202,-2.8599577,-2.677445,-2.7243557,-2.799518,-2.7805867,-2.7126265,-2.712226,-2.6860838,-2.726979,-2.760017,-2.770484,-2.6837358,-2.5876534,-1.4409881,-1.4409754,-1.4411035
-3.914598,-2.1496353,-3.8086863,-3.5137768,-2.9915018,-2.8869953,-2.8447855,-2.7889733,-2.5624294,-2.252171,-1.8195632,-1.2364119,-0.9509607,-1.005415,-0.8801258,-0.58149844,-0.55804527,-0.86785185,-1.1636027,-1.3568633,-1.588002,-1.7840602,-1.8792789,-1.8515584,-2.0050793,-2.169833,-2.211707,-2.1261773,-2.140068,-2.1725996,-2.2047772,-2.2871013,-2.3833442,-2.3973756,-2.3896923,-2.2492938,-2.039433,-1.6787833,-1.3294711,-1.2432871,-1.3974576,-1.6127026,-1.7976263,-1.8947234,-2.1764245,-2.4461248,-2.8020873,-2.9986985,-3.1177154,-3.1529322,-3.2437892,-3.3688824,-3.4176648,-3.5545347,-3.7220473,-3.8697672,-3.8845348,-3.5604432,-3.534419,-3.534848,-3.0191288,-2.897959,-3.021455,-3.2819595,-3.520022,-3.603919,-3.6706038,-3.7570956,-3.749668,-3.7884667,-3.8434188,-3.7857704,-3.8562799,-3.8019266,-3.6840506,-3.5547085,-3.4364734,-3.1608732,-2.9445534,-2.707977,-2.663055,-2.6849573,-2.624001,-2.5128438,-2.2603889,-2.1716204,-1.6764412,-1.3599895,-1.4530725,-1.6071824,-1.7003169,-1.7368431,-1.7577212,-1.7590066,-1.8291862,-1.9280518,-2.0589879,-2.230811,-2.236447,-1.8777251,-1.2975103,-0.47165364,0.11443732,0.28039294,0.02509249,-0.2312115,-0.5365888,-0.96850234,-1.4062207,-1.9333911,-2.2614675,-2.4276752,-2.6112094,-2.6932635,-2.6895857,-2.3834357,-1.88992,-1.3504362,-1.1224171,-1.0704596,-1.2167326,-1.4455191,-1.5420833,-1.7339654,-2.0748444,-2.295599,-2.542334,-2.7354465,-2.4629467,-1.4321972,-0.43845478,0.08565518,-0.112363994,-0.5903052,-1.4272287,-2.7050219,-3.1080134,-2.9863644,-2.8698378,-2.7694566,-2.677114,-2.580299,-2.374509,-1.9773395,-1.6688982,-1.3951997,-1.2207329,-1.1987997,-1.2550962,-1.316761,-1.3992639,-1.4580238,-1.4643964,-1.4027857,-1.309713,-1.2323344,-1.154713,-1.1402301,-1.1332891,-1.09045,-1.4463986,-1.8699573,-2.2112937,-2.0661879,-1.5116131,-0.8620913,-0.059171677,0.15311158,0.0649299,-0.22404352,-0.4927312,-0.7172415,-0.8376346,-1.1338881,-1.1889054,-1.3839183,-1.5392115,-1.7738862,-2.0017977,-2.30088,-2.466466,-1.9647456,-1.9646323,-1.964606
0.0014086366,0.9807714,-0.21075186,-0.7616617,-1.2410586,-1.361635,-1.4400069,-1.4104521,-1.4572651,-1.6225507,-1.6015519,-1.7313325,-1.7301619,-1.4580035,-1.5117385,-1.5944936,-1.3820336,-1.0249768,-0.7857234,-0.58850014,-0.46476337,-0.38833413,-0.22474328,-0.44266218,-0.5620664,-0.8043431,-0.8618951,-0.8940338,-0.89115894,-0.9773211,-0.9673927,-0.9846806,-0.9903381,-1.0321163,-1.0210631,-0.9566839,-0.7593767,-0.31456864,0.36114067,0.7306651,0.8264291,0.7377517,0.5103438,0.26569596,-0.031161457,-0.22785722,-0.5363676,-0.7113675,-0.7553962,-0.70933646,-0.68550414,-0.65302783,-0.63534707,-0.6104989,-0.5953283,-0.6039367,-0.7085261,-0.8142255,-0.76092374,-1.0005654,-1.2604887,-1.5735872,-1.6394296,-1.8731067,-1.7689507,-1.5494318,-1.0404701,-0.78387016,-0.5890073,-0.019800097,0.14298718,0.45835668,0.44732,0.5353585,0.90911746,0.8082303,0.8488916,1.2062005,1.2864926,1.4146578,1.6253877,1.5469875,1.6106564,1.9183677,2.4686246,2.8205304,3.2545729,3.3016791,3.163418,2.879961,2.8276234,2.7080884,2.5263777,2.4586964,2.146686,1.8549988,1.7256281,1.2779993,0.28679356,-0.22856301,-0.40620044,0.0207538,0.3974682,0.42467332,0.44860253,0.64443296,0.7890172,0.5710386,0.4150624,0.35112792,0.2331449,0.19650105,0.027072428,-0.2809641,-0.5924269,-0.98494744,-1.2851064,-1.7381934,-1.9582001,-2.0979269,-2.1898103,-2.0023732,-1.448659,-0.094907165,1.0124024,0.88070387,0.07664657,-0.5596337,-0.76871413,-0.4484167,0.3157692,0.918906,1.0906645,0.95534617,0.5794984,-0.32470125,-0.52235574,-0.44750494,-0.4135752,-0.36430997,-0.35386133,-0.33072764,-0.23464526,0.14509708,0.6485457,1.1241176,1.3546026,1.4077113,1.3127265,1.1198428,0.8230474,0.5793235,0.3608576,0.17481863,0.17654361,0.17398524,0.179364,0.23473406,0.33402836,0.4747689,0.3927042,0.20617092,-0.03855273,-0.2133602,-0.3509589,-0.21764937,0.15110892,0.113642454,-0.021669641,-0.09599365,-0.32928705,-0.42814657,-0.624477,-0.7433991,-0.85341245,-0.97788584,-1.0553509,-0.9590286,-0.92764324,-0.7997158,-0.65704185,0.94962716,0.94971484,0.94969046
-4.0393,-3.014705,-3.7878842,-3.4082568,-3.1613839,-3.0514283,-2.9478607,-2.8376384,-2.7286596,-2.7036514,-2.7576199,-2.607049,-2.5023885,-2.5345757,-2.4619284,-2.3254423,-2.2155604,-2.1132367,-2.050255,-2.077529,-2.0412586,-1.9398885,-1.857892,-1.8212504,-2.0010664,-1.9666061,-1.910383,-1.8449898,-1.9449327,-2.0012655,-2.0630026,-2.1790705,-2.2529902,-2.198352,-2.1629822,-2.0633564,-1.9658246,-1.915598,-2.0233364,-2.194984,-2.3889737,-2.439145,-2.3891006,-2.2093594,-2.073296,-2.0674171,-2.1399217,-2.1987746,-2.2714214,-2.3074737,-2.3688812,-2.4662566,-2.529744,-2.6911612,-2.843816,-2.9785314,-2.972568,-2.6340878,-2.3846862,-2.4613178,-2.3161833,-2.3402343,-2.5788155,-3.1474886,-3.6002946,-3.7492564,-4.2943287,-4.615303,-4.7324576,-5.1274295,-5.180201,-5.216749,-5.2388015,-5.24291,-5.153416,-5.072676,-5.115672,-5.071309,-4.967718,-4.8803186,-4.90379,-4.943409,-4.951318,-4.9465513,-4.9707336,-4.966773,-4.6470633,-4.2912774,-4.2135816,-4.189683,-4.2083917,-4.2273707,-4.2451353,-4.1829214,-4.1174955,-4.0898724,-4.080844,-4.1325507,-4.0136843,-3.5856967,-3.0108123,-2.0835347,-1.5563377,-1.3055197,-1.3849043,-1.5417228,-1.7700415,-2.035542,-2.3422973,-2.7880692,-2.9714093,-3.0487382,-3.0408301,-2.7513828,-2.244995,-1.0373715,0.048867315,0.7011545,1.0568976,1.1049744,0.9246509,0.58099353,0.13136624,-0.32183766,-0.996328,-1.780307,-2.8675914,-3.5530603,-3.4759667,-3.0667276,-2.3487377,-1.8961031,-1.7453152,-1.9681964,-2.527968,-3.407588,-3.7054462,-3.637876,-3.587354,-3.590529,-3.5809808,-3.5660946,-3.5103714,-3.3280706,-3.1154697,-2.7302356,-2.3398638,-2.0346472,-1.9428253,-1.8406401,-1.6730278,-1.5108653,-1.3253503,-1.0247428,-0.7678094,-0.5987685,-0.50595933,-0.44587705,-0.4746266,-0.4453259,-0.9646491,-1.6623536,-2.544051,-2.7398667,-2.603073,-2.2634127,-1.7871996,-1.5502743,-1.5115898,-1.5583458,-1.4999478,-1.5813904,-1.5981872,-1.8368101,-1.9599717,-2.089486,-2.202898,-2.447929,-2.5692866,-2.7744374,-2.8713393,-2.7912085,-2.7912216,-2.7911377
-4.44426,-5.562192,-4.1776013,-3.9823298,-4.048009,-4.0957155,-4.1234994,-4.1156588,-4.1479187,-4.2466555,-4.424186,-4.504138,-4.439795,-4.1449184,-4.181134,-3.9427993,-3.4792147,-2.8346334,-2.4862008,-2.4002306,-2.331488,-2.2495987,-2.044067,-1.9665956,-2.0417783,-2.3039544,-2.3133197,-2.4014306,-2.4119432,-2.523699,-2.5901647,-2.6528192,-2.775001,-3.0148556,-3.1896403,-3.4069953,-3.4642491,-3.4583316,-3.4434798,-3.4229722,-3.4232616,-3.3800535,-3.2674766,-3.063332,-3.057094,-3.1404014,-3.3450973,-3.4551737,-3.497404,-3.539454,-3.5329561,-3.4911647,-3.4739804,-3.4443088,-3.5276093,-3.6627216,-3.891286,-4.1078157,-4.3063054,-4.615339,-4.789755,-4.9880447,-5.111862,-5.214109,-5.0456467,-4.985853,-4.953499,-4.8399115,-4.73044,-4.4714274,-4.3738565,-4.2131004,-4.292205,-4.266312,-4.078944,-4.0612044,-3.946847,-3.5923629,-3.1688209,-2.8112166,-2.4108431,-2.3689587,-2.3190274,-2.1357648,-1.7388546,-1.4853058,-1.3381822,-1.3067307,-1.3587954,-1.5075876,-1.5410516,-1.596163,-1.6971745,-1.6445642,-1.8280869,-2.1360803,-2.437715,-2.6416764,-2.560186,-2.2625463,-2.2250128,-2.7759662,-2.9717803,-2.9614718,-2.7765663,-2.4726846,-2.1097612,-1.7649138,-1.7810895,-1.8201365,-2.0489492,-2.2223756,-2.5285888,-2.8501182,-3.293425,-3.9532268,-4.166021,-4.0573463,-3.7072217,-3.3395314,-3.2760873,-2.9622793,-2.3329077,-1.2067187,-0.57579494,-0.41050702,-0.4400114,-0.6721984,-1.0578433,-1.8684187,-2.5535676,-2.6976085,-2.6607566,-2.6862257,-2.761228,-2.8368707,-2.4765117,-2.3435645,-2.2928557,-2.2426,-2.248668,-2.2674077,-2.267953,-2.176578,-2.0326846,-1.7810943,-1.4220626,-1.0143895,-0.78488433,-0.62035996,-0.39504093,-0.29583055,-0.23934683,-0.12767968,0.009887192,0.11571772,0.2484921,0.38747156,0.4274626,0.34983298,0.13301009,-0.13729905,-0.77887434,-1.247541,-1.7421935,-2.3095155,-2.8850982,-2.9649434,-3.105931,-3.1279936,-3.203782,-3.346962,-3.5638378,-3.7707887,-3.906002,-4.003482,-4.206274,-4.470619,-4.65523,-4.8731337,-4.935999,-5.51146,-5.5115595,-5.511539
-2.7782025,-1.560318,-2.8792558,-3.091949,-3.1413217,-3.010798,-2.8847804,-2.7844863,-2.7903123,-2.6398816,-2.559556,-2.317517,-2.2198806,-2.251239,-2.2940745,-2.6050067,-2.9632154,-3.028727,-2.9800677,-3.0493207,-3.1223927,-3.2172627,-3.4117122,-3.2979817,-3.1587107,-3.0169613,-3.086052,-3.0802228,-3.093336,-3.072125,-3.0370307,-3.032835,-2.966999,-2.8004353,-2.5948215,-2.3174472,-2.1990218,-2.2558575,-2.581417,-2.8316426,-2.9962006,-2.9378433,-2.664803,-2.1020484,-1.5659037,-1.4509528,-1.3535568,-1.2530098,-1.2752789,-1.3259904,-1.4378808,-1.5803089,-1.6744576,-1.8373859,-2.0697246,-2.3412468,-2.5261698,-2.461164,-2.2702847,-2.5983062,-2.6366415,-2.2662067,-2.3298447,-2.4640586,-2.5812438,-2.5750992,-2.6114507,-2.5292802,-2.5269024,-2.7923064,-2.8347807,-2.8409014,-2.8175914,-2.8231807,-2.6933255,-2.6665592,-2.824729,-2.8438537,-2.6253886,-2.4461024,-2.512941,-2.6687388,-2.7328007,-3.0144732,-3.5166855,-3.700264,-3.7716224,-3.8862128,-3.9019947,-3.9055097,-3.86415,-3.816009,-3.8006065,-3.836148,-3.9524446,-4.0914335,-4.367462,-4.7984405,-5.049241,-5.1366367,-5.1698275,-4.7774096,-4.3581567,-3.8597856,-3.656477,-3.7432024,-4.0490932,-4.2323055,-4.3908453,-4.5920024,-4.526277,-4.4551067,-4.188477,-3.6303296,-2.7847593,-0.70021784,1.0510017,1.8382688,2.404555,2.443508,2.1955266,1.7322072,1.1134851,0.36913556,-0.91001976,-2.490857,-3.9153285,-4.59442,-4.530877,-4.272526,-3.6848514,-3.3618011,-3.0290802,-3.0740092,-3.535968,-3.7254646,-3.6938605,-3.7110486,-3.7192147,-3.7785654,-3.79948,-3.8185928,-3.8017821,-3.619597,-3.3719802,-2.9831626,-2.54186,-2.0799932,-1.919003,-1.7053874,-1.4314506,-1.2392097,-1.052815,-0.77155435,-0.57803965,-0.47449994,-0.49139094,-0.5168303,-0.7436857,-0.9830599,-1.6960611,-2.6304507,-3.7663178,-4.031749,-3.9548645,-3.6594765,-3.2918067,-3.110558,-2.9469504,-2.7461934,-2.485563,-2.455409,-2.440137,-2.6287813,-2.780414,-2.7291296,-2.5843434,-2.5217817,-2.3864002,-2.309596,-2.2929506,-1.4727442,-1.4726806,-1.4726548
-1.3808812,0.3915102,-1.4967825,-1.1976007,-1.0255228,-1.1551222,-1.2129899,-1.2927171,-1.3689787,-1.7036415,-1.8862338,-1.8526082,-1.6724141,-1.5241064,-1.3326395,-0.9197514,-0.72628456,-1.1786883,-1.2834353,-1.2321655,-1.0848999,-0.70866317,0.43293464,1.7840347,2.3864646,2.3077462,1.8394327,1.2681427,0.89580506,0.7109345,0.36991867,0.124377266,0.023667201,0.18737435,0.35313618,0.575868,0.7522918,1.0231316,1.2406011,1.2447932,0.9534154,0.5156077,-0.007072538,-0.4834591,-0.8981414,-1.0319602,-1.0771043,-1.0884864,-1.1020374,-1.034821,-1.0547901,-1.1540694,-1.1981294,-1.3748858,-1.3881922,-1.3381282,-0.9532186,-0.34267408,0.39900964,0.11944395,0.58941895,0.50361776,0.46572635,0.43497792,0.19937712,0.15640494,-0.20824009,-0.2674471,-0.2550211,-0.6086075,-0.69091105,-0.79107094,-0.8111738,-0.803032,-1.1073228,-1.0156778,-1.2313291,-1.4061291,-1.3129122,-1.1972256,-1.2835627,-1.3606559,-1.4370081,-1.6088412,-1.9721351,-2.194456,-2.147119,-1.7194135,-1.5027893,-1.3388677,-1.3428969,-1.4487913,-1.4969702,-1.5949041,-1.4891491,-1.3330386,-1.1785021,-1.3015069,-1.5828674,-1.1827307,-0.5128367,0.47626442,1.0852969,1.6243172,1.7028434,1.6499598,1.2070696,0.5623752,0.36787394,0.31497434,0.43019223,0.5305873,0.6888345,0.93027306,1.2512,1.6627996,2.023446,2.2462466,2.400688,2.60606,2.6175094,2.3859327,1.81604,1.1153103,0.38157886,-0.48798648,-1.2012432,-1.479773,-1.1507213,-0.43257493,0.3077207,1.02923,1.3013918,1.0947791,0.4590563,-0.35421294,-0.77959895,-0.8688445,-0.9383677,-1.0044721,-1.0382918,-1.0542781,-1.0811677,-1.109956,-1.1254815,-1.0314136,-0.940407,-0.9275787,-0.97221553,-1.0261681,-1.1399009,-1.2221137,-1.2866528,-1.3046051,-1.1685658,-1.0501168,-0.9826965,-0.911166,-0.7261082,-0.41769302,-0.4075394,-0.3797131,-0.38539234,-0.261646,0.14976725,0.6762591,1.3637167,1.8469716,2.1145039,2.166445,1.9515061,1.698586,1.5911552,1.3295466,1.2496946,1.1301507,1.1300147,1.2140913,1.0866542,0.8095547,0.5652008,0.44131655,0.44154853,0.44155046
1.2527779,-0.7254996,1.1397636,0.92087346,0.33413553,0.18457526,0.120026946,-0.17147082,-0.52203333,-0.67976344,-0.9304307,-0.91735786,-0.53712666,0.008978337,0.00600335,0.31877047,0.86819637,1.495738,1.8497024,1.8900137,1.8171477,1.6076701,1.2004671,0.065744966,-0.62779796,-0.75006294,-0.51207954,-0.37733233,-0.23010668,-0.19402225,-0.13633843,-0.13185112,-0.18609679,-0.41011477,-0.5893235,-0.859815,-0.94628215,-0.989918,-0.8871901,-0.7830103,-0.5241308,-0.14683257,0.32580602,0.70879626,0.76064354,0.70642245,0.5295365,0.37570795,0.28571928,0.25760233,0.24703526,0.172681,0.05363691,-0.08828986,-0.31476426,-0.58530325,-0.7675364,-1.1405984,-1.6235206,-2.6162128,-3.0549083,-2.8616335,-2.6513443,-2.357191,-1.7176011,-1.5607078,-0.96042776,-0.5742992,-0.40006715,-0.00016602874,-0.04709339,0.06259623,-0.09587875,-0.014376074,-0.28676963,-0.4153844,-0.5806633,-0.8349769,-0.84636796,-0.8154841,-0.6651575,-0.6575897,-0.78029,-0.6517267,-0.2704093,-0.06585728,-0.33405623,-0.6855655,-0.7846732,-0.86611605,-0.89943135,-0.8978986,-0.93858224,-0.9156575,-0.91050076,-0.9261364,-0.94403434,-0.73799694,-0.19698218,0.0762002,-0.33433378,-1.6197069,-2.0796852,-2.220012,-1.9565403,-1.630786,-1.0415642,-0.10342185,0.65526485,1.4081895,1.5520957,1.5136981,1.2751206,0.89225495,0.26132786,-1.1892477,-2.3498292,-2.8141823,-2.6527624,-2.3567872,-2.3060052,-2.4114108,-2.2761662,-1.7885317,-1.1469829,-0.2984049,0.4765433,1.4068801,1.5047989,0.13934076,-1.1606517,-1.3322535,-1.1174946,-0.71211827,-0.0036314726,0.79383636,1.2844331,1.2681994,1.2037125,1.1857662,1.1579612,1.1259608,1.016985,0.7694917,0.5401381,0.48831618,0.69796,1.1181916,1.4401704,1.704638,2.0441844,2.2503405,2.3538895,2.4400535,2.414978,2.4092484,2.3978639,2.333623,2.0273144,1.65091,1.2478456,1.0108503,0.82354295,0.55297947,-0.12601532,-1.0078155,-1.8882649,-1.9037733,-1.7760466,-1.5290504,-1.2763584,-1.3361828,-1.5478768,-1.4003187,-1.4041593,-1.3229282,-1.3830484,-1.4100928,-1.2521809,-1.1369907,-1.145425,-0.8139415,-0.81378174,-0.8137743
-0.80434716,0.75790095,-0.894235,-1.2948209,-1.5167446,-1.7769635,-1.9091957,-2.0348234,-2.144668,-2.1898136,-2.0129347,-1.5213984,-1.1059587,-0.7804647,-0.8615093,-1.2942134,-1.853962,-2.2380905,-2.3467422,-2.392448,-2.458741,-2.4182112,-2.3419952,-1.3528823,-0.24707966,0.1462743,-0.15916571,-0.32244602,-0.41050768,-0.37874812,-0.45356458,-0.41672707,-0.21061406,0.25934443,0.7303912,1.1886201,1.1929415,0.8721488,0.3453693,0.07555848,-0.21124789,-0.3030211,-0.6257227,-1.0816834,-1.4567201,-1.6605916,-1.825667,-1.6833107,-1.6013515,-1.5776762,-1.6015567,-1.6574693,-1.7016592,-1.7603385,-1.9396256,-2.1773522,-2.2662706,-1.959066,-0.85631543,-0.13136175,0.22672062,0.55609894,0.54598933,0.6157433,0.101412684,-0.06933158,0.5211361,0.6931197,0.51871663,0.17641121,-0.0015725791,0.09498212,0.47072753,0.56950796,0.50622034,0.13598743,-0.3548029,-0.45356122,-0.1906854,-0.049565688,-0.21181493,-0.3609546,-0.3901531,-0.8823092,-1.9852486,-2.480846,-2.6494937,-2.4765592,-2.3726487,-2.2612972,-2.1549268,-2.0470486,-1.9321876,-1.9219217,-1.9521294,-2.0232441,-2.1423585,-2.3199637,-2.5046036,-2.7383108,-2.7621603,-2.1979733,-1.909215,-1.5750582,-1.5318307,-1.7014134,-2.1171772,-2.4031422,-2.6161373,-2.9413524,-2.807133,-2.6769266,-2.439333,-2.124505,-1.436055,-0.05400434,0.82853436,0.9506452,0.7683403,0.5274849,0.4780251,0.44407013,0.073641926,-0.38300282,-1.231243,-2.2741742,-2.6473742,-2.5448716,-2.3820968,-2.0212145,-1.9026356,-2.138556,-2.0420787,-1.9864715,-2.2038035,-2.047011,-2.2099147,-2.4230843,-2.5541239,-2.6707535,-2.7225847,-2.760385,-2.8099647,-2.8809218,-2.9205427,-2.9362836,-2.8932548,-2.8639393,-2.8608918,-2.7839503,-2.6261299,-2.4719377,-2.3018968,-2.1260982,-1.9104445,-1.7521899,-1.7122086,-1.6783681,-1.7155849,-1.8443505,-2.1053648,-2.3500757,-2.4456952,-2.3153212,-2.1339276,-1.9568458,-1.7364309,-1.6084137,-1.2198845,-1.0723429,-1.0696297,-0.96332616,-0.8684949,-1.0590829,-1.2156732,-1.1526096,-1.0064373,-0.8346721,-0.45775646,0.17344132,0.530299,0.7855365,0.7856443,0.7856143
1.6112988,-5.088501,2.850331,3.8365817,5.7183175,6.358713,6.4711275,6.4789987,6.5119705,6.301424,6.17334,6.4841375,7.09587,7.70294,7.717529,7.627865,7.6168675,7.590344,7.376589,7.261667,7.306529,7.3425183,6.435812,5.067836,4.3061943,4.215969,4.527899,4.479804,4.4453306,4.3250375,4.2708607,4.132992,3.8057237,3.1463046,2.4497695,1.3928713,0.5175772,-0.36890787,-1.0106723,-0.94567263,-0.5643754,-0.1734094,0.038313806,-0.0680902,-0.013544023,0.25176048,0.58622205,0.7265668,0.7771131,0.79322636,0.8274234,0.8613247,0.90731,0.8786941,0.9598437,1.001762,0.8017379,0.35966757,-0.38181764,-0.74645615,-1.1504896,-1.3187351,-1.1803572,-1.0430675,-1.5032625,-1.5045552,-1.966396,-2.0579307,-2.167263,-2.2566705,-2.296186,-2.3672242,-2.3664958,-2.4620636,-2.6575942,-2.6981134,-2.2179117,-1.8938463,-1.8328435,-1.8415669,-1.5069613,-1.3679647,-1.2645597,-1.1859405,-0.8754967,-0.7594272,-0.848615,-0.9021064,-0.9563526,-0.9075077,-0.9797517,-1.1312823,-1.229979,-1.2821524,-1.1868303,-0.9856562,-0.5260417,0.44676015,1.5265611,1.9090276,1.5273354,0.428326,-0.6404778,-1.503955,-1.5592763,-1.0959344,-0.22604357,0.7278942,1.3520768,2.0628936,2.3736792,2.4949718,2.6040568,2.6813164,2.441825,1.7741854,0.8218796,-0.21765336,-0.5557556,-0.5700513,-0.44106835,-0.48465663,-0.60755676,-0.4723392,0.23495688,1.6228333,3.2916138,4.279807,4.1135035,3.3079762,1.9782875,0.59784365,0.043480158,0.4979192,1.5643075,2.7495213,2.9290423,2.8593006,2.7787232,2.686003,2.606793,2.5357747,2.3372393,1.893045,1.4080338,0.9810811,0.865144,1.0391836,1.2902924,1.5440416,1.807632,1.8960109,1.8955088,1.7760347,1.638419,1.5564,1.5135791,1.5055456,1.4972926,1.551447,1.872381,2.327682,2.8968313,2.9778776,2.6154728,1.8735753,0.054513186,-1.1112766,-1.8191781,-2.077377,-1.7465792,-1.5343664,-1.8651017,-1.9419966,-1.8076113,-1.7317638,-2.0694828,-2.5831923,-2.9057577,-3.0598698,-3.1016695,-5.3127117,-5.31221,-5.3123045
-1.728159,0.05992372,-1.6651744,-1.3016353,-0.822894,-0.8269826,-0.9283473,-1.0210624,-0.8780922,-0.6189967,-0.10560723,0.45795822,0.9394652,1.1624299,1.0992639,1.2066414,1.6975789,2.1917756,2.3970468,2.3279326,2.1295261,1.8917251,1.2343876,0.098266914,-0.17462604,-0.22569424,-0.35942018,-0.34019426,-0.23369828,-0.15988657,0.041884467,0.1887595,0.25803128,0.14133358,-0.091921136,-0.4051994,-0.53205246,-0.42865282,0.08978243,0.5362813,0.54321504,0.21127048,-0.3255327,-0.74294484,-0.58964765,-0.27545232,0.07871434,0.24729995,0.43195277,0.4809516,0.538867,0.7695178,0.9272608,1.2550969,1.4896691,1.6838372,1.5789396,1.0781776,0.77057743,1.3211417,1.6956669,1.7591207,1.8459785,1.5228055,0.7763815,0.48903742,0.25942895,0.10991179,0.07082022,-0.12250686,-0.087881625,-0.042724375,-0.080773145,-0.09913909,-0.0349859,-0.034390375,-0.0031033382,0.55048615,1.4252222,2.1307454,2.6410775,2.7510872,2.7645407,2.9931316,3.2445893,3.3351917,3.1391296,2.9825184,3.0021224,3.125247,3.200799,3.137147,3.1739879,3.2998028,3.6181738,3.7936897,3.866002,3.920084,4.036233,4.087634,3.720987,3.289566,3.6912944,4.256491,4.4226575,4.4600167,4.255403,3.7800117,3.478156,3.788471,3.9876513,4.0261307,3.960968,3.767641,3.5100899,3.5677938,4.2371917,4.789039,5.2439523,5.524337,5.531523,5.4465413,5.2058616,5.1226354,5.406617,5.471812,5.049619,4.5802083,4.1753983,4.0828843,4.5992136,5.196637,5.6107116,5.5951233,5.2456307,4.5737944,4.425098,4.5655675,4.6810236,4.761331,4.809688,4.847991,4.9227843,5.135435,5.389115,5.6569767,5.784416,5.7046237,5.589284,5.447962,5.1618357,4.9331045,4.7962847,4.605523,4.509165,4.48024,4.4970784,4.507283,4.463666,4.4636106,4.510182,4.737777,5.0974193,5.245731,5.278081,5.414171,5.9312615,6.2730865,6.507345,6.607558,6.436698,6.255211,6.0894985,5.741719,5.4822564,5.292133,4.904501,4.375031,3.957141,3.6108127,3.4455667,0.16403744,0.16296437,0.16316059
-5.873351,-4.980185,-5.848097,-5.987492,-6.1674128,-6.071172,-5.9653454,-5.815057,-5.813365,-5.774517,-5.809497,-5.718611,-5.6029806,-5.2408514,-5.1343565,-4.918129,-4.902061,-4.835293,-4.7468753,-4.7326565,-4.6941113,-4.6808577,-4.5136423,-4.128085,-4.133413,-4.278651,-4.2735806,-4.222888,-4.225919,-4.266864,-4.332557,-4.4113464,-4.442003,-4.3832746,-4.23633,-4.0442657,-3.9187346,-3.8554788,-3.9788108,-4.0887847,-4.1043344,-3.932045,-3.502262,-2.9958167,-2.8526187,-3.0017855,-3.3083634,-3.4660072,-3.6003218,-3.661323,-3.709538,-3.8380642,-3.9544017,-4.1651754,-4.4405155,-4.7254934,-4.8816605,-4.740975,-4.882946,-5.8599796,-6.1764355,-6.2871623,-6.4202576,-6.572458,-6.4742746,-6.4071035,-6.325424,-6.3060455,-6.259074,-6.2006145,-6.189872,-6.1244946,-6.1399064,-6.0791445,-5.905794,-5.8343725,-5.7679377,-5.5986443,-5.488882,-5.3891573,-5.252535,-5.2944016,-5.2845283,-5.285451,-5.246355,-5.203364,-5.0360575,-5.0541086,-5.198023,-5.4356174,-5.4830675,-5.5058455,-5.6185317,-5.722684,-5.9832077,-6.2112484,-6.468602,-6.773846,-6.710045,-6.4240475,-6.2620497,-6.074423,-5.831412,-5.5362372,-5.2795844,-5.166814,-5.166449,-5.0100346,-4.9700127,-5.45732,-5.8541794,-6.0633745,-6.37301,-6.6199684,-6.7601433,-6.694228,-6.29422,-5.8283625,-5.407708,-5.1773443,-5.304307,-5.418172,-5.393417,-5.2231836,-5.474905,-5.960746,-6.263193,-6.101128,-6.103706,-6.510742,-6.6303554,-6.291243,-5.911769,-5.774797,-5.7808127,-5.6956844,-5.4657598,-5.4257574,-5.4532175,-5.5098658,-5.574628,-5.6512594,-5.755375,-5.902273,-6.005802,-6.054723,-6.0265555,-5.9575953,-5.9307294,-5.9196157,-5.864859,-5.786029,-5.7026176,-5.523034,-5.398407,-5.3281364,-5.2857604,-5.240987,-5.2734294,-5.3659453,-5.658384,-5.9478917,-6.335309,-6.5504427,-6.735091,-6.861852,-6.7909427,-6.541443,-6.409757,-6.400398,-6.5467086,-6.720154,-6.6862564,-6.767338,-6.8305826,-6.8893995,-6.836626,-6.7594385,-6.697427,-6.70733,-6.647811,-4.8951664,-4.894565,-4.8946443
