0,1,2,3,4,5,6,7,8,9,10,11,12,13,14,15,16,17,18,19,20,21,22,23,24,25,26,27,28,29,30,31,32,33,34,35,36,37,38,39,40,41,42,43,44,45,46,47,48,49,50,51,52,53,54,55,56,57,58,59,60,61,62,63,64,65,66,67,68,69,70,71,72,73,74,75,76,77,78,79,80,81,82,83,84,85,86,87,88,89,90,91,92,93,94,95,96,97,98,99,100,101,102,103,104,105,106,107,108,109,110,111,112,113,114,115,116,117,118,119,120,121,122,123,124,125,126,127,128,129,130,131,132,133,134,135,136,137,138,139,140,141,142,143,144,145,146,147,148,149,150,151,152,153,154,155,156,157,158,159,160,161,162,163,164,165,166,167,168,169,170,171,172,173,174,175,176,177,178,179,180,181,182,183,184,185,186,187,188,189,190,191
11.896221,11.987258,12.01548,12.033396,11.991804,11.999828,11.234554,11.728949,11.517546,10.920109,10.364953,9.9481,9.641272,9.212442,9.0379305,9.286938,9.585286,9.633948,9.933826,9.750246,9.999721,10.993058,11.4304695,11.547951,11.611483,11.6450405,11.684712,11.657013,11.654387,11.716679,11.572382,11.569237,11.3232,11.200126,10.666922,10.24226,9.661024,9.084139,8.734662,8.584849,8.153553,6.963103,4.57946,3.6174214,2.906135,2.434486,1.6110661,0.68895423,-0.10160826,-0.26967362,-0.27775452,-0.61872566,-0.8839133,-0.55916464,-0.26328635,-0.028698176,-0.109716475,-0.7390388,-1.1512778,-1.4592688,-1.7528481,-1.9399452,-2.0731926,-2.1080036,-2.126716,-2.131668,-1.9063395,-1.2087636,-1.0151635,-0.36952958,0.34058034,0.19065306,-0.52079284,-0.8436222,-0.33345446,0.43107688,0.5872153,0.4086328,0.22247493,-0.029959157,0.41068196,0.7128131,0.8037001,0.8521273,0.7192929,0.39130354,0.43534333,1.2880447,1.7959266,2.714573,4.032284,5.6634684,6.4111767,6.41681,5.3806233,3.7655864,3.1751404,2.2996075,0.99855727,0.8798774,1.4407877,1.8431919,1.8644922,2.0616364,3.0868752,4.198616,3.8587062,2.9089289,1.9517539,0.9462908,-0.022795975,-0.2660034,-0.087408915,0.0818986,0.18616778,0.1373046,-0.1312708,-0.18890274,-0.08189237,0.12659577,0.35327244,2.7260206,5.2146964,5.5624914,4.107205,2.3495464,1.5490193,0.9807701,0.9222696,1.2871988,0.882981,0.10313916,-0.4117186,-0.4974418,-0.3394415,-0.2299958,-0.023010392,0.04371416,0.010706559,0.0062387288,-0.06723778,-0.16916943,-0.23816985,-0.34318918,-0.3258578,-0.261277,0.02838543,0.19980685,-0.10472837,-0.25297078,-0.3542803,0.02244249,0.2683776,0.3924703,0.47008646,0.57945675,0.6329824,0.771007,1.1340548,1.204771,1.7702556,1.2243724,0.68078464,0.27777812,0.26846868,0.16483366,-0.044819057,-0.0120714605,0.035042062,0.012973309,0.12077333,0.30305883,0.49676326,0.7810751,1.3840156,2.181975,2.4366813,3.26472,4.112371,5.2853956,6.888995,8.332324,9.4442835,10.114379,10.934081,11.710266,11.813531,12.075415,12.29833,11.234087,11.234143,11.234182
-2.699198,-2.7023587,-2.6965508,-2.6990643,-2.749147,-2.725329,-1.8104415,-2.6964345,-2.699884,-2.7499247,-2.79841,-2.7647057,-2.7004333,-2.5886831,-2.5193434,-2.5046291,-2.6991851,-2.8473902,-2.9727335,-2.9877722,-3.029366,-3.1922812,-3.242896,-3.2630625,-3.2312675,-3.180606,-3.1565263,-3.1649656,-3.1769977,-3.1909351,-3.2181582,-3.2546537,-3.2508314,-3.2737699,-3.3014908,-3.2379699,-3.1916175,-3.0192065,-2.8146496,-2.7715812,-2.6835227,-2.5560665,-2.6103806,-2.580326,-2.417494,-2.3703172,-2.3035083,-2.0953321,-1.7480983,-1.4626163,-1.2069466,-1.1959908,-1.3474379,-1.4312797,-1.4963441,-1.531003,-1.4345491,-1.813906,-2.1757965,-2.2782958,-2.2777014,-2.1379833,-1.8938096,-1.6035093,-1.3524921,-1.0312375,-0.6760678,-0.04600218,-0.10975617,-0.2872669,-0.41772962,-0.67613703,-0.77391165,-0.85550475,-1.3971567,-1.9239794,-2.0718458,-1.9578986,-1.8150842,-1.718127,-2.0079286,-2.3317096,-2.364804,-2.0684597,-1.7396294,-1.6986561,-2.6569266,-2.5384235,-2.3222408,-2.2883391,-2.314649,-2.4131746,-2.6921778,-2.8371685,-2.6646485,-2.6286216,-2.4889677,-2.3216197,-2.1628752,-2.2898817,-1.8608012,-1.5386015,-0.9414042,-0.456079,-0.35166246,-0.01442489,0.20703562,0.40909547,0.47734514,0.4438635,0.025526345,-0.09151749,-0.063045606,-0.16449131,-0.32773602,-0.47137305,-0.6145786,-0.8140097,-1.1027994,-1.433942,-1.8127096,-3.2285862,-3.2114737,-2.9701884,-2.6062236,-2.0759988,-1.66691,-1.1611725,-0.4870806,-0.15824038,0.13174123,-0.03448382,-0.41323397,-0.8204043,-1.1024129,-1.1202329,-1.1573861,-1.1545848,-1.1585867,-1.185362,-1.2014716,-1.2298394,-1.2821594,-1.2683735,-1.3095299,-1.1744447,-0.8197551,-0.77674586,-1.3328483,-2.0625374,-2.194127,-2.516908,-2.6095366,-2.734923,-2.8219233,-2.9014294,-3.0221868,-3.1552715,-3.5367947,-3.9996896,-3.587125,-3.0321136,-2.8150191,-2.6709614,-2.7741325,-2.610735,-1.7331175,-1.020319,-0.54427296,-0.28552738,0.002461642,0.058776483,-0.0036884248,-0.03171359,-0.09262341,-0.1627337,-0.17426659,-0.28096795,-0.39510784,-0.5927771,-0.8057207,-1.1846336,-1.6226346,-1.6898179,-1.8739241,-2.132476,-2.2178962,-2.201031,-2.1646085,-1.8101691,-1.8102227,-1.8102444
-0.16386285,-0.10902035,-0.026578128,0.008334041,0.07561451,0.15431184,-0.17735335,0.09536368,0.08000505,0.062358975,-0.04828787,-0.21429658,-0.26425415,-0.4363659,-0.39756194,-0.3843249,-0.40075195,-0.4458722,-0.38707805,-0.28868768,-0.25164014,0.24145746,0.42327818,0.611678,0.85627717,1.0748802,1.066815,1.121094,1.1297289,1.1464269,1.1211928,1.2387232,1.2376864,1.2151875,1.0747347,0.91573036,0.97639704,0.870982,0.69131243,0.7504788,0.76101637,0.5881164,0.51161623,0.5058336,0.355492,0.3509882,0.13859075,-0.14551224,-1.0050557,-1.4715569,-1.6177757,-1.8818641,-2.2381496,-2.634454,-2.742919,-2.4394312,-2.4747143,-2.6431446,-2.7542367,-3.0075767,-3.2034798,-3.3210645,-3.3341045,-3.3403225,-3.3281994,-3.2593699,-3.1145954,-3.0222344,-3.2206316,-3.2415562,-2.677776,-1.9941525,-1.8552103,-1.9965842,-2.1810377,-2.431406,-2.5706296,-2.505917,-2.2944782,-1.3453128,-0.7204499,-0.6560248,-0.87555313,-1.1116259,-1.0582083,-0.4379813,0.5652436,1.6628356,2.0514812,1.6445894,0.7193836,0.1249833,0.062468775,-0.22313865,-0.9393641,-1.6553521,-1.4530522,-1.6739805,-1.5645916,-2.0199158,-2.592583,-2.8515534,-2.9260497,-2.8954391,-2.8664227,-3.0346117,-2.893919,-2.8472328,-2.9028547,-3.049307,-3.2869058,-3.2319818,-3.2235465,-3.0927758,-2.9036539,-2.7634761,-2.6544702,-2.521398,-2.3569374,-2.2823956,-2.061608,-2.242932,-2.474553,-2.637228,-2.5733252,-2.5070553,-2.5818403,-2.7027142,-2.9197605,-2.868063,-2.560919,-2.0300076,-1.75758,-1.6967978,-1.7489644,-1.9121878,-1.9750133,-1.855448,-1.7660627,-1.6449711,-1.569493,-1.4961879,-1.5121446,-1.5925376,-1.6199045,-1.5474472,-0.92716885,0.22118843,1.3974619,2.3511631,3.3504527,3.9867191,3.3596077,3.1926742,2.376592,1.8744739,1.46263,1.1170985,0.35653836,-0.80168545,-1.3846451,-1.5113493,-1.6686952,-2.1568878,-2.4449017,-2.4146812,-2.1775756,-2.0772185,-2.1148963,-2.1680715,-2.214321,-2.2824879,-2.3141103,-2.2489946,-2.0563006,-1.9117364,-1.9401982,-1.9008652,-1.8563085,-1.9535651,-1.987922,-2.0938601,-2.2292633,-2.26965,-2.1046655,-1.9216442,-1.9766444,-1.8046598,-1.5261014,-0.17775576,-0.17763117,-0.17758918
-2.4624574,-2.488916,-2.5124202,-2.5214667,-2.5290508,-2.4306066,-0.28055704,-2.3693287,-2.3824565,-2.4213533,-2.6533546,-2.741383,-2.6615493,-2.5723927,-2.4695463,-2.6018069,-2.7131379,-2.6892502,-2.7744317,-2.647005,-2.7706783,-3.073346,-3.1359138,-3.1528459,-3.0909812,-3.0518644,-3.0301547,-2.9935844,-2.9718137,-2.9232259,-2.957396,-2.987876,-2.9434395,-2.8856122,-2.6457896,-2.4799385,-2.2467816,-1.9626217,-1.7173843,-1.6037716,-1.5002575,-1.1781851,-0.6738336,-0.51263106,-0.5946665,-0.6839846,-0.6331964,-0.3066633,0.018953562,0.1467224,0.03026694,-0.16037428,-0.5316571,-0.7097461,-0.85740346,-0.9159695,-0.9686662,-1.0728326,-1.2006043,-1.2627915,-1.5124896,-1.8466992,-2.0407238,-2.1061902,-2.0636573,-1.9598117,-1.7323148,-0.9056281,-0.4690668,0.06946775,0.11607043,-0.295901,-0.45302647,-0.60736185,-0.94341415,-1.1228932,-1.1461158,-0.92692673,-0.8780042,-0.78644615,-0.84290385,-1.0945014,-1.2359836,-0.94300866,-0.29133832,0.57575405,0.24141088,-0.68931866,-1.050404,-1.4412557,-1.6274478,-1.2313296,-0.9910108,-1.0662174,-1.0799506,-0.9641471,-0.7869005,-0.79984903,-1.2848052,-2.1673903,-2.4646478,-2.6258326,-2.7174506,-2.9100451,-2.9117713,-2.1434925,-1.6133174,-1.150491,-0.9183333,-0.7858709,-0.51181126,-0.35779333,-0.65623575,-0.864308,-1.0216672,-1.0468178,-1.0540643,-1.006999,-0.9874244,-1.0522813,-0.9466714,-1.0445961,-0.8853833,-0.5667905,-0.49763864,-0.21575996,0.23748577,0.7639225,1.3723354,1.9196362,2.3427963,2.0245645,1.8611944,1.7517884,1.6883578,1.1344237,-0.012290187,-0.5004638,-0.6976375,-0.8235446,-0.8776621,-0.8810225,-0.9190544,-0.92207104,-1.045015,-0.8676412,0.11330973,1.322825,1.5366108,0.7995614,0.32660815,-0.598993,-1.1587305,-1.5066725,-1.8615888,-2.0588827,-2.1663969,-2.120113,-1.6811618,-1.2562126,-1.2992511,-1.3036487,-1.2376709,-1.3469436,-1.3865429,-1.2634906,-1.3751786,-1.4204949,-1.299952,-1.0947536,-0.76607716,-0.5837287,-0.62456775,-0.618526,-0.7225965,-0.79858744,-0.79263306,-0.88351417,-0.933445,-0.99089384,-0.98174834,-1.0766469,-1.2551496,-1.0854839,-0.4766314,-0.053123638,0.011618093,0.21077707,0.16652744,-0.27955356,-0.27987438,-0.27998918
-1.2638307,-1.3217411,-1.3940487,-1.4013526,-1.4802756,-1.5964254,-0.9692049,-1.7252986,-1.7684519,-1.8783276,-1.7868052,-1.6568077,-1.7766616,-1.7008669,-1.7671834,-1.7893189,-1.6234663,-1.5781925,-1.569413,-1.7284563,-1.5610993,-1.2666352,-1.1554317,-1.156736,-1.1860552,-1.237656,-1.2432201,-1.2488286,-1.3007144,-1.3039603,-1.3544769,-1.3085755,-1.3060358,-1.3106358,-1.4530125,-1.5375766,-1.6859134,-1.9561169,-2.2044046,-2.2794588,-2.150278,-1.8878102,-1.3856971,-1.0051022,-1.0236671,-0.9902598,-0.81782454,-0.8744197,-1.0754516,-1.1660599,-1.0978537,-0.96234375,-0.5688253,-0.37024024,-0.5559005,-1.2835349,-1.5459358,-1.6062838,-1.5790468,-1.0641977,-0.2938325,0.5757806,1.1207278,1.3699696,1.3598995,1.3221563,1.1682072,0.4280232,-0.16652851,-0.78518593,-0.4546246,-0.39932567,-0.68202436,-0.97115445,-0.91451406,0.18495607,1.7816958,3.0326693,5.097877,8.007747,9.533143,10.557748,11.085134,11.492454,11.45678,10.146678,7.110788,1.6508886,-0.38319433,-0.7304219,-0.3028492,-0.2754941,-0.77032304,-0.97439456,-0.84675616,-0.5320012,-0.31242278,0.14424492,0.21856724,0.45549682,0.26783848,4.015118e-05,-0.44418043,-0.63705367,-0.70244825,-0.7524732,-0.9945612,-1.2390301,-1.4076884,-1.385785,-0.30688637,0.39957303,0.6917332,0.91411364,1.1425842,1.2550184,1.4449339,1.5071872,1.3851328,1.2247231,0.9504471,-0.01263234,-0.8856375,-0.57675624,-0.0047336817,0.6739862,0.945387,1.0902903,1.2916484,1.9001142,2.2766814,3.2112288,4.7106547,6.9715347,8.535294,9.291101,9.718551,9.855212,9.946876,9.977793,9.992943,9.967178,9.922277,9.818035,9.704218,9.554115,9.20798,8.571104,7.5556564,5.662077,3.2011397,1.1170499,0.546585,0.48149937,0.40593785,0.5433967,0.7614287,0.7989587,-0.13806228,-0.85152286,-1.3544494,-1.3741003,-1.3594143,-1.1863582,-0.9102675,-0.5792637,-0.3885299,-0.47169447,-0.48197547,-0.57861483,-0.7205305,-0.73730034,-0.7087823,-0.7466246,-0.7646936,-0.72356457,-0.6639962,-0.68321425,-0.68366295,-0.63557434,-0.74832255,-0.69490707,-0.6201257,-0.96866894,-1.6705154,-1.7921832,-1.6095047,-1.5799127,-1.6883066,-0.96928096,-0.96922463,-0.96921945
-3.1443424,-3.1967132,-3.234251,-3.1820707,-3.1724095,-3.199491,-2.172822,-3.2471247,-3.290835,-3.35841,-3.4649644,-3.3950799,-3.3389134,-3.2852428,-3.2592301,-3.3127527,-3.340893,-3.3179452,-3.2813225,-3.1763554,-3.2034614,-3.1140125,-3.0550797,-3.078497,-3.1095467,-3.1095023,-3.1001189,-3.1429071,-3.0540895,-2.9363804,-2.9817357,-3.00667,-2.9526067,-2.8412561,-2.6315794,-2.5250103,-2.4161015,-2.3361373,-2.3412664,-2.4563322,-2.483362,-2.0177631,-1.3548514,-1.2110894,-1.3081365,-1.3505548,-1.3925781,-1.5483723,-1.2661608,-1.026645,-0.8962395,-0.73233867,-0.2765233,-0.050722092,0.04633981,0.16701603,-0.0090660155,0.24138865,0.31681377,0.058273852,-0.096805364,-0.30849987,-0.5060395,-0.53606224,-0.40254086,-0.27956522,-0.102606416,0.3784559,0.34292945,-0.09613302,-0.8054631,-1.3078403,-1.1549207,-0.7278497,-0.47253796,-0.5701443,-0.7608395,-1.0114641,-1.2530657,-2.0540211,-2.2627046,-1.9489135,-1.5408154,-0.9942368,-0.69572854,-1.00541,-1.3441873,-0.82809925,-0.9035803,-1.1030357,-1.682169,-2.6034622,-3.3577757,-4.0822334,-4.336712,-3.291068,-2.5792093,-1.9065166,-1.0473609,-0.68736655,-0.90796477,-1.3802767,-1.8214765,-2.391089,-2.701824,-2.4655905,-2.0999627,-1.6146388,-0.9658084,-0.40384072,-0.41269872,-0.40811563,-0.3053562,-0.09796262,0.03496918,0.22809863,0.42065597,0.5554379,0.33747417,-0.19335198,-0.97874266,-2.4074476,-2.753861,-3.1000972,-3.1786137,-3.114278,-2.8014076,-2.3515058,-1.8138589,-1.5773304,-1.3013694,-1.2256136,-1.479699,-1.9420692,-2.2767508,-2.2243247,-2.0577917,-1.9387267,-1.7842818,-1.698401,-1.5563271,-1.3400061,-1.1339569,-0.9626708,-0.7653064,-0.53909254,-0.58667517,-1.0692981,-1.6154971,-2.1185408,-2.5797167,-2.6683912,-2.777566,-2.7802625,-2.8561249,-2.883142,-2.8879972,-3.000935,-3.0138066,-2.9364579,-2.9292908,-2.522544,-2.23474,-1.9504817,-1.6219215,-1.2923,-1.1014179,-1.1801889,-1.1728057,-1.18625,-1.2267051,-1.2977384,-1.3398767,-1.3960019,-1.5717481,-1.710281,-1.7322669,-1.8353827,-1.8890365,-1.8332458,-1.7898102,-1.6519957,-1.4055154,-1.1175466,-0.61082274,-0.57906383,-0.7101762,-0.8376238,-0.9522307,-2.1725264,-2.1725478,-2.1725788
-1.1020163,-1.1603028,-1.1606059,-1.1493214,-1.1472595,-1.1701503,-2.8093305,-1.0971605,-1.008415,-0.8494709,-0.7077274,-0.5272213,-0.42882782,-0.3866803,-0.33571392,-0.352651,-0.39842123,-0.42622477,-0.47002986,-0.2666013,-0.455952,-1.1694014,-1.476298,-1.5471292,-1.5790639,-1.5843692,-1.5490487,-1.5100754,-1.4900541,-1.532213,-1.4983835,-1.5500506,-1.4370677,-1.3555387,-1.0661504,-0.8673979,-0.6510444,-0.39254588,-0.11160001,-0.09629068,0.032120824,0.00075268745,0.08151144,0.09741759,0.18658641,0.01847738,0.0105345845,0.5564807,2.4445634,4.323851,5.4919786,6.799841,7.984435,8.297859,8.168255,6.9448686,4.54272,3.5249467,2.7731335,2.798053,2.9232736,3.010301,2.9916472,2.9381325,2.834918,2.6334178,2.3431678,1.776819,1.3860545,0.54962903,-0.6017288,-1.1803052,-1.464476,-1.4380511,-1.4086328,-1.540327,-1.4813352,-1.1002272,-0.42498815,0.11062658,-0.14870557,-0.108847186,0.07371181,0.07165551,-0.21234143,-0.64353883,-0.46372518,-0.84261763,-1.6484481,-2.1678495,-2.1064444,-1.8916641,-1.4830096,-1.1040587,-0.79796416,-0.90285194,-0.7426428,0.09900573,2.207226,3.4496565,3.410083,3.1221166,3.1762443,3.0475686,2.3737822,1.3515334,0.6594935,0.49003193,0.71367425,1.1241115,1.0279711,0.658564,0.7766888,0.7468922,0.5898594,0.5144958,0.4731974,0.344548,0.09700212,-0.18163331,-0.7268957,-1.1266406,-1.2036874,-1.4684122,-1.8271829,-1.7659206,-1.6127886,-1.4257176,-1.2551186,-1.6105101,-1.8516246,-2.1948566,-2.2963128,-2.1572971,-1.9775116,-1.7300533,-1.5570824,-1.5051712,-1.4753107,-1.5091207,-1.503181,-1.4946766,-1.4298596,-1.3157346,-1.23475,-1.265986,-1.6767397,-2.1302676,-2.1030066,-2.041165,-1.9809017,-2.1532176,-2.2580957,-2.2979503,-2.323113,-2.3302388,-2.3734872,-2.5910897,-3.1894407,-3.143816,-2.941382,-2.7668924,-2.5973408,-2.4320827,-2.2906954,-2.1763458,-2.0153153,-1.7910409,-1.7183652,-1.7387847,-1.8512454,-1.9588311,-2.0195508,-2.1863487,-2.411306,-2.6187806,-2.624391,-2.690007,-2.7716374,-2.7882857,-2.7802343,-2.926187,-3.104474,-3.0787263,-3.0113068,-2.9181175,-2.8995538,-2.813359,-2.6504304,-2.8098488,-2.8095558,-2.8094757
-0.92921805,-0.99629056,-1.0862644,-1.1193792,-1.2293003,-1.2375087,0.6937596,-1.2112683,-1.2217835,-1.2905588,-1.4360074,-1.4754654,-1.4616523,-1.2798387,-1.2184289,-1.2946987,-1.4414208,-1.3930664,-1.491875,-1.532681,-1.6294484,-1.7943048,-1.8577633,-1.944309,-2.0043259,-2.0743363,-2.1490552,-2.1787684,-2.1516278,-2.1357205,-2.0895042,-2.0750282,-1.9910058,-1.9396633,-1.7109212,-1.5265824,-1.4502383,-1.3853881,-1.3093265,-1.3207772,-1.4211801,-1.2672062,-0.92789197,-0.91443324,-0.88300467,-0.7555068,-0.29780507,0.43891835,0.7122754,0.59370655,0.34815097,0.44242346,0.3540539,0.6331312,0.9528501,1.3294826,1.5314522,1.5620301,1.5753253,1.4675525,1.2745173,1.1129155,1.3289349,1.8086717,2.391597,3.459245,5.0578914,8.136984,9.56509,10.833883,10.519648,8.847469,7.291333,6.1360893,4.5177355,3.3143122,2.3602626,1.6131179,0.89159524,0.42557213,0.093107104,-0.41242766,-0.58066756,-0.24045962,0.39803565,0.5613945,-0.3534432,0.06486496,-0.06864312,-0.33206788,-0.43735868,-0.5765565,-0.76123387,-0.72447973,-0.2976581,0.25401753,0.66897136,1.1050537,0.6763411,-0.22732762,-0.2045534,0.009776086,0.24565914,-0.051038034,-0.84914917,-0.81397855,-0.64184296,-0.35745502,-0.13648742,-0.2974751,-1.0061412,-1.52684,-1.6564307,-1.5319881,-1.3104291,-1.0819988,-0.86023676,-0.42342854,0.05973248,0.35516134,0.924294,1.7595599,3.2167673,4.711549,6.983306,8.210222,8.794131,9.3496685,9.870242,9.826181,9.843153,9.671479,9.570459,9.239439,8.357435,7.0736804,5.2854886,4.2915215,3.729692,3.476408,3.3585148,3.2841706,3.195359,3.1049008,2.6786287,2.4424052,2.5444198,2.7114632,1.6323757,0.69665575,0.0071066916,-1.0078248,-1.503366,-1.6857973,-1.8878052,-1.9631,-1.8411729,-1.4294088,-0.39122212,0.54901564,1.1474762,1.4587227,1.7603663,2.1709554,2.1236358,1.7233588,1.380926,1.2717779,1.3255666,1.5518425,1.9072556,2.0488439,1.9781005,2.0038824,1.9438229,1.860623,1.8162384,1.6349568,1.5171058,1.4812429,1.3724436,1.1103463,1.0142806,1.4276267,1.9498549,1.9840477,2.004131,2.0014687,1.5710075,0.6948057,0.6944152,0.6942922
-0.5693538,-0.6168206,-0.63602877,-0.6340438,-0.63970745,-0.71872914,1.8171406,-0.7238704,-0.69365835,-0.59995466,-0.3696789,0.051123977,0.1567719,0.26168102,0.17813289,-0.027380407,-0.07534754,-0.046625912,-0.07959539,0.027890444,-0.10561836,-0.7162709,-0.9371545,-0.9420563,-0.9702391,-0.9595852,-0.9318645,-0.9206383,-0.9435127,-1.0128989,-1.0227408,-1.0665793,-1.0107785,-0.98227096,-0.84915006,-0.734879,-0.57261676,-0.22340035,0.109544635,0.041200936,0.19829059,0.817647,1.9311719,2.240541,2.9793758,3.0743585,2.9964042,3.963247,5.980207,6.832343,6.93736,6.619932,6.2587223,5.822579,5.3618355,2.9895802,0.86343545,0.51616806,0.358141,0.2222195,0.18524215,0.28428885,0.31265223,0.2597684,0.15773878,-0.0033423454,-0.22624242,-0.52788454,-0.5010749,-0.7323203,-1.1574464,-1.4000002,-1.4930995,-1.4251007,-1.4432659,-1.4308212,-1.3780215,-1.1997151,-0.8139222,-0.89944816,-1.1572404,-1.206373,-1.1625607,-1.2860603,-1.6317191,-2.0060098,-1.8638844,-1.8872657,-2.0242696,-2.0418189,-1.5627542,-1.0001848,-1.0224116,-1.2928061,-1.3160723,-1.3953233,-1.6263032,-0.95627505,-0.16108656,0.4090174,0.8602048,0.98514,0.7728426,0.37177864,0.26526833,0.3561026,0.3691362,0.45091623,0.47089824,0.5732439,0.5694958,0.4137848,0.69044966,0.89823616,1.0507615,1.0908577,1.1862665,1.1556374,1.074766,0.97762424,0.690482,0.36656356,-0.19164148,-0.65634537,-0.649071,-0.3383469,-0.26988712,-0.19959418,-0.04723031,-0.43298793,-0.96478814,-1.5528011,-1.9640648,-2.1133938,-1.9344683,-1.523969,-1.0669829,-1.0028478,-1.0017484,-1.0560834,-1.0695193,-1.0458558,-0.962016,-0.8560848,-0.7671564,-0.8386457,-1.2163352,-1.6294854,-1.8079648,-1.4629322,-1.5676965,-1.992101,-1.8780568,-1.7427244,-1.595099,-1.4895798,-1.3440447,-1.1951137,-1.2589071,-1.0241617,-0.46588543,0.3220529,1.0348465,3.4365802,5.1649756,7.6820507,9.478055,10.121452,10.41464,10.524976,10.599692,10.636036,10.654028,10.552713,10.380366,10.243471,10.298456,10.256767,10.108416,9.861746,9.423699,8.906076,8.209112,7.3356905,5.668379,3.640712,3.1780019,2.3042297,1.9672201,1.8180482,1.817539,1.8173921
-3.6534767,-3.6371825,-3.6008818,-3.5800953,-3.5695941,-3.5988038,-3.8606336,-3.6470523,-3.652601,-3.6767845,-3.581739,-3.4853618,-3.424065,-3.3640223,-3.3130732,-3.2524946,-3.204131,-3.197245,-3.1732376,-3.3180423,-3.244867,-3.2261639,-3.116561,-3.146347,-3.2085707,-3.2720203,-3.3257744,-3.4478512,-3.4928927,-3.4721377,-3.5214734,-3.4988465,-3.5142198,-3.5212722,-3.5988643,-3.634766,-3.7110276,-3.8243885,-3.8925817,-3.9628072,-4.0082684,-3.9122374,-3.7858887,-3.6366396,-3.7944748,-3.8445616,-3.675733,-3.5159283,-3.1234434,-2.6119034,-2.2044294,-1.7522032,-1.0365188,-0.72043765,-1.0353692,-1.7351289,-1.4573348,-0.67651635,0.30411345,1.3424778,2.1140215,2.6548219,3.0035994,3.1699758,3.1810298,3.1065693,2.7910497,1.8010397,0.7811177,-0.9657555,-2.183284,-2.3046455,-1.9977796,-1.7423706,-1.619776,-1.339211,-1.0412184,-0.8738757,-0.04084576,0.6856532,0.7049967,0.8577649,1.0186384,1.0181507,0.85118,0.2685351,-0.7090359,-2.1441343,-2.6307971,-2.5473657,-2.4047325,-2.5968435,-2.7227807,-2.7321794,-2.823222,-3.0508661,-3.112475,-2.86813,-2.5728686,-2.2310412,-2.2930348,-2.499682,-2.7038958,-2.7055073,-2.8821483,-3.1982253,-3.319215,-3.2513862,-3.193875,-3.0176492,-2.4567246,-2.1846025,-2.2751975,-2.4132867,-2.370635,-2.344394,-2.2749934,-2.2442236,-2.2549977,-2.2565043,-2.2442765,-3.2460258,-3.982556,-3.751696,-3.6150985,-3.4025164,-3.2753506,-3.1186144,-2.9718702,-2.860034,-2.6070423,-2.480557,-2.1481204,-1.5578139,-0.9604717,-0.3636486,-0.11277264,-0.1434983,-0.17404333,-0.19035879,-0.21746692,-0.21756116,-0.15510502,0.066554725,0.2532807,0.4285881,0.1931848,-0.23533979,-0.6776289,-1.6241105,-2.3256712,-2.6658835,-2.736729,-2.795313,-2.715077,-2.6075187,-2.5452504,-2.5927029,-2.7944913,-2.757815,-2.7759676,-2.5841982,-2.5681098,-2.6686974,-2.6337295,-2.317936,-2.210526,-2.363529,-2.5422068,-2.6972852,-2.939266,-3.1014893,-3.2017288,-3.3819098,-3.6293378,-3.8061407,-3.8078153,-3.8957977,-3.9392776,-3.9204903,-3.8234992,-3.5561383,-3.20977,-3.2476506,-3.559277,-3.7387712,-3.6729019,-3.7054706,-3.84156,-3.8609285,-3.8607798,-3.8607414
-1.5249934,-1.525564,-1.5290432,-1.5647728,-1.5943081,-1.5323246,-1.4704304,-1.4883744,-1.4736208,-1.4071329,-1.4742177,-1.6968007,-1.730835,-1.7769861,-1.7657013,-1.7589147,-1.6719196,-1.6127965,-1.6108282,-1.496012,-1.484405,-1.174345,-1.1370889,-1.0537133,-0.84342396,-0.6174519,-0.6776479,-0.6312766,-0.5831109,-0.63405013,-0.6385859,-0.5457917,-0.6603537,-0.7202625,-0.8613037,-1.0100173,-0.98668826,-1.1300132,-1.2076972,-1.1109669,-0.9838749,-1.0364774,-1.0880268,-0.9844604,-1.0635501,-1.0251958,-0.9201659,-0.8547725,-1.1305971,-1.3003812,-1.4221119,-1.3483049,-1.339734,-1.3359941,-1.2209257,-0.7925716,-0.317881,-0.2714521,-0.4918885,-0.82097805,-1.1490597,-1.494743,-1.735978,-1.9262896,-2.0087936,-2.0250902,-1.9614646,-1.743398,-1.5134683,-0.953957,-0.5848901,-0.56285113,-0.5239295,-0.69934803,-0.9736446,-1.2704854,-1.177468,-0.8503375,-0.71027076,-0.3040856,-0.0047940942,-0.0017407537,0.049898747,0.49194893,2.301425,6.3544044,9.713385,11.631014,11.629328,11.376486,10.23822,8.140531,6.5167828,5.142069,3.302477,-0.082440436,-0.81809336,-1.6895701,-2.239598,-2.0426445,-1.9916062,-1.8082325,-1.3710084,-0.9582712,-0.88452065,-0.9250763,-0.6653871,-0.4182593,-0.286506,-0.27502966,-0.34447557,-0.59278595,-1.0958426,-1.4911613,-1.8280051,-1.9994586,-2.1885753,-2.3229938,-2.4065032,-2.3386316,-2.1181328,-2.0527277,-1.7240539,-1.700824,-1.6821448,-1.6201524,-1.455635,-1.2687536,-1.1267382,-0.94360137,-0.48749366,-0.19873142,-0.49412844,-0.84378153,-1.2653929,-1.6078982,-1.9964343,-2.0728178,-2.0675604,-2.0299907,-2.0166147,-2.0232737,-2.063212,-2.0539355,-2.052715,-1.9420799,-1.3986286,-0.75792253,-0.27958244,-0.06529578,0.790547,1.6221573,1.0207449,0.6090481,-0.023498513,-0.4261074,-0.8557236,-1.3451355,-1.9688885,-2.5267625,-1.8779153,-1.5664107,-1.5771265,-1.9390088,-2.1592302,-2.1886897,-2.0586605,-1.759959,-1.6328579,-1.5415069,-1.3934873,-1.2887187,-1.2921603,-1.239973,-1.2967813,-1.4773803,-1.562258,-1.7169377,-1.808095,-1.8259921,-1.7568419,-1.8680784,-2.088642,-2.2670784,-2.3483462,-2.4197614,-2.4219625,-2.3137057,-1.8798628,-1.4703388,-1.4703029,-1.4703004
-3.5024943,-3.544887,-3.5443015,-3.5251098,-3.5030606,-3.535713,-4.813585,-3.4310014,-3.345225,-3.0870485,-2.87205,-2.7212777,-2.56153,-2.548431,-2.491263,-2.5771189,-2.6942353,-2.7241807,-2.839716,-2.67859,-2.8763287,-3.494229,-3.690405,-3.7670722,-3.840115,-3.876882,-3.8651938,-3.9065897,-3.9114094,-3.916409,-3.9030566,-3.9673238,-3.8535306,-3.8011055,-3.4770362,-3.2025828,-2.8523793,-2.3216095,-1.9674239,-1.8101339,-1.607424,-1.4165583,-1.2040299,-1.0703403,-1.0620002,-1.2096608,-1.2874666,-1.3556527,-0.87720543,-0.15936862,0.38464022,1.0511291,1.9519749,2.078846,1.5361245,-0.29905614,-1.1774968,-0.8311603,-0.2341021,0.052216105,0.21191171,0.3379863,0.3758639,0.3835519,0.32405108,0.1279899,-0.25950933,-0.93580675,-1.3741145,-2.258348,-3.210442,-3.2345498,-2.8025708,-2.4055946,-2.1850677,-2.3358815,-2.429214,-2.3410969,-1.9203525,-1.2986242,-1.3055733,-1.2645175,-1.1903019,-1.3328931,-1.7303058,-2.067851,-2.071913,-2.79849,-3.057388,-3.252411,-3.5490363,-4.042619,-4.2611294,-4.1261654,-3.8406117,-3.6353505,-3.446053,-3.0173075,-2.1417346,-1.616363,-1.6425078,-1.8172405,-1.9257538,-1.8298743,-1.8388864,-2.188084,-2.1910667,-1.9348273,-1.5606582,-0.82749736,0.4155275,1.0637696,1.2373176,1.0362263,0.6535405,0.40883368,0.17168573,-0.23387486,-0.8617548,-1.3498912,-1.9970908,-3.209117,-4.799939,-5.2171774,-5.4875627,-5.474256,-5.3998322,-5.2872715,-5.199523,-5.155192,-4.937133,-4.686785,-4.456797,-3.858311,-3.4155755,-3.161684,-2.9644074,-2.8251424,-2.7415957,-2.74486,-2.735776,-2.7485194,-2.715931,-2.6298008,-2.557468,-2.5955353,-3.0070016,-3.3233929,-3.1151352,-2.8929942,-2.8712485,-3.0453463,-3.1262202,-3.1478791,-3.0979881,-3.089561,-3.1766067,-3.505176,-4.2527504,-4.704282,-5.337911,-5.3262825,-5.281047,-5.364983,-5.263216,-4.786597,-4.3001156,-4.0965104,-3.9847097,-4.014971,-4.140434,-4.2442484,-4.3005524,-4.412675,-4.553269,-4.7078447,-4.7154975,-4.7822967,-4.8978643,-5.0220304,-5.1022444,-5.0565243,-5.0020785,-4.93602,-4.7677026,-4.7401695,-4.789774,-4.8578267,-4.799159,-4.814026,-4.813762,-4.813695
-2.6214976,-2.6070218,-2.5912123,-2.5669074,-2.5415893,-2.5178463,-3.7014716,-2.4953327,-2.4762192,-2.4667323,-2.3491642,-2.1934497,-2.1783547,-1.9168199,-1.8645177,-1.7571329,-1.5827773,-1.6184976,-1.6529851,-1.6633358,-1.5781715,-2.0881834,-2.1508722,-2.2485015,-2.3611333,-2.3722162,-2.3757594,-2.489901,-2.5352418,-2.591391,-2.610259,-2.6831949,-2.6854203,-2.6044855,-2.6346667,-2.6216826,-2.6084692,-2.6030478,-2.5504751,-2.7142794,-2.8002098,-2.8942695,-2.8352323,-2.688362,-2.674587,-2.677744,-2.491094,-2.4216976,-1.874547,-1.1970501,-0.6537484,0.047673695,1.1901302,2.146518,2.2688637,2.4932115,3.5613728,5.7457304,8.19573,9.642285,10.481098,11.032276,11.224594,11.317991,11.34863,11.268615,11.010189,9.724666,8.310218,5.5613956,1.7343606,-0.3308996,-0.80872655,-0.63334984,-0.67253613,-0.9183494,-1.0449526,-1.0715946,-0.93094397,-1.0196948,-0.92673033,-0.298552,0.25061324,0.6101173,0.5967749,0.0067765415,-0.6540685,-1.4289135,-2.0007806,-2.1776597,-2.0594487,-2.081035,-2.369042,-2.7490327,-3.0681639,-3.3717432,-3.3875854,-3.093934,-2.1952841,-0.79630154,-0.43532193,-0.5251465,-0.78774655,-1.1372064,-1.3658246,-1.4569259,-1.6454233,-1.6400508,-1.5226415,-1.3743949,-1.0969608,-0.84580195,-0.63539124,-0.5829197,-0.57322675,-0.5919764,-0.5377788,-0.5652462,-0.7320255,-0.8690784,-1.0720677,-1.6571705,-2.288209,-2.561523,-3.1040058,-3.4073248,-3.2896554,-3.1764855,-2.9608502,-2.9779663,-2.9240565,-3.1529057,-3.1591663,-2.5511723,-1.4642856,-0.47473723,0.16126868,0.35161638,0.42955366,0.44087604,0.4147804,0.3809663,0.40062594,0.6312712,0.91323227,1.1458448,0.7960203,0.04342419,-0.5725583,-1.7749983,-2.466848,-2.9079523,-3.0462587,-3.0445669,-2.951745,-2.7807784,-2.633892,-2.6269684,-3.2248464,-3.4634142,-3.1009307,-2.7907755,-2.6002195,-2.387636,-2.2409482,-1.813376,-1.5707529,-1.6125314,-1.7505614,-1.8625798,-2.0440516,-2.1105359,-2.1256473,-2.2091231,-2.3780792,-2.5666118,-2.578261,-2.6085615,-2.6862035,-2.634985,-2.560917,-2.4441028,-2.2766335,-2.1833076,-2.1146917,-2.2145715,-2.068499,-2.2301085,-2.353514,-3.7018485,-3.7016494,-3.7016015
-1.9033519,-1.9199517,-1.8996723,-1.8798394,-1.8581535,-1.9094985,-3.1501408,-1.9186718,-1.913049,-1.8925087,-1.6443636,-1.4988492,-1.5725377,-1.3736949,-1.378478,-1.1990855,-0.9080606,-0.82964945,-0.8062815,-1.1176627,-0.9655117,-1.0425725,-0.8995811,-0.99628365,-1.0795517,-1.1610183,-1.1858633,-1.3579719,-1.4524189,-1.4601618,-1.5593685,-1.5651803,-1.5040454,-1.4699252,-1.6419387,-1.6620095,-1.7160947,-1.7775017,-1.873583,-1.996093,-2.2435513,-2.2610555,-2.172639,-2.223235,-2.1728816,-1.9727625,-1.5815215,-1.5462844,-1.8117418,-1.9214764,-1.8680861,-1.8081281,-1.3491496,-1.3295498,-1.6837134,-2.5476613,-2.5265377,-1.8689151,-0.5706511,0.8159827,1.9042823,2.8720899,3.444608,3.7974777,3.9410653,3.9474964,3.668003,2.698125,1.8391132,0.2600978,-0.9602568,-1.27999,-1.0923276,-0.9356713,-1.1144062,-1.1951236,-1.0631709,-1.0176435,-0.5878184,0.45757744,1.5474093,2.5604308,3.1526163,3.4008374,3.115096,2.068685,0.89228773,-1.3782495,-2.0924098,-1.9649653,-1.9660797,-2.1936424,-2.3890877,-2.490288,-2.722933,-3.0060177,-3.070517,-2.4899344,-1.7469038,-1.0675383,-0.99441254,-1.2406816,-1.5441167,-1.7867131,-2.0182753,-2.3805292,-2.7000852,-2.77606,-2.7483504,-2.510619,-1.4574695,-0.53137916,-0.09323484,0.1219424,0.28958097,0.37145904,0.5074735,0.45332858,0.14313522,-0.2263039,-0.7016415,-2.287262,-3.1017227,-2.8550682,-2.205274,-1.573986,-1.3391678,-1.2781826,-1.4430509,-1.4764102,-1.3825552,-1.335796,-0.85454655,0.20496218,1.2388698,2.0551748,2.6119804,2.7007093,2.74003,2.734721,2.7500293,2.801727,2.938128,3.158997,3.3868804,3.4763653,3.1825595,2.406746,1.232997,-0.36862212,-1.4076717,-2.0817823,-2.08783,-2.0728612,-1.9550111,-1.7675967,-1.5970161,-1.5659585,-2.2414746,-2.755798,-3.0388584,-2.9474835,-2.8385653,-2.6113431,-2.1974065,-1.1071037,-0.3034522,-0.4529538,-0.7252679,-0.95836234,-1.3175646,-1.5594285,-1.6620834,-1.796886,-1.9489408,-2.0861602,-2.114909,-2.2004695,-2.250342,-2.1824484,-2.2061207,-2.0541234,-1.934391,-2.0859077,-2.4299345,-2.5431213,-2.479074,-2.5225186,-2.6316266,-3.1505203,-3.1503997,-3.1503596
-1.0800812,-1.1331189,-1.1843138,-1.1632578,-1.1356049,-1.1746311,-0.96082366,-1.1894372,-1.2130586,-1.2725558,-1.31508,-1.2992955,-1.2796975,-1.305373,-1.3643477,-1.2654634,-1.1765414,-1.1664159,-1.293202,-1.2814887,-1.3103664,-1.3674436,-1.296782,-1.3188497,-1.3509091,-1.3995287,-1.3837824,-1.4021351,-1.3269266,-1.1905446,-1.2402722,-1.2962743,-1.2276595,-1.1587667,-1.0506022,-1.04265,-0.9081392,-0.6784618,-0.6525302,-0.78114283,-0.992623,-1.0638645,-1.0306072,-0.97000396,-1.0495795,-1.1242654,-1.1678386,-1.7053969,-1.74934,-1.6870687,-1.7472336,-1.7851639,-1.545295,-1.4383725,-1.5602888,-1.7246672,-0.8069134,0.2626269,0.97579867,0.7122714,0.43329254,0.08920698,-0.15750727,-0.28893933,-0.2989786,-0.3665066,-0.4564302,-0.2610099,-0.14688039,-0.6274899,-1.2791289,-1.3751457,-1.1529646,-0.93880564,-0.9560987,-1.2799897,-1.4175636,-1.752686,-1.7027304,-1.1880952,-0.46383113,-0.014573514,0.11694336,-0.14462042,-0.754236,-1.6656144,-1.285261,-1.1749823,-1.6298922,-1.7091296,-1.6249804,-1.5484308,-1.4360871,-1.6022142,-1.8366439,-2.0553987,-2.458249,-2.6285326,-2.0933933,-1.0534383,-0.7930334,-0.69425935,-0.7958827,-1.1902713,-1.605382,-1.7507375,-1.8810921,-1.8197515,-1.6913841,-1.4377263,-0.57695174,0.1319282,0.74112034,0.7903466,0.47976333,0.25031948,0.07315895,-0.23931015,-0.7057162,-1.1057577,-1.5644523,-1.8795238,-2.1064637,-2.2760487,-2.2504666,-2.2032492,-2.0637445,-1.8285155,-1.6820515,-1.7377381,-1.9080577,-2.1021233,-2.0068343,-1.7669792,-1.7857909,-1.8324518,-1.8922791,-1.8241814,-1.7021095,-1.6271516,-1.4975376,-1.3617464,-1.1838887,-1.0816339,-1.0261017,-1.038943,-1.3562764,-1.6981955,-1.7476192,-1.8149208,-2.209945,-2.4692993,-2.631685,-2.6763697,-2.6366205,-2.5510385,-2.5331812,-2.6838672,-3.0000062,-2.6059484,-2.5334315,-2.4841838,-2.4453816,-2.416381,-2.1918461,-1.5560727,-1.1574574,-1.3030984,-1.4706844,-1.6590495,-1.9490056,-2.1462002,-2.176947,-2.2450845,-2.4064283,-2.5788002,-2.609811,-2.6333866,-2.6454134,-2.5083282,-2.1775613,-1.6673392,-1.0596012,-0.64039516,-0.06934413,0.027495146,-0.1466234,-0.36170763,-0.5244542,-0.960747,-0.9607078,-0.9607156
2.5609064,2.5500765,2.5440907,2.5875177,2.6402626,2.7276697,1.8308885,2.7841148,2.8223758,3.1220732,3.1536214,3.1422198,3.2070334,3.0329335,3.1995115,2.993928,2.9728017,3.2584357,3.4338217,3.5539393,3.5484824,3.9899168,4.025133,4.0882874,4.078042,3.9664867,3.9843097,3.9874864,3.9483523,3.9674776,3.9804044,4.0384636,4.1221766,4.06446,4.1685762,4.2009826,4.124835,4.14571,4.07001,4.1148925,4.295611,4.7601056,5.5572143,5.8673115,5.7843485,5.795869,5.560272,5.2442055,4.201206,2.7678685,2.444748,2.0955439,1.2492656,0.22668633,-0.15930861,0.0017225444,0.54029673,0.5680047,-0.22664444,-0.8548082,-1.1225461,-1.2930671,-1.3511841,-1.4200594,-1.4787605,-1.5238767,-1.5449958,-1.6018403,-1.3916621,-0.19898541,2.6057103,5.607134,7.376897,8.469524,9.588382,10.481081,11.164665,11.519582,11.50529,10.233601,8.562474,6.469151,4.566642,2.2101758,0.42004633,-1.2982535,-1.5255475,-0.7340417,-0.109790236,0.42068902,-0.00992094,-0.70217484,-0.6462827,-0.24192327,-0.18230261,-0.19768487,-0.31526095,-0.9479409,-1.6844611,-1.402426,-1.3314849,-1.3805943,-1.5327449,-1.3847957,-1.5201303,-1.3142179,-0.6137169,-0.1852783,-0.12743878,-0.39638487,-0.9955851,-1.1601398,-0.90619755,-0.76384217,-0.65342563,-0.60332704,-0.62493324,-0.7141673,-0.9077722,-1.1709819,-1.509281,-1.6347249,-1.2016919,-0.94163406,-1.5277811,-1.8681189,-1.9520098,-1.9648314,-1.9248682,-1.7394595,-1.2433462,-0.6412157,-0.48457122,-0.43504643,-0.62708604,-0.8611304,-0.95406145,-0.93641394,-0.8933288,-0.8329526,-0.8308984,-0.94069636,-1.0246456,-1.1735156,-1.452635,-1.8739522,-2.5478868,-3.0610914,-3.2359552,-3.130151,-2.8026261,-1.8189108,-1.2140747,-0.99098796,-0.8363813,-0.89944255,-1.0359476,-1.2074729,-1.6377504,-1.7138925,-1.2131934,-1.0367899,-0.91023433,-1.0268934,-1.2544005,-1.6032257,-1.5552895,-1.4108742,-1.3238267,-1.318727,-1.2839087,-1.1439679,-0.9920085,-0.97515696,-0.8199933,-0.72840923,-0.775608,-0.9539725,-1.035729,-1.1836891,-1.2537857,-0.93694633,-0.50291514,-0.36179146,-0.38831538,-0.26575047,-0.30781758,-0.10490242,0.11771741,1.8303673,1.8305833,1.8306497
-0.6377675,-0.57596076,-0.5200707,-0.5380973,-0.50723636,-0.3111177,1.2428216,-0.22021186,-0.19111596,-0.15507627,-0.2891777,-0.5897871,-0.69310653,-1.052301,-1.0241017,-0.95053005,-0.94126505,-0.8517351,-0.5946001,-0.56041044,-0.6036859,-0.45398325,-0.5030385,-0.48686653,-0.46715155,-0.4890086,-0.3836427,-0.17655057,-0.15166305,-0.14829817,-0.028536871,0.0077535957,-0.062416345,-0.15807316,-0.38341975,-0.5014387,-0.620329,-0.7456428,-0.73148733,-0.5524132,-0.5188341,-0.8424418,-1.3170995,-1.5496969,-1.4027352,-1.237302,-1.210001,-1.150421,-1.4422774,-1.7267947,-2.056082,-2.2975426,-2.4674163,-2.0943742,-1.5355277,-0.7039521,-0.35612538,-0.38854098,-0.6919626,-0.81501675,-1.0069921,-1.4089435,-1.751332,-1.9650555,-2.0607736,-2.0763564,-1.9062657,-1.5236019,-1.3689747,-1.2615128,-0.8823216,-0.01744549,0.37427944,0.25637227,0.022946507,-0.38345128,-0.6737076,-0.6755147,-1.1439573,-1.2904309,-1.3472687,-1.7253755,-2.0269074,-2.170264,-1.8466492,-0.6659387,0.3632458,1.1577325,1.8462253,1.7994394,1.587523,1.7255318,1.2122868,0.38335276,-0.31055853,-0.7042636,-0.60732126,-1.054516,-1.7653451,-2.4318566,-2.476887,-2.2411964,-1.875413,-1.3498764,-1.0388417,-1.0828123,-1.064687,-0.97075474,-0.75353193,-0.6593453,-1.1475289,-1.5487576,-1.9643556,-2.235447,-2.4671965,-2.555093,-2.661304,-2.7589576,-2.8711588,-2.8265753,-2.5483003,-2.0057163,-1.0492502,-0.5559724,-0.054044843,-0.032640904,-0.34520096,-0.7238616,-0.992994,-0.97598743,-0.7577415,-0.19290808,0.19906938,-0.21259314,-0.98806554,-1.7208414,-2.14176,-2.2510715,-2.272206,-2.2327065,-2.194105,-2.1645262,-2.1563745,-2.2122402,-2.2069113,-2.1175802,-1.6370113,-0.986727,-0.42628035,-0.23198211,0.8658366,2.2270918,2.6018445,2.5233634,2.5891151,2.4996433,2.351439,2.152409,2.3403642,2.4003808,1.523027,1.2573049,0.89595366,0.42445505,0.0878977,-0.6204721,-1.0810885,-0.70792913,-0.4696235,-0.2709586,0.078916386,0.28824797,0.36931252,0.6939803,0.98980474,1.0944079,1.0018675,0.90326995,0.83711433,0.635025,0.27390236,-0.19194828,-0.5742171,-0.41506472,0.123139046,0.5013093,0.54272187,0.8822684,1.1018376,1.2429528,1.2429671,1.2429583
0.6959057,0.7502002,0.78652656,0.7884369,0.8082684,0.8224067,1.0338631,0.7844213,0.72462964,0.5674188,0.5296096,0.2795671,0.20434132,0.15080431,0.14769915,0.37971035,0.41782203,0.28243792,0.50790524,0.43745637,0.67133546,1.3666738,1.4140637,1.4266846,1.5821553,1.6739104,1.735295,1.7692642,1.7779496,1.6608183,1.6095066,1.5395732,1.4511099,1.3414382,0.99853265,0.7523022,0.42495233,-0.05148477,-0.3527931,-0.44700715,-0.55106944,-0.6512074,-0.664217,-0.7512389,-0.5411181,-0.46343517,-0.43052903,-0.20007756,-0.34614885,-0.57380307,-0.7252096,-1.0325441,-1.5115803,-1.8107321,-1.6962607,-0.76305,-0.70435965,-1.3334839,-1.8967265,-2.2542243,-2.4715242,-2.5911133,-2.6181006,-2.6200438,-2.6176627,-2.6025763,-2.575093,-2.5056496,-2.4409623,-1.8871813,-1.0045469,-0.424375,-0.30301994,-0.4766181,-0.6515602,-0.5018161,-0.3124243,-0.17200866,-0.7206154,-1.5212042,-2.1851368,-2.592626,-2.7561512,-2.7225254,-2.5942376,-2.1695573,-1.9730787,-1.0221975,-0.5720196,-0.50990343,-0.7123569,-0.70928085,-0.71513325,-0.5490211,-0.34806037,-0.23673722,-0.3271061,-0.76709944,-1.0736618,-1.406292,-1.4702817,-1.2817963,-0.9624864,-0.050029814,0.51365507,0.5951703,1.0826439,0.9935586,0.53649026,0.1659204,0.05998355,-0.021064937,-0.045067668,-0.11757329,-0.24318552,-0.40402186,-0.63297904,-0.8166515,-0.7684458,-0.6542349,-0.49361265,-0.49162892,-1.193087,-1.6212232,-1.6163987,-1.2684984,-1.2149386,-1.2230341,-1.3171868,-1.1536926,-0.9201307,-0.38254198,-0.6491363,-1.3534493,-1.94143,-2.2497392,-2.0703354,-1.9147379,-1.8854632,-1.8248658,-1.8571037,-1.9076897,-2.0532205,-2.2391157,-2.311067,-2.3124642,-2.0121408,-1.3113512,-0.731207,-0.600009,-0.38498452,-0.115562975,0.030773796,0.14777078,0.24516976,0.23088017,0.16219757,0.24076232,0.75469077,0.6599792,0.0919821,-0.39634386,-0.6631269,-1.0963142,-1.4461946,-1.7871373,-1.8673214,-1.906009,-1.8769581,-1.8689449,-1.8869214,-1.8365417,-1.7530698,-1.7130666,-1.5414481,-1.3156136,-1.2599633,-1.0874444,-0.96866405,-1.105302,-1.0017991,-0.7485076,-0.4361078,-0.18557653,-0.05423796,0.26769236,0.05677791,0.08748404,0.020576298,1.0336747,1.0337584,1.0337865
-1.7750103,-1.7320375,-1.6649504,-1.6510544,-1.5971041,-1.5628048,-2.5871804,-1.5426133,-1.5140741,-1.4594321,-1.3204832,-1.3333869,-1.1913679,-1.3331175,-1.3292425,-1.3272142,-1.5014565,-1.6252558,-1.6973234,-1.6711768,-1.7257826,-1.665394,-1.7604691,-1.7101544,-1.6171001,-1.6311523,-1.6412187,-1.5995145,-1.6171966,-1.5994396,-1.573799,-1.5766261,-1.556705,-1.6757635,-1.6692673,-1.6873988,-1.675736,-1.5563276,-1.4708108,-1.4879887,-1.6451104,-1.7180647,-1.75054,-1.8771516,-1.7436321,-1.6527747,-1.7268679,-1.6252767,-1.4602377,-1.3490179,-1.3047887,-1.4109985,-1.7525427,-2.12884,-2.1787634,-2.0461857,-2.3646653,-2.5213594,-2.3783572,-2.4811263,-2.709168,-2.8686547,-2.8854718,-2.8712234,-2.8252168,-2.7551026,-2.6279104,-2.3449671,-2.3329954,-2.375098,-2.0140991,-1.3105204,-0.9039887,-0.83639926,-1.132472,-1.4836382,-1.6670363,-1.7764602,-2.159879,-1.9144044,-1.9059978,-2.2391462,-2.4889035,-2.6189146,-2.4558759,-1.5562017,-1.0705177,-1.3969829,-1.4751573,-1.6788979,-1.6893477,-1.694677,-1.6781974,-1.6160376,-1.7054586,-1.2749183,-1.2222576,-1.6504592,-1.8903286,-2.6591184,-3.2645319,-3.4596596,-3.3823094,-3.0264459,-2.7579489,-2.7292347,-2.3559947,-2.2511535,-2.3251288,-2.3865716,-2.6821804,-2.7768428,-2.788509,-2.8436012,-2.8239532,-2.8042796,-2.7483768,-2.7111874,-2.5627666,-2.364259,-2.0580897,-1.9392222,-2.228818,-2.71163,-2.9517837,-2.8975139,-2.8674684,-2.8451931,-3.023222,-3.2798536,-3.2960703,-3.0393286,-2.9195442,-2.87036,-2.72649,-2.6890345,-2.546591,-2.441361,-2.3888597,-2.321614,-2.3011065,-2.3354523,-2.459367,-2.6200395,-2.7173438,-2.753005,-2.5087583,-1.90886,-1.1986096,-0.63469684,-0.10992679,0.5378093,0.7919111,0.8341081,0.9900233,0.932278,0.51740324,0.051136076,-0.13313983,-0.39259982,-0.43073583,-0.45661485,-0.65124166,-1.2238307,-1.7439088,-2.2001822,-2.6255443,-2.6865659,-2.5869405,-2.5164611,-2.4135938,-2.3085694,-2.2750788,-2.278288,-2.1911757,-2.0054617,-1.9815757,-1.9346585,-1.9064627,-2.1289716,-2.2485306,-2.3533616,-2.4312081,-2.6146574,-2.9191961,-3.1939478,-3.3884735,-3.4372563,-3.3600433,-2.5870843,-2.5871792,-2.5871959
-1.885263,-1.9151404,-1.9196854,-1.923018,-1.9239372,-1.8949999,-1.531759,-1.8176041,-1.7578421,-1.6061096,-1.6822515,-1.729276,-1.6315162,-1.7512684,-1.56256,-1.64187,-1.6742845,-1.5519941,-1.4470626,-1.3658435,-1.4990051,-1.6608629,-1.7526381,-1.8013194,-1.7953837,-1.8405337,-1.7894542,-1.7724972,-1.7823288,-1.762077,-1.7531505,-1.7473793,-1.5418475,-1.4552722,-1.0743225,-0.8214807,-0.691416,-0.6750232,-0.5997182,-0.41157284,-0.31183505,-0.17093158,0.11881328,0.33622068,0.37150562,0.3276267,0.28987557,0.5871742,0.7858749,0.6247377,0.37186432,0.28118086,-0.13059047,-0.99594337,-1.3758543,-1.2849989,-0.60182416,-0.13121676,-0.058164023,-0.18948916,-0.40803552,-0.54279846,-0.66374946,-0.72741586,-0.666574,-0.74210113,-0.99976146,-1.4821188,-1.6178621,-0.8950977,-0.026834607,0.2508027,0.0636186,-0.3934791,-0.819174,-0.99137574,-0.8517679,-0.40044624,-0.38014597,-0.5249787,-0.8008443,-1.1109488,-1.4271326,-1.7247016,-1.8571455,-1.8717166,-1.8290184,-1.524032,-1.6818366,-1.9141874,-2.3054059,-2.7232265,-2.7158318,-2.2694712,-1.702548,-0.79451996,-0.7836095,-1.0983298,-1.5023768,-1.7359664,-1.6971471,-1.690305,-1.5773478,-1.2578315,-1.3082784,-1.3711405,-1.0224869,-0.77120376,-0.66119725,-0.81001484,-1.2159224,-1.2554977,-1.4191006,-1.5845644,-1.6662354,-1.7005205,-1.6813831,-1.7468562,-1.8434107,-2.0623004,-2.3940425,-2.7304502,-2.5379853,-2.0865066,-2.0593505,-2.168852,-2.1426172,-2.1258285,-2.1392825,-2.0849211,-1.7506403,-1.7081759,-2.1934998,-2.5577781,-2.7405784,-3.0808468,-3.4493933,-3.54817,-3.571743,-3.621437,-3.6475825,-3.6434155,-3.6077337,-3.5378041,-3.524015,-3.538072,-3.6396313,-3.6641824,-3.5374439,-3.295917,-3.0075912,-2.632453,-2.6118712,-2.7070758,-2.8207653,-3.0003786,-3.1352458,-3.2128956,-2.80119,-2.4628181,-2.3630552,-2.053723,-1.95363,-2.2420528,-2.394158,-2.5265145,-2.848415,-3.0537298,-2.9562492,-2.7967558,-2.5851035,-2.443378,-2.4529774,-2.5284,-2.782105,-3.065175,-3.1369715,-3.35286,-3.4955695,-3.567791,-3.4841323,-3.1293087,-2.6435404,-2.4342027,-2.180641,-2.173574,-2.30791,-2.242766,-2.1437435,-1.5315055,-1.53158,-1.5316064
-2.5971973,-2.5966127,-2.6064658,-2.6123762,-2.5843399,-2.565876,-3.3329637,-2.6330247,-2.6710782,-2.726998,-2.5108864,-2.2572775,-2.3160486,-2.2750425,-2.3475842,-2.362721,-2.323894,-2.3549106,-2.4027073,-2.5054395,-2.4141583,-2.3171983,-2.2366078,-2.2193775,-2.243062,-2.2906036,-2.3318346,-2.3191876,-2.369804,-2.35673,-2.4098725,-2.3869288,-2.3798723,-2.3546882,-2.3798523,-2.3837466,-2.3926525,-2.3348057,-2.3260796,-2.4452379,-2.3969164,-1.9853675,-1.4597875,-1.3684781,-1.1160148,-0.9320358,-0.7446878,-0.41058874,0.32825527,0.73975205,1.0169306,0.9570801,1.1199951,1.2410733,1.1329905,0.15371281,-0.75784266,-0.68057907,-0.49991077,-0.28689972,-0.03825017,0.26196384,0.42218858,0.411962,0.3009778,0.10173413,-0.17643853,-0.5620291,-0.5565285,-1.5796814,-2.4272487,-2.5575294,-2.6316085,-2.5438251,-2.3430007,-1.8486772,-1.4735111,-1.3636175,-0.9519833,-0.9032692,-0.612291,0.119653486,0.60005236,0.8915731,0.6775199,-0.13080677,-0.9271953,-2.1579902,-2.5730772,-2.5458493,-1.9507673,-1.2511864,-1.3790933,-1.9462241,-2.207407,-2.373186,-2.6740026,-2.4841695,-2.0034928,-1.1868427,-0.54479545,-0.23274067,-0.25135177,-0.49693963,-0.73441094,-1.2706116,-1.6907264,-1.9508121,-2.071265,-1.8767457,-1.2686827,-0.76216817,-0.45040277,-0.2578412,-0.049398914,0.02043362,0.21084633,0.24246058,0.17473955,0.0901275,-0.006765086,-0.4184863,-1.1441398,-1.6403184,-1.7798477,-1.5128441,-1.3614285,-1.2743831,-1.1068208,-1.3303766,-1.7301948,-1.9976308,-1.7423229,-1.013858,0.10046851,1.2315927,2.0896115,2.3002214,2.3843167,2.402409,2.4376667,2.461348,2.476597,2.5432897,2.6879263,2.7232761,2.4406223,1.9305912,1.3883088,0.69484895,-0.31260058,-1.4549245,-1.7401512,-1.6804905,-1.6024911,-1.4102311,-1.1348383,-0.89880884,-1.1023622,-1.1145656,-1.2283394,-1.0288026,-0.7489271,-0.18669663,0.15197527,0.9004084,2.0842514,2.833207,3.2627869,3.3721678,3.3225698,3.240027,3.1824436,3.0573344,2.8147488,2.596087,2.5603688,2.390757,2.2258947,2.029483,1.4442883,0.80157125,0.12960254,-0.7059139,-1.8576703,-2.5442288,-2.4963055,-2.7823884,-3.0597358,-3.3330324,-3.3330648,-3.3330808
-4.968546,-4.9468484,-4.8944235,-4.911061,-4.868224,-4.7615986,-5.255666,-4.6124,-4.515766,-4.268826,-4.181861,-4.245055,-4.0790234,-4.3796864,-4.31798,-4.380533,-4.507604,-4.461024,-4.485737,-4.399138,-4.584874,-4.7755017,-4.888557,-4.8533664,-4.8023605,-4.8461895,-4.8657875,-4.827192,-4.8595257,-4.8543367,-4.8053637,-4.7855425,-4.715352,-4.7635984,-4.6085258,-4.4568176,-4.2916574,-3.954823,-3.6869473,-3.5599308,-3.5085804,-3.4805434,-3.4419017,-3.4571445,-3.2516418,-3.0457568,-2.8903427,-2.5830307,-2.3934512,-2.218666,-2.1098027,-2.2031646,-2.4591632,-2.9330084,-3.1891675,-3.4685264,-3.5226057,-3.5108066,-3.4401937,-3.3237128,-3.3011446,-3.272767,-3.2212405,-3.2020454,-3.2149415,-3.23749,-3.2735934,-3.291084,-3.5585177,-4.2121315,-4.21016,-3.351078,-2.7586539,-2.7467704,-3.1447349,-3.5990317,-3.5806425,-3.260918,-3.14505,-2.633082,-2.5900435,-2.7751403,-2.9529915,-3.1771982,-3.2059734,-2.6640544,-2.8975885,-3.5131788,-3.3337536,-3.573166,-4.0943055,-4.446553,-4.6101418,-4.6442347,-4.461459,-4.0340214,-4.1824427,-4.812422,-5.0618324,-5.127989,-5.1581063,-5.009742,-4.5455074,-3.7375379,-3.025755,-2.5480084,-2.037025,-1.7434623,-1.6525147,-1.484699,-1.5044138,-1.462037,-1.7087431,-2.2817333,-2.7942314,-3.1517847,-3.451272,-3.9013922,-4.411404,-4.7156744,-4.9689302,-5.5035973,-5.5162373,-5.5621557,-5.2638407,-4.8983545,-4.8324647,-4.798584,-4.839637,-4.97453,-4.6786275,-4.193184,-4.0672607,-4.181933,-4.3983517,-4.550429,-4.5359807,-4.473104,-4.4283247,-4.402134,-4.391584,-4.4512234,-4.522873,-4.5824814,-4.6311893,-4.7048297,-4.762686,-4.502511,-3.7833524,-3.1848774,-2.5491905,-1.8457762,-1.7839389,-1.9309809,-1.9727323,-2.1434884,-2.5387473,-3.061465,-3.6482487,-3.9680905,-3.865705,-3.559042,-3.5831156,-3.9875793,-4.3896356,-4.729516,-4.8307257,-4.335033,-3.8967276,-3.69124,-3.4597514,-3.2424748,-3.1380587,-3.1069183,-3.1350896,-3.1547585,-3.1729293,-3.3109531,-3.4705389,-3.8685765,-4.3829556,-4.8594446,-5.3017344,-5.667136,-6.0686884,-6.5011654,-6.62681,-6.609006,-6.4866595,-5.255576,-5.255569,-5.255574
0.78079313,0.78657365,0.77862924,0.74385655,0.7588427,0.7393729,0.92018026,0.7954602,0.8013823,0.8733387,1.0342762,0.992985,1.0702708,1.3046777,1.3752553,1.3678468,1.154038,1.0871677,0.9134407,0.87046766,0.8558285,1.0481442,1.0484354,1.0568894,1.038964,1.003297,0.9004067,0.89890736,0.9262506,0.8378675,0.942788,0.9954406,0.94321847,0.9620637,0.9665762,0.86303854,0.65757096,0.37119853,0.08388466,-0.03662786,-0.2282604,-0.47395736,-0.37983266,-0.26924783,-0.23501831,-0.27346617,-0.45656148,-0.58160204,-1.0248622,-1.1230168,-0.9262751,-0.46360284,-0.13762623,0.3925162,1.1579118,2.4827132,2.3577476,1.7335042,0.99788463,0.5548424,0.13280886,-0.3579406,-0.60685265,-0.79331005,-0.84331304,-0.7778159,-0.61498946,-0.31796932,0.6352576,3.338822,6.4510875,7.7658377,7.841363,7.503153,7.0212455,6.391843,5.289601,4.0540457,2.1025856,0.51048255,-0.44673592,-1.2719836,-1.7884486,-1.8612583,-1.2745734,0.005549282,1.3636018,2.7546902,3.7496114,4.618726,6.0130777,7.473114,8.513129,9.350181,10.273935,11.125053,11.159835,10.621624,8.288422,4.776468,2.468122,1.2857797,0.6455729,0.3196542,0.5024691,1.4056983,1.9307048,2.0278583,1.8896444,1.2078732,-0.33507004,-1.1849334,-1.5195075,-1.4336023,-1.0896795,-0.74716467,-0.5349719,0.07162732,1.5032843,3.1675463,5.472029,8.165038,8.892667,8.7190485,8.301218,7.632867,7.00749,6.1224775,4.8071494,4.2084346,3.6747775,3.3289814,2.7563393,1.5659028,0.8059329,0.40370747,0.17023884,0.07596043,0.011419281,0.025190532,-0.027043283,-0.11046264,-0.29852608,-0.5373778,-0.7791495,-0.829386,-0.5432041,-0.37541068,-0.5213884,-0.48077333,0.064698026,1.2242253,1.6230612,1.9313965,2.2264497,2.3345985,2.4250371,2.9480836,5.815533,8.136636,9.01431,9.016178,8.916284,8.731286,8.5917425,7.952274,5.470939,3.2588477,1.9865265,1.607698,1.1673437,0.7073754,0.47761044,0.43875748,0.5306929,0.60477066,0.55501276,0.50671977,0.47809476,0.34242594,0.3377608,0.33622652,0.42773136,0.44352925,0.39376625,0.41090265,0.35093307,0.29501292,0.20823652,0.9200281,0.9200689,0.92009187
-1.8299437,-1.883115,-1.9467834,-1.9374826,-1.9250922,-2.0357814,-2.7718842,-2.1210442,-2.1298118,-2.1561992,-2.0018344,-1.7913275,-1.874393,-1.6636934,-1.7140424,-1.7264293,-1.541913,-1.4698964,-1.5162725,-1.5368023,-1.4697515,-1.5094908,-1.5406911,-1.5552034,-1.6368611,-1.7022295,-1.6679726,-1.657316,-1.674254,-1.6607335,-1.6867163,-1.7386547,-1.7301962,-1.7470123,-1.7674727,-1.8106284,-1.774112,-1.8173331,-1.9423115,-1.953855,-1.742708,-1.4146241,-0.84422195,-0.50885105,-0.37110883,-0.29853448,-0.1795552,-0.19033088,0.1375854,0.47882867,0.7019661,0.8346389,1.1945444,1.2260809,0.8581246,-0.38353845,-0.56435716,-0.42853475,-0.6051821,-0.5530569,-0.14789009,0.4044808,0.76165056,0.9281723,0.8968012,0.7941163,0.5954312,0.5229321,0.7093413,-0.122037575,-1.0036759,-1.2203071,-1.0405385,-0.75738233,-0.4223387,-0.06799459,0.6923218,1.4206755,2.6085052,4.2251906,5.035337,5.5769405,5.9136915,6.012063,5.6132474,4.018492,1.8991542,-0.3510282,-0.91052514,-0.9680903,-1.0033598,-1.080441,-1.0420153,-1.0662541,-0.98420316,-1.2639014,-1.5926112,-1.3344465,-0.8480638,-0.004560739,0.17693138,0.12655365,-0.25998068,-0.7987614,-0.75691175,-0.6957451,-0.8602567,-0.55465484,-0.16958393,1.0797973,4.891797,7.3561053,8.446028,9.004402,9.389864,9.564546,9.71857,9.726386,9.489944,9.052832,8.331789,5.608847,1.7156062,0.2082007,-0.22028589,0.057928175,0.16010138,0.25149375,0.24869956,0.43340585,0.5381251,1.0056238,1.819761,2.5238073,2.87355,3.0780609,3.2571988,3.438568,3.6027489,3.6469293,3.7303247,3.8445444,4.014022,4.1617975,4.2658277,4.22186,3.9503994,3.4887471,3.1165137,2.4615514,1.249125,0.15744326,0.10329252,0.16569722,0.22726539,0.3747722,0.5826314,0.6882854,0.1058519,-0.029391289,-0.043414533,-0.18382277,-0.1699524,0.012221456,0.114444315,0.54316866,1.4122268,1.7654297,1.7819539,1.581516,1.2429634,1.0303959,0.9416906,0.6971775,0.43571475,0.12791935,0.043924034,-0.1409978,-0.3419381,-0.4192352,-0.6420266,-0.7568783,-0.763119,-0.9945426,-1.5345356,-1.6372827,-1.4281447,-1.6012944,-1.9750925,-2.7719464,-2.7719421,-2.7719407
2.5626593,2.4763086,2.516536,2.4645205,2.530346,2.5523064,-2.2924237,3.0703235,3.4123256,4.254372,4.756085,5.1211395,5.5931735,5.573989,5.7441025,5.3648825,4.7965117,4.7288795,4.3746,4.6543646,4.115882,2.5492241,1.8331649,1.6467018,1.6066421,1.5207598,1.4213674,1.4764594,1.4549259,1.4215909,1.6519313,1.6697878,2.1667926,2.4176629,3.5067189,4.297225,5.146724,6.143359,6.7849407,7.0005474,7.453947,8.272132,8.899635,8.790086,8.925884,9.114175,9.478601,9.722617,9.700567,9.445754,9.01582,8.328095,6.5457697,3.858192,2.0003219,-0.09202914,-0.99572456,-1.2142645,-1.3111364,-1.2923617,-1.2716365,-1.2527666,-1.2386601,-1.2796245,-1.3571199,-1.5040333,-1.7615253,-2.3863518,-2.7421827,-2.941563,-2.536491,-1.5186292,-0.71789443,-0.4947299,-0.70483583,-1.2765014,-1.3760679,-0.9898617,-1.0205574,-1.0119082,-1.2091019,-1.4519179,-1.6647351,-1.9636445,-2.2369971,-2.3271098,-2.652185,-2.6495976,-2.442666,-2.4691193,-2.7105024,-3.022911,-2.8620381,-2.5184853,-2.1628704,-2.0211835,-2.5064394,-2.9442432,-2.9106522,-2.583901,-2.3849702,-2.1873422,-1.7049673,-1.0992087,-0.49347848,0.37046772,1.3617735,2.272861,2.795354,3.1590858,2.6721077,1.7244327,1.1919475,0.5508989,0.04518351,-0.31913865,-0.58854437,-1.0018065,-1.5036035,-1.851932,-2.2614498,-2.8030515,-2.7478867,-2.3581166,-2.30292,-1.9478785,-1.7262142,-1.4900237,-1.3210804,-1.3161871,-1.1318073,-0.9760933,-1.3744005,-1.8771257,-2.3210714,-2.4897103,-2.4961343,-2.4957628,-2.5133138,-2.5495968,-2.5618591,-2.5967112,-2.6010275,-2.606746,-2.7172751,-2.986409,-3.511128,-3.8505626,-3.7432718,-3.152761,-2.6556556,-2.2673612,-2.0433943,-2.003925,-1.8945462,-1.9307423,-2.063589,-2.3037884,-2.7901835,-2.72282,-2.2569735,-1.9193265,-1.7951704,-1.8169823,-2.0826716,-2.337783,-2.0865607,-1.6814531,-1.3370507,-1.198833,-1.0934072,-0.9800836,-0.8878371,-1.0330589,-1.2355185,-1.365778,-1.3436712,-1.4620235,-1.6651684,-1.9748776,-2.3633049,-2.6610322,-2.987371,-3.3332095,-3.7847333,-3.9972873,-4.029251,-4.025656,-3.889028,-2.2932181,-2.292914,-2.292803
-0.98452795,-1.0079072,-1.0378044,-1.0504826,-1.0737858,-1.1880791,0.034250427,-1.3053104,-1.325455,-1.3538911,-1.0769676,-0.77757734,-0.80594444,-0.49900022,-0.70530033,-0.59288865,-0.49951237,-0.5457617,-0.72873336,-0.81350356,-0.661532,-0.7360593,-0.7562853,-0.76225543,-0.79168266,-0.83266026,-0.80748224,-0.791773,-0.74448085,-0.7804122,-0.7657778,-0.7482545,-0.89068073,-0.9917487,-1.2905985,-1.4617472,-1.6064496,-1.7653773,-1.886935,-1.7489972,-1.4390419,-1.5872502,-1.632534,-1.6655161,-1.5263486,-1.2655718,-0.8405951,-0.90821993,-0.9877403,-0.9357991,-0.85446143,-0.41360784,0.12340176,0.23544246,0.20380065,0.050110683,0.22602448,0.38589978,0.42837593,0.4825688,0.77193296,1.1974883,1.577999,1.8766065,1.9790459,2.0309544,1.893547,1.7686315,2.0239282,1.6795577,0.71478254,-0.061512925,-0.3734124,-0.14146212,0.24784438,0.41595262,0.48091954,0.29206747,0.7058715,1.0355587,1.0316768,1.2688863,1.6188569,1.6364603,1.1726308,0.7346231,1.2111055,0.6973523,0.4190969,0.85538995,1.0834855,0.93509555,1.2255653,1.6629933,2.0471973,2.5873156,3.892138,6.1249084,9.047827,10.172494,10.392599,10.449208,10.107951,9.126489,7.4444523,4.7932987,2.4607387,1.0689013,0.61142755,0.27212438,0.4740892,0.75735974,1.1694925,1.5505655,1.8192978,1.9854518,2.2263079,2.3421192,2.4709065,2.5502563,2.4314425,2.196149,1.3900409,1.5894988,2.6522923,3.4546537,3.711265,3.7659001,3.5165682,2.7601528,1.8744662,1.485306,2.0580928,2.7192829,2.9951196,3.2393763,3.6653132,3.834763,3.880074,3.8425105,3.824318,3.8023713,3.8242607,3.809843,3.788277,3.6234121,3.0971785,2.4110966,2.0478847,2.577107,2.543572,1.773881,1.6317142,1.727689,1.8683286,2.0639732,2.3978255,2.6519775,2.2627988,1.7172947,0.7388326,0.611272,0.85763884,1.5872316,1.9628239,1.7502608,1.8014154,1.757245,1.5961,1.4065738,1.0778663,0.8770238,0.86167765,0.8028294,0.6574937,0.41185725,0.36146647,0.18903445,0.049112204,0.046169512,-0.10943981,-0.22849198,-0.24372342,-0.24063128,-0.17890087,0.20965476,0.44835904,0.47653392,0.28581494,0.03443908,0.03441553,0.034396082
-2.7015812,-2.7036142,-2.7143307,-2.75766,-2.7906888,-2.7733793,-0.9732497,-2.6211076,-2.5593727,-2.360853,-2.5198722,-2.6814046,-2.543607,-2.6046078,-2.4927673,-2.6907616,-2.7485144,-2.6868634,-2.772211,-2.6980393,-2.9105287,-3.2452173,-3.2848163,-3.3016596,-3.2596107,-3.2011182,-3.2781937,-3.3099873,-3.324577,-3.344944,-3.332833,-3.3062873,-3.1931434,-3.0978954,-2.7103395,-2.415615,-2.04098,-1.7262737,-1.4860961,-1.2407099,-1.0257481,-0.69178474,-0.24245545,0.21959643,-0.110246375,-0.3959271,-0.4833187,-0.4471516,-0.9489578,-1.3052549,-1.6000181,-1.9299232,-2.3400192,-2.7372594,-2.9458413,-2.798757,-2.228228,-1.9113703,-1.3267856,-0.9137239,-0.93753076,-1.150091,-1.4389973,-1.741328,-1.9422755,-2.1957548,-2.5494242,-3.4235437,-3.831254,-3.5105345,-2.9340396,-2.7928052,-2.5259688,-2.4779706,-2.3790193,-2.3263702,-2.2761462,-2.0386505,-2.1162233,-2.0730455,-1.7175689,-1.7290232,-1.8862376,-1.8288713,-1.3286943,-0.29189333,-0.5450841,-0.5612374,-0.43248093,-0.5667782,-1.0239514,-1.3200779,-1.2994199,-1.0518935,-0.43267933,0.2298618,-0.018319607,-0.60064334,-1.5174612,-2.218449,-2.5476637,-2.6699808,-2.5351465,-2.1725957,-2.023502,-1.9325404,-1.4378238,-1.089226,-0.9981026,-1.0748676,-1.1803188,-1.0447559,-1.312621,-1.6208142,-1.945735,-2.188994,-2.3880088,-2.5715864,-2.6691232,-2.7103498,-2.7524319,-2.6649618,-2.070527,-1.7857072,-1.4227514,-1.2853136,-1.2903996,-1.3203247,-1.4097598,-1.1987593,-0.8393631,-0.5668955,-0.83848333,-1.1922623,-1.4258778,-1.6558517,-2.09061,-2.2732146,-2.3619053,-2.413335,-2.4548993,-2.4901934,-2.530224,-2.5533175,-2.6395998,-2.6342916,-2.4317718,-2.1081676,-1.84972,-1.8362434,-1.8140613,-1.7219906,-1.9527326,-2.150427,-2.4393947,-2.6573114,-2.7497687,-2.6586485,-2.1518521,-1.9410498,-1.5463411,-1.6131153,-1.6014459,-1.872925,-1.9329393,-1.8297954,-1.8974857,-1.879523,-1.7652116,-1.5929809,-1.3163254,-1.0834892,-1.0494516,-0.9475721,-0.989194,-1.0962528,-1.0679668,-1.0931695,-1.1763251,-1.311965,-1.5106311,-1.7595005,-2.0317037,-2.1699128,-2.2384028,-2.5415702,-2.5547197,-2.6363547,-2.6071327,-0.9726505,-0.97281253,-0.97287655
-1.1153599,-1.045034,-0.97279763,-0.96779364,-0.89285696,-0.7623037,-1.0587646,-0.56533575,-0.5417969,-0.47427166,-0.6461239,-0.8924233,-0.91909754,-0.890609,-0.8574779,-0.95515424,-0.8999181,-0.8931677,-0.95118773,-0.91337734,-0.9341191,-0.9061334,-0.79642075,-0.7601231,-0.70318127,-0.6061268,-0.7063042,-0.75566256,-0.846809,-0.8532306,-0.89373696,-0.86286366,-0.8307626,-0.7304611,-0.57007027,-0.4717933,-0.34773785,-0.35077003,-0.39777154,-0.44622833,-0.49570298,-0.5165931,-0.3389539,-0.019460946,-0.023401111,-0.13968825,-0.36431065,-0.55802226,-1.2276546,-1.6065991,-1.6746472,-2.017982,-2.527843,-2.682376,-2.3982992,-0.659347,0.08263812,-0.277322,-0.81203663,-1.2760004,-1.5529649,-1.6263571,-1.6454852,-1.7132833,-1.7515926,-1.7653371,-1.7819209,-2.2254963,-2.5705125,-2.2093067,-1.3904426,-0.8715669,-0.8202188,-0.9829854,-1.0777322,-0.81655526,-0.5262722,-0.17327791,-0.23221666,-0.5259564,-0.8507472,-1.3459821,-1.8021897,-2.0876732,-1.9470859,-1.0153587,-0.06503976,0.6496563,0.1947938,-0.2461955,-0.6669061,-0.599733,-0.16323818,0.22525299,0.43361026,0.17551266,-0.48034197,-1.2382448,-1.6110475,-2.1795824,-2.6545048,-2.872888,-3.052989,-3.064417,-2.8563385,-2.6992013,-2.5085835,-2.4289212,-2.601116,-2.907518,-3.226469,-3.055675,-2.7100956,-2.3250132,-2.014403,-1.9084244,-1.8321085,-1.6746681,-1.371792,-1.080926,-0.6498264,0.10120836,0.20683034,-0.32291162,-0.44858792,-0.5462723,-0.68059933,-0.9344071,-1.2747579,-1.2283247,-1.0408212,-0.6315696,-0.73087734,-1.0462208,-1.1280707,-1.2215302,-1.27764,-1.2206017,-1.2209703,-1.1510612,-1.1693184,-1.2436415,-1.4422117,-1.6122503,-1.7330686,-1.704376,-1.2156403,-0.4074245,0.24099812,0.4178179,0.29407254,0.14148241,-0.30148324,-0.415289,-0.78273034,-0.9937179,-1.0427488,-0.8087179,0.16227692,0.67687345,0.6433413,-0.104388416,-0.3087731,-0.6679275,-0.80917996,-0.9198962,-1.3184023,-1.5598651,-1.6386197,-1.6200724,-1.5269831,-1.3819067,-1.3099066,-1.2131078,-0.9957862,-0.8077146,-0.77064455,-0.63576293,-0.5882399,-0.8413815,-1.014612,-1.1640434,-1.4637213,-1.8063474,-2.2442317,-2.5480945,-2.6591136,-2.800772,-2.8446016,-1.0588833,-1.0588229,-1.0588049
-1.5212328,-1.4673848,-1.4221517,-1.4273497,-1.3905365,-1.303918,-2.0117607,-1.262772,-1.2628558,-1.2312367,-1.2853519,-1.5041466,-1.6266387,-1.7829809,-1.7949085,-1.7810807,-1.7975693,-1.7848246,-1.6997724,-1.6374806,-1.6283383,-1.1692693,-0.9848144,-0.87292707,-0.78047085,-0.69250304,-0.73774433,-0.7266943,-0.7425713,-0.7365624,-0.7357955,-0.65703654,-0.7590955,-0.81092644,-1.0245892,-1.1994509,-1.3538753,-1.5094688,-1.579678,-1.5699837,-1.6469152,-1.9342252,-2.1743262,-2.322435,-2.1932855,-2.0557492,-1.9919184,-1.7992535,-2.1633625,-2.4654737,-2.5730033,-2.7607355,-2.9817572,-2.9174933,-2.5397687,-1.3930798,-1.1656327,-1.5159736,-1.8000252,-1.984169,-2.1437473,-2.3041954,-2.384982,-2.435074,-2.4370015,-2.3735683,-2.211712,-1.9514275,-1.9951185,-1.7713667,-1.1730776,-0.7797585,-0.82807535,-1.0432132,-1.3722427,-1.5679758,-1.6198442,-1.5464981,-1.8220868,-1.8499523,-1.8249946,-2.066588,-2.3863294,-2.6500378,-2.507968,-1.4616389,0.21246779,2.3247406,3.2257104,2.5919251,1.1184812,-0.684836,-1.3143402,-1.3380643,-1.2689846,-0.89412177,-0.8682103,-1.515321,-2.083872,-2.5167065,-2.9660518,-3.1449597,-3.049705,-2.825276,-2.5263567,-2.360279,-1.8636872,-1.3993835,-1.1542473,-1.0798459,-1.6437638,-1.9993099,-2.251441,-2.3807209,-2.471678,-2.5122914,-2.5914867,-2.6400995,-2.6037374,-2.429436,-2.0615206,-1.6443691,-1.0874226,-1.050754,-1.1906252,-1.3289788,-1.4693055,-1.6059644,-1.76617,-1.6455828,-1.250134,-0.8453768,-0.9447959,-1.7677805,-2.4391108,-2.7761643,-2.8090627,-2.6885839,-2.5971267,-2.4856453,-2.4125965,-2.3487668,-2.3316884,-2.3335795,-2.3090653,-2.211278,-1.6220605,-0.59952915,0.3181171,0.69016254,1.2034806,1.792366,1.6426954,1.3929195,1.0015072,0.66599095,0.22844306,-0.14628738,-0.06796682,0.4914781,1.9659094,2.7033803,2.751407,2.4453752,2.1348295,1.0729039,-0.61049545,-1.3815898,-1.7393532,-1.8111534,-1.8408629,-1.8924384,-1.9328341,-1.8600202,-1.6534361,-1.5247146,-1.5918918,-1.6170156,-1.647414,-1.8547139,-2.0277598,-2.2767477,-2.7204416,-2.939835,-3.1268811,-3.2335162,-3.3001597,-3.3024774,-3.1725035,-2.0116992,-2.0117617,-2.0117714
-1.5471234,-1.5426582,-1.5964916,-1.6747141,-1.7245412,-1.7121027,-0.69855493,-1.5332894,-1.4481393,-1.14239,-1.1382525,-1.343698,-1.3652248,-1.5221806,-1.4867646,-1.5771557,-1.6888494,-1.6484555,-1.5955005,-1.4569541,-1.6271307,-1.5969094,-1.6406456,-1.635628,-1.5686425,-1.5136726,-1.5449253,-1.5128833,-1.509477,-1.5493085,-1.5051714,-1.43657,-1.3676479,-1.4332085,-1.2687626,-1.1849169,-1.0238879,-0.89139235,-0.7540229,-0.37594095,-0.10148605,0.008148897,0.39253557,0.5181469,0.36633268,0.30266327,0.4579437,0.6035851,-0.101811334,-1.0889266,-1.5964011,-1.7697564,-2.051271,-2.1426725,-1.8855835,-0.85247064,-0.38703078,-0.3143047,-0.37766227,-0.5622774,-0.96946096,-1.5336128,-1.9288733,-2.269395,-2.4805942,-2.695381,-2.8768787,-2.8553753,-2.4811995,-1.4209651,-0.12836236,0.5683023,0.9480376,0.7029944,0.21051419,-0.11021495,-0.06068769,0.38254705,0.28161606,0.2380768,0.20755684,-0.3115539,-0.88618803,-1.4087857,-1.4579465,-1.0982803,-0.6578201,0.4698828,1.162345,0.82498,-0.5835184,-1.9898267,-1.5735502,-0.4944296,0.72985184,2.4404414,2.4054782,1.2935958,-0.369592,-1.0920554,-1.4607794,-1.4243491,-1.1624207,-0.7822676,-0.58655393,-0.6785125,-0.4007079,-0.12463915,-0.013959706,-0.35217243,-1.0523224,-1.4375937,-1.9650061,-2.3636703,-2.556735,-2.6299915,-2.6909406,-2.7661307,-2.8215637,-2.8425543,-2.8392076,-2.2545767,-1.6565831,-1.2583206,-1.4906199,-1.4282162,-1.211913,-0.8767452,-0.66737956,-0.37432438,0.40028483,0.96783346,0.60459405,-0.3942963,-1.2480291,-1.9461268,-2.5849118,-2.765362,-2.797086,-2.8098767,-2.7948558,-2.7728558,-2.6773124,-2.5851815,-2.607184,-2.6987967,-2.6472352,-2.473359,-2.227896,-2.145968,-1.916301,-1.170646,-0.9929937,-1.1025854,-1.2676045,-1.4826946,-1.7634597,-1.9311771,-1.5417498,-0.09265235,2.709946,4.1286488,4.580223,4.088548,3.39077,1.9043927,-0.4460902,-1.6126244,-2.0864346,-2.1097841,-2.0726027,-2.0270562,-2.0678346,-2.1167188,-2.2616367,-2.4827418,-2.5839705,-2.8463159,-3.0221558,-3.1656075,-3.333891,-3.285759,-3.2220325,-3.2648265,-2.9812627,-2.5863767,-2.5381336,-2.2877793,-2.076797,-0.6985594,-0.69847953,-0.698459
-2.4113412,-2.3654294,-2.3080468,-2.2831917,-2.2650309,-2.1665895,-2.2876396,-2.118832,-2.1620371,-2.3133745,-2.4265206,-2.4627173,-2.582973,-2.5188594,-2.4427295,-2.290328,-2.1367028,-2.12981,-2.1152253,-2.2538428,-2.1821396,-2.1219208,-1.8370824,-1.8950684,-1.9481349,-2.008295,-2.0001636,-2.1328757,-2.2440329,-2.2098255,-2.3183656,-2.3461983,-2.2729354,-2.1733487,-2.2164817,-2.1256325,-2.1390433,-2.142392,-2.11765,-2.1475582,-2.2603798,-2.1827927,-2.1186228,-2.155459,-2.1551957,-2.0017133,-1.7924215,-1.893789,-1.8756516,-1.7347171,-1.6183054,-1.5320174,-1.280574,-1.3807774,-1.6637702,-2.2738233,-2.221838,-1.3664371,-0.13889915,0.8382449,1.7029666,2.4931676,2.924101,3.26526,3.4616642,3.4869215,3.2187672,2.4845262,1.6349047,0.059123218,-1.3229938,-1.8885955,-1.8600318,-1.6843352,-1.7093114,-1.8604469,-1.965735,-1.9989274,-1.7081108,-0.9633788,-0.34545925,0.3071839,0.7817644,1.0230283,0.88522875,0.2878746,-0.44791055,-1.7772613,-2.2690372,-2.3078265,-2.3531113,-2.2198434,-2.219401,-2.2943165,-2.6169615,-3.3495626,-3.8124614,-3.5479355,-3.0608144,-2.4222007,-2.3727415,-2.5713675,-2.6754925,-2.7614727,-2.7326493,-2.9688263,-3.1561599,-3.071498,-3.0122051,-2.7966456,-2.0569885,-1.4470274,-1.2357924,-1.1530576,-1.0909295,-1.035358,-0.89219975,-0.927866,-1.2395873,-1.6401074,-2.1025033,-3.3437502,-3.81632,-3.6889467,-3.2725005,-2.8455064,-2.6093059,-2.5373297,-2.5184407,-2.4710138,-2.3576422,-2.388023,-2.2077384,-1.4580846,-0.73088086,-0.299471,-0.056681097,-0.012998834,0.0011757612,-0.01481241,-0.0060811043,0.07033481,0.23767638,0.57599175,0.9703216,1.2836004,1.2539613,0.8712867,0.3900647,-0.7665097,-1.520147,-1.915975,-1.9750254,-2.0098686,-2.005604,-1.9372551,-1.8274184,-1.9395771,-2.641627,-3.1074748,-3.6774883,-3.6377225,-3.6024485,-3.650968,-3.4565058,-2.5043864,-2.0678682,-2.2961404,-2.530715,-2.702436,-2.9710402,-3.232481,-3.3914914,-3.5283031,-3.6637664,-3.7711463,-3.7946668,-3.7946572,-3.801558,-3.671672,-3.3791442,-2.8874269,-2.5267038,-2.4511728,-2.4768457,-2.5813437,-2.61857,-2.614195,-2.5461102,-2.2879877,-2.2878122,-2.2877717
-2.5362313,-2.5433233,-2.5452573,-2.5956707,-2.634665,-2.6513262,-2.5625024,-2.5702128,-2.521208,-2.3980875,-2.397268,-2.465838,-2.3303769,-2.3970037,-2.3746676,-2.3567722,-2.436366,-2.5031655,-2.447106,-2.5003881,-2.5487719,-2.569519,-2.670864,-2.7263587,-2.6581137,-2.6058893,-2.6245098,-2.6492255,-2.6347737,-2.7064786,-2.7046576,-2.7711837,-2.7438784,-2.7722778,-2.7435842,-2.662864,-2.548101,-2.4319282,-2.3286545,-2.2083771,-2.0418382,-1.6062711,-1.3230267,-1.2306962,-1.241504,-1.1278313,-0.80049556,-0.39169133,-0.59151196,-0.9050846,-1.2078867,-1.4736106,-1.7014127,-1.9034181,-1.9646004,-2.032447,-1.9585675,-2.0077941,-1.602637,-1.2480422,-1.288281,-1.4821829,-1.6855247,-1.8909416,-2.0222316,-2.1582565,-2.3159962,-2.5085356,-2.618117,-2.5179625,-2.613009,-2.8513813,-2.7446074,-2.7491765,-2.7754877,-2.8046927,-2.4841924,-2.0431354,-2.0342982,-2.2061563,-2.454667,-2.6435325,-2.6820476,-2.5339596,-2.1734564,-1.6402165,-2.4895587,-2.4904878,-2.0294926,-2.107572,-2.497852,-2.8766975,-3.0254488,-2.7094169,-2.0295691,-1.702536,-2.0585747,-2.5722554,-2.9259484,-2.8197708,-2.0833664,-1.2209817,0.8132406,4.347126,7.226847,8.796232,9.831293,10.116461,9.977149,9.4385395,8.065106,6.5981445,4.7103195,2.9680607,1.3591878,0.31550103,-0.63433444,-1.5419459,-2.2779284,-2.6722696,-3.0861268,-3.4175053,-2.81832,-2.6108623,-2.0889764,-1.4833424,-1.3029217,-1.1086218,-0.99117386,-0.78681517,-0.55180466,-0.30142817,-0.7840642,-1.5692112,-2.4217272,-2.9086998,-3.1374917,-3.2301118,-3.2980814,-3.348593,-3.4235344,-3.5022306,-3.5932808,-3.6875277,-3.8269105,-3.920271,-3.984941,-3.940659,-3.660828,-3.428491,-2.9269168,-2.4821885,-2.4270904,-2.5897624,-2.6621146,-2.8074293,-3.0331705,-3.1869502,-3.0754125,-3.080359,-2.5623884,-2.367636,-2.448543,-2.8269122,-3.2155643,-3.56667,-3.4640348,-3.0123243,-2.5518262,-2.2706037,-1.9581872,-1.7166536,-1.6054883,-1.4955194,-1.4936306,-1.5232286,-1.519107,-1.5767325,-1.7038326,-1.9266677,-2.1489422,-2.4369988,-2.7010975,-2.7432015,-2.9071558,-3.1771626,-3.3274493,-3.3965425,-3.3170369,-2.5622172,-2.56227,-2.5622957
-1.7094973,-1.7542245,-1.7841488,-1.7708583,-1.7707016,-1.8412509,0.16697927,-1.804362,-1.7876202,-1.663789,-1.5412512,-1.384259,-1.2505873,-1.0260737,-0.9815886,-1.1325735,-1.334852,-1.3911562,-1.3575237,-1.3184192,-1.4069897,-1.886389,-1.934694,-2.0659904,-2.1588721,-2.143724,-2.1996427,-2.315332,-2.3119242,-2.3796172,-2.4036818,-2.4116955,-2.3956494,-2.2655756,-2.1152658,-1.9229767,-1.768361,-1.5601752,-1.362345,-1.2666675,-1.1704706,-0.972386,-0.4418999,-0.1707311,-0.27789667,-0.48753223,-0.2588356,-0.0896685,-0.0850327,-0.6816498,-1.000242,-0.8066114,-0.8524214,-0.76049745,-0.6004495,0.18018478,0.3891384,0.56183493,0.4262304,0.32475322,0.25128794,0.18089223,0.2075933,0.27369186,0.30193448,0.28796768,0.016365401,-0.54133004,-0.8188148,-0.3752058,0.35667944,0.7856822,1.230694,1.3825971,1.1367507,0.49016428,-0.007512316,-0.12447777,-0.11329912,-0.22210278,-0.6420077,-0.68003863,-0.58216107,-0.38241285,-0.063640594,-0.28491578,-0.41346568,0.26276708,-0.34239998,-1.3635428,-2.1120005,-2.0810633,-1.513348,-0.88851255,-0.29098594,-0.18631259,-0.5850256,-0.8014784,-1.8937294,-2.3002021,-1.8700955,-1.483796,-1.0066653,-0.5220025,-0.06735285,0.3103624,0.21618167,0.22292307,0.24286437,0.063120924,-0.5146506,-0.9538369,-1.3369057,-1.5932205,-1.6433659,-1.5352263,-1.3163371,-1.0556616,-0.936066,-0.963929,-1.0420815,-0.8208613,-1.0872264,-1.1977315,-1.3856843,-1.7219932,-1.6505256,-1.4734099,-1.3273644,-1.1122206,-0.60220957,-0.4123398,-0.6145034,-0.789127,-0.828171,-0.86210215,-1.1700118,-1.347348,-1.452246,-1.5312699,-1.5576806,-1.490082,-1.4038662,-1.1685343,-0.9302216,-0.7534461,-0.9268699,-1.1683953,-0.86712754,-0.44639194,-0.78457236,-1.3908575,-1.6593852,-1.8467214,-1.9998239,-2.1135237,-2.096596,-2.1735198,-1.8214694,-0.996773,-0.43315977,-0.37632602,-0.27477777,-0.43727398,-0.62273914,-1.0315144,-1.5516844,-1.5709655,-1.3944316,-1.1123872,-0.6575357,-0.37586826,-0.40115407,-0.48101854,-0.7806235,-1.0997232,-1.1897457,-1.4268458,-1.617271,-1.6155385,-1.5331035,-1.4106998,-1.2755034,-1.1531065,-0.9540962,-1.0360775,-1.077713,-1.0806804,-0.87000144,0.16732998,0.16725355,0.16721076
-2.2388234,-2.2564745,-2.248959,-2.2842808,-2.3018804,-2.3157783,-3.108512,-2.2671568,-2.183,-1.9975163,-1.9161065,-1.9382889,-1.6811156,-1.8782954,-1.8262169,-1.8893533,-2.0498576,-2.081296,-2.2219837,-2.1932902,-2.3860366,-2.6635628,-2.83658,-2.798714,-2.7092702,-2.7244601,-2.7593536,-2.7288892,-2.719687,-2.742044,-2.693966,-2.7023826,-2.662287,-2.771334,-2.6648471,-2.5625582,-2.3949409,-2.0409317,-1.7223452,-1.5140479,-1.4429587,-1.2739823,-1.2930241,-1.4312375,-1.403056,-1.2066288,-0.9689713,-0.6874143,-0.6543624,-0.59222335,-0.71120274,-0.82112646,-1.0932405,-1.4825413,-1.5763124,-1.9008071,-2.1197076,-2.1638474,-1.7396125,-1.5684669,-1.7831206,-2.1352794,-2.3686872,-2.5637226,-2.666567,-2.7217295,-2.703938,-2.6269007,-2.7544723,-2.9727392,-2.7532744,-2.1940286,-1.6390541,-1.4753538,-1.6027106,-2.0875287,-2.2472594,-2.1853619,-2.4157753,-2.1509154,-2.0467374,-2.233673,-2.3007035,-2.2055552,-1.788619,-0.6413621,-0.8319314,-1.5533707,-1.09095,-0.9992831,-1.1421267,-1.621975,-1.9885662,-1.8903692,-1.4622757,-0.87549114,-0.93103784,-1.5206124,-2.120903,-2.6690826,-2.8566656,-2.7940292,-2.2935624,-1.3531876,-0.3027613,0.8654523,1.8878508,2.3838458,2.5044162,2.5668807,2.3467064,1.9735922,1.1982682,0.21690857,-0.6228008,-1.1453533,-1.6189091,-2.1009243,-2.5190816,-2.6872687,-2.760673,-2.7810435,-2.3814006,-2.6029513,-2.506944,-2.346034,-2.4239132,-2.4842582,-2.5641084,-2.6075115,-2.5164065,-2.34292,-2.5047474,-2.658042,-2.7419798,-2.8458672,-2.9380376,-2.9963121,-3.0234368,-3.0506425,-3.0921323,-3.1950998,-3.3178992,-3.4620738,-3.6295865,-3.7789192,-3.8735137,-3.8022747,-3.3706748,-2.8121407,-2.14578,-1.3902861,-1.2482086,-1.3431623,-1.3295348,-1.4706066,-1.8526139,-2.250289,-2.4067216,-2.5591068,-1.9080312,-1.4859705,-1.5161991,-2.0548031,-2.6034365,-3.1084042,-3.1079059,-2.6350718,-2.1878612,-1.940201,-1.645237,-1.4113325,-1.3117927,-1.228981,-1.2008791,-1.1504078,-1.139185,-1.1848977,-1.2558833,-1.4495425,-1.7862993,-2.2801478,-2.7252707,-2.9668531,-3.2398338,-3.6596441,-3.7448282,-3.7462218,-3.6253023,-3.108131,-3.1082914,-3.108337
-3.8596723,-3.8458428,-3.7969923,-3.7852163,-3.760909,-3.696785,-6.0321083,-3.597925,-3.5388703,-3.4615052,-3.5026145,-3.4495015,-3.4314427,-3.4309506,-3.3603249,-3.344452,-3.320198,-3.3562238,-3.440321,-3.426405,-3.4452448,-3.730771,-3.7976923,-3.8226972,-3.8495116,-3.8470945,-3.8222182,-3.858187,-3.9141784,-3.906052,-3.9132638,-3.958347,-3.8573823,-3.786553,-3.6133463,-3.45682,-3.3190336,-3.152035,-3.029405,-3.148372,-3.196059,-2.984278,-2.684332,-2.6079051,-2.4904811,-2.327135,-2.0788407,-1.7432032,-1.2322547,-0.9218924,-0.714806,-0.6176881,-0.6675905,-1.0550632,-1.3228614,-1.6948632,-1.8113055,-1.3872572,-0.95417774,-0.7054638,-0.42299202,-0.06790309,0.14654322,0.32928753,0.4667907,0.5294801,0.4738506,0.302187,0.008794079,-0.9802562,-2.1587873,-2.433728,-2.340719,-2.289338,-2.4907413,-2.861836,-3.0810254,-3.0574992,-3.0963178,-3.1065981,-3.1857586,-3.0945258,-2.9322479,-2.816266,-2.734874,-2.43201,-2.2660036,-2.368953,-2.5507302,-2.8875794,-3.122797,-3.1977093,-3.4423394,-3.9859686,-4.3258886,-4.29005,-4.416832,-4.57076,-4.4521294,-3.858719,-3.6145458,-3.610631,-3.564841,-3.5569239,-3.330401,-3.141735,-2.8117807,-2.4166121,-2.110594,-1.6608658,-1.6151946,-1.6887523,-1.8199773,-2.023777,-2.2110791,-2.3161426,-2.3079405,-2.4638653,-2.7591732,-3.0324054,-3.2898397,-3.9015496,-4.042672,-4.1158338,-4.194727,-4.1417074,-3.9944324,-3.860793,-3.6966064,-3.9104416,-3.9341788,-4.0397215,-4.2113533,-4.184153,-3.8823357,-3.5930233,-3.3564157,-3.2892191,-3.2589831,-3.258687,-3.2510448,-3.2599058,-3.2512832,-3.164163,-3.0498335,-3.02501,-3.3618438,-3.6903763,-3.5016367,-3.3938837,-3.2916455,-3.2181618,-3.2087133,-3.2653146,-3.227773,-3.2252073,-3.3263118,-3.5554311,-4.0225773,-4.276708,-4.1402617,-3.6789382,-3.496263,-3.464622,-3.5203772,-3.3468676,-2.8776908,-2.3939393,-2.0476365,-1.905811,-1.8112885,-1.772407,-1.7792534,-1.8549896,-2.090252,-2.3322837,-2.3565803,-2.4916112,-2.684788,-2.9623256,-3.3198419,-3.7150607,-4.141082,-4.5381246,-5.071477,-5.546591,-5.6036463,-5.661355,-5.5166535,-6.032196,-6.0321684,-6.0321627
-2.345901,-2.2996228,-2.2458909,-2.2312865,-2.1774588,-2.1070027,-1.8064617,-2.0616064,-2.0041585,-1.8033314,-1.6068354,-1.5284137,-1.314957,-1.657954,-1.6313705,-1.7539442,-2.0499883,-2.111113,-2.139771,-1.9988883,-2.2115264,-2.3206418,-2.4065135,-2.3342552,-2.2719316,-2.3224387,-2.3682013,-2.3454788,-2.353168,-2.3194401,-2.2584305,-2.220962,-2.1334953,-2.2313561,-2.010849,-1.8546604,-1.6219622,-1.2084639,-0.96143365,-0.89337784,-0.97114545,-0.97766227,-1.0044763,-1.1643836,-1.1770451,-1.1524239,-1.368974,-1.4140666,-1.4262526,-1.3981135,-1.3074723,-1.4847276,-1.7803681,-2.1653128,-2.3789642,-2.6248038,-2.937827,-2.9933274,-2.7649462,-2.71378,-2.8490136,-2.9557312,-2.9280767,-2.873068,-2.828839,-2.759976,-2.6194592,-2.2802296,-2.3297195,-2.8908124,-2.9326053,-2.051475,-1.4188144,-1.2342446,-1.4068685,-1.6892655,-2.0386634,-2.321848,-2.5926569,-2.3618693,-2.1887922,-2.3387907,-2.5773034,-2.857428,-2.9770837,-2.4728856,-2.2659574,-2.597567,-2.340102,-2.5624497,-3.1198325,-3.3774898,-3.3691506,-3.3022919,-3.4474483,-3.037022,-2.8218815,-3.1549137,-3.4407532,-4.019456,-4.342018,-4.3864737,-4.327013,-4.098791,-3.9189334,-4.0225616,-3.798861,-3.6927261,-3.6683288,-3.4621563,-3.284216,-3.1133838,-3.1094172,-3.1445837,-3.105499,-3.1007822,-3.0836258,-3.117938,-3.1522746,-3.195121,-3.205516,-3.3971064,-3.6854105,-3.685176,-3.7115355,-3.807095,-3.9046373,-3.9327545,-4.006424,-4.171185,-4.04685,-3.6533027,-3.30093,-2.9988577,-2.7697036,-2.7864263,-2.7632,-2.7187097,-2.6949563,-2.6515706,-2.6289794,-2.6542258,-2.7191005,-2.8236814,-2.8382201,-2.8029432,-2.3775826,-1.3239784,0.06831169,1.0689069,1.710028,2.2029464,2.325489,2.333662,2.409011,2.2874293,1.8901583,1.3836749,0.80864286,0.15162069,-0.8365266,-1.0696747,-1.2592949,-1.6005778,-2.0031822,-2.503664,-2.9287066,-2.8686867,-2.6847882,-2.5856223,-2.4348085,-2.2647004,-2.175358,-2.1323242,-1.9438905,-1.6207855,-1.5701587,-1.4351848,-1.3009697,-1.4300002,-1.5366716,-1.5156476,-1.6134359,-1.8663855,-2.0618687,-2.4502525,-2.6543503,-2.7061625,-2.7887316,-1.8062485,-1.8063556,-1.8063902
-0.36682016,-0.432096,-0.5208504,-0.57567704,-0.66015446,-0.77650964,0.8403587,-0.72684264,-0.6671217,-0.45528573,-0.36190322,-0.37353364,-0.123616636,0.11735925,0.31617352,0.16211456,-0.07970634,-0.08646229,-0.2657177,-0.28772295,-0.44661963,-0.53296334,-0.6159118,-0.65729094,-0.6680798,-0.6654109,-0.7297421,-0.752615,-0.70937264,-0.79979295,-0.71131337,-0.6682938,-0.67509925,-0.6509352,-0.4895998,-0.38755992,-0.2802812,-0.14220488,0.015398428,0.21854308,0.20500982,0.35047996,0.6479055,0.6902127,0.5678515,0.6792643,0.9253242,1.1108077,0.6461984,0.4702692,0.34475532,0.90449,1.9263774,3.938618,5.7437267,8.781115,10.053704,9.951934,9.095153,7.7049994,6.040247,4.022412,2.6323855,1.5842644,1.027629,0.5727076,0.17849687,-0.6998297,-0.4356142,0.9240694,1.7799859,1.5507281,1.7880363,2.0890684,2.6206808,2.5396783,2.0331702,1.5252113,0.93680435,-0.120273985,-0.9014493,-1.6026764,-1.9621344,-1.9075826,-1.2506449,-0.040419772,0.24938244,0.9161706,2.1257386,2.4707894,2.0554297,1.1609949,1.0063425,1.7268038,2.817703,3.1570027,2.8236232,1.8668115,0.4150057,-0.36455485,-0.5530454,-0.49707258,-0.36993873,-0.3586356,-0.882277,-1.3720613,-0.8226318,-0.5260428,-0.41748443,-0.61744845,-1.030681,-1.438976,-1.9164658,-2.173049,-2.3282287,-2.3602934,-2.424086,-2.2942927,-2.043377,-1.7007949,-1.0669062,0.14185366,0.9582076,1.3856162,1.8846209,2.0402794,1.9967494,1.9656279,2.1148384,2.4832873,2.9646962,3.253416,2.8371663,2.2308402,1.569605,0.9528992,0.21782276,-0.18782634,-0.39751965,-0.50985056,-0.6175338,-0.7849481,-0.9494905,-1.1391846,-1.4021451,-1.5639861,-1.5743146,-1.539259,-1.3661251,-1.043232,-0.69110775,-0.38951597,-0.43839023,-0.6186546,-0.7632649,-0.9680391,-1.0087842,-0.7007359,0.7508598,2.0216038,3.012706,3.2733803,3.3768048,2.8410654,2.3045547,1.5370686,1.1158239,0.921264,0.77520037,0.85463655,0.96252656,0.9344283,0.8590016,0.99325633,1.1275648,1.1890333,1.1642029,1.0948659,1.0438758,0.94192076,0.7689224,0.52352285,0.32726505,0.3863567,0.7855601,1.0263671,1.126759,1.1563812,1.0355021,0.840817,0.840677,0.8406223
-0.32990402,-0.36736035,-0.38543436,-0.34841844,-0.3627606,-0.549941,-0.5294827,-0.61420923,-0.57922745,-0.55866784,-0.42274705,-0.17807871,-0.15003017,0.17732435,0.28179914,0.3916297,0.4796499,0.41143572,0.40239546,0.1564878,0.3918998,0.49124295,0.51215756,0.4377646,0.35490105,0.34429577,0.39588085,0.27042913,0.21652174,0.23182833,0.19796944,0.15855142,0.24468744,0.26757982,0.14689443,0.08846679,0.008767784,-0.2296014,-0.47252524,-0.78329444,-1.0429733,-0.8241157,-0.4378993,-0.30397874,-0.4669529,-0.45352995,-0.22274922,-0.06180112,0.25668684,0.4533586,0.6439087,0.83667797,1.286914,1.2516074,0.6971065,-0.49549997,-0.56220984,-0.4792647,-0.48155433,-0.2794199,0.12028214,0.52089363,0.7526453,0.82436407,0.7744984,0.7035666,0.4100658,-0.6099922,-1.1823334,-1.9350655,-1.9866977,-1.6043897,-1.2246575,-0.7803097,-0.35993117,-0.057105012,-0.10171121,-0.4013666,-0.10581514,-0.25766414,-0.20224819,0.33258063,0.7624975,1.1634507,1.3169988,0.59628516,-0.30832142,-1.5721502,-1.7714381,-1.3849092,-0.9934696,-1.0177591,-1.6415237,-2.4872036,-2.886489,-2.3433745,-1.8126862,-1.2486007,-0.84284264,-0.37631285,-0.4675029,-0.74632907,-1.3424126,-1.8993404,-1.8293996,-1.7806003,-1.9716498,-1.921571,-1.7351348,-1.448313,-0.8927861,-0.8756162,-0.93237,-0.7560693,-0.46691567,-0.23496571,0.087261036,0.30606645,0.48003265,0.46792156,0.30091137,-1.019502,-2.2619534,-1.9458935,-1.6829842,-1.6599013,-1.6120677,-1.5569152,-1.4510975,-1.5633686,-1.6139156,-1.5483774,-1.1249949,-0.852013,-0.6933717,-0.45786068,-0.24522,-0.22680958,-0.20020375,-0.17714834,-0.17022042,-0.19200353,-0.17302905,-0.13641047,-0.10405146,-0.16500705,-0.7019334,-1.3124868,-1.1762547,-1.3095565,-1.9774244,-2.4272065,-2.1714587,-1.9541789,-1.6702014,-1.4127681,-1.2026502,-1.0670757,-1.4723299,-1.9986975,-2.0962753,-1.5746198,-1.2724373,-0.76898646,-0.37021697,0.46779293,1.5160551,1.8971994,1.9090936,1.7724056,1.4986174,1.3144295,1.2632083,1.1326842,0.85113716,0.59679204,0.56488866,0.38351712,0.22502345,0.056629464,-0.29952312,-0.5447704,-0.59090173,-0.8062693,-1.2185483,-1.1517394,-0.9601252,-0.88209534,-0.83826494,-0.52992713,-0.5297112,-0.52965736
-0.18591058,-0.043264136,0.06436819,0.08765772,0.15517484,0.3563982,0.50281787,0.42538851,0.45159882,0.44500023,0.29755917,0.13511272,0.031132378,-0.3616044,-0.44231474,-0.45673087,-0.5877298,-0.6623856,-0.43165436,-0.23752415,-0.28716072,-0.28664994,-0.3101927,-0.23649558,-0.26956445,-0.27392727,-0.15178376,0.0018516779,0.0049033314,0.085173376,0.2528211,0.2504758,0.20713577,0.13864335,0.03413461,-0.026937619,-0.0010576993,-0.031522915,-0.037309147,0.01641047,0.12852469,0.016051762,-0.33667833,-0.39940256,-0.32490724,-0.29378065,-0.5897633,-0.887331,-1.1685919,-1.4419354,-1.7178129,-2.0905175,-2.6487076,-2.995589,-3.0105362,-2.3747196,-1.8768277,-1.7152996,-1.4444585,-1.5075161,-1.7982402,-2.0803988,-2.2510624,-2.3194108,-2.315318,-2.219008,-1.8579042,-1.0920153,-0.91380644,-1.1690874,-1.4200089,-0.7131927,-0.1990422,0.002248764,0.030072689,-0.116947174,-0.60154235,-1.0663714,-1.8459407,-2.248096,-2.1874018,-2.3078296,-2.500129,-2.7330751,-2.7538128,-1.961793,-1.0582178,-0.30246532,0.07815139,-0.62031215,-1.1283255,-0.8674722,-0.8799647,-1.2106228,-1.6971464,-1.3915749,-0.9156789,-1.2059996,-1.3600895,-2.3288298,-2.7248082,-2.6757083,-2.507419,-2.219129,-1.9797966,-1.76757,-1.4911666,-1.4120529,-1.327537,-1.2145162,-1.4154139,-1.7191894,-2.051659,-2.202758,-2.2942522,-2.2874463,-2.2507725,-2.1399171,-2.0078084,-1.8784916,-1.5637985,-0.97739434,-0.6348807,-0.30448097,-0.25259784,-0.6524606,-1.1086619,-1.5386317,-1.9903053,-2.2205265,-2.3135512,-1.983252,-1.577502,-1.6044769,-1.7561383,-2.046237,-2.0544763,-1.9137568,-1.7882609,-1.6405001,-1.4909204,-1.2631309,-1.1017977,-1.0327101,-0.7373232,-0.33728758,0.9627462,3.091691,5.974704,7.9549837,8.90479,9.377834,9.753294,9.79081,9.94943,9.990198,10.037371,9.996553,9.592222,8.119651,4.7551165,3.364122,2.6837807,2.2719207,2.0596411,1.1858898,-0.3999198,-0.9036737,-1.1063936,-1.162502,-1.1169543,-1.0570083,-1.001028,-0.85952437,-0.5614598,-0.27520323,-0.27967352,-0.10268408,0.04556135,-0.01665546,-0.14244068,-0.3611858,-0.62949145,-0.54725516,-0.33706662,-0.31822962,-0.5035714,-0.3882856,-0.3570758,0.5024,0.50256526,0.50262785
0.012160152,-0.073389724,-0.14011446,-0.121276766,-0.121170074,-0.21479487,-2.3190358,-0.25837007,-0.23356998,-0.20050292,-0.027103275,0.28051898,0.26677006,0.4858697,0.41134864,0.37102398,0.4291945,0.37234354,0.1891859,0.2860934,0.22708046,-0.30523652,-0.6282122,-0.6319543,-0.7563486,-0.75582033,-0.6226546,-0.51966166,-0.47020215,-0.47664127,-0.44084895,-0.51291436,-0.4532071,-0.42585152,-0.21505465,-0.10468149,0.17689097,0.46227324,0.547852,0.5508809,0.83012515,1.1605225,1.8466868,2.4022858,2.6216261,2.3833876,2.003744,1.4954071,1.9678367,2.1443617,2.2102962,2.1593113,2.1163192,2.1435838,2.048426,0.9842484,-0.08262284,-0.12189606,0.04596728,0.19846869,0.5877228,1.0227423,1.2237285,1.2913086,1.290638,1.2503837,1.2840122,1.5319221,1.803152,1.1930939,0.14737883,-0.30799955,-0.42039257,-0.29674143,0.025978208,0.24026352,0.3957481,0.64433604,1.451905,1.8030639,1.3188154,0.9998532,0.99204075,0.8695828,0.23349158,-0.84460306,-0.49884683,-0.5393734,-0.8652363,-0.59709704,0.13354912,0.15186214,-0.12294078,-0.18658888,0.3817558,0.91039294,1.3726959,2.9802074,5.3389854,6.768317,7.5094833,7.765792,7.749827,6.921422,5.2844057,3.6245074,3.0067155,3.3233373,4.224307,6.0592194,7.717986,7.7960734,7.938321,8.282099,8.557814,8.707727,8.807613,8.837824,8.806029,8.706252,8.264672,6.602147,3.4245088,1.7174715,1.1891778,1.3418286,1.3981278,1.4272927,1.1749492,0.6885222,0.13991599,-0.029005945,0.4927634,1.0275048,1.1406517,1.2086987,1.2706358,1.4237245,1.542785,1.5335178,1.5669734,1.6253333,1.6823562,1.6802715,1.5963178,1.3948188,0.77820534,0.04417333,-0.5077132,0.050660074,0.46946314,0.07423746,0.23130594,0.510309,0.7623765,0.95431316,1.2252684,1.4078654,0.8951284,0.351251,-0.50494266,-0.5440791,-0.27045417,0.5553156,1.1034526,1.683912,2.8545806,3.2863998,3.3017826,3.1508176,2.8537989,2.5749722,2.4701693,2.2437904,1.9613872,1.5515745,1.4824183,1.2836798,1.0146016,0.6936238,0.2006784,-0.2004262,-0.2663732,-0.1734854,-0.06333588,0.17047155,0.4127325,0.40876946,0.34232202,-2.319598,-2.3193982,-2.3193207
0.62045044,0.60309064,0.6091409,0.60876846,0.6354504,0.598534,-0.1457847,0.5913002,0.6348148,0.7130132,0.8439134,0.8963845,0.8718273,0.9996568,0.99171257,0.9522512,0.9868411,0.9811436,0.9617536,0.96436095,0.9815645,0.64218616,0.493712,0.4690321,0.4315306,0.44316673,0.38299257,0.4154405,0.44581395,0.43116808,0.48592448,0.46347073,0.43910927,0.49483103,0.5146468,0.516425,0.52531254,0.5601406,0.6045668,0.4874636,0.3710817,0.55629987,0.7669742,0.657495,1.245524,1.644255,2.0352554,2.4071863,2.6768732,2.8768184,2.6691551,2.3395014,2.0516088,1.8388414,1.5952817,1.7066005,2.6000905,2.3046973,1.7659672,1.9451039,2.4061677,2.836318,3.0150676,3.0551188,2.991557,2.8371878,2.4766781,1.7909963,1.8751204,2.32286,1.8688529,0.8556761,0.5243058,0.413323,0.503448,0.8338969,1.2152095,1.2845466,0.86553335,-0.074292,-0.016050369,0.6373256,1.1025403,1.4057467,1.2394304,0.50306714,0.67305124,2.1511178,2.3602915,1.8684046,1.1931686,0.6638006,0.4558011,0.44768292,0.64576906,0.9846014,0.663041,0.13917297,-0.10414639,0.4494089,0.659996,0.652936,0.55588806,0.21953978,0.37928355,1.2769171,2.2160432,2.686833,2.6679456,2.4282126,2.3115351,2.436576,2.6870136,2.8540683,2.9065676,2.9278955,2.9882054,2.9928808,2.8590171,2.6522796,2.2574718,2.0588307,3.1099477,3.1442747,3.175737,3.5474942,3.8366208,4.1641307,4.5032578,4.5897603,4.6905403,4.483753,4.1154237,3.5842566,3.345858,3.5851407,4.0660973,4.269008,4.352371,4.3799667,4.4129868,4.5004635,4.5744596,4.621311,4.6881094,4.6495185,4.276827,3.500355,2.7252913,3.2274392,4.5285654,5.561939,6.0108395,6.065001,6.244626,6.319869,6.2815933,6.1158814,5.348822,4.835437,5.2016144,4.938862,4.796353,4.3877826,3.9028583,3.5422325,4.530061,5.267543,5.5688367,5.6683364,5.7735395,5.8529854,5.8721495,5.8557177,5.7871222,5.665043,5.596471,5.4097652,5.1637917,4.7259026,3.9230642,2.9442866,2.061437,1.7515905,1.3729403,1.0521567,1.0276104,0.88400155,0.9244957,-0.14527978,-0.14561366,-0.14569262
-5.6424866,-5.6108923,-5.5590563,-5.562219,-5.5414968,-5.4678597,-5.646422,-5.3415937,-5.282147,-5.1300516,-5.156661,-5.230034,-5.0966806,-5.294383,-5.205311,-5.279353,-5.414263,-5.418164,-5.4343967,-5.3853555,-5.5239887,-5.618489,-5.63381,-5.625255,-5.57084,-5.5680156,-5.571888,-5.5875187,-5.642117,-5.623497,-5.6315327,-5.6226726,-5.5294266,-5.540595,-5.3628592,-5.187353,-4.965713,-4.6425977,-4.4150934,-4.3166866,-4.223423,-4.026466,-3.76974,-3.593211,-3.6617763,-3.6726172,-3.617077,-3.3889937,-3.237543,-3.1620939,-3.046039,-3.0596406,-3.1797283,-3.525267,-3.765408,-4.085357,-4.2390604,-3.829407,-3.1996808,-2.954845,-2.97677,-3.0092435,-2.986926,-2.9572108,-2.9178743,-2.8822627,-2.8583255,-2.9113991,-3.377243,-4.3592577,-4.6698093,-3.991684,-3.3999665,-3.3152065,-3.7044752,-4.167845,-4.2666245,-4.00179,-3.6726584,-2.8178952,-2.6547928,-2.8981557,-3.097745,-3.2033517,-2.9736562,-2.191618,-2.6231856,-3.7967956,-3.9166615,-4.253242,-4.7901793,-5.1637354,-5.2973866,-5.354789,-5.2598066,-5.005047,-5.0778637,-5.5198097,-5.8254366,-6.101188,-6.2539086,-6.227558,-5.885521,-5.1937456,-4.803809,-4.6898117,-4.2578387,-3.8384414,-3.5943265,-3.2002974,-2.85788,-2.7592897,-3.1076972,-3.583191,-3.9654927,-4.2056255,-4.3662324,-4.631776,-4.960703,-5.188128,-5.306575,-6.145233,-6.8515863,-6.9131823,-6.729348,-6.4966183,-6.4096527,-6.3396125,-6.324086,-6.2992773,-5.9233003,-5.449704,-5.2710247,-5.0508223,-4.90065,-4.9647512,-5.1619973,-5.2313013,-5.242893,-5.240493,-5.2372494,-5.2664924,-5.3068542,-5.290356,-5.2737517,-5.218005,-5.014408,-4.4394903,-3.62049,-3.719244,-3.9476724,-4.0071373,-4.1493535,-4.320421,-4.441347,-4.5825434,-4.839255,-5.1766505,-5.5411067,-5.7403164,-5.73083,-5.4047017,-5.400769,-5.687216,-5.853655,-5.8176026,-5.962571,-5.785997,-5.539961,-5.405573,-5.2704935,-5.1731076,-5.1693263,-5.2105246,-5.32409,-5.406861,-5.404666,-5.477014,-5.5841684,-5.835004,-6.0496917,-6.172813,-6.3071814,-6.5178127,-6.77046,-7.0310507,-7.1406603,-7.1028757,-7.0452957,-5.646599,-5.6464305,-5.646394
