0,1,2,3,4,5,6,7,8,9,10,11,12,13,14,15,16,17,18,19,20,21,22,23,24,25,26,27,28,29,30,31,32,33,34,35,36,37,38,39,40,41,42,43,44,45,46,47,48,49,50,51,52,53,54,55,56,57,58,59,60,61,62,63,64,65,66,67,68,69,70,71,72,73,74,75,76,77,78,79,80,81,82,83,84,85,86,87,88,89,90,91,92,93,94,95,96,97,98,99,100,101,102,103,104,105,106,107,108,109,110,111,112,113,114,115,116,117,118,119,120,121,122,123,124,125,126,127,128,129,130,131,132,133,134,135,136,137,138,139,140,141,142,143,144,145,146,147,148,149
13.230949,13.275457,13.336484,10.535098,13.232477,13.063999,12.886216,12.243959,11.383155,9.788511,7.7254086,4.49559,3.6554744,3.2181435,2.7869828,2.2382426,1.8767011,1.8724515,1.7492862,0.8000258,-0.9497151,-1.3480041,-0.93003964,-0.63244724,-0.74641144,1.1623057,3.0744,2.7772608,1.1123915,0.5402029,0.7609369,1.0114639,1.0403539,1.0224581,1.3916131,2.6546936,4.6644106,6.7595997,9.61313,10.335014,10.108746,9.484482,8.128774,5.8881917,3.6279716,2.8910868,4.013342,4.4676247,3.507227,2.1608458,0.5068475,-0.32255667,-0.6373129,-0.8737221,-0.8175727,-0.8836783,-0.7445992,-0.39253235,0.07777138,0.667337,1.2600161,1.6219022,2.2831054,2.7290788,3.1779513,3.7965174,5.021067,5.975521,6.386319,6.341833,5.784342,4.11635,2.1108644,0.71680963,0.31920108,0.5630319,0.98286974,1.5835109,2.8079295,4.3117394,4.8474793,5.1286373,4.5303097,3.1369948,1.7712047,1.2415426,1.5204748,1.9895978,2.0381167,2.172444,2.1879125,2.2087712,2.2486143,2.2511811,2.2455351,2.4139102,2.6204534,2.7842984,3.0595818,2.6147091,1.9755703,1.6603489,1.3412067,1.225983,1.0141798,0.7573244,0.50027585,0.3338601,0.20943208,0.20138718,0.21559386,0.2595812,0.280963,0.34773567,0.5483633,0.67919433,0.79887414,0.8836271,1.0064918,1.1984539,1.4670587,1.533546,2.084391,2.2671504,3.2172556,4.7622967,5.898203,6.656678,7.2034216,7.671648,7.8829155,8.024128,8.120333,8.314629,8.316362,8.365419,8.57921,8.645208,9.4619055,10.181929,10.738518,11.179634,11.832677,11.977997,12.017677,12.054514,10.537673,10.538018,10.534928,10.534885
-1.4923232,-1.5342771,-1.5328116,-0.60498214,-1.3921309,-1.2295618,-1.1079131,-1.0781844,-1.238606,-1.7966073,-2.143542,-2.1027522,-2.0591836,-1.9293385,-1.8774803,-1.7285292,-1.5582373,-1.4851414,-1.4349358,-1.468031,-1.4277571,-1.5897232,-1.6521423,-1.5687425,-1.1424156,-0.4052176,-0.09348604,-0.31348887,-0.55969584,-0.7417465,-0.90874994,-0.9681621,-0.8234412,-0.6518573,-0.74095094,-1.1743572,-1.5634928,-1.7821147,-2.4985838,-2.9427772,-2.9878507,-3.0165935,-3.1964598,-3.0818696,-1.8892219,-1.4935441,-1.3808177,-1.4126157,-1.2636261,-1.048812,-0.81865144,-1.042296,-1.5190821,-1.9673603,-2.101352,-2.0089958,-1.7987516,-1.5059054,-1.3733026,-1.4805415,-1.6110129,-1.6227539,-1.6024837,-1.6561954,-1.7242591,-1.8651003,-2.034453,-2.1124415,-2.1174076,-2.1447601,-2.2875404,-2.3596487,-2.1748428,-2.153376,-2.2091463,-2.0017915,-1.6864712,-1.6004696,-1.8530701,-2.0343204,-2.2794287,-2.4468424,-2.5856767,-2.8228188,-2.9110875,-2.9946856,-3.1246614,-3.1293116,-3.2131486,-3.5197442,-3.6867418,-3.8348923,-3.8987436,-3.9087157,-3.8205006,-3.6470551,-3.399229,-3.0409088,-2.4692936,-1.8643023,-1.6816833,-1.6677698,-1.7444241,-1.8782897,-1.8769597,-1.8220141,-1.8196115,-1.9583201,-2.1397305,-2.2263322,-2.198469,-2.1597645,-2.156339,-2.1874933,-2.1732864,-2.1237202,-2.0578446,-1.9796729,-1.8704875,-1.6768906,-1.4863358,-1.3292334,-1.1976795,-1.2232713,-1.4964209,-1.8748924,-1.9179499,-1.8985565,-1.7795801,-1.7236567,-1.7675114,-1.7914648,-1.7756386,-1.7405525,-1.8298051,-1.8478417,-1.8709005,-1.7753155,-1.4971159,-1.7032132,-2.0037506,-2.1963186,-2.3076134,-2.3448253,-2.3304524,-2.2952642,-0.605849,-0.60604256,-0.6048511,-0.60485554
-0.32027683,-0.4316656,-0.45032394,0.31220677,-0.712517,-0.8469868,-0.78518033,-0.88924706,-1.0169796,-1.0415033,-1.043151,-1.3110123,-1.4366198,-1.7329128,-1.7827644,-1.6886864,-1.7062532,-1.7532716,-1.8286066,-1.7247077,-1.4524971,-1.2397659,-1.8558213,-1.995368,-1.7851855,-1.2957294,-1.4387286,-1.774766,-2.1370153,-2.3456905,-2.8304205,-3.159426,-3.2319903,-2.69042,-1.7263176,-1.2458488,-1.3770282,-1.3850188,-1.4719132,-1.6507559,-1.6589978,-1.6914802,-0.79499805,-0.21793702,-0.20252413,-0.055731818,0.12861614,0.28694648,0.37560222,0.10227327,-0.59447646,-1.0429913,-1.3355973,-1.9351082,-2.3931446,-2.4761662,-2.4076447,-2.1947522,-1.8887005,-1.5619874,-1.3016388,-1.2786207,-1.3357747,-1.3553083,-1.2863679,-1.1536825,-1.0571043,-1.0576049,-1.2107828,-1.4874042,-1.599829,-1.5966151,-1.5790431,-1.6547365,-2.0362217,-2.696878,-3.0170832,-3.0121288,-2.8506398,-2.467509,-1.8252215,-1.4139915,-1.0828199,-1.0748471,-1.5776043,-1.678687,-1.7643174,-2.134155,-2.487249,-2.4554496,-2.2550564,-2.0880542,-1.866153,-1.673744,-1.4817258,-1.3119003,-1.3669288,-1.5352829,-1.9214358,-2.1204872,-1.9819591,-1.8188955,-1.6753318,-1.5081556,-1.3703244,-1.1780158,-1.0388385,-1.0408255,-1.2167207,-1.451046,-1.5578159,-1.5551267,-1.5614182,-1.554877,-1.5685823,-1.5875623,-1.6256838,-1.655093,-1.6294981,-1.6498697,-1.5830421,-1.4034591,-1.0861707,-0.9605556,-0.87444293,-0.7903124,-0.6191796,-0.59868526,-0.59286046,-0.5022297,-0.487326,-0.5053109,-0.68255687,-0.63023233,-0.56186485,-0.48213798,-0.488093,-0.52444404,-0.6092772,-0.73135185,-1.0513306,-1.2036239,-0.9844018,-0.83891976,-0.7911345,-0.7941381,0.3121096,0.3119794,0.31210792,0.31213126
-1.8272188,-1.8401033,-1.8601209,-0.738224,-1.566699,-1.3458428,-1.1314881,-0.9316484,-0.911693,-1.0167326,-1.3538322,-2.0460718,-2.2190106,-2.4915996,-2.5847049,-2.656583,-2.6065624,-2.4760711,-2.2012577,-1.6762745,-1.3574955,-0.44449827,-0.08368415,0.0433712,0.10988703,-0.27968872,-0.6277445,-0.7226266,-0.25825554,0.21624103,-0.14804086,-0.681911,-0.89616525,-0.7540495,-0.6234905,-0.66790783,-0.5784385,-0.5896482,-1.1848233,-1.9065267,-1.9066409,-1.8414221,-1.8995156,-1.8553528,-1.1696208,-0.82042575,-0.748847,-0.74835837,-0.4747883,-0.18958338,0.13865584,0.15441099,-0.014619708,-0.30475694,-0.6657437,-0.7387635,-0.5817731,-0.27086526,-0.01664403,0.0013283491,-0.14710718,-0.34036076,-0.7450422,-1.0481989,-1.1883664,-1.4414499,-1.8652885,-2.1917195,-2.6695013,-2.9246173,-3.173903,-2.9434514,-1.6249712,-0.80666476,-0.7274771,-0.86800635,-0.48936617,-0.31662175,-0.36854735,-0.5461954,-0.835153,-1.0637429,-1.2181721,-1.33935,-1.5755684,-1.6939225,-1.71804,-1.8433559,-2.2476153,-2.5558984,-2.5400093,-2.4104502,-2.2000446,-2.0041192,-1.6626184,-1.4049466,-1.4238379,-1.5807519,-1.716208,-1.6082118,-1.3688914,-1.2768259,-1.2491837,-1.290535,-1.0986385,-0.6485915,-0.18076774,0.13938047,0.1277965,-0.1274068,-0.33619562,-0.3691295,-0.3905015,-0.42490295,-0.5088148,-0.5550755,-0.6875988,-0.7906203,-0.8488672,-0.9206315,-0.92646325,-0.8664702,-0.5547659,-0.4109261,-0.5785796,-0.9011564,-1.0728441,-1.143891,-1.2063007,-1.3809955,-1.5564307,-1.6447761,-1.8039212,-1.8226607,-1.9218404,-1.9958739,-2.204493,-2.1801534,-2.0859046,-2.3354318,-2.5034213,-2.4628975,-2.510784,-2.622116,-2.6277215,-2.5903554,-0.7407043,-0.74107695,-0.7381756,-0.73808134
1.035783,0.95756376,0.8870288,1.3041072,0.62995857,0.592682,0.5004213,0.35268098,0.19189823,0.019630909,-0.12547207,0.049055576,0.07310796,0.19468015,0.06278366,-0.34387508,-0.4179701,-0.5633553,-0.74974275,-0.71712625,0.32550028,0.8112628,1.1544182,1.2142458,1.013185,0.23102805,-0.41304216,-0.49154103,-0.9916568,-1.0788763,-0.16399351,0.9956496,1.5817227,1.6929532,0.8946082,-0.41720337,-1.2033238,-1.3467991,-0.6850846,-0.43140605,-0.39144385,-0.40059325,-0.36015385,-0.70458174,-1.3016473,-1.5531127,-1.931903,-2.190319,-2.4347186,-2.4750757,-2.4441504,-2.348074,-2.0052552,-1.4139774,-0.77793896,-0.4844048,-0.37242922,-0.33790922,-0.40309775,-0.4976735,-0.54519033,-0.5295899,-0.5550925,-0.65901685,-0.7830591,-0.83461314,-0.61614263,-0.3484276,-0.2908545,-0.32480076,-0.39395282,-0.30240077,0.099558905,0.73989636,1.6921945,2.2690465,2.408958,2.120799,0.9283162,-0.27456605,-0.65142596,-0.64115024,-0.5800186,-0.38470387,-0.016137838,0.52426994,0.88550043,1.0800722,1.1425922,0.6327479,0.19181216,-0.17473769,-0.5165428,-0.7174208,-1.0496422,-1.3556665,-1.5473877,-1.6169039,-1.692384,-1.8347435,-1.9133631,-1.9418054,-1.8703018,-1.6595323,-1.2949494,-0.8635875,-0.4731881,-0.1686353,-0.12109553,-0.11037198,-0.15976053,-0.24289978,-0.2621603,-0.25707483,-0.26050207,-0.3128142,-0.25037858,-0.26622897,-0.18826342,-0.071845174,0.062557966,0.18532887,0.19891423,0.03457044,-0.3774304,-1.1089369,-1.4668702,-1.3455942,-1.1333634,-0.83831525,-0.65301424,-0.5628124,-0.37736663,-0.31700224,-0.30820602,-0.3048692,-0.08624903,-0.00016738474,-0.24267927,-0.093172036,0.119557284,0.38262993,0.30549353,0.32353497,0.35086685,0.36766395,1.3038278,1.3037744,1.3041095,1.3041196
-1.9843628,-2.0086951,-2.0299826,-0.764433,-1.9570677,-1.8821483,-1.8519534,-1.7070266,-1.3812578,-0.91447604,-1.2533734,-2.0648372,-2.0330634,-1.8946103,-2.0485115,-2.071332,-1.9503802,-1.6629577,-1.2566855,-1.0427974,-1.4597158,-0.8123203,0.2663106,0.2691276,-0.6329221,-1.381835,-1.5554409,-1.3081143,-0.8880805,-0.9525343,-1.1166921,-1.0942943,-1.2749419,-1.8067615,-2.0960612,-2.0189571,-2.2572365,-2.400528,-2.5154576,-2.7095776,-2.7668562,-2.7841392,-2.897752,-3.0577793,-2.7898002,-2.4684849,-2.5687683,-2.592604,-2.008204,-1.049767,0.40192,0.960037,0.5780936,0.18050419,-0.0018441975,0.1287322,0.29327866,0.18351334,-0.13565102,-0.45422906,-0.6016896,-0.55920756,-0.8953816,-1.143822,-1.3433993,-1.5697777,-1.9834001,-2.2137556,-2.2210605,-2.3058872,-2.2771564,-2.2340186,-1.6282766,-0.9652997,-0.2673571,0.46797404,0.73223984,0.42808878,-0.6408458,-1.1540368,-1.7073866,-1.9751275,-1.6750104,-0.92799485,-0.020483516,0.19284058,-0.21045132,-0.3936802,-0.006038077,0.39493224,0.38146523,0.13729492,-0.08643904,-0.12715244,-0.065409124,0.24043909,0.7818351,1.105149,1.0825962,0.8360096,0.80588007,0.8680669,0.7877817,0.62257403,0.48962492,0.2477507,-0.015624881,-0.34273478,-0.3700344,-0.2318803,-0.15371987,-0.12332815,-0.103764385,-0.07820809,-0.08009085,-0.09423065,-0.109969854,-0.15912025,-0.2129994,-0.36815566,-0.5944505,-0.85124904,-1.3847216,-1.4897851,-1.765701,-2.5357804,-3.0503614,-3.2979143,-3.2938514,-3.3479893,-3.3764377,-3.3192222,-3.254416,-3.0162473,-2.8718843,-2.7142053,-2.4094393,-2.1021957,-1.8700404,-1.785855,-1.442658,-1.2731273,-1.4903574,-1.6638404,-1.5986507,-1.6066716,-0.76541364,-0.7655077,-0.7642095,-0.7642669
-2.0588508,-2.119275,-2.2709172,-2.3079774,-2.470133,-2.7186575,-2.7681952,-2.7257576,-2.5022354,-2.408277,-2.589889,-2.7364988,-2.580354,-2.229784,-2.1465561,-1.9369438,-1.6955186,-1.5770779,-1.1844169,-0.31836313,0.5589129,0.52852523,0.91733867,0.8463863,1.0086576,0.93102205,-0.53246415,-1.1934273,-0.5468737,0.28773075,0.4714099,0.3488086,0.15138781,-0.48111206,-0.79133093,-0.51045805,-0.3246287,-0.8798461,-1.8994787,-2.39472,-2.4642158,-2.417378,-2.1475248,-1.5539516,-1.0463412,-0.9047278,-0.9717613,-0.9989149,-0.36789635,0.8014729,3.3786225,6.599581,8.812637,10.380016,11.325462,11.716314,11.917789,12.098148,12.328781,12.437196,12.388607,12.333128,12.02295,11.749419,11.45145,11.097092,10.274541,9.433044,8.581799,8.0217,7.880869,7.939592,8.069338,7.6840105,6.3414507,4.092061,1.2134769,-0.2906547,-0.8506758,-1.2116566,-1.9582512,-2.8146906,-3.1772494,-3.0625243,-2.7194948,-2.6066642,-2.5453625,-2.4722362,-2.3342075,-2.3123293,-2.352327,-2.4230058,-2.5117514,-2.5279317,-2.3335636,-2.0819101,-1.7827425,-1.4606613,-0.9683282,-0.58899295,-0.68866056,-0.6690091,-0.6027403,-0.60290235,-0.7180901,-1.0123961,-1.2086968,-1.3459479,-1.2867949,-1.2021598,-1.1906359,-1.1743293,-1.2059709,-1.2448633,-1.2988939,-1.3581973,-1.4657613,-1.6258938,-1.7915506,-2.0562935,-2.1834493,-2.2874622,-2.2735085,-2.072358,-1.9817655,-2.2862926,-2.6340666,-2.9571676,-2.9925818,-2.898892,-2.8369975,-2.7549458,-2.6341782,-2.5843759,-2.5446773,-2.586942,-2.716278,-2.8187861,-2.9741678,-3.0939164,-2.9482417,-2.9157534,-2.8824227,-2.9526772,-2.9839983,-2.925343,-2.310384,-2.3107557,-2.3081508,-2.3079882
-0.3863911,-0.4838917,-0.52157015,-0.02516681,-0.39483717,-0.26285648,-0.2996052,-0.39834476,-0.8226154,-1.3442547,-1.3683515,-1.4917567,-1.7104669,-1.7975743,-1.9882034,-2.2096398,-2.194011,-2.0570374,-1.8447589,-1.6766391,-1.3788142,-0.7833539,-0.4932895,-0.25554374,1.2777512,2.436002,3.1738305,3.3826647,3.4046717,2.6963842,1.476295,0.69579256,0.6846415,0.97079355,1.1833869,1.4666762,1.5073631,1.2354388,0.5214709,0.76824296,0.9762982,1.2937751,1.0313225,0.18041752,-0.30662027,-0.24512798,-0.17689697,-0.24010718,0.4570623,1.2296962,2.274917,2.5843632,2.285592,1.8933401,1.3919885,1.1091999,1.0220969,0.9152957,0.66184235,0.30600405,-0.05132483,-0.15913647,-0.28765815,-0.5355865,-0.7595588,-0.95745045,-1.3601106,-1.6441826,-1.7942511,-1.7307186,-1.6198809,-0.83087254,-0.006750189,0.23114638,0.14381714,0.21150634,0.8281847,0.98120666,0.22338708,-0.34325427,-0.39415297,-0.4371673,-0.4261101,-0.3357743,0.27550948,0.53488094,0.6887461,0.7289847,0.8938986,0.8230807,0.7215933,0.5562118,0.55634904,0.6404334,0.7032567,0.43292785,0.018652424,-0.36489487,-0.58951247,-0.37924865,-0.26540548,-0.3183666,-0.43485555,-0.65973485,-0.70284986,-0.6169282,-0.54210925,-0.57305306,-0.8131337,-0.9933139,-0.90570843,-0.8407957,-0.8070754,-0.78367174,-0.7285372,-0.6344136,-0.51601195,-0.38249174,-0.23250943,-0.016131878,0.07999131,0.17613253,0.19825429,0.030106932,-0.63151777,-0.9517665,-1.2561964,-1.3484781,-1.3359005,-1.3656955,-1.3990209,-1.3801478,-1.3249063,-1.2243874,-1.244014,-1.1649094,-0.81881946,-0.27534962,0.43145573,0.67179227,0.53612167,0.14394742,-0.52018464,-0.8016259,-0.9492416,-0.9621615,-0.026933968,-0.027233481,-0.025223434,-0.025113642
-1.399473,-1.4369543,-1.4318618,-1.5500668,-1.4736111,-1.5213264,-1.6481192,-1.7707975,-1.822423,-1.6316601,-1.5907127,-1.6846776,-1.6443568,-1.3560464,-1.2036165,-1.2598504,-1.3189605,-1.5092243,-1.4166647,-1.0318985,-0.49230134,-0.7675385,-0.26247907,0.044292443,0.06832637,-0.48354214,-0.9329978,-0.66980743,-0.5036545,-0.055968106,1.1214848,1.9000745,2.1226258,1.7856522,1.4385537,1.5425162,1.1641555,0.6775307,0.0115505755,-0.2641779,-0.4372368,-0.6513609,-0.97664315,-0.42971477,0.3807922,0.5340607,0.3749936,0.38869935,0.49357376,0.7563289,1.2482042,1.3994958,1.2592169,1.4772768,1.8606807,2.0737095,2.1474102,2.0181723,1.6455522,1.1170852,0.6252878,0.48057956,0.5866145,0.7354236,0.7645407,0.6640463,0.34206682,-0.013746347,-0.069484174,0.02031516,0.27408338,0.07690948,-0.75016063,-1.3743172,-1.5537832,-1.0682716,-0.9866452,-0.96229005,-1.188597,-1.3065395,-1.3756944,-1.5910974,-1.8022883,-1.8750293,-1.6720893,-1.4525315,-1.1555746,-0.9005569,-0.7766241,-0.7980471,-0.850669,-0.8261482,-0.7038556,-0.5742855,-0.42467898,-0.21402818,-0.024072193,-0.16467506,-0.48654005,-0.6891377,-0.58604175,-0.5038484,-0.33751822,-0.2219546,-0.24043015,-0.30422992,-0.40492877,-0.40300435,-0.37481335,-0.24239174,-0.0881134,-0.07407215,-0.03303227,-0.014510691,0.07127696,0.18789977,0.39835143,0.6615671,0.82458985,1.1726824,1.4217325,1.7278736,1.847376,1.9050082,1.8008323,1.0453115,0.34948993,-0.2118553,-0.45506737,-0.48864055,-0.3908348,-0.32031325,-0.121910736,0.0040555745,0.12840816,0.114695475,0.1043559,0.10381815,-0.087217316,-0.65585566,-1.4326711,-1.8869613,-1.8019884,-1.7070248,-1.7030524,-1.6430755,-1.5497129,-1.5497427,-1.5500718,-1.5500762
-3.369417,-3.2848136,-3.1739,-3.6583085,-2.9503696,-2.9617994,-2.809583,-2.5948157,-2.3651075,-2.0989032,-2.2662768,-2.6438284,-2.5238407,-2.3033,-2.2129297,-2.254068,-2.2080562,-2.1849906,-2.030941,-1.2197773,-0.47752887,-0.15273815,0.101198815,0.060465332,-0.68516874,-2.7740068,-3.8644574,-3.9388556,-3.6538877,-3.2933679,-2.9694428,-2.4396458,-2.1451292,-2.1782928,-2.9529388,-4.081283,-4.321988,-4.0456405,-3.3985806,-3.3686795,-3.1793582,-2.8687963,-2.5731466,-2.6258945,-2.5758815,-2.473567,-2.5820904,-2.5982523,-2.5807643,-2.3669596,-2.2477498,-1.9225906,-1.3796898,-0.71128273,-0.14510566,0.097927496,0.19089104,0.36166042,0.47456428,0.33919352,0.13436632,-0.0090152025,-0.19419295,-0.22610582,-0.21960093,-0.33223167,-0.4849633,-0.49961942,-0.38917285,-0.33487177,-0.25184357,-0.15364452,0.057611287,0.42952937,1.0046456,1.5233693,1.3723104,0.31305552,-1.2689658,-2.587058,-2.840711,-2.8538077,-2.548369,-1.9837284,-1.5045893,-1.1271267,-0.8287141,-0.56590974,-0.56257784,-0.786299,-0.8780931,-0.93945944,-1.0767908,-1.2420915,-1.4070601,-1.6635349,-1.9034519,-1.8885167,-1.7218121,-1.6699792,-1.8103578,-1.8445754,-1.9391875,-2.0596983,-2.072292,-1.9724165,-1.7446615,-1.3724482,-0.7005711,-0.0739795,0.35868937,0.509114,0.592085,0.7018595,0.8315157,0.9287833,1.0567757,1.0985553,1.0974417,0.9837713,0.76253796,0.46800828,-0.094355136,-0.44931248,-1.1907827,-2.32702,-2.8291223,-2.9425523,-2.974651,-2.9936786,-3.024684,-3.141336,-3.2828465,-3.4174309,-3.6609514,-3.7583451,-4.031417,-4.090431,-4.3819,-4.240127,-3.7532606,-3.3301795,-3.4955707,-3.5958238,-3.6583555,-3.7059538,-3.658451,-3.6585114,-3.6583114,-3.658309
-2.2281806,-2.2458699,-2.350061,-1.2474614,-2.5982785,-2.6160479,-2.5441885,-2.3844814,-2.026165,-1.7708641,-2.1507635,-1.8852098,-1.8862622,-2.0035048,-1.9958556,-1.966948,-1.9728401,-1.8533959,-1.8908973,-2.0308416,-1.8939029,-1.4100249,-1.5970275,-1.4033107,-0.47835663,-0.08683005,0.15319744,0.3693611,0.508664,0.20151259,-0.65813166,-1.4580915,-1.6609995,-1.2681694,-0.83055997,-0.74192286,-0.72607183,-1.0587466,-2.4691863,-3.3226743,-3.3375447,-3.2055984,-2.4856427,-1.5316104,-0.3827356,-0.15679258,-0.063531965,-0.08790675,-0.15562734,-0.45257092,-0.9509765,-1.2263832,-1.189552,-1.2424136,-1.3802538,-1.2841821,-1.0283765,-0.6490432,-0.34542635,-0.05201474,0.11195795,0.008539885,-0.27293593,-0.38602933,-0.43193322,-0.4646791,-0.6240006,-0.7041557,-0.65552986,-0.5417434,-0.46586153,-0.2389015,-0.1379894,-0.11832154,-0.6323362,-1.1344819,-0.49791718,0.66282374,1.4775414,1.0725211,0.7773564,0.7843682,0.58248484,0.014849037,-0.6860138,-0.70948064,-0.7012421,-1.0336621,-1.4254205,-1.6101677,-1.6675162,-1.7010119,-1.7184507,-1.689177,-1.7052785,-1.8181206,-2.077801,-2.1774893,-2.0271611,-1.5546494,-1.2733246,-1.1882752,-1.1796808,-1.2283272,-1.3034011,-1.4551201,-1.5695589,-1.7222152,-1.8930286,-1.9822388,-1.964099,-1.9324574,-1.953181,-1.9560444,-1.9333289,-1.897741,-1.8843007,-1.8311076,-1.7630315,-1.6549447,-1.5744505,-1.2850416,-0.6763958,-0.09613527,0.25070536,0.31005707,0.597723,0.8493818,0.98492503,0.9282688,0.551457,0.30975235,-0.018789575,-0.015641421,-0.09901866,-0.202119,-0.37767577,-0.5956009,-0.68593955,-0.8449621,-1.2781837,-1.522542,-1.6102419,-1.6936865,-1.715016,-1.7689523,-1.2489156,-1.2490783,-1.2476003,-1.2474853
-3.7670195,-3.7095416,-3.714314,-3.6394644,-3.5702105,-3.5152276,-3.4154592,-3.1498818,-2.8024354,-2.7939897,-2.6355371,-1.7942545,-1.4067025,-0.9500996,-0.41134,0.8918661,1.850738,2.8172846,4.4665174,7.5613213,10.439246,11.575201,11.624035,11.621952,10.823657,6.935602,2.4229102,0.40281656,-0.39709413,-0.70213246,-1.367205,-1.8253162,-2.0065248,-2.283822,-2.2590137,-2.3868358,-3.088917,-3.670306,-3.7579832,-3.306602,-3.2678165,-3.0507362,-2.7788897,-2.547389,-2.1623952,-2.1175995,-2.2219625,-2.1818213,-2.1206708,-1.8370049,-1.2039118,-0.34601033,0.22272545,0.4547596,0.46887165,0.45041865,0.23204374,-0.06068687,-0.22637512,-0.34987897,-0.4000993,-0.3518608,-0.4198265,-0.4155544,-0.47965693,-0.6352945,-0.80924034,-0.8944325,-0.975696,-1.0971855,-1.0154663,-0.9979359,-0.86691666,-0.622036,-0.3505023,-0.20861128,-0.77259576,-1.3701055,-2.0937183,-2.998715,-3.6485424,-3.8804088,-3.7500157,-3.213171,-2.490726,-2.1749241,-1.9819773,-1.6109608,-1.3246186,-1.235965,-1.2122257,-1.205783,-1.2644118,-1.361109,-1.4233654,-1.5075792,-1.5850825,-1.691204,-1.9470931,-2.3550549,-2.651431,-2.7231112,-2.6927197,-2.687511,-2.7071495,-2.6184888,-2.3963013,-2.09805,-1.7155207,-1.4641458,-1.3680556,-1.31881,-1.2942414,-1.296864,-1.3392068,-1.3797024,-1.4370494,-1.5219207,-1.6673093,-1.9991671,-2.2485795,-2.531916,-2.899149,-3.0225768,-3.2215977,-3.5797024,-3.6842628,-3.6691608,-3.5293112,-3.3128572,-3.2452493,-3.220696,-3.2460413,-3.3185325,-3.321007,-3.3918304,-3.6156578,-3.8556557,-4.014614,-3.9891896,-3.8651366,-3.883119,-3.9696975,-4.0560446,-4.1210623,-4.1358566,-3.6408515,-3.6410775,-3.639425,-3.6393938
-2.8747854,-2.7176192,-2.568881,-4.4520526,-2.097913,-1.9963589,-1.8342584,-1.7354844,-1.6157277,-1.6408938,-1.8670571,-1.985156,-1.8577342,-1.6078835,-1.4709455,-1.3277041,-1.1997615,-1.1726525,-1.0373561,-0.3932448,0.5276796,1.2075422,2.0694096,2.164913,1.5835909,0.14122,-0.7920431,-1.1048886,-1.2717603,-1.5176878,-1.5957005,-1.2896166,-1.2055122,-1.488574,-1.938026,-2.122201,-2.254044,-2.3002012,-2.5127923,-2.798487,-2.840556,-2.8249698,-3.091518,-3.0602121,-2.4713767,-2.291779,-2.266467,-2.2731714,-2.269822,-2.030841,-1.5330441,-0.93923336,-0.40688884,0.2006174,0.7328482,0.85064816,0.6731485,0.5103029,0.39165398,0.19450721,0.036069572,-0.054315478,-0.2112104,-0.07869333,0.050179005,-0.06403965,-0.31923658,-0.34656888,-0.19323504,-0.07927364,-0.19342673,-0.57210624,-0.7684957,-0.49188226,0.3654366,1.4833624,1.7735276,1.5396385,0.89832383,-0.0126028955,-0.91413456,-1.4308137,-1.5148952,-1.2014188,-0.6679901,-0.2131466,0.16733912,0.5265438,0.40815616,0.18488693,0.061882466,0.17611217,0.18184721,0.062398434,-0.155114,-0.41146973,-0.5155308,-0.31300145,-0.0012944937,-0.25376725,-1.0145901,-1.2986487,-1.4738872,-1.6634481,-1.9075637,-2.1560981,-2.2276564,-2.0609336,-1.414458,-0.74476457,-0.32285398,-0.1472753,-0.10741867,-0.06598911,0.07452518,0.1939801,0.24373516,0.2005546,0.013826691,-0.27125496,-0.570276,-0.9365179,-1.4105692,-1.4999666,-1.7039937,-1.7353404,-1.8465832,-1.872168,-1.8096993,-1.804374,-1.8812168,-1.9813241,-1.9829237,-2.0309489,-2.1043434,-2.1886613,-2.3877604,-2.4920175,-2.7805283,-3.1493468,-3.3125865,-3.2932987,-3.3727791,-3.4845734,-3.5608857,-3.575608,-4.4518657,-4.4516597,-4.4520965,-4.4520917
-2.9540458,-2.9479895,-2.8342881,-2.4580026,-2.6783876,-2.758253,-2.6939807,-2.6155338,-2.3621533,-1.8110232,-1.3363817,-1.0394846,-0.90684605,-0.72098154,-0.7590411,-1.0033286,-0.98225164,-1.0435467,-1.0357089,-0.23985039,0.8542546,0.9165871,0.9887674,0.6950908,-0.23554923,-1.4824884,-2.265616,-2.1867108,-2.044972,-2.0415409,-2.1014385,-1.7199174,-1.5984528,-1.9596937,-2.6979237,-3.4487367,-3.6423426,-3.550892,-3.2048492,-3.210956,-3.1942022,-3.3249543,-3.788568,-3.757731,-3.3958998,-3.2098331,-3.4176078,-3.5434933,-3.7840796,-3.7598982,-3.457931,-3.0474455,-2.51468,-1.8322767,-1.384057,-1.3706863,-1.4564209,-1.552116,-1.6488653,-1.7274854,-1.7453189,-1.591653,-1.4500755,-1.3207903,-1.3642097,-1.4744625,-1.3826144,-1.1522168,-0.8104286,-0.7963902,-0.78759366,-0.88304377,-1.3013579,-1.1261132,-0.015941948,1.0193743,0.8452799,0.2967239,-0.6002991,-1.4018116,-1.7858713,-1.8673224,-1.6907818,-1.2034879,-0.74543095,-0.32462847,0.15900242,0.72692335,1.0210671,0.8756883,0.7259232,0.61061865,0.4294521,0.19284537,-0.11036956,-0.42677128,-0.67623734,-0.89274424,-1.2629801,-1.7732284,-2.2196639,-2.36489,-2.513659,-2.5492163,-2.3243499,-1.9324576,-1.5104527,-0.9711561,-0.25653473,0.32662934,0.7610564,0.9632285,1.0685214,1.1502101,1.2519109,1.3271157,1.510964,1.583064,1.7255771,1.767209,1.8078709,1.6339643,1.084683,0.5922733,-0.301471,-1.3132892,-1.8970546,-2.0410573,-2.1155214,-2.1901155,-2.2591336,-2.3631816,-2.4143658,-2.4955704,-2.5478587,-2.4593801,-2.2178612,-1.8960094,-1.6329063,-1.1710265,-0.66049063,-0.46947107,-1.0586019,-1.3107523,-1.4215436,-1.5158256,-2.4562783,-2.4560082,-2.4577847,-2.457941
-1.4603609,-1.4398801,-1.4539187,-1.0613431,-1.3359606,-1.2457683,-1.3257787,-1.4610195,-1.4796834,-1.0398654,-1.0852462,-1.7171469,-1.7207819,-1.3798493,-1.344374,-1.3062898,-1.1782428,-1.1003032,-0.99787045,-1.0732342,-0.48336852,1.3480017,2.7247207,2.5815425,1.1359153,-0.58766943,-0.7405838,-0.5281053,-0.05001992,-0.35973483,-0.8755918,-1.0674999,-1.403768,-2.2253375,-2.5309706,-2.0463414,-2.0223455,-2.2981086,-2.6932993,-2.7981033,-2.726597,-2.6368508,-2.5809536,-2.274624,-2.0478115,-2.2308624,-2.5215523,-2.651515,-2.6261926,-2.3719606,-2.1066508,-1.896228,-1.5735037,-1.3267297,-1.4550618,-1.6473966,-1.9736419,-2.3922048,-2.6559544,-2.692255,-2.590259,-2.4229786,-2.3299706,-2.1948915,-2.081082,-2.0274181,-1.9063355,-1.6386681,-1.1605027,-0.8734585,-0.68527526,-0.76899034,-0.7256039,-0.53120184,-0.30288506,0.2394278,0.68134564,0.7414442,0.8830211,0.23407818,-0.5111641,-0.6361806,-0.37065625,0.69739246,3.6421092,6.369259,8.158801,9.309041,10.182757,10.863161,11.136394,11.144234,11.123152,11.057898,10.60057,9.74978,8.767433,7.3261,4.591608,1.3651786,0.344188,0.14933339,0.06451771,0.10022685,0.33494776,0.6090239,0.9182873,1.1873035,1.3452181,1.3418632,1.282865,1.3071773,1.3610662,1.3958532,1.309604,1.2053045,1.1264325,1.0194507,0.9368091,0.65458083,0.386212,-0.012187123,-0.6732826,-0.990168,-1.5822268,-2.5242085,-2.841576,-3.0020294,-3.0570724,-3.0431132,-2.982523,-2.8555293,-2.7505078,-2.5703676,-2.4339776,-2.3230135,-2.0174794,-1.7473826,-1.4313633,-1.3086497,-0.867898,-0.84661853,-1.242351,-1.4596593,-1.4240005,-1.5038939,-1.0624104,-1.0623462,-1.0612496,-1.0612558
1.9760438,1.8921223,1.8560065,1.6280997,1.9330763,1.8183248,1.9097974,1.8949285,1.367074,0.71669555,0.9196295,1.4306598,1.2221148,0.82826936,0.5799668,0.4383285,0.4512642,0.62855256,0.46060807,-0.039943025,-0.53545845,-0.4393537,-0.7236671,-0.8582221,-1.484817,-1.0346875,-0.38550434,0.2803437,0.71183324,1.4331477,1.9850383,1.6438291,1.2285614,0.6851729,-0.08612025,-0.4266969,-0.37870383,-0.38196036,0.057001777,-0.04617904,-0.40193993,-0.7208231,-0.9377568,-0.8341379,-0.0847705,0.4886018,0.6439428,0.7209266,0.7447787,1.0223005,0.96155465,0.5270493,0.13293308,-0.11396274,-0.104634225,-0.008164078,-0.03675413,-0.1132555,-0.18672991,-0.25783408,-0.26537845,-0.17633969,-0.23889664,-0.40581328,-0.55536896,-0.7124229,-0.8949368,-1.0069275,-1.1009057,-1.0679537,-0.97562116,-0.81320655,-0.6473421,-0.5816886,-0.711018,-1.2403202,-1.7795985,-1.9407877,-1.6961714,-0.78044647,-0.114048615,0.18609937,0.45886627,0.564998,0.12013228,-0.24372768,-0.33063805,-0.4317524,-0.3420909,-0.23562141,-0.14589593,-0.17106628,-0.16485062,-0.10464628,0.14494506,0.502781,0.7458919,1.01679,1.244384,1.044939,0.77122235,0.5692063,0.28520337,0.04388085,-0.23647645,-0.49224144,-0.6187641,-0.64429283,-0.65571296,-0.6803261,-0.61484474,-0.5306173,-0.48851615,-0.43822342,-0.35591468,-0.29209366,-0.22647172,-0.17720956,-0.14105219,-0.2529405,-0.34099314,-0.4728425,-0.49715054,-0.54377556,-0.48097998,-0.37987164,0.066048935,0.5349179,0.97937,1.5665618,1.9455572,2.0394745,2.09784,2.1775,2.1086679,1.9954093,1.4525044,0.6169885,0.057186812,0.53910387,1.058272,1.3802637,1.4841485,1.3726158,1.2781278,1.2740878,1.6283127,1.6282208,1.6281228,1.6281049
-0.76019186,-0.98759377,-1.1608825,3.6609993,-1.5841972,-1.6537229,-1.7592041,-2.022984,-2.268201,-2.1651576,-2.1577454,-1.8459619,-1.5309778,-1.5923343,-1.4190996,-1.2775474,-1.4371314,-1.5798507,-1.7519827,-1.8440669,-2.2052822,-2.6606345,-2.7017946,-2.3446195,-0.9792943,0.13029608,0.55511975,0.2728486,0.14241993,-0.29954857,-1.0738947,-1.6637561,-1.7639525,-1.2234774,0.06409708,0.58586013,0.67055047,0.2675495,-0.77084064,-1.2048872,-1.0067749,-0.6844094,-0.2221358,0.07167733,1.0149963,1.431762,1.859134,2.202656,1.912252,1.360553,0.7220761,0.2670982,-0.13757223,-0.80792797,-1.2623268,-1.3849983,-1.2821953,-0.8483357,-0.20329121,0.40371054,0.6672592,0.5076773,0.4338547,0.3879814,0.46457437,0.475488,0.31766593,0.046673812,-0.07641418,-0.020365417,0.3217931,0.9175464,0.64709663,0.11063117,-1.1981772,-2.338438,-2.303051,-1.3384172,0.34904805,1.3009528,1.1746335,1.0669649,0.74114025,0.006346494,-0.9021284,-1.0908133,-1.1098441,-1.2344255,-1.2933232,-0.97206897,-0.66871357,-0.51786864,-0.40884644,-0.3251605,-0.4170545,-0.68913364,-1.1022428,-1.6722807,-2.1994371,-2.2630014,-1.9498405,-1.7556374,-1.644527,-1.5794024,-1.62109,-1.573599,-1.4210902,-1.328949,-1.3319855,-1.3491926,-1.2649658,-1.2817154,-1.2873191,-1.2768438,-1.1695695,-1.0038745,-0.6904683,-0.1813696,0.5817745,2.2487416,3.6974995,5.5595503,7.8232727,9.059224,9.929665,10.388648,10.412516,10.237768,9.971372,9.660378,9.593218,9.540594,9.435139,9.177695,9.015058,8.872058,8.364735,8.0488405,7.08127,6.3611045,5.653479,5.054424,5.076839,5.3367453,5.3891535,5.38932,3.6617403,3.6614037,3.6612413,3.6611533
2.486394,2.6692166,2.79742,0.47455153,3.325893,3.802653,4.268944,5.7768316,7.3642836,9.187078,10.604054,11.889032,12.151764,12.220335,12.2942295,12.310978,12.260594,12.129465,11.739658,10.531594,8.050522,4.1376944,0.42896464,-0.6252953,-1.1784184,-0.56209,-0.67509365,-1.2050291,-1.9073601,-2.2778163,-2.3735447,-2.186841,-1.94391,-1.253238,-0.6957142,-0.5441614,-0.59027874,-0.39768943,0.02409564,0.2709725,0.1267918,-0.037090566,0.1458315,-0.28681213,-0.41110307,-0.26497978,-0.2531185,-0.35528553,-0.43980026,-0.60575294,-0.89216846,-1.1948979,-1.5317969,-1.9423976,-2.1037745,-2.0373745,-1.9546275,-1.8082471,-1.6779603,-1.6809282,-1.677497,-1.6985788,-1.6572857,-1.6792608,-1.6913908,-1.5829914,-1.3685853,-1.3210458,-1.663409,-2.1412084,-2.4992104,-2.7490854,-2.4496446,-2.2550354,-2.1746235,-2.1856017,-2.296094,-2.1323261,-1.5713127,-0.7043439,-0.08268674,0.24966756,0.2905844,0.07247965,-0.27793902,-0.6071466,-0.9812261,-1.5280937,-1.7871102,-1.7872677,-1.8020287,-1.8825735,-2.0135717,-2.1763995,-2.3700376,-2.3711355,-2.2158196,-1.9401307,-1.6382444,-1.3081243,-1.0815787,-1.0016712,-0.9336126,-0.82392085,-0.74262524,-0.6772616,-0.71759295,-0.83347225,-1.1216917,-1.4167655,-1.5789572,-1.5863736,-1.5639267,-1.5407099,-1.5715864,-1.650928,-1.8017666,-1.937171,-2.1309195,-2.387108,-2.5584183,-2.6493554,-2.6112304,-2.5376306,-2.3730416,-2.0695906,-1.6786858,-1.5702394,-1.5808063,-1.4989793,-1.4623339,-1.5121366,-1.5933115,-1.6848292,-1.7511268,-1.8311567,-2.0961819,-2.4336987,-2.5097852,-2.3271408,-2.0538578,-1.723171,-0.8581548,-0.43952945,-0.30059704,-0.2327447,0.47405556,0.47424334,0.47430933,0.47438392
-2.2899437,-2.2572668,-2.240159,-3.560352,-2.160536,-2.193694,-2.1420703,-2.1063755,-2.137164,-1.8728045,-1.2038144,-0.12503679,0.09131178,0.109336756,0.26798356,0.48449314,0.32217535,-0.12522665,-0.8371952,-1.5936059,-1.792664,-2.2615774,-2.913958,-3.1110783,-2.768719,-2.5944421,-3.3240945,-3.7015152,-3.1888645,-2.5969784,-2.527448,-2.606365,-2.5281994,-1.9639807,-1.3672119,-1.4522443,-1.7723733,-2.0430741,-2.6326199,-3.1656325,-3.3507566,-3.4674401,-2.9984975,-2.8177476,-2.4228158,-1.9679999,-1.8930943,-1.8268726,-1.9035672,-2.009344,-2.1781359,-2.1024203,-1.9613127,-2.0774126,-2.2145755,-2.1825511,-2.1562116,-2.0919712,-2.0686522,-2.1804566,-2.291079,-2.387403,-2.4987154,-2.5776916,-2.6080065,-2.4859977,-2.3236165,-2.170978,-2.1632218,-2.3946807,-2.4333,-2.471253,-2.4097764,-2.4992466,-2.89685,-3.3624833,-3.5309181,-3.3603153,-2.8799174,-2.9205363,-2.5673027,-2.1118932,-1.8665831,-1.9126129,-2.273966,-2.3697107,-2.3516734,-2.704156,-2.9322844,-2.9577618,-2.8681629,-2.7352886,-2.5361838,-2.362508,-2.1951637,-1.932356,-1.7720575,-1.8318663,-2.2197547,-2.4632864,-2.3831763,-2.2740402,-2.1772857,-2.058192,-1.8948767,-1.6381772,-1.4263604,-1.3434782,-1.5251329,-1.8400421,-2.0528905,-2.099558,-2.1147628,-2.142658,-2.2417278,-2.3428652,-2.4662094,-2.5586667,-2.659624,-2.7817762,-2.8146474,-2.7671473,-2.8756528,-3.0600953,-3.4668214,-3.3265476,-2.825986,-2.6120768,-2.601075,-2.4826493,-2.293235,-2.1241965,-2.120553,-2.0546012,-1.9754584,-1.8760085,-1.9340894,-2.0495076,-2.3654063,-2.8741145,-3.5315294,-3.8723307,-3.564418,-3.3706744,-3.3417401,-3.344962,-3.5604768,-3.5605621,-3.560388,-3.560375
-2.1680536,-2.1592057,-2.1446898,-0.5082135,-2.0818772,-2.1344187,-1.9803677,-1.5961417,-1.4545648,-1.7655609,-1.7569513,-1.206464,-1.1848245,-1.1299828,-1.2937875,-1.2305346,-1.0811298,-0.67330813,-0.089939535,0.6349323,0.6725632,0.4406922,-0.7277107,-1.4584368,-2.017581,-1.0808427,-0.46922493,0.002080746,0.38775998,0.96876836,0.74232733,0.02933206,-0.48913908,-0.9321887,-1.3547869,-1.8556011,-2.23911,-2.5336244,-2.34239,-2.293535,-2.4541817,-2.5696266,-2.8202705,-2.9619784,-2.5206876,-2.1423821,-2.1639853,-2.1146483,-1.8073721,-1.4503815,-1.11225,-0.8570477,-0.7565651,-0.87858546,-1.2063035,-1.2961398,-1.2454038,-1.1302176,-0.88561976,-0.5517754,-0.38899368,-0.44718862,-0.72139627,-0.9538766,-1.2692811,-1.55263,-1.871825,-2.0364435,-1.9963369,-1.790829,-1.6178685,-1.5953391,-1.3962938,-1.0464127,-0.83303386,-1.2949834,-1.66308,-1.8662868,-1.8378036,-1.323865,-1.3259346,-1.2267593,-0.87829334,-0.5951273,-0.9274229,-1.3628864,-1.3167778,-1.4487114,-1.743262,-1.697814,-1.2526705,-0.62952554,0.34503263,1.4403806,3.9680648,6.6002927,8.320876,9.596281,10.85828,11.745441,12.012859,12.104616,12.127254,12.058139,11.863863,11.38099,10.69158,9.580384,8.133004,6.659094,5.6948752,5.300825,5.0304556,4.6740108,3.968154,3.3420782,2.3614142,1.6002922,1.0585742,0.39803475,0.07609786,-0.20059115,-0.20776807,-0.33982617,-0.6626158,-1.2092413,-1.4537146,-1.5122488,-1.447475,-1.4232738,-1.5895716,-1.7903455,-2.0247936,-2.0919383,-2.1588838,-2.1049998,-2.2045913,-2.1519835,-1.7723966,-1.123144,-0.599125,-0.42222735,-1.0563623,-1.4359114,-1.5711582,-1.5762732,-0.5059397,-0.50553685,-0.5077902,-0.50800747
-1.562581,-1.5984488,-1.6396786,-2.565511,-1.6774031,-1.7525648,-1.8232262,-1.8312074,-1.7133045,-1.5347022,-1.5205305,-1.4027088,-1.3277848,-1.1568496,-1.0956378,-1.236475,-1.3184028,-1.5466483,-1.7320098,-1.6897871,-1.1130238,-1.1996505,-0.79097855,-0.691725,-1.0126646,-2.2171822,-2.7251012,-2.0777178,-1.0951269,-0.40613216,0.662939,1.5314727,1.7787561,1.5161605,0.9017708,0.4003081,-0.35733938,-1.0527694,-1.5693344,-1.6841168,-1.7012883,-1.7412627,-1.7955263,-1.4684185,-1.2118481,-1.1653957,-1.4769441,-1.5525782,-1.3980793,-1.0543206,-0.48109418,-0.18624169,0.13316888,0.81973696,1.4144175,1.5370922,1.4854815,1.3089528,0.9271434,0.3639011,-0.09597194,-0.29088122,-0.449866,-0.4911161,-0.57181,-0.6950457,-0.9447437,-1.1644748,-1.2083881,-1.2437346,-1.322514,-1.6441817,-1.904726,-1.9932255,-1.4413066,-0.59110993,-0.6403172,-0.8623025,-1.350498,-1.8672727,-1.7956254,-1.7904108,-1.6987551,-1.4372098,-1.1489782,-0.9348966,-0.6947739,-0.57589376,-0.50843924,-0.70945644,-0.8499666,-0.9532925,-1.0320741,-1.1313511,-1.3470938,-1.3477125,-1.1105876,-0.9754748,-1.0468512,-1.0201013,-0.95540905,-0.9543323,-0.91733724,-0.9202043,-0.9437337,-0.9909454,-1.0667622,-1.020268,-0.9114776,-0.7475049,-0.7052116,-0.75617737,-0.76787794,-0.7608836,-0.739215,-0.72294354,-0.6667286,-0.6145875,-0.675348,-0.6642926,-0.7606308,-0.7647463,-0.80624115,-0.49201366,-0.24612492,-0.7324164,-1.2797393,-1.6062088,-1.7789528,-1.8766907,-1.8789029,-1.8558743,-1.6884853,-1.5489669,-1.4559929,-1.400614,-1.1524639,-0.9186534,-0.9523028,-1.3586788,-1.8595814,-2.077863,-2.2554214,-2.2190688,-2.1767728,-2.1800163,-2.5646179,-2.5644054,-2.565493,-2.5655525
-5.710966,-5.735791,-5.774873,-4.0264697,-5.776259,-5.7390213,-5.6589975,-5.476905,-5.471509,-5.609544,-5.4634085,-4.1207104,-3.7883914,-3.668364,-3.4444418,-3.042954,-2.9293306,-2.8989897,-2.9537776,-2.682796,-2.356933,-2.6024504,-2.8949275,-2.9401064,-2.7254982,-3.100477,-3.9779782,-4.401762,-4.2662334,-4.004503,-4.208299,-4.566346,-4.72824,-4.7222486,-4.3496113,-4.4368415,-4.705574,-5.1229315,-5.8607054,-6.1301737,-6.106842,-5.845585,-5.4539146,-5.3080254,-4.07407,-3.3377235,-3.3468416,-3.288571,-3.2028441,-3.0149806,-2.763038,-2.4774582,-2.183825,-2.0651033,-2.1234305,-2.1274195,-2.2490644,-2.2956614,-2.1925864,-2.1322765,-2.1674237,-2.2875817,-2.4872265,-2.6397293,-2.725611,-2.8277097,-2.9656043,-2.9815307,-2.9246511,-2.8839638,-2.6762183,-2.2896757,-2.0690296,-2.1759553,-2.8764076,-3.6740136,-4.1446896,-3.983368,-3.5083141,-3.5978098,-3.7228253,-3.4895434,-3.326186,-3.3950782,-3.3876657,-2.9761114,-2.5851314,-2.762448,-3.1436658,-3.4309902,-3.445829,-3.43085,-3.3491774,-3.1969287,-2.9573097,-2.7197845,-2.668577,-2.7828145,-3.0938854,-3.3026867,-3.3519974,-3.3533442,-3.412198,-3.479215,-3.4968143,-3.4731603,-3.4084063,-3.3970046,-3.5365014,-3.7717273,-3.9299834,-3.9928617,-4.024659,-4.070389,-4.1603413,-4.2101817,-4.2260814,-4.1338553,-4.006408,-3.7134001,-3.4031553,-2.8381147,-2.1069136,-1.5983467,-1.3609767,-1.5612991,-1.2735984,-1.0720825,-0.92264855,-0.6805945,-0.5681464,-0.5270803,-0.590719,-0.54071957,-0.42661566,-0.22535633,-0.10632536,-0.012090992,-0.5178802,-1.5771062,-2.793471,-3.5101895,-3.8244176,-3.872323,-3.9546418,-3.944745,-4.0261497,-4.0262656,-4.0262876,-4.0263577
1.1093988,1.1390548,1.0426872,-0.033824086,0.9759116,1.0535228,0.87260157,0.82024825,0.5944474,0.7031808,1.5159705,2.6429873,2.7758543,2.3072858,2.281374,2.2944317,2.1958847,2.0259607,1.5494347,0.5522482,-0.08870694,-0.35835844,-1.5438508,-1.6514264,-0.87422836,-0.4060467,-0.17512852,-0.2530042,-0.22026527,0.03481269,0.53795385,1.2534578,2.4279957,5.5213623,8.2565155,9.843341,10.556957,10.392082,9.16446,8.007531,8.017052,7.8914185,7.245406,6.2123303,3.3913155,2.7868857,2.3352695,2.0605354,2.0155852,1.6450014,0.43748116,-0.23351046,-0.2454066,-0.13265087,0.02920629,0.28203207,0.48435777,0.6443601,0.59251106,0.42579633,0.28097188,-0.027677791,-0.3397387,-0.51265925,-0.5262459,-0.3476763,-0.33972275,-0.49621528,-0.6127956,-0.6952577,-0.681739,-0.30426085,-0.13861367,-0.4865719,-1.4376657,-2.0924416,-1.6462249,-0.9604444,-0.3561195,0.036906004,1.0816934,1.4503295,1.4827347,1.3109503,0.6641208,-0.120058954,-0.7728509,-0.9517876,-0.46877512,0.18068686,0.51476663,0.6806261,0.8478261,0.94184035,0.76366895,0.35146397,-0.08713762,-0.2161077,-0.1337507,0.36459523,0.6633373,0.7031733,0.7183459,0.67296505,0.44291183,0.12184551,-0.18890709,-0.3936845,-0.5413836,-0.5561257,-0.5146419,-0.5041213,-0.5142775,-0.54558873,-0.5610532,-0.5590331,-0.5834311,-0.5609249,-0.62167025,-0.641252,-0.72576815,-0.71539855,-0.7193624,-0.60756916,-0.6080795,0.02227372,0.48451516,0.65474814,0.5443921,0.40939632,0.46586373,0.4834731,0.50065875,0.45121315,0.5634121,0.59955835,0.65810764,0.5451276,0.28616244,0.3614618,0.18996182,-0.1451059,-0.22822928,-0.087255,-0.055200458,-0.09845239,-0.035592258,-0.035773605,-0.03422609,-0.034012586
-1.9185764,-1.9449129,-2.0146902,-2.6970162,-2.3381023,-2.4877515,-2.6225505,-2.3964834,-1.8039985,-0.9070111,-0.6016189,-0.18063712,-0.012429863,0.06147787,0.008984715,-0.39676642,-0.48969167,-0.7005795,-0.85011643,-0.7629377,0.042069733,0.3702552,0.68006635,0.30771667,-0.76347387,-1.5485282,-1.2121162,-0.44384977,0.092344806,-0.24596296,-0.15146309,0.4423115,0.58430916,0.080052376,-0.62747014,-1.2947359,-2.1345782,-2.5757856,-2.6585193,-2.4254904,-2.2930517,-2.1569972,-1.8927007,-1.32264,-0.96711195,-1.1121397,-1.594151,-1.893244,-1.9296796,-1.771908,-1.439467,-1.1952666,-0.9701433,-0.530601,-0.070541464,0.1172437,0.05566961,-0.2505644,-0.4713745,-0.58731425,-0.6416038,-0.5445535,-0.35851103,-0.23297329,-0.09720575,-0.11982574,-0.022083633,0.12959358,0.18118066,0.3081854,0.18175587,-0.4000352,-0.72373575,-0.591534,-0.080568254,0.39889944,0.194556,-0.75686276,-1.1385491,-1.2020218,-0.9562365,-0.99814606,-0.85428387,-0.34020096,0.40068144,0.74864036,0.7959956,0.5890603,0.44798,0.024789035,-0.300495,-0.6302336,-0.96018696,-1.1419418,-1.3076239,-1.2818907,-0.9907628,-0.70099443,-0.33231065,0.07024649,0.35083896,0.44488224,0.55314493,0.695963,0.99963516,1.1858608,1.172267,0.8684026,0.4444535,0.083246574,-0.25826257,-0.46264035,-0.54431844,-0.62135744,-0.84439796,-1.0794526,-1.2929897,-1.587862,-1.8012526,-2.03854,-2.196128,-2.262396,-2.2187586,-2.0695543,-2.0698023,-2.3681443,-2.8219852,-2.9261794,-2.8347387,-2.7815826,-2.7837276,-2.8095856,-2.7072496,-2.7464693,-2.8304768,-2.9225285,-2.9206252,-2.9272652,-3.251689,-3.4088283,-3.039437,-2.6710243,-2.7870114,-2.7285373,-2.5728283,-2.5636134,-2.6981792,-2.6982772,-2.6970377,-2.6969893
-2.8694339,-2.92235,-2.9936848,-2.2257276,-3.1944854,-3.283692,-3.2594433,-2.9813778,-2.7631254,-2.758061,-2.7601852,-2.0543013,-1.935056,-1.7896554,-1.6927378,-1.5168593,-1.4336642,-1.2826316,-0.98250884,-0.36379713,-0.38556993,-0.70402676,-0.7361572,-0.8142935,-0.615451,-0.85586953,-1.427405,-1.4409146,-1.3061557,-0.9706861,-0.74636567,-1.0031918,-1.3221402,-1.9429909,-2.3118572,-2.5914395,-2.8564677,-3.1682684,-3.292778,-3.1593175,-3.1761997,-2.9435165,-2.5861435,-2.286757,-1.3926587,-0.7548214,-0.8030833,-0.78388166,-0.2877136,0.5282557,1.5351412,1.8748822,1.973456,2.1880841,2.2197766,2.116444,1.7945845,1.4114264,1.0452719,0.8118118,0.7162695,0.845929,0.7925484,0.52628565,0.23157895,-0.011843473,-0.22415367,-0.3694128,-0.54940236,-0.49748802,-0.44384113,-0.47139132,-0.355229,-0.45552933,-1.0623122,-2.0554235,-3.1295857,-3.6569357,-3.697672,-3.1651149,-2.2740185,-1.8320155,-1.526597,-1.3198454,-1.4037633,-1.462331,-1.1840703,-1.3286538,-1.6800315,-1.9908643,-2.0562441,-2.0731072,-2.0308065,-1.9325781,-1.713906,-1.5096631,-1.4556391,-1.6170161,-1.7241777,-1.6343706,-1.5423735,-1.5802554,-1.6889728,-1.7444096,-1.6423613,-1.498286,-1.3895648,-1.2405856,-1.1992829,-1.2878554,-1.4057705,-1.4563074,-1.4655192,-1.4914072,-1.5489131,-1.5807633,-1.6155217,-1.5842607,-1.5766258,-1.5788763,-1.5372391,-1.4347117,-1.3148353,-1.2089828,-1.321331,-1.503479,-1.4500744,-1.5337547,-1.5752287,-1.5591148,-1.577358,-1.6195369,-1.6588976,-1.6695324,-1.7279043,-1.7391231,-1.7930665,-1.7940197,-1.7495165,-1.7052934,-1.8297338,-2.1613536,-2.55227,-2.7093146,-2.731391,-2.6722317,-2.2256694,-2.2256541,-2.2255812,-2.2256231
-0.736518,-0.6922258,-0.61465716,0.70705307,-0.49240166,-0.60011625,-0.763252,-0.9427866,-0.8995757,-0.5527135,0.10424781,0.52212185,0.7535726,1.070116,1.3020552,1.5990825,1.9642766,2.1101315,2.3811605,2.492916,2.3197017,2.0624857,2.609652,2.5007849,1.6673489,1.0864193,0.75345004,0.9459716,1.3746345,0.98705155,1.3485181,2.0111864,2.128483,1.4365745,0.6201605,0.4651779,0.58481956,0.39338386,0.25457138,0.18408579,0.16949639,-0.051331967,-0.11213216,0.7406432,0.87332535,0.32037663,-0.13463488,-0.30711088,-0.25561935,-0.15725815,-0.026776329,-0.05373268,0.12771167,0.65224683,1.1045709,1.2809801,1.3885673,1.3356019,1.4785364,1.8277173,2.1016371,2.3917162,2.913393,3.3317966,3.5763059,3.771745,4.0113773,4.260543,4.9604826,5.7144623,6.4083157,7.839694,9.057356,9.870549,10.7800865,11.3890085,11.370277,10.647433,8.962108,6.016293,3.0574603,1.8865799,1.5503782,2.0526996,3.2974827,3.5388706,3.0128622,2.9333568,3.2185922,3.3544703,3.3476143,3.4731078,3.4249558,3.2716558,3.0359347,2.7715774,2.666906,2.7819946,2.7588866,2.5964696,2.4661734,2.5426435,2.8275652,2.9685564,2.8555527,2.6495936,2.5426805,2.6728854,3.262194,3.7809944,4.008365,4.0950985,4.1644382,4.205965,4.216005,4.2450504,4.32957,4.3584733,4.2822857,3.9445953,3.5836158,3.0750465,2.3059661,1.9971597,2.1993182,2.3647323,1.741447,1.2288074,0.9112761,0.68435985,0.5086123,0.4418181,0.55305356,0.5258152,0.63543123,0.6384181,0.7349392,0.76231265,0.3884499,0.46867028,1.0565964,1.4436274,1.1987907,1.0474805,0.94281054,0.8274689,0.70897734,0.7091391,0.70724326,0.7071039
-3.1150484,-3.1089203,-3.1371927,-0.594616,-3.1567764,-2.9561317,-2.8186646,-2.6523535,-2.741126,-3.2006097,-3.185176,-2.125555,-2.087466,-2.22237,-2.2169423,-2.103774,-1.9924874,-1.6570636,-1.3495378,-1.1232374,-0.871434,-0.46738794,-0.959085,-0.77151245,-0.4222034,-1.0038807,-1.455999,-1.5299879,-1.517518,-1.0992091,-1.3031504,-1.9438686,-2.257751,-2.2473361,-2.263155,-2.4019482,-2.1665478,-1.6876328,-1.0655507,-0.7693552,-0.78238904,-0.7625083,-1.1143184,-1.0656564,-0.83099633,-0.89916694,-1.1043737,-1.2362007,-1.0622814,-1.1269249,-1.1798275,-1.1503654,-1.1825268,-1.3169128,-1.7212691,-1.9963145,-2.1752894,-2.2332604,-2.1465585,-1.9286988,-1.8190864,-1.9435071,-2.2598805,-2.5469794,-2.8100612,-3.0088644,-3.2418008,-3.3672905,-3.4750514,-3.3797836,-3.2790623,-2.8389373,-2.282068,-1.8758392,-2.052529,-2.5739152,-2.2740564,-1.9175868,-1.9827039,-1.9917481,-1.7296379,-1.1087247,-0.5699686,-0.45065564,-0.84601223,-0.6667118,-0.3194058,-0.45066464,-1.0661017,-1.4730089,-1.6040175,-1.6389986,-1.6822371,-1.733466,-1.68099,-1.7029067,-1.87425,-1.8182498,-1.2936268,-0.5388631,-0.1492477,-0.09168738,-0.13943559,-0.23275632,-0.24008805,-0.17765993,-0.031333387,0.08208567,-0.10111594,-0.45133567,-0.7239898,-0.80661255,-0.86700726,-0.9277884,-1.0497727,-1.1482885,-1.3581276,-1.4829957,-1.6261114,-1.8219016,-1.955815,-1.9728454,-1.7786719,-1.6887212,-1.5594605,-1.5410817,-1.3395452,-1.1037072,-0.93691134,-1.0395254,-1.380942,-1.6426604,-1.9605508,-2.0750196,-2.186076,-2.1661546,-2.0598135,-1.8559463,-1.1043499,-0.7833232,-0.73392034,-0.87054956,-1.3039205,-1.5881305,-1.7154454,-1.7278168,-0.5954396,-0.5955819,-0.5945702,-0.59454083
-1.3838007,-1.2388672,-1.1078929,-1.2264215,-0.7847853,-0.5058485,-0.3271147,-0.11449863,-0.058345497,-0.040134743,-0.107644685,-0.14218295,-0.3469352,-0.981043,-1.1880021,-1.2402736,-1.1732248,-1.0665152,-1.2296836,-1.4744451,-1.4340258,-1.8887688,-2.6541743,-2.681581,-2.0765233,-0.774816,-0.71872795,-0.95821285,-1.4870156,-1.746913,-2.0639365,-2.2820792,-2.1952772,-1.5875207,-1.1312215,-1.0018305,-1.0710503,-0.8057819,-0.45879507,-0.71353966,-0.9604293,-1.2636278,-1.1193359,-0.81892955,-0.74823767,-0.7008533,-0.88107526,-1.047847,-0.9983788,-1.1292341,-1.249229,-1.4851274,-1.8339636,-2.3868277,-2.7905416,-2.857501,-2.8208845,-2.6590188,-2.457883,-2.2950397,-2.1647165,-2.2473865,-2.3869362,-2.5336876,-2.5219722,-2.3039417,-2.0146816,-1.8196145,-1.7930281,-1.9291062,-2.1051178,-1.9093951,-1.551689,-1.5996871,-2.055931,-2.8886967,-2.9990425,-2.5436885,-2.1894433,-1.7617781,-1.2960947,-0.8555846,-0.53881145,-0.51895106,-0.7648206,-0.79454875,-0.93387973,-1.3841078,-1.7922933,-1.8735955,-1.7896407,-1.6837797,-1.6490932,-1.7324395,-1.9734513,-2.0777428,-2.119814,-1.9793485,-1.9432886,-2.0557754,-2.1517668,-2.1604965,-2.1980882,-2.2193923,-2.299176,-2.4243562,-2.5497265,-2.6456938,-2.8726177,-3.165834,-3.3684893,-3.4114752,-3.42271,-3.4235077,-3.432156,-3.4347503,-3.4769282,-3.5058951,-3.5820236,-3.7333746,-3.8125753,-3.852738,-3.804131,-3.8127475,-3.751277,-3.3906188,-2.9785147,-2.7258346,-2.6114178,-2.5358288,-2.6010091,-2.6459017,-2.7571213,-2.782166,-2.8559155,-2.8350494,-2.7897992,-2.7838838,-2.3243554,-2.013756,-1.8786591,-1.7733898,-1.4649023,-1.3881688,-1.3834742,-1.4294281,-1.2276876,-1.2277238,-1.2266766,-1.226547
-1.5664775,-1.5287694,-1.530102,-0.47905716,-1.6062287,-1.5401598,-1.4425921,-1.2812216,-1.1499162,-1.2689116,-1.668514,-1.3110516,-1.1906877,-1.3674133,-1.2802615,-1.2201163,-1.3586969,-1.4504914,-1.7068553,-2.064558,-2.0306654,-1.9281925,-2.4730215,-2.5301576,-1.8949558,-0.769705,-0.47838867,-0.97555363,-1.7195519,-2.0835996,-2.6494772,-3.1238813,-3.156971,-2.5308394,-1.6622736,-1.3935683,-1.3396198,-1.1665882,-1.3669218,-1.5434165,-1.5736098,-1.5717809,-0.6858897,-0.32764953,-0.2350516,0.13755114,0.40277138,0.46970057,0.33612674,0.083519295,-0.43168956,-1.0148568,-1.4423407,-1.9951842,-2.339008,-2.324494,-2.205436,-1.9811891,-1.7614532,-1.6363573,-1.5580437,-1.691584,-1.8245769,-1.881005,-1.8394685,-1.6945574,-1.5776263,-1.5506493,-1.5878701,-1.6264532,-1.5397561,-1.4492986,-1.4874802,-1.4919354,-1.8418007,-2.4743972,-2.5033815,-1.6314363,-0.39313424,0.950003,2.1038678,2.3368518,2.4681358,2.4845705,2.2398477,2.084003,1.4574866,0.45958868,-0.32391316,-0.747661,-0.8892886,-0.8848477,-0.90675783,-0.933862,-1.108709,-1.2634499,-1.349374,-1.3470178,-1.4935223,-1.6060116,-1.5246382,-1.448381,-1.4650499,-1.4878174,-1.5846145,-1.790467,-2.052751,-2.4199862,-2.8075244,-3.0777783,-3.2418437,-3.2835498,-3.313798,-3.3129218,-3.31115,-3.3065686,-3.2635047,-3.1980734,-3.0768857,-2.8641098,-2.6128905,-2.2879171,-2.0357049,-2.0933735,-2.052675,-1.7078378,-1.2798278,-0.903052,-0.74805987,-0.6018392,-0.4758616,-0.43519333,-0.49219382,-0.4945274,-0.48402965,-0.40416533,-0.33575916,-0.2997167,-0.4246049,-0.54814667,-0.93685174,-1.1595405,-1.025971,-0.87306595,-0.8211187,-0.85087115,-0.48030922,-0.48041362,-0.47899866,-0.4789805
-1.8495923,-1.7954576,-1.8420811,0.38733995,-2.0286775,-1.9332497,-1.7650536,-1.1386715,-0.59500223,-0.5434226,-1.1170069,-0.44148582,-0.41702434,-0.6876752,-0.9071748,-1.3226006,-1.5863259,-1.5933931,-1.619559,-1.7112637,-2.1955247,-2.4690957,-2.8541718,-2.7117028,-1.6660203,-0.613779,0.25460386,0.77945334,0.94009024,1.2240431,0.705202,-0.43719104,-1.090255,-1.4887385,-1.502512,-1.154533,-0.6502285,-0.6134547,-0.88307726,-0.93128467,-1.008941,-0.91698694,-0.18177213,0.39296776,1.0105715,1.377281,1.1890819,0.9900086,0.99196863,1.0852288,0.97780055,0.72825366,0.44869223,-0.020545319,-0.55142915,-0.6649796,-0.5880858,-0.46815583,-0.34162864,-0.22040226,-0.24262297,-0.494133,-0.8020758,-1.1574298,-1.4997555,-1.7601037,-2.1855927,-2.6378436,-3.1109846,-3.0758145,-2.8423145,-2.2566931,-1.4051881,-0.60485715,-0.1940324,0.09269743,1.6274992,4.658269,7.98707,10.269011,11.1688595,11.2559185,11.473042,11.717251,11.243805,10.229693,8.932371,7.1509356,5.18858,3.2169776,2.1274726,1.5839822,1.0209253,0.6304124,0.35281336,0.13711902,0.020829625,0.058553636,0.2752811,0.48721096,0.54201066,0.44835845,0.23338531,-0.06450677,-0.3006401,-0.50799286,-0.60704684,-0.7379341,-0.9748753,-1.2494756,-1.3884732,-1.3684921,-1.3557972,-1.3336992,-1.3953724,-1.4729569,-1.5649263,-1.6348834,-1.6594727,-1.6982687,-1.7146175,-1.596514,-1.1906793,-0.9066999,-0.5206261,-0.047814175,0.2536469,0.5321158,0.65841025,0.6797999,0.55592525,0.4109127,0.14192118,-0.053626925,-0.2759989,-0.45254946,-0.83820385,-1.1227717,-1.0122575,-0.48618338,-0.21731037,-0.032473683,-0.07330477,-0.24325147,-0.3725811,-0.35838377,0.38663173,0.38661993,0.38740513,0.38741148
-1.1073489,-1.0628866,-0.97023195,-1.1769495,-0.52472484,-0.4644442,-0.28340584,-0.3181882,-0.6820565,-1.2265192,-1.5547659,-2.0183425,-1.989526,-1.8876629,-1.8066586,-1.805521,-1.724885,-1.6916325,-1.4278748,-0.1481862,1.0556493,0.7406305,0.494869,0.10216255,-0.28949708,-1.1611532,-1.9937024,-1.9522386,-2.0822854,-2.4277685,-2.6897888,-2.4489536,-2.4326608,-2.8321333,-3.2565165,-3.5017562,-3.6845999,-3.588902,-2.6988926,-2.3184264,-2.2591138,-2.2960143,-2.669921,-2.9381576,-3.316119,-3.326785,-3.364091,-3.3566828,-3.6029506,-3.5873213,-3.1876435,-2.5065203,-1.8770366,-1.3062847,-1.0288367,-1.0134733,-0.9978663,-0.94033873,-0.84537756,-0.7271647,-0.7112153,-0.6779349,-0.5810889,-0.39743948,-0.3899097,-0.42386875,-0.3404414,-0.14739445,0.18552545,0.10388182,-0.042836495,-0.89256495,-1.6978478,-1.5140932,-0.2737033,0.77973366,0.7897057,0.25230974,-0.6854622,-1.393443,-1.8060791,-1.9709376,-1.7414135,-1.0479152,-0.25596237,0.37627834,0.5890536,0.75785404,0.678741,0.4393149,0.3211741,0.3028264,0.30361018,0.29218182,0.46933192,0.5357225,0.41161147,0.37018913,0.18268132,-0.06375769,-0.31031227,-0.29061157,-0.2065089,-0.060654745,-0.051505327,-0.25838566,-0.47592852,-0.7746309,-0.7363263,-0.45536983,-0.18359229,-0.08097041,-0.06873351,-0.070116,-0.01028876,0.07181157,0.1757618,0.20509078,0.3395835,0.39584267,0.56833977,0.46237415,-0.05357997,-0.7586802,-1.7018607,-2.4754715,-2.7810192,-2.738364,-2.5812712,-2.473072,-2.4880366,-2.5481029,-2.6161096,-2.6542225,-2.7551594,-2.7838495,-2.8417988,-2.7519946,-2.3928657,-1.6591444,-0.84468603,-0.41004118,-0.7868482,-0.99335396,-1.1142335,-1.2268616,-1.17562,-1.1752564,-1.1767995,-1.1769233
-2.6909585,-2.6178377,-2.6091213,-2.0272415,-2.4941602,-2.2498894,-1.980966,-1.3101629,-0.87329483,-1.0139296,-0.5616627,0.9989792,1.3315002,1.6316881,1.7607906,1.9044477,1.8496289,1.8498975,1.6559474,1.3636942,1.5561087,1.5714161,0.09375285,-0.3528244,-0.2473895,-0.7798344,-1.073137,-1.3594036,-1.445354,-1.3888183,-1.8734479,-2.5662107,-2.922781,-3.024565,-2.8432941,-2.731327,-2.3788922,-2.161664,-2.5793114,-2.8696294,-2.8620696,-2.6915996,-2.812221,-2.9144154,-1.9202946,-1.4284041,-1.3373897,-1.4069391,-1.3747075,-1.3208823,-1.1153419,-0.86892956,-0.71776116,-0.719959,-0.95915484,-1.0539318,-1.1093892,-1.0875342,-1.0588167,-1.0740278,-1.1368852,-1.2585872,-1.3842803,-1.4595509,-1.4996715,-1.5646468,-1.574106,-1.5313816,-1.616604,-1.7077138,-1.798671,-1.8140838,-1.8598592,-1.974843,-2.2703028,-2.510263,-2.5452156,-2.0270584,-1.3843817,-1.0673476,-0.73411644,-0.4296481,-0.48008135,-0.83936244,-1.0882473,-1.0126703,-0.7194202,-0.63328516,-0.8622359,-1.1648902,-1.4261864,-1.7111971,-1.9935253,-2.205749,-2.3702087,-2.5412889,-2.6330457,-2.5212688,-2.031148,-1.2778686,-0.95903414,-1.012091,-1.1897838,-1.302624,-1.2940521,-1.3117659,-1.3729755,-1.4768953,-1.7409121,-1.9849901,-2.1155777,-2.1438532,-2.1700997,-2.1969156,-2.2457752,-2.293041,-2.3828828,-2.3859625,-2.4310305,-2.4040558,-2.3972397,-2.2502587,-1.9520152,-1.6969465,-1.4101193,-1.2440939,-1.0371608,-0.9814578,-0.9851076,-1.1335596,-1.3557564,-1.5376847,-1.6587559,-1.7243472,-1.7551225,-1.685622,-1.5611619,-1.4093325,-1.1878034,-1.4687735,-1.945427,-2.2707458,-2.387198,-2.404914,-2.413107,-2.3523111,-2.027204,-2.02711,-2.0271034,-2.0271537
-1.6314608,-1.5158792,-1.3520298,-0.0242756,-0.99379885,-0.8736917,-0.70387554,-0.45563853,-0.18489,0.104293704,0.007289877,-0.57387435,-0.8461866,-1.098872,-1.2749896,-1.2397649,-1.1213841,-0.7325678,0.005149424,1.3897489,1.7115569,1.2334002,1.1311947,1.0728905,0.39497823,-0.39349008,-0.6357351,-0.6554527,-0.75084096,-0.89131206,-1.2172866,-1.3475721,-1.4372723,-1.7921203,-1.9804012,-1.7258892,-1.6843606,-1.7952479,-1.3201859,-0.38838336,-0.3560174,-0.29047322,-0.5749017,-0.57623976,-0.18323588,-0.04749751,-0.2461425,-0.32632935,0.026340842,0.40091634,0.8913418,0.9775371,0.5737704,-0.073848784,-0.4839648,-0.5511713,-0.41700464,-0.3184328,-0.28762493,-0.25224704,-0.18650264,-0.15174265,-0.2389608,-0.27711302,-0.33827874,-0.5183747,-0.79116136,-0.98580873,-1.1299999,-1.1187441,-1.1368521,-1.1270027,-0.5409635,-0.08659127,0.13444012,0.31996602,0.658063,0.43480146,-0.17433994,-0.25250307,-0.6008051,-1.0129573,-1.050007,-0.83300954,-0.9200659,-1.2254722,-1.4828644,-1.2965825,-1.1170425,-0.6606315,-0.28060246,0.11515341,0.47160465,0.7229625,1.0378428,1.3557854,1.671207,1.9426914,2.2732878,2.4674919,2.480434,2.4788365,2.5383706,2.5603685,2.6208234,2.7292616,2.8653698,2.7894912,2.7360811,2.7474923,2.8433425,2.8979669,2.8866172,2.8381093,2.8172853,2.8018465,2.7099214,2.5656686,2.567075,2.5246828,2.4736834,2.1948524,1.6748798,0.92005455,0.121794455,-0.70242983,-1.4164631,-1.786056,-1.8838184,-1.9835153,-2.1066632,-2.2502036,-2.4464374,-2.5517702,-2.663284,-2.7061048,-2.7318916,-2.5299618,-2.1325703,-1.7432256,-1.1568593,-0.8633042,-1.0042511,-1.1874951,-1.2860419,-1.2555203,-0.02375263,-0.023554653,-0.024190664,-0.02423942
-3.617797,-3.6895835,-3.781907,-3.0345182,-4.002859,-4.0707393,-4.099094,-4.1821475,-4.3821983,-4.8363676,-4.5717726,-2.7586308,-2.3026564,-2.0579178,-1.7461259,-1.3686621,-1.4322166,-1.5452458,-1.7785771,-2.001292,-1.8914638,-1.5606741,-1.5671821,-1.4098009,-0.54833454,-0.69687533,-1.4464147,-1.8789577,-1.7039757,-1.2779936,-1.4953496,-2.1868567,-2.4995887,-2.452117,-2.100153,-2.0647268,-1.9204152,-1.968227,-2.8346996,-3.0900812,-2.951686,-2.5095148,-2.0931044,-2.0536656,-1.1802268,-0.5885979,-0.4755925,-0.4717019,-0.5622878,-0.6259043,-0.71252143,-0.70338535,-0.5596181,-0.5168803,-0.7615901,-0.91714287,-1.1205848,-1.3758665,-1.6955762,-1.9965811,-2.2051535,-2.292358,-2.4457135,-2.582149,-2.6774282,-2.7380652,-2.7746115,-2.662658,-2.5701938,-2.482943,-2.3301435,-2.069515,-2.077342,-2.239265,-2.7589037,-3.2310376,-3.1277452,-2.480323,-1.8519568,-1.9665334,-1.7570544,-1.3118088,-1.2281957,-1.5305688,-1.9696325,-1.9670393,-1.7076132,-1.811084,-2.0272744,-2.186306,-2.2565436,-2.3336947,-2.358958,-2.342527,-2.3691578,-2.48468,-2.7055585,-3.0285344,-3.2007012,-2.8216867,-2.4992309,-2.4639113,-2.4994926,-2.5394325,-2.5236928,-2.504971,-2.5155458,-2.6004722,-2.8144262,-3.0111032,-3.1327171,-3.1734986,-3.2001421,-3.2200894,-3.2476892,-3.2328663,-3.197335,-3.0785384,-2.974437,-2.8040726,-2.6518722,-2.333663,-1.9382368,-1.7099097,-1.5108244,-1.0035461,-0.1459327,0.3556128,0.63581276,0.80854416,0.89766836,1.0335436,0.9739553,1.0650952,1.2248228,1.3971329,1.5735353,1.7098625,1.5736136,0.5816177,-0.9799309,-2.04015,-2.4469466,-2.5222042,-2.625918,-2.6100075,-3.034156,-3.0343292,-3.0343692,-3.0344234
-4.1997824,-4.1745024,-4.1316166,-5.046858,-3.9953282,-4.027313,-3.939206,-3.9814994,-3.9981594,-4.2031436,-4.311636,-3.6644473,-3.3572407,-3.1574354,-2.9735098,-2.633955,-2.4728992,-2.3243716,-2.017375,-1.1902602,-0.8113071,-1.1721315,-1.1536405,-1.2945743,-1.1475556,-1.4695542,-2.3836067,-2.7383854,-2.956437,-2.8114557,-2.9077787,-2.9049063,-2.948573,-3.0655072,-2.861357,-2.8088267,-3.3788285,-3.9707284,-4.4115458,-4.5803757,-4.691375,-4.723445,-4.8366375,-4.8006506,-4.281593,-3.9144866,-3.8929124,-3.8810496,-3.851857,-3.623154,-3.0225039,-2.470208,-2.0534632,-1.610922,-1.4520735,-1.4442408,-1.5609508,-1.7294202,-1.886868,-2.004809,-2.1176672,-2.234896,-2.5095072,-2.6133006,-2.7324,-2.8399284,-3.017745,-3.0922365,-3.0254793,-3.0973535,-3.1770658,-3.6634343,-4.0272274,-4.0205245,-3.6316996,-3.3532104,-3.6158705,-3.8163383,-3.8492732,-3.5476952,-3.4403682,-3.5060608,-3.4403038,-3.293654,-3.1032994,-2.8172498,-2.6059303,-2.6275342,-2.773469,-2.9183292,-2.9425817,-2.9010131,-2.8007197,-2.6876633,-2.391449,-1.9321024,-1.5223243,-1.1000834,-0.7383379,-0.5775326,-0.69992965,-0.73979974,-0.7511211,-0.6734937,-0.49306062,-0.3858688,-0.39642888,-0.4473604,-0.3912891,-0.3830554,-0.46447614,-0.5149486,-0.5879799,-0.6855036,-0.7829877,-0.8490854,-0.9684459,-1.0740268,-1.1798373,-1.3381622,-1.4161211,-1.4593067,-1.5316622,-1.3872929,-1.3226597,-1.6333778,-2.0584376,-2.4345763,-2.6894026,-2.9036596,-3.0194793,-3.0737953,-3.111892,-3.1134768,-3.088472,-3.0687735,-3.0786397,-3.0020971,-2.951141,-3.1893153,-3.6428096,-4.012142,-4.153466,-4.1973763,-4.2019377,-4.1727033,-5.046,-5.0458446,-5.046725,-5.0468063
-2.2201364,-2.2102022,-2.2325597,-2.2609966,-2.23602,-2.2781067,-2.2478833,-2.1450567,-2.2152786,-2.4047842,-2.3179283,-1.8950472,-1.8612243,-1.9445581,-1.7285397,-1.2579223,-1.2002947,-1.2811475,-1.3074973,-0.91509765,-0.2868954,-0.12004936,-0.37889376,-0.2949781,-0.29961208,-1.26082,-2.5808594,-3.2975256,-3.3483999,-2.9213831,-3.0118167,-3.339808,-3.4918509,-3.3697155,-2.9232626,-2.9844625,-3.1227577,-3.0343494,-2.5192664,-1.8713613,-1.8039864,-1.6737771,-1.3106406,-1.6458902,-1.7194418,-1.3013275,-1.1504834,-0.9098916,-0.89765656,-0.98371464,-1.2808238,-1.3436716,-1.2620616,-1.3749654,-1.5961267,-1.6663961,-1.8108661,-1.9572222,-2.0066674,-2.0979,-2.1767626,-2.2072845,-2.2510757,-2.2782443,-2.2518988,-2.200357,-2.1038103,-1.9816289,-2.0711255,-2.3832433,-2.3811092,-2.379589,-2.276878,-2.5022254,-2.9655476,-3.405042,-3.737358,-3.7467475,-3.4450245,-3.545607,-3.359732,-2.8609526,-2.5364676,-2.4691231,-2.5620694,-2.39766,-2.1856177,-2.3669882,-2.7076986,-2.9476233,-2.971019,-2.9310682,-2.8390245,-2.7143579,-2.5909224,-2.3870394,-2.2896838,-2.4594269,-2.98826,-3.4812849,-3.5004444,-3.4323435,-3.3384147,-3.2431672,-3.146219,-2.8646085,-2.5535507,-2.2581568,-2.2097545,-2.3770292,-2.5352302,-2.6127357,-2.6490521,-2.6951685,-2.7798724,-2.8475366,-2.9100657,-2.8740692,-2.9038987,-2.8767674,-2.845765,-2.6337714,-2.4158466,-2.450492,-2.6319222,-2.4901738,-1.8744851,-1.3521628,-1.0401437,-0.60341895,-0.20114183,0.048980057,0.0041677356,0.067881644,0.18585765,0.35181662,0.3809178,0.30662912,-0.2362197,-1.0746485,-2.0328605,-2.5501008,-2.6255755,-2.5759416,-2.6312416,-2.6328924,-2.2610774,-2.2612395,-2.2609568,-2.2609773
-0.6329023,-0.8082616,-1.0513082,0.20802155,-1.3753403,-1.33837,-1.4689475,-1.458031,-1.4424591,-1.2434266,-0.65615547,0.66695684,0.9248055,0.8593464,1.0947589,1.2937346,1.2464644,1.3802098,1.5214947,1.2125882,0.69437456,0.67205477,0.8311534,1.9083196,6.9214807,10.501165,11.407238,11.3839655,9.995281,7.9979954,5.25596,2.3893578,1.3874626,0.9136945,0.5634581,0.74623317,1.4621518,1.9307288,1.7914532,3.031231,3.881662,5.7601824,8.529564,10.825401,12.5308,12.830095,12.572012,12.36434,12.657537,12.80686,12.239666,10.933151,9.703373,8.087612,6.154606,5.0548277,4.2913494,3.4767053,2.5242147,1.7170434,1.0358746,0.4321388,-0.19673248,-0.56344503,-0.8405677,-1.0178865,-1.4795771,-1.8596957,-1.8795877,-1.7021656,-1.2997148,-0.39469108,-0.10029256,-0.33974993,-1.0634952,-1.5426483,-0.88049144,-0.007904705,0.38013145,0.25311962,1.1979413,1.9429859,2.3018641,2.4933686,2.0695999,1.2541543,0.45369533,0.08389461,0.2552515,0.6126592,0.79898,0.8450207,0.9000023,0.9053533,0.6315631,-0.08590636,-0.79023314,-1.3225148,-1.571099,-0.97838765,-0.3049547,-0.1542835,0.0018990934,0.11027785,0.11733915,0.031575456,-0.14871068,-0.38220888,-0.6798316,-0.71742004,-0.65063596,-0.68142706,-0.72250795,-0.7399011,-0.6898946,-0.61310095,-0.5245978,-0.32604873,-0.3007247,-0.18170455,-0.2827292,-0.22128502,0.024715096,0.3283431,0.70904195,1.4488719,2.0460782,2.4070268,2.456583,2.247366,2.1039338,2.0163088,1.8864496,1.7234209,1.7143154,1.6083299,1.5693669,1.4042022,1.212338,1.1285264,0.57875836,-0.21292405,-0.9608018,-1.0041653,-1.0623553,-1.1023338,0.20527813,0.20497972,0.20788476,0.2080431
-1.4880673,-1.4691172,-1.4246039,-1.9594285,-1.3812011,-1.426805,-1.264415,-1.2545065,-1.1075041,-0.8322559,-0.90374774,-1.3503265,-1.23278,-0.9010358,-0.9542544,-1.2338511,-1.3286663,-1.4323577,-1.4178667,-1.1459527,-0.53129613,-0.0877229,0.49855563,0.6112753,0.09382269,-1.1870542,-1.7583563,-1.7285247,-1.8384529,-1.8395237,-1.1247861,0.01000376,0.55707145,0.67829657,-0.080753654,-1.4618957,-2.2881966,-2.5435817,-2.2361977,-2.3157272,-2.3041475,-2.3944924,-2.6853936,-2.0903559,-1.6667845,-1.6826077,-1.8982264,-1.9697123,-2.069683,-2.0461287,-1.9900066,-2.1203969,-2.089488,-1.5928788,-1.0844502,-0.9789202,-1.0945055,-1.3401202,-1.62489,-1.7874565,-1.8686013,-1.9206711,-1.972847,-1.9308493,-1.8899934,-1.860288,-1.7167975,-1.4931955,-0.9845387,-0.6299481,-0.44458166,-0.62522066,-0.84385705,-0.76435494,0.081516415,0.7469969,0.60995203,-0.4617412,-1.1886606,-1.4293003,-1.4667604,-1.6139593,-1.6255641,-1.452522,-1.2240025,-1.1422403,-1.0329487,-0.80712634,-0.68147796,-0.9616611,-1.2225027,-1.4163907,-1.6455965,-1.8772573,-2.0645692,-1.9517888,-1.7408376,-1.5087781,-1.2126368,-0.62226754,0.04188706,0.37500048,0.7224425,1.2977147,2.6920605,4.7059817,6.439685,8.1526985,9.555786,10.41363,10.786359,10.884228,10.934462,10.99919,11.13216,11.182066,11.281059,11.278233,11.222978,11.007088,10.653468,10.098993,8.840462,7.78329,5.9430013,3.155325,1.4406748,0.3061717,-0.6652384,-1.4340364,-1.7040384,-1.8773241,-1.8812692,-1.9777744,-2.0125065,-1.9699689,-1.8815045,-1.7271111,-1.9117787,-1.9373906,-2.000167,-1.9473255,-2.06506,-2.040279,-1.9117368,-1.8840568,-1.9588796,-1.9586449,-1.959271,-1.9593525
-0.28273472,-0.2600258,-0.23442563,-0.10399951,-0.24184781,-0.15112656,-0.2584155,-0.57457596,-0.8301149,-0.47529858,0.007305883,0.085957006,0.18509018,0.14296494,0.29778934,0.5300928,0.3474306,-0.15461716,-0.79169965,-1.3171318,-1.4741255,-1.9223032,-2.3049772,-2.267305,-2.2513087,-2.3638632,-2.5328333,-2.8718934,-2.7290769,-2.8749352,-3.2394881,-3.3776846,-3.2080383,-2.255633,-0.833186,-0.36854854,-0.25668234,-0.19633195,0.39149955,1.0495986,1.3453921,1.474678,1.9404619,1.6961901,0.7565523,0.5686079,0.8590658,1.183429,0.91897666,0.2839319,-0.5808813,-0.915272,-1.1717304,-1.785969,-2.1284256,-2.1374931,-2.096491,-1.8792422,-1.5059769,-1.0908768,-0.8083628,-0.7682168,-0.6923022,-0.63466847,-0.49043578,-0.36647904,-0.30259964,-0.32550797,-0.3355692,-0.37782234,-0.25193754,0.18118444,0.31287476,-0.040197328,-1.1788249,-2.362852,-2.7762043,-2.5181322,-1.325028,-0.3411696,-0.054927275,0.09697436,-0.032819077,-0.41851985,-0.9519956,-1.0445665,-1.030011,-1.2876134,-1.7434667,-1.7763427,-1.6287405,-1.4564854,-1.319885,-1.2140939,-1.1028836,-1.0876232,-1.2690665,-1.6938572,-2.2981596,-2.4593256,-2.1775904,-1.9716257,-1.759388,-1.578569,-1.5195825,-1.3653759,-1.1935441,-1.0865841,-1.2241106,-1.519768,-1.7385393,-1.8882924,-1.9632701,-2.0460837,-2.1416616,-2.2148519,-2.2638025,-2.224827,-2.130058,-1.7667596,-1.4404738,-0.9513645,-0.5113562,-0.5315066,-0.56997794,-0.24970445,0.024558172,-0.022722915,-0.37774312,-0.6359228,-0.43460187,-0.21403782,-0.11803788,-0.26312023,-0.2174187,-0.19683793,-0.28824186,-0.37576473,-0.6357909,-0.9134512,-0.85754573,-0.5771864,0.35314196,0.72441834,0.8364811,0.90441614,-0.10444522,-0.10454488,-0.10408427,-0.10402456
0.7519181,0.58777547,0.47747347,-1.6142559,0.023989528,-0.22148725,-0.44617164,-0.79590654,-0.75971067,-0.7984452,-0.2942761,0.21550149,0.36742228,0.79366714,1.0192325,1.1471075,1.2995511,1.0625876,0.9463792,0.59339464,0.5349197,0.40552878,0.9876499,1.0211229,0.34947369,-0.04519573,1.386446,3.6273103,7.745981,9.77832,11.002222,11.573825,11.605233,11.016029,9.6996155,7.5703955,4.5286727,2.39883,0.44417933,0.06384902,-0.1238117,-0.3619814,-0.3333638,0.3368966,0.52293336,-0.05981464,-0.49134284,-0.5793365,-0.35996678,0.11725424,0.9646775,1.726349,1.9643373,2.1789105,2.4052968,2.4643679,2.4050984,2.0844815,1.6244593,1.0908232,0.74391353,0.7671828,0.9551021,0.9993213,0.9237322,0.7977701,0.4992061,0.002661258,-0.5578183,-0.54604924,-0.44633794,-0.11907263,-0.0770217,-0.059700295,-0.1637955,-0.109782055,-0.5785186,-1.0303392,-1.1960418,-1.1641084,-1.0888755,-1.6434435,-1.8595544,-1.550893,-0.92629176,-1.0210398,-1.3952153,-1.3572879,-0.87853545,-0.6505967,-0.63973254,-0.7340572,-0.8352206,-0.87579876,-0.98784053,-1.078431,-1.0344783,-1.2170413,-1.2769763,-0.97782034,-0.6586424,-0.5685457,-0.39312866,-0.37445205,-0.37660497,-0.36824667,-0.29516163,-0.13303044,0.08863729,0.21394527,0.17632914,0.1521002,0.20933735,0.26121894,0.20552564,0.16980496,0.19241272,0.10125914,0.032609552,-0.19825052,-0.35238218,-0.5409734,-0.73967093,-0.3517484,0.28717485,0.48330253,-0.02313903,-0.5032578,-0.61639965,-0.5521208,-0.52019316,-0.43581003,-0.191659,-0.23275688,-0.16871682,-0.40448287,-0.75295746,-1.1945469,-1.7752386,-2.1313953,-2.3030236,-2.1122727,-1.4636683,-1.1877313,-1.0600655,-0.98686564,-1.6149974,-1.6152561,-1.614425,-1.614341
-2.108996,-2.0560756,-1.9479384,-2.6038392,-1.9381744,-1.9410965,-1.937388,-1.9435346,-1.4689834,0.06079407,1.9821491,3.1595516,3.268378,3.3664787,3.3554428,3.3848376,3.2269592,2.9017124,2.2465339,1.3758984,1.1734387,2.1025696,2.528382,2.2943664,1.0822849,0.703773,1.0073599,0.66110367,-0.28121874,-0.04119037,0.96561086,1.5340967,1.3995938,0.67834234,-0.1902014,-0.5430238,-0.46699148,-0.5562497,-1.5918221,-1.9093677,-1.7729895,-1.6114883,-1.1282344,-0.024824023,0.93294156,1.0324484,0.64203864,0.40991998,0.64340216,0.6867248,0.5073545,-0.012497723,-0.15739232,0.21061823,0.6903884,0.8320946,0.779205,0.68517137,0.51237595,0.3000046,0.23152992,0.39941266,0.57759583,0.73010534,0.7708136,0.56582856,0.17770341,-0.19034147,-0.7504829,-1.1932827,-1.4949412,-1.6358705,-1.2669055,-0.591818,0.21782176,0.8870206,0.68376696,-0.40003055,-1.208429,-0.509601,0.591639,0.99800575,1.3005717,1.4234347,1.0657039,0.6062062,0.38959348,0.7241337,1.4243561,2.1589804,2.5084693,2.6208956,2.5895042,2.4875758,2.206953,1.8417417,1.7220622,1.8764775,2.3906176,2.9112058,3.0737844,3.0932949,3.0570822,2.9871519,2.7994099,2.4172008,2.0062702,1.7046226,1.6467304,1.7968638,1.8659391,1.8419094,1.8402689,1.8723564,1.9222094,1.9723063,1.990232,1.9564395,1.8238391,1.6039997,1.2717996,0.8423021,0.10301145,-0.1626729,0.0068211965,0.56188,0.79401106,0.7053351,0.37310594,-0.07774653,-0.1553553,-0.16845062,-0.15440267,-0.23607944,-0.17342472,-0.08202734,-0.0010680954,0.14056917,-0.11511032,-0.74730253,-1.1039569,-1.240244,-1.278805,-1.2165341,-1.1281276,-1.1069453,-2.6022947,-2.602065,-2.6037633,-2.603838
-5.2630286,-5.261633,-5.281736,-4.3128467,-5.2102118,-5.113385,-4.957144,-4.693219,-4.6747293,-5.0433044,-5.459833,-4.8051047,-4.5590525,-4.4962773,-4.313956,-4.016449,-3.880516,-3.7477434,-3.4590182,-2.4753718,-1.5734202,-1.9449108,-2.4807434,-2.4755235,-1.8008523,-2.4420357,-3.7351224,-4.105001,-3.7893188,-3.6879196,-4.4783854,-5.125923,-5.2428174,-5.000432,-4.595334,-4.855449,-5.323581,-5.5940475,-5.5690856,-5.505686,-5.4854674,-5.288691,-4.9888887,-5.0385256,-4.223453,-3.5867982,-3.468948,-3.3824468,-3.373882,-3.198134,-2.8062778,-2.3549643,-2.1651652,-2.3637109,-2.7244027,-2.8390326,-2.9663658,-3.023651,-3.0057788,-3.0467134,-3.1732574,-3.3656797,-3.7069163,-3.961238,-4.129775,-4.2403636,-4.365162,-4.3643365,-4.2564745,-4.218068,-4.0843215,-3.9265566,-3.8041234,-3.8621318,-4.2064233,-4.6501822,-4.8119698,-4.537751,-4.345955,-4.610321,-4.6629763,-4.45266,-4.2709737,-4.1891527,-4.089795,-3.5692124,-3.116704,-3.3162608,-3.8859048,-4.4104443,-4.574559,-4.647518,-4.638323,-4.577449,-4.413944,-4.1966977,-4.157509,-4.255977,-4.4920692,-4.553702,-4.502441,-4.4600935,-4.4671507,-4.44838,-4.2454357,-3.897984,-3.5475206,-3.3278642,-3.346253,-3.5446136,-3.679905,-3.718812,-3.7570534,-3.8188412,-3.9296026,-4.022873,-4.123195,-4.166615,-4.1487327,-4.0691304,-3.9090943,-3.5851426,-3.2026262,-3.1001835,-3.5122664,-4.226162,-4.2946424,-4.2035184,-4.0803723,-3.904181,-3.8625302,-3.8779397,-4.0166583,-4.051832,-4.1386166,-4.146652,-4.287229,-4.3313665,-4.3539295,-4.538132,-4.947442,-5.2182274,-5.3044786,-5.3207154,-5.367397,-5.3579025,-4.31433,-4.3145576,-4.3128057,-4.3127656
