0,1,2,3,4,5,6,7,8,9,10,11,12,13,14,15,16,17,18,19,20,21,22,23,24,25,26,27,28,29,30,31,32,33,34,35,36,37,38,39,40,41,42,43,44,45,46,47,48,49,50,51,52,53,54,55,56,57,58,59,60,61,62,63,64,65,66,67,68,69,70,71,72,73,74,75,76,77,78,79,80,81,82,83,84,85,86,87,88,89,90,91,92,93,94,95,96,97,98,99,100,101,102,103,104,105,106,107,108,109,110,111,112
10.234566,10.235586,10.23986,10.240888,10.248295,10.267275,11.103559,11.045771,10.885672,10.701681,10.457588,10.328678,9.88605,9.710872,9.463728,9.204483,9.051968,8.350203,7.6473837,6.9438562,6.122461,5.1988273,4.312163,4.21426,3.9099753,4.6432624,4.609505,3.6160917,2.657353,2.475789,1.8791871,1.466496,1.1148094,0.8804616,0.7347286,0.63242793,0.8556354,1.277581,2.053448,2.2427592,2.2770262,2.3514342,2.3211584,2.5747652,2.5977123,2.4020824,2.220571,1.9100976,1.3415439,0.7260896,0.49641284,0.83326787,0.30940676,-0.10864189,0.27384758,0.51087505,0.63022435,1.2797694,2.1522453,3.045454,3.2466512,3.5196981,4.026253,4.4752855,4.3897696,3.2960505,2.6654463,2.4313745,1.7891914,1.2474773,1.0345502,1.0695127,0.988343,0.7907511,0.6207474,0.7024941,0.7910434,1.2312998,2.1567957,2.317674,2.417498,2.5930715,2.5188384,2.0785093,1.6328158,1.186166,1.0756242,1.100305,1.2666962,1.4000608,1.3731995,1.3212811,1.3052294,1.2780584,1.2125506,1.200777,1.2369721,1.28006,1.4045875,1.9662757,2.7036748,3.3188033,4.2054024,4.7896852,5.602297,6.6916733,7.5039673,8.739746,10.390798,11.27367,11.576044,11.782022,10.230112
-0.440573,-0.44179213,-0.4446112,-0.44517964,-0.44954398,-0.4600168,-2.6438723,-2.5424013,-2.381598,-2.282222,-2.1055517,-1.9744599,-1.790183,-1.6914663,-1.639333,-1.6324798,-1.6116986,-1.7238705,-1.7312195,-1.710129,-1.8717461,-2.0899968,-2.0808454,-2.0429618,-1.9660623,-1.938283,-1.8816125,-1.9939585,-2.0600853,-2.1567216,-2.4046903,-2.54487,-2.5980918,-2.550746,-2.4418578,-2.2702518,-2.2472916,-2.3319163,-2.2114406,-2.318897,-2.3649232,-2.1979227,-1.9506013,-1.9171783,-1.9520242,-2.2659836,-2.507255,-2.5029178,-1.8500487,-1.904002,-2.1862283,-1.859596,-1.5827458,-1.6610947,-1.6458473,-1.4684892,-1.5053375,-2.0275898,-2.89992,-3.1849174,-3.232487,-3.1037586,-2.8037772,-2.6526303,-2.4229271,-1.6684155,-0.92604935,-0.4253826,0.050677568,0.07710186,-0.25922832,-0.6933125,-1.1976564,-1.5386282,-1.5567642,-1.4146475,-1.2580512,-0.9891746,-0.6052151,-0.21142182,0.39855835,0.7870853,0.7769574,0.8857521,0.88060004,0.6325983,0.21678174,-0.45624575,-0.6236949,-0.79893196,-0.71660113,-0.7045144,-0.53900594,-0.39641678,-0.20936486,-0.09128764,0.12269071,0.1055246,0.06100422,0.119048454,0.3676351,0.49519935,0.37916797,0.50352603,0.6749737,0.55893064,0.2424421,-0.17737252,-0.7794616,-1.1977767,-1.2646843,-1.2868811,-0.43713582
-0.34255868,-0.34231126,-0.3419901,-0.34220994,-0.3422634,-0.3425181,-1.228812,-1.2884777,-1.275678,-1.3324866,-1.4596627,-1.540179,-1.803526,-1.8594508,-1.8647434,-1.7514291,-1.783401,-1.8713918,-1.8328065,-1.7742431,-1.6692989,-1.5525055,-1.3520182,-1.155524,-1.1292824,-1.0647235,-1.3325052,-1.4649463,-1.529608,-1.5098261,-1.6164861,-1.8622015,-2.0150983,-1.9602739,-1.8764858,-1.8386178,-1.7830842,-1.773617,-1.7325332,-1.8239199,-2.0594387,-2.3153675,-2.6274934,-2.654917,-2.7644744,-2.7871852,-2.8072286,-2.7927794,-2.6484783,-2.6624184,-2.6896331,-2.7441359,-2.6409786,-2.577169,-2.4780493,-2.4822845,-2.4248507,-2.3869925,-2.4764235,-2.5399961,-2.4873903,-2.4365776,-2.3062224,-2.3160055,-2.406652,-2.3780806,-2.5360959,-2.4263327,-2.1336088,-2.2221901,-2.2118905,-2.075678,-2.1981022,-2.487465,-2.8316512,-3.1430917,-3.2430158,-3.2905414,-3.45366,-3.5238905,-3.289114,-2.911818,-2.7917771,-2.5045185,-2.3303318,-2.5379257,-2.4191117,-2.1632173,-2.6423306,-2.96567,-3.0817232,-3.215604,-3.355972,-3.4904237,-3.644881,-3.6843028,-3.8442402,-3.857215,-3.7347612,-3.5580359,-3.2303367,-2.931588,-2.8084226,-2.887166,-2.8522003,-2.6360514,-2.4832864,-2.292408,-1.9870498,-2.1090825,-2.1280103,-1.9969978,-0.34429884
0.62930036,0.627846,0.62301797,0.6220385,0.61447006,0.5915155,-2.0634758,-1.9786069,-1.880044,-1.79884,-1.6879592,-1.5282128,-1.3978176,-1.3508104,-1.3371212,-1.2724822,-1.2219844,-1.138781,-1.0909781,-0.9303254,-1.0298004,-1.0892359,-0.93575495,-0.6561694,-0.4365315,-0.5584942,-0.59786975,-0.5802474,-0.38107896,-0.2950008,-0.33218718,-0.48991787,-0.4704743,-0.3695227,-0.3189687,-0.38072866,-0.5114938,-0.76807076,-1.0695721,-1.1561967,-1.0457169,-0.9231634,-0.7579299,-0.48352146,-0.18812598,-0.696713,-1.5176513,-2.1924355,-2.141712,-1.7004292,-1.5149218,-1.2059544,-1.3458194,-1.382813,-1.3016316,-1.1409817,-1.0457419,-1.0380926,-1.0464568,-0.03990463,0.95892155,2.6216083,5.2802544,7.2614346,8.912611,9.646581,10.064162,10.161508,10.080846,9.961152,9.2873,8.165082,6.8125553,5.461339,4.4695554,3.9684725,4.1751738,5.6148276,7.4077544,8.415251,9.059551,9.352848,9.679527,9.868056,9.836078,9.57998,8.63909,7.350395,5.9078817,4.818676,4.542166,4.2745037,4.0345592,3.839517,3.826962,3.830378,3.6410244,3.49038,3.976469,4.782408,5.0652366,4.9486027,4.8110886,4.7043257,4.1139464,3.5063512,3.06625,2.4933186,0.73638326,-0.5763927,-0.9277333,-1.16694,0.63444316
1.2147512,1.2152401,1.2171109,1.2174257,1.2205197,1.2274117,1.5754676,1.643462,1.5642217,1.426142,1.1591518,0.82201135,0.5297283,0.30766183,0.36919984,0.5450564,0.47248483,0.6157959,0.700225,0.87073493,1.0467521,1.1703318,1.2258451,1.2888238,1.583432,1.3415625,1.8508604,2.3193495,2.5434413,2.529221,2.8289418,3.327222,3.7959952,4.272046,4.371871,4.196777,3.9541407,3.11864,1.5457194,1.1475862,1.1703749,1.4937768,1.9389813,2.1007733,2.3339515,2.8182526,3.261901,3.2370362,2.6808543,2.1224668,1.5747983,0.79555494,0.61446816,0.8502922,0.8291336,0.8389727,0.79733133,0.49030542,0.10979675,-0.19839908,-0.27686483,-0.4353199,-0.74538493,-0.9168028,-1.1098759,-0.971749,-0.68986356,-0.53586835,-0.42302057,-0.19864136,0.61114013,1.4334301,2.051473,2.4255548,2.77324,2.819613,2.8393111,2.6035051,1.8575027,0.8438336,-0.10823794,-0.3370766,-0.3798933,-0.3623666,-0.49086517,-0.0009109974,1.0643693,2.0895886,2.7881114,3.0970838,3.0460055,3.0208342,2.8830433,2.6846774,2.461175,2.3736272,2.3151302,2.202966,1.5179758,0.41844139,-0.33609453,-0.6046624,-0.5390382,-0.4845196,-0.16252175,-0.17430593,-0.19694716,-0.13635424,-0.4399899,-0.50229436,-0.54693943,-0.45975542,1.2118425
-1.5637159,-1.5641552,-1.5668912,-1.5672851,-1.5718362,-1.5826852,-1.7074984,-1.8082442,-2.0018418,-1.8239336,-1.7313724,-1.8671014,-2.1517127,-2.3017182,-2.2161527,-2.1039758,-2.0727892,-1.835188,-1.6763183,-1.4638064,-1.2181375,-1.2085057,-1.097875,-1.0724947,-1.2011138,-1.285102,-1.2046133,-0.738162,-0.21488683,-0.24128205,-0.09398314,-0.06047515,-0.24036947,-0.48975727,-0.71983194,-0.9154545,-1.0363977,-1.0408325,-1.085782,-0.7785578,-0.3718339,-0.24252124,-0.40940997,-0.25506705,-0.4985106,-0.5474446,-0.32492226,0.10198519,0.44859254,0.8273819,1.4841342,1.3348175,0.83485854,0.5476428,0.75351876,1.4170403,2.5044544,3.3235178,3.3804731,2.6365693,2.2121458,1.818239,1.4699633,1.7509996,2.1296983,1.7763433,1.4332086,0.66719306,-0.23961571,-0.5064982,-0.6664943,-0.63186026,-0.1435165,0.2767182,0.49587384,0.56515443,0.28988838,-0.15170792,-0.2568915,-0.23701692,-0.22844228,-0.6240975,-0.5332949,-0.88358957,-1.2623582,-1.4703206,-2.0085056,-1.983307,-1.4993291,-1.2285266,-1.0590328,-0.838614,-0.67018116,-0.52101904,-0.4880356,-0.49954265,-0.39047223,-0.23678324,-0.20100495,-0.31795874,-0.6215266,-0.9961101,-1.3090785,-1.3753026,-1.5676236,-1.7969112,-1.8485367,-2.2810018,-3.2035701,-3.2580624,-3.1607027,-3.1884093,-1.5610943
-1.7758504,-1.7761685,-1.7767885,-1.776479,-1.7770149,-1.7776932,-2.0341694,-2.0365553,-2.113617,-1.9992611,-1.8750036,-1.8144584,-2.0143867,-2.0939326,-2.2554946,-2.3901486,-2.342928,-2.5671232,-2.5445375,-2.2749412,-2.3518705,-2.3209848,-2.2144907,-2.0407794,-1.8134196,-1.6701947,-1.2968955,-1.0122948,-1.0304719,-1.1901239,-1.4261293,-1.538602,-1.745093,-1.9199498,-1.850863,-1.7537527,-1.731983,-1.6030762,-1.1929245,-0.95139515,-0.76622355,-0.6753738,-0.8137931,-1.1428707,-1.3742335,-1.4521523,-1.3016311,-0.9687055,-0.8316742,-0.92142385,-0.6047891,-0.15145437,-0.45598608,-0.8180589,-1.0882605,-1.2688448,-1.4297881,-1.6573739,-1.4515209,-1.2742604,-1.3336756,-1.526063,-2.0912642,-2.486538,-2.487061,-2.0342798,-1.5709462,-1.3632048,-1.172017,-0.9148289,-0.9403971,-0.81349015,-0.6189748,-0.42303494,-0.2543614,-0.27958846,-0.43062627,-0.88878804,-1.4341259,-1.5743163,-1.3105841,-1.0870887,-0.9379832,-0.9613625,-0.9467045,-0.59282625,-0.6429033,-0.55782413,-0.35659024,-0.34451434,-0.3912728,-0.4063254,-0.40273038,-0.43051684,-0.48026177,-0.46486795,-0.6026783,-0.8328767,-1.08884,-1.3784868,-1.6450431,-2.063124,-2.380161,-2.5715234,-2.9098186,-3.117238,-3.1409667,-3.0792065,-2.9083657,-2.3809555,-2.1193707,-2.035801,-1.774605
1.513102,1.5115197,1.5064244,1.5052096,1.497671,1.4740293,-1.6861739,-1.6508994,-1.5748336,-1.5691104,-1.4714885,-1.347158,-1.0666108,-0.8551268,-0.7268471,-0.71205646,-0.62450933,-0.580981,-0.5089766,-0.41419005,-0.37717664,-0.19242346,-0.05352485,0.0101876855,0.3692335,0.069937944,0.23560977,0.47414434,0.7361354,0.7451577,0.6096632,0.5230532,0.81258833,1.2711716,1.4315563,1.5477542,1.3661163,0.9322169,0.50425035,0.17295974,0.24411696,0.68293333,1.386886,2.2023332,2.9421449,2.711143,2.7252765,3.11009,5.9902363,8.248458,9.402847,9.585861,9.169714,8.429653,7.7278423,7.1158504,6.185476,4.287463,1.7994072,0.9756265,0.83256346,0.7183857,0.78694546,0.5505656,0.46346396,1.065939,1.5178734,1.6777928,1.8934597,1.8360078,0.99965155,0.0869357,-0.27135396,-0.327729,-0.13105679,0.2172504,0.8479215,1.780948,2.623549,3.531278,4.030559,4.28141,4.097149,3.7402964,3.6517572,3.1898656,1.9662099,1.1638874,1.5427144,2.1345494,2.6251254,2.983291,3.621922,4.279066,4.8624735,4.9878874,5.550566,6.064539,6.8082814,7.563513,7.930286,7.8244066,7.264808,7.006171,6.6237564,6.219731,5.857362,5.0810933,3.3728876,1.933506,1.4257766,1.0279007,1.5181307
-0.6871033,-0.6872151,-0.6865978,-0.68635094,-0.6848814,-0.68162036,-1.0685378,-1.0870593,-1.1089066,-1.0238948,-0.83771497,-0.5688374,-0.25370285,-0.2897692,-0.42895558,-0.4262941,-0.3620909,-0.49975467,-0.58094937,-0.75954264,-0.9426828,-0.9689584,-1.1568052,-1.4106958,-1.4664228,-1.3740525,-1.1507063,-1.1204216,-1.0527589,-1.0193537,-0.84002024,-0.599252,-0.4104358,-0.28568527,-0.04803586,0.22627091,0.28140652,0.20924836,0.16300246,0.08698061,-0.24853513,-0.6295798,-0.8204486,-1.1418678,-1.1961272,-1.1357028,-0.90589476,-0.5780734,-0.3538219,-0.2511728,-0.33024654,-0.95755327,-1.6180146,-2.181231,-2.276081,-2.198277,-2.2331586,-2.3105314,-1.6777376,-1.0136683,-0.8317269,-0.763163,-1.0101776,-1.1985614,-1.0749418,-0.63214076,-0.09931104,0.17793322,0.5323364,0.6565734,0.6499387,0.8192759,1.198109,1.4351501,1.6999478,2.1461525,2.2732613,2.0196176,1.3149774,1.0975254,0.71807265,0.56834096,0.61609334,0.7327567,0.71836597,0.5422486,0.30969265,0.1741038,0.45213944,0.4320891,0.397059,0.38134402,0.32137915,0.28034356,0.39831895,0.48848945,0.64824057,0.65070796,0.6148582,0.7998167,1.2216457,1.6182705,2.5362103,2.5791323,2.62045,1.8669269,1.1350951,0.5818918,0.3220692,0.17797783,0.36390132,0.49487492,-0.6862896
-2.9989233,-2.9986053,-2.9974113,-2.9972029,-2.9957218,-2.9928012,-2.2066505,-1.9386815,-1.8367543,-1.5595788,-1.2290847,-1.0454751,-0.8970894,-0.8282069,-0.5380276,-0.18855345,-0.054637313,0.10368997,0.42913842,0.42631316,0.5406321,0.5992031,0.573545,0.3369576,0.27577612,0.051775992,0.30531943,0.77358156,1.1908435,1.1913495,1.3888639,1.5406363,1.5149953,1.3113248,1.1534686,1.009167,1.0166388,1.1321425,0.996794,0.93273497,0.86996084,0.916988,0.8166954,0.53296727,0.15154204,0.046739236,0.065963954,0.49183682,1.2395387,0.7140696,-0.10964833,-0.37493092,0.6901652,2.1421714,2.6832118,2.9905586,3.1966078,2.7612643,1.9011635,1.0914598,0.9352963,0.5069479,-0.5887399,-1.6679736,-2.8173003,-3.174429,-3.0532198,-2.900369,-2.712773,-2.231249,-1.6778026,-0.9519195,-0.04532188,0.6556868,1.0278286,0.9894142,0.7297579,0.24503373,-0.62053716,-1.6776915,-2.451737,-2.5463686,-2.610331,-2.530048,-2.3155286,-1.5561348,-0.7418888,0.11818941,0.82550967,1.2342829,1.2796311,1.3298178,1.3518473,1.2824094,1.1360294,1.0128659,0.7498764,0.5905784,-0.020205889,-1.314142,-2.4155197,-3.03608,-3.5687606,-3.5466323,-3.6101465,-3.3186898,-2.9810865,-2.829913,-2.8692887,-2.8430057,-2.9560404,-3.0707445,-3.001205
-1.374477,-1.3750974,-1.3775116,-1.378022,-1.3816869,-1.3902876,-2.5560184,-2.6619728,-2.632565,-2.6263013,-2.7086852,-2.752473,-2.9745047,-2.9590054,-2.82637,-2.6045802,-2.5742471,-2.5335112,-2.3729405,-2.141097,-1.9998573,-1.7850318,-1.4285018,-1.3590571,-1.4227867,-1.4795306,-1.7386032,-1.6733351,-1.4931746,-1.4371389,-1.5251398,-1.6905859,-1.6923752,-1.5678756,-1.4964452,-1.4721484,-1.4866862,-1.5298896,-1.6544294,-1.8897536,-1.9441961,-1.9425602,-1.9182202,-1.7166448,-1.9196284,-2.2335668,-2.8149233,-3.2345529,-3.0943615,-2.27559,-1.2868152,-0.5622349,-0.5357785,-1.1073465,-1.4985253,-1.6824734,-1.6764648,-1.5383239,-1.5912837,-1.3869052,-1.2165556,-0.7626796,-0.0062638745,0.19972181,0.09910958,0.20287417,-0.18365431,-0.23993272,-0.34974495,-0.5833825,-1.1905582,-1.8797734,-2.4276206,-2.7347538,-2.9888027,-2.9387407,-2.6798334,-2.2948856,-2.045895,-1.6931349,-1.1429878,-0.74919605,-0.6939586,-0.69881,-0.71962285,-1.0431421,-1.4812185,-1.9143955,-2.462052,-2.5982356,-2.5785904,-2.5997586,-2.476128,-2.3423324,-2.1667547,-2.1857996,-2.0474472,-1.7577889,-1.2769723,-0.78332627,-0.7086563,-0.83452296,-1.2605715,-1.6525038,-2.1774871,-2.440422,-2.4516373,-2.4306817,-2.2567425,-2.2089338,-2.243587,-2.2245138,-1.3716524
-3.524222,-3.5247507,-3.52661,-3.526787,-3.530037,-3.5380874,-3.6158774,-3.5328133,-3.4876826,-3.3559442,-3.2534547,-3.197589,-3.1233983,-3.1285954,-3.076757,-3.026957,-2.9972837,-2.84647,-2.6686733,-2.4660246,-2.4142466,-2.2934816,-2.1935117,-2.2442942,-2.2127686,-2.2168133,-2.0253048,-1.7068231,-1.472412,-1.4334936,-1.2807231,-1.2175481,-1.2366161,-1.3385742,-1.3464601,-1.2478858,-1.0986874,-0.84832305,-0.69507015,-0.6385318,-0.6367185,-0.7042194,-0.97178614,-1.4249469,-1.6567901,-1.4085481,-1.070985,-0.83014786,-1.5139604,-1.9567344,-2.0276887,-1.4970298,-0.39082527,1.0652231,1.7406261,1.7400515,1.5504235,1.3092942,0.83254504,0.0044439584,-0.43719074,-0.9468349,-1.4905262,-1.8009725,-2.2410398,-2.4946113,-2.530076,-2.555405,-2.4179375,-1.9679915,-1.3385326,-0.84701735,-0.8216221,-0.8833,-0.9326216,-1.1475158,-1.4571002,-1.9510338,-2.6110966,-3.2455435,-3.3003657,-3.2746406,-3.0008779,-2.776713,-2.4586837,-1.6078041,-0.7469773,-0.32644445,-0.5303467,-0.8218511,-1.0399774,-1.1614845,-1.3236842,-1.4652553,-1.6027541,-1.6122804,-1.8014333,-2.077859,-2.5485008,-3.305572,-3.9205055,-4.2515063,-4.4970093,-4.4938498,-4.516814,-4.581894,-4.7144375,-4.832461,-4.8118973,-4.424124,-4.3424063,-4.3178387,-3.5222723
-2.2024317,-2.2018301,-2.1988926,-2.197847,-2.19294,-2.1833744,-0.7566851,-0.62067133,-0.70620495,-0.47173268,-0.13968486,-0.0043058395,0.038841426,0.13617527,0.27321285,0.45770767,0.6484395,0.85118985,1.3103685,1.9028823,2.1307979,2.3080049,2.4182806,2.2885227,2.0722852,2.0497906,2.0802913,2.2958474,2.4834695,2.4488564,2.3637722,2.2442064,2.0402439,1.7385075,1.6531594,1.6601094,1.7987018,2.2257829,2.612207,2.8834786,3.3118224,3.6235406,3.7025316,3.2216778,2.978028,2.7134924,2.40561,2.4599009,2.1962385,1.3531126,0.57787704,-0.042447627,0.16556567,0.80123943,1.0696793,1.1478486,1.2060368,1.1889633,1.5002066,1.756153,1.8790853,1.8123904,0.8538469,-0.04572098,-0.8939891,-1.2561803,-1.1659331,-0.99179447,-0.6392637,0.12855217,1.0966161,1.961318,2.4063494,2.6730533,2.881594,2.7225938,2.4747782,1.9267718,0.94548607,-0.023697726,-0.5250876,-0.5940696,-0.5377596,-0.4505957,-0.06793586,1.0197921,2.0555658,3.0768092,3.8011086,4.0978365,4.084745,4.0560737,4.039774,3.9354963,3.7399268,3.647256,3.2844315,2.9061038,2.1182437,0.7293105,-0.7699375,-1.7001463,-2.312552,-2.3046606,-2.5469017,-2.5542345,-2.5157428,-2.5089884,-2.2444727,-1.6388851,-1.5566825,-1.6005666,-2.2072637
-3.8163943,-3.8163528,-3.815217,-3.8148441,-3.813441,-3.8137805,-1.9562348,-1.745297,-1.7610168,-1.7164656,-1.6664313,-1.6323973,-1.4692173,-1.4068449,-1.1858953,-0.87967914,-0.8297908,-0.510266,-0.31527624,-0.16314542,0.08254446,0.180351,-0.011676444,-0.22467102,-0.2866518,-0.5032153,-0.041989237,0.8200891,1.6207604,1.7245777,2.120696,2.3600397,2.4234219,2.1853585,2.1090324,2.301462,3.1570044,5.0800967,7.711975,8.86626,9.49725,9.578502,9.514877,9.105322,8.927687,9.257811,9.475164,9.589335,9.033826,7.283608,4.4214287,1.0098503,0.6528423,1.5268682,2.0838535,2.3819776,2.6223438,2.3504512,1.624167,0.68154526,0.42267793,-0.20606396,-1.3505352,-1.7416387,-1.4802756,-1.3217051,-0.9203321,-0.5783472,0.022037357,1.1292999,3.2846482,4.1743155,3.4846783,3.370577,3.6108189,3.5775547,3.561493,3.352284,2.3587267,0.7213001,-0.36644265,-0.78081435,-0.7503046,-0.44105572,0.18036732,2.2127464,5.1675878,6.9054747,7.001218,6.9104185,6.739044,6.635085,6.5028415,6.334139,6.1076565,6.113637,5.91992,5.5996647,4.4224787,1.8083587,-0.7971424,-2.3496537,-3.16287,-3.0992165,-3.149716,-3.2415686,-3.1923885,-3.2167082,-3.437693,-3.3645902,-3.5191057,-3.5934842,-3.8193982
-0.007414853,-0.0073584616,-0.0084497,-0.008615639,-0.01116425,-0.0186887,0.099091366,-0.09422651,-0.19832404,-0.107245624,-0.18810996,-0.21265432,-0.17313598,-0.17542776,-0.010833725,0.08317968,0.026206672,0.24855861,0.274786,0.34786156,0.62324715,0.5784544,0.70220053,0.42597067,0.26579353,0.08701125,0.19625515,0.36801764,0.4832077,0.4997972,0.5883343,0.6129051,0.55462074,0.59114355,0.6688347,0.7508105,0.863391,1.0014551,0.8610398,0.71229655,0.65002507,0.7340369,0.7069721,0.63497,0.3492766,0.24197197,0.40266347,0.6853361,0.35170418,0.61434156,1.6562978,2.280457,3.2279913,5.0428824,6.7353215,7.7780533,8.557067,9.543529,10.347099,10.148034,9.898076,9.557962,8.621319,7.257163,4.1489873,1.3908422,0.0022035912,-1.266919,-2.6774323,-2.8110042,-2.4221292,-1.5858057,-0.64157224,-0.26062182,-0.18436408,-0.17609489,-0.41829705,-0.7757973,-1.4879603,-2.2535505,-2.6874623,-3.1224809,-2.8863077,-3.311354,-3.5434055,-3.177398,-2.566305,-1.7318342,-1.1687622,-0.9415128,-1.0123509,-0.95192003,-0.9137508,-0.88655084,-0.8642611,-0.91515636,-0.8567405,-0.80088794,-0.9579211,-1.3564148,-1.8264506,-2.1042585,-2.2270198,-2.2757912,-2.253364,-2.1718082,-2.2979798,-2.5564492,-2.8559692,-2.5007987,-2.3658018,-2.2491894,-0.007959127
1.2858937,1.2862589,1.2869651,1.2866448,1.2865891,1.2888836,1.2303013,1.2779429,1.2120624,1.1216974,0.97506195,0.9753914,0.81594384,0.8261445,0.98719805,1.266942,1.2991172,1.2720759,1.5325154,1.4665262,1.5692725,1.7872517,1.980079,1.9700377,1.911726,1.6727004,1.5593662,1.5060517,1.49786,1.6426225,1.4908602,1.3183224,1.0439008,0.7339861,0.545893,0.4010843,0.28301328,0.118646465,-0.14108896,-0.3263269,-0.5151798,-0.5691163,-0.4088018,-0.012090653,0.4652555,0.8755426,0.9943994,0.5677533,-0.3569908,-0.70282423,0.26596925,1.5370377,2.2050495,2.29061,1.4126841,0.8680771,0.5315638,0.19468248,-0.37325224,-1.2015787,-1.5377492,-1.7766623,-1.7974926,-1.6152301,-1.3777131,-1.5309777,-1.5458615,-1.5154812,-1.6507188,-2.0870368,-2.4984019,-2.4914098,-1.9986641,-1.6595047,-1.6001592,-1.6390944,-1.8160193,-2.1790473,-2.1996574,-1.8618983,-1.5816215,-1.489952,-1.5631536,-1.5664139,-1.7848517,-2.3301766,-2.756092,-2.5466192,-2.2468638,-1.9954764,-1.8237585,-1.7382342,-1.6292722,-1.5387292,-1.5571288,-1.7526332,-1.9406695,-2.0256336,-2.0584896,-1.8557773,-1.5777452,-1.3775823,-1.2956012,-1.404272,-1.5704892,-1.6002016,-1.2405113,-0.46267906,0.6421368,1.2545803,1.3394489,1.3792508,1.2842093
-1.0335604,-1.0344529,-1.0379171,-1.0388039,-1.0441792,-1.0560088,-2.945617,-2.9301453,-2.634262,-2.6092846,-2.6115036,-2.543104,-2.446074,-2.263052,-2.3165774,-2.2521574,-2.305029,-2.3525994,-2.212663,-2.2951646,-2.1707704,-2.2031825,-2.3723135,-2.4839296,-2.6056848,-2.5584977,-2.8156862,-3.0958252,-3.190944,-3.1283674,-2.9872065,-2.9146013,-2.7268398,-2.5374403,-2.4611282,-2.3862991,-2.413135,-2.5308633,-2.6160743,-2.8943734,-3.2369838,-3.5747378,-3.5647395,-3.3232694,-3.3238726,-3.394682,-3.6763444,-3.8181996,-3.54889,-3.095989,-2.9524322,-2.1947353,-1.5193295,-1.360432,-1.4124261,-1.5870112,-1.6050843,-1.5405614,-1.3470889,-1.2024232,-1.2191974,-1.1535401,-0.8140197,-0.85029835,-1.072948,-0.776833,-0.8432538,-0.9651922,-1.2413347,-1.8065631,-2.4628434,-3.099804,-3.4878693,-3.730065,-3.7993922,-3.7268336,-3.5139666,-3.0175772,-2.4886107,-2.1611178,-1.8546232,-1.5413542,-1.3889041,-1.3282013,-1.4623399,-2.169574,-2.7897663,-3.2914686,-3.721054,-3.801663,-3.7751455,-3.761551,-3.6999357,-3.613378,-3.53368,-3.524582,-3.3202863,-3.0146866,-2.5089023,-1.7223253,-0.9925849,-0.39498594,-0.23671071,-0.25084567,-0.2588996,-0.102905214,-0.078055575,-0.50486606,-0.66752803,-1.2164736,-1.3534355,-1.4693648,-1.0279573
1.7045803,1.7048287,1.7052321,1.7052114,1.7058558,1.7111855,2.0480812,2.0154164,1.9831109,1.7748095,1.4738557,1.0763286,0.6929432,0.5233068,0.23789065,-0.038636506,-0.15948935,-0.53877264,-0.6751394,-0.9700662,-1.2035694,-1.2206674,-1.1141924,-0.85326463,-0.81268775,-0.73746336,-1.2427365,-1.69665,-1.9884065,-2.0548606,-2.1051495,-2.138249,-2.135892,-2.0205448,-1.9135685,-1.7721677,-1.6697004,-1.6824999,-1.5518109,-1.4465276,-1.427551,-1.561135,-1.8936734,-1.9663608,-2.236291,-2.255024,-2.0149858,-1.9093308,-1.8935587,-2.2528968,-2.6111932,-2.5070384,-2.2587113,-2.4619825,-2.4571328,-2.2841327,-2.16872,-1.9368176,-2.1599898,-2.7079148,-2.978351,-3.171352,-2.988502,-2.4456964,-1.8208902,-1.8730172,-2.0881238,-1.982834,-1.7416543,-2.0502276,-2.4323213,-2.6162486,-2.669249,-2.6482306,-2.562055,-2.5068312,-2.4621243,-2.5006208,-2.1968482,-1.7823668,-1.4710455,-1.3105543,-1.5371594,-1.3517126,-1.3193293,-1.899143,-2.5439658,-2.8780804,-2.899621,-2.8914762,-2.833095,-2.8196394,-2.8300185,-2.810234,-2.808067,-2.7133408,-2.6153967,-2.461323,-2.1855857,-1.7717917,-1.0420396,-0.3985856,-0.015044928,0.046482652,0.2522803,0.3606293,0.29596764,0.52134144,1.2235858,1.5714059,1.7624869,2.0011308,1.7052248
-3.85937,-3.8589752,-3.8578582,-3.8578646,-3.8558946,-3.8488212,-2.7514257,-2.7386463,-2.5718803,-2.6071944,-2.6725588,-2.668717,-2.2655501,-2.269457,-2.5577247,-2.8405082,-2.9487042,-3.2643125,-3.537405,-3.6800618,-3.733657,-3.679338,-3.6448073,-3.6324935,-3.6617684,-3.6439366,-3.7720122,-3.807714,-3.7921638,-3.823345,-3.7011404,-3.567299,-3.5240421,-3.5202107,-3.457286,-3.3653011,-3.3055236,-3.0614257,-2.3451905,-2.0391965,-2.1162677,-2.3939712,-2.6607533,-2.7798102,-3.0988884,-3.323632,-3.3624172,-3.3014636,-3.045402,-2.9597993,-3.3891635,-3.7145572,-3.6016464,-3.450638,-3.330872,-3.2317016,-3.1903229,-3.341764,-3.6075797,-3.8329673,-3.791473,-3.719317,-3.6297977,-3.6900992,-4.109207,-4.2482805,-4.2400937,-4.160394,-3.9878864,-4.0442,-3.9502463,-3.5362394,-3.3573308,-3.479846,-3.6577177,-3.8341773,-3.9470692,-4.1373096,-4.4756346,-4.5309715,-4.3978114,-4.274866,-4.292091,-4.1507154,-4.1432257,-4.288909,-4.2036033,-3.8971674,-3.9492943,-4.117343,-4.1513658,-4.2024183,-4.2766595,-4.3246136,-4.3633833,-4.3336897,-4.3396034,-4.292081,-4.305464,-4.4206715,-4.2215157,-3.9561455,-3.8524332,-3.8987846,-3.8705723,-3.6284366,-3.719238,-3.7690513,-3.6373372,-3.7182202,-3.7063913,-3.5581574,-3.8604236
-1.7931223,-1.7933931,-1.7950389,-1.7954048,-1.7988687,-1.8060837,-2.4981346,-2.2469368,-2.2700837,-2.1839476,-2.108093,-1.9000087,-1.79828,-1.6293199,-1.3778368,-1.2564924,-1.092741,-0.85080564,-0.35099125,0.070670635,0.13822399,0.27237886,0.5570417,0.9549513,1.1859354,1.3924861,1.3151522,1.2959085,0.8969089,0.49781626,-0.47875902,-1.157685,-1.5746529,-1.839335,-1.9915934,-2.1731067,-2.28765,-2.1837823,-1.9179974,-1.6853971,-1.4593692,-1.3858612,-1.5481961,-1.6909908,-1.6644864,-1.3671658,-1.2170236,-1.5015339,-2.1498246,-2.3154578,-1.6113995,-0.4598949,-0.3529889,-0.77142286,-1.2254858,-1.5079645,-1.744474,-2.0488405,-2.6459546,-3.1887486,-3.2648287,-3.0330353,-2.3853142,-1.67712,-0.91725314,-0.7331873,-0.59469295,-0.38580853,-0.35911697,-0.3349828,-0.3869155,-0.27217743,-0.2664734,-0.35522115,-0.67895085,-1.1704915,-1.5987918,-1.6700774,-1.5739378,-1.6204715,-1.4523135,-1.284857,-1.0879407,-0.9055958,-0.7179373,-0.4691655,-0.18749067,-0.03497684,-0.48216534,-0.90474504,-0.9807821,-1.0473638,-1.1199816,-1.1748888,-1.3446832,-1.4369947,-1.8642989,-2.236932,-2.485001,-2.4376872,-2.3262534,-2.320147,-2.5074642,-2.5497937,-2.8303587,-2.9971962,-2.7853346,-2.4650018,-2.4370878,-2.3161054,-2.2255068,-2.2828734,-1.7910558
-3.245823,-3.2446518,-3.2404826,-3.2398167,-3.2334452,-3.2157307,0.073125154,-0.21207473,-0.42546064,-0.48045933,-0.5697792,-0.63097435,-0.33205962,-0.4974586,-0.49883026,-0.4168031,-0.42109314,-0.26867598,-0.28460008,-0.46275246,-0.37818068,-0.31201652,-0.27354515,-0.5101747,-0.5786022,-0.6083257,-0.4673714,-0.40768343,-0.3560064,-0.27699345,-0.0012051463,0.41113168,0.7003316,0.8348708,0.88665956,0.8829114,0.72945726,0.44131818,-0.031657398,-0.198861,-0.41577765,-0.55637354,-0.43772417,-0.57927847,-0.61909056,-0.618965,-0.57269686,-0.49981523,-0.74894035,-1.0637345,-1.7506667,-2.4280014,-2.765296,-2.8805597,-2.861741,-2.6284797,-2.4367495,-2.3420107,-1.8347539,-1.5913727,-1.6108692,-1.8072495,-2.3823683,-2.751614,-2.5514114,-1.8078275,-1.1313069,-0.8566117,-0.5704293,-0.32904172,0.09724634,0.60384566,1.0602151,1.4678314,1.7559061,1.8798214,1.7698408,1.2336575,0.18198562,-0.4274602,-1.0180644,-0.9704845,-0.8386855,-0.66363657,-0.6733434,-0.43293083,-0.022077784,0.4468762,0.9591367,1.0390915,0.98545593,0.93622744,0.8067443,0.63591397,0.56695247,0.5407263,0.42299733,0.17622453,-0.3986959,-1.1470308,-1.4845024,-1.521774,-1.2089047,-1.102467,-1.0059915,-1.2925675,-1.6240416,-1.9440646,-2.2323759,-2.2324114,-2.1657846,-2.0915987,-3.2512176
-5.790588,-5.7908554,-5.792384,-5.792966,-5.7959194,-5.800268,-6.306018,-6.194504,-6.0210447,-5.969646,-5.891599,-5.6774874,-5.135709,-5.0036693,-5.0762815,-5.1028447,-5.118887,-5.236177,-5.230935,-5.3642907,-5.3013983,-5.207623,-5.0736933,-5.1336617,-5.185754,-5.2426357,-5.3498354,-5.3448963,-5.3523817,-5.3449388,-5.2390804,-5.087779,-4.965318,-4.890826,-4.751793,-4.6756682,-4.800412,-4.9619665,-4.9242964,-4.919237,-5.1246963,-5.2969294,-5.424122,-5.7081757,-5.810595,-5.726748,-5.6344643,-5.5454316,-5.1885867,-4.7422214,-4.805166,-4.4124117,-3.8189397,-3.5587816,-3.6247048,-3.7024984,-3.8926291,-4.272008,-4.7240305,-5.2249784,-5.3438053,-5.3225665,-5.15687,-5.1698227,-5.5744925,-5.429921,-5.2646394,-5.178382,-5.1185327,-5.1794534,-5.3360033,-5.4684772,-5.730941,-5.8979735,-5.978498,-6.0562735,-6.1425734,-6.2265425,-6.360852,-6.2812624,-5.9848475,-5.651633,-5.477087,-5.289507,-5.2231617,-5.2196426,-5.071973,-5.0423937,-5.3800707,-5.6323333,-5.727561,-5.8048887,-5.8407426,-5.8644648,-5.8450937,-5.824647,-5.82549,-5.7985168,-5.8177094,-5.8194695,-5.649914,-5.4494314,-5.4176373,-5.5393486,-5.700582,-5.8808956,-6.1742725,-6.4831915,-6.5298767,-6.577868,-6.526303,-6.427759,-5.7886934
1.3657871,1.3659956,1.3657684,1.3656554,1.3659517,1.3666259,0.83735436,0.47798467,0.34803182,0.12696221,-0.082999796,-0.29620874,-0.40115035,-0.64263934,-0.8709747,-1.1842632,-1.2662686,-1.5064406,-1.7055913,-1.7665051,-1.7341033,-1.4717228,-1.2690241,-1.2246318,-1.1074862,-1.2609463,-1.4020517,-1.2679216,-0.9554266,-0.81399643,-0.40662822,-0.20909669,0.039653227,0.18562604,0.16037938,0.18134706,0.13356692,0.05402705,0.06773347,-0.07005569,-0.18024868,-0.1946061,0.021691442,0.4904406,0.46398368,0.16236407,-0.22175327,-0.5019518,-0.114209466,-0.0042925254,0.37006456,1.3541187,1.7777996,1.4355772,0.9840501,0.68550324,0.65269804,0.6348172,0.33492422,0.22914098,0.26907614,0.18151796,0.019595474,-0.6348641,-1.2134831,-1.1412839,-1.3062932,-1.3764398,-1.2067937,-1.4102561,-1.9492071,-2.1656687,-1.852098,-1.6212621,-1.4792228,-1.3321055,-0.96661633,-0.7200715,-0.8174556,-0.63828486,-0.41908878,-0.26133144,-0.59190637,-0.57006073,-0.53141505,-1.1637766,-1.9427329,-2.2526474,-2.10796,-1.8479894,-1.6033835,-1.4131498,-1.1843388,-0.9031499,-0.68717474,-0.6421836,-0.39704487,0.08638322,0.9794202,1.9467266,2.6907797,3.2403197,3.2241795,3.059011,2.9060812,3.019156,3.26797,3.2846482,3.2552874,2.7207584,2.491437,2.2799284,1.3671207
-1.7641544,-1.7637936,-1.762609,-1.7623403,-1.7609208,-1.7567178,-0.25664815,-0.39035943,-0.5810927,-0.642601,-0.6734334,-0.7545794,-0.82865787,-0.79456717,-0.5726572,-0.3728394,-0.33297488,0.0037772655,0.23316097,0.3787809,0.71214795,0.75730515,1.0496962,0.84371984,0.7018746,0.414089,0.38613278,0.32721856,0.14915597,0.14003953,0.34483382,0.7343068,0.9979819,1.2865868,1.3542016,1.2444608,1.1647035,0.6633956,-0.31132415,-0.40549994,-0.4813304,-0.42277238,-0.35868973,-0.5378257,-0.15074158,0.50227535,1.3277943,1.8298434,2.007678,2.3218126,1.4418095,0.17066076,0.13368762,0.67205423,0.9013814,0.9227696,0.738088,0.41378763,0.27015668,-0.1029069,-0.24876362,-0.33340096,-0.5151918,-0.6179128,-0.8495598,-0.8620359,-0.52126783,-0.4085826,-0.40017706,-0.22339195,0.2633924,0.7072401,1.092257,1.4046597,1.6288872,1.6993239,1.514657,1.2626928,0.7113069,-0.08341646,-1.1688576,-1.5195177,-1.3234415,-1.077353,-1.1011965,-0.8501391,-0.4524789,-0.22337532,0.05060351,0.21780053,0.10122295,0.08762731,-0.066699,-0.2165372,-0.26518208,-0.22995721,-0.15835564,-0.2280663,-0.45908314,-0.97745526,-1.4637845,-1.7239661,-1.7237055,-1.8439617,-1.8372672,-2.0978975,-2.2489018,-2.1439605,-2.0422635,-1.5772669,-1.3457053,-1.1852249,-1.7647028
-2.0477848,-2.0483744,-2.0499866,-2.0503845,-2.0538518,-2.0601223,-2.8651884,-2.7301764,-2.6148314,-2.534982,-2.3648982,-1.9854054,-1.4811924,-1.2912097,-1.3319325,-1.4978402,-1.4979557,-1.5778571,-1.6883261,-1.8872705,-2.0054493,-2.0452309,-1.9966063,-2.0114133,-2.0207827,-2.020152,-1.9721363,-1.9925778,-2.08778,-2.0825338,-2.0885932,-2.0168653,-1.958354,-1.8915315,-1.7469542,-1.7170782,-1.9372629,-2.2144465,-2.3214662,-2.2935207,-2.4548683,-2.6557596,-2.8916192,-3.2450764,-3.1660957,-3.047864,-3.0079355,-2.9645433,-2.9281037,-2.2097986,-0.9756214,0.71042675,1.169161,0.2899847,-0.93375,-1.6200429,-2.1729047,-2.6301916,-2.8049884,-3.011786,-3.026857,-2.9014518,-2.4801812,-1.9867693,-1.5779897,-1.3252487,-1.1047326,-0.9895385,-0.7755593,-0.79926705,-1.0751451,-1.385468,-1.6830369,-1.832236,-1.9685714,-1.9671253,-2.0149188,-2.1713953,-2.292572,-2.045936,-1.7128592,-1.2571408,-0.88723326,-0.6029668,-0.4013859,-0.46654433,-0.85564303,-1.3016093,-1.6792794,-2.0356188,-2.1628456,-2.2991776,-2.386638,-2.386119,-2.2203226,-2.0772498,-2.1280832,-2.2939618,-2.2809498,-2.0576816,-1.7831736,-1.8434594,-1.9655638,-2.1975472,-2.5014398,-2.898905,-3.0702014,-3.0064254,-2.62113,-2.0636714,-1.819443,-1.6913545,-2.0444136
0.30337647,0.30348492,0.30369708,0.3037066,0.303858,0.30346906,-0.26839426,-0.32313874,-0.34265208,-0.31155658,-0.16616632,-0.05488723,0.25339764,0.32956854,0.40997186,0.44947946,0.45164898,0.7939534,0.81965834,1.1482612,1.4188044,1.772537,1.8948207,2.0260663,2.1884232,2.0563545,2.28434,2.6729527,2.9048197,2.888476,2.9890442,3.1461577,3.1394887,3.1304774,3.3751078,3.7038212,3.6884298,3.3211417,2.483666,2.271363,2.4261703,2.8591156,3.1393719,3.0087016,3.10192,3.5255785,4.2073717,4.457397,3.7985106,3.4260457,2.9488282,1.4046546,0.43524662,0.500174,0.783327,0.881666,0.97765565,1.1463968,1.9151709,2.723267,2.9727912,2.7936344,2.0580683,1.5005579,1.0995995,0.84597135,0.6974263,0.57145417,0.8306009,1.6640754,2.6736026,2.9030268,2.7062838,2.8561254,3.1103673,2.990448,2.865656,2.40264,2.1164954,2.1136665,1.7686964,1.0294976,0.72391033,0.66452396,1.1545594,2.4675086,4.0354857,4.7668056,5.1676903,5.58926,5.6636696,5.742607,5.7052593,5.6329274,5.5041647,5.4937687,5.406808,5.187217,4.7538934,3.750934,2.4151425,1.4212201,1.1938598,1.2903298,1.5413598,1.5574266,1.4082701,1.1660159,0.73399115,0.38789746,0.18326154,0.04100114,0.30337605
-1.8233792,-1.8242719,-1.8282552,-1.8290442,-1.8357983,-1.8526922,-3.6163564,-3.478421,-3.4985003,-3.4300914,-3.37745,-3.2255032,-3.0878468,-2.979145,-2.6496677,-2.4692988,-2.3236074,-1.9543831,-1.7019705,-1.450644,-1.4655546,-1.3911775,-1.1396995,-0.9582386,-0.9109251,-1.0082004,-1.3396934,-1.4997808,-1.5732074,-1.526657,-1.5637608,-1.640477,-1.5977426,-1.5696945,-1.6753302,-1.9345179,-2.1147063,-2.2317371,-2.4732997,-2.5713153,-2.6083975,-2.7742515,-2.9212902,-2.91802,-2.7369905,-2.5159755,-2.6987891,-3.1471777,-3.2258053,-3.1151552,-3.164632,-2.491128,-2.2205205,-2.429553,-2.498083,-2.4578516,-2.3124156,-1.7936468,-1.726733,-1.731328,-1.6436597,-1.260972,-0.34951457,0.14612544,0.42558575,0.783515,0.7609978,0.95527035,1.0580555,0.8517902,0.093958504,-0.67125386,-1.322988,-1.8310773,-2.3151937,-2.3618424,-2.1432147,-1.570964,-0.61333656,-0.05018088,0.389444,0.6037886,0.62319684,0.69134355,0.77932894,0.6105647,0.32414824,-0.35321528,-1.416765,-1.9935106,-2.1842377,-2.3209178,-2.3787184,-2.359284,-2.2591133,-2.212168,-2.2408621,-2.1844137,-1.8405507,-1.1014923,-0.5250097,-0.34323466,-0.46697912,-0.63419634,-1.0988115,-1.5495517,-1.6193763,-1.689995,-2.070165,-2.4081898,-2.593227,-2.766781,-1.818794
-1.7544976,-1.7542332,-1.7548683,-1.754873,-1.7553928,-1.7570894,-1.4699645,-1.5120677,-1.8554168,-1.9926708,-2.2880611,-2.6735578,-3.0548508,-3.2618656,-3.2256494,-3.2046235,-3.1846695,-3.1286721,-3.067081,-2.915544,-2.9121103,-2.7303946,-2.5231833,-2.1615303,-2.0573893,-2.0527186,-2.4439006,-2.7852898,-3.020472,-3.016234,-3.0880656,-3.1390686,-3.2027836,-3.2727318,-3.390718,-3.538094,-3.557497,-3.3322296,-2.6672873,-2.3481786,-2.1599445,-2.18773,-2.2334204,-2.137711,-2.0811744,-2.071836,-1.9634063,-2.1761236,-2.3898954,-2.9473422,-3.6238422,-3.3870387,-2.8609576,-2.6556673,-2.5911462,-2.5859973,-2.5141263,-2.339118,-2.424974,-2.461707,-2.4576006,-2.4355268,-2.184474,-1.8326278,-1.4395647,-1.5852886,-1.9523295,-1.8989842,-1.6847618,-1.983754,-2.352024,-2.559525,-2.7772021,-3.0344348,-3.2986283,-3.4613671,-3.4375534,-3.3270159,-3.0814478,-2.59263,-2.1297977,-1.7119406,-1.7592957,-1.545521,-1.5037993,-1.8840556,-2.2274039,-2.1599221,-2.2845886,-2.4414792,-2.5219681,-2.627273,-2.6899552,-2.7181444,-2.7707639,-2.749178,-2.81423,-2.8047063,-2.6706786,-2.3518293,-1.7662872,-1.2630258,-0.9951985,-1.1101141,-1.3374258,-1.4754155,-1.4471205,-1.4599577,-1.8743981,-2.171551,-2.227374,-2.1956806,-1.7548558
-1.0073175,-1.0072305,-1.0071862,-1.0072528,-1.0068133,-1.0050417,-1.4157627,-1.3943082,-1.3156451,-1.3796258,-1.4338322,-1.6119118,-2.0265148,-2.1711946,-2.2070756,-2.0983038,-2.224676,-2.393208,-2.4335032,-2.5466883,-2.458972,-2.371182,-2.2064285,-2.103974,-2.1849358,-2.2302759,-2.535303,-2.8049896,-2.9639575,-2.8700461,-2.8224337,-2.918976,-3.0288224,-3.0946956,-3.2280514,-3.4233959,-3.5468678,-3.6172798,-3.4627914,-3.2836812,-3.1880698,-3.2237453,-3.2683349,-3.2300754,-3.253873,-3.3883805,-3.472178,-3.4711957,-3.0908368,-2.775004,-2.578889,-2.0994549,-1.8204892,-1.9437194,-2.1203208,-2.2595248,-2.4454098,-2.6783004,-2.7482438,-2.6051118,-2.460321,-2.2641659,-1.8867974,-1.6312635,-1.509507,-1.3284075,-1.4326665,-1.3396814,-1.1750567,-1.4681449,-2.0625567,-2.7142267,-3.2434607,-3.5936108,-3.8838153,-4.151923,-4.2974987,-4.2326417,-3.8478043,-3.2468686,-2.6257539,-2.1428468,-1.9753208,-1.6730134,-1.579512,-2.0719032,-2.8135476,-3.2951126,-3.8637958,-4.1208286,-4.1820345,-4.264945,-4.3565955,-4.433962,-4.4858766,-4.4571977,-4.3810067,-4.1744046,-3.806855,-3.1707518,-2.5064087,-2.0819933,-1.9100937,-1.8943349,-1.8444687,-1.7281913,-1.5521287,-1.5132313,-1.5327032,-1.8408018,-1.8941327,-1.8424097,-1.0073507
0.31245714,0.31169763,0.31002763,0.309791,0.30729744,0.30303934,-1.5275806,-1.3125498,-1.1056833,-1.2416313,-1.3682449,-1.3418391,-1.5944304,-1.5088086,-1.406115,-1.3639373,-1.3800082,-1.350395,-1.2543663,-1.2997444,-1.2638425,-1.1012067,-0.7591038,-0.62214816,-0.50047994,-0.64621663,-0.9630861,-1.0032377,-0.9843831,-0.8272352,-0.68400145,-0.7863183,-0.76119024,-0.68726623,-0.7750649,-1.0532782,-1.3676112,-1.6953201,-1.9324626,-1.870925,-1.6756389,-1.5665846,-1.352985,-0.93738234,-0.4279244,-0.10923742,-0.35341865,-1.0777049,-1.2483505,-0.7026591,-0.061524868,0.62301373,0.64704776,0.06148991,-0.44336694,-0.68015397,-0.81952834,-0.7520267,-0.89277637,-1.1688272,-1.1615254,-0.88958615,-0.024301082,0.75177836,1.1615698,1.1001087,0.88206357,0.95259476,0.9792438,0.70936215,-0.30614424,-1.399265,-1.9802232,-2.3503613,-2.7255144,-2.9297614,-2.9592693,-2.6161747,-1.8882871,-1.0495856,-0.20506129,0.19896856,0.3563629,0.6272571,0.8010032,0.5222786,-0.25052387,-1.0121784,-1.8019454,-2.0296109,-2.052206,-2.0875354,-2.1129699,-2.0771465,-1.9840914,-1.9801366,-1.976124,-1.8656588,-1.5569785,-0.9601579,-0.6492821,-0.55970687,-0.5787012,-0.79755354,-1.1467278,-1.3772221,-1.2801178,-0.83319414,-0.25855735,-0.16670415,-0.16616575,-0.21396863,0.3154094
-1.8943148,-1.8939097,-1.8931575,-1.8928008,-1.8924251,-1.8942187,-1.8283149,-1.491231,-1.5311409,-1.3838651,-1.1574682,-1.0578175,-1.2216551,-1.2329963,-0.89566773,-0.46529847,-0.33425623,0.15080681,0.70389795,1.171928,1.5652306,1.7382617,1.9124093,1.9929473,1.7512004,1.7435708,1.5382152,1.6369605,1.6066248,1.4342612,1.0719533,0.8631216,0.76842946,0.54502636,0.29418573,0.16265824,0.5404878,1.346706,2.1770658,2.686598,3.0944042,3.0787487,2.6209345,1.8498425,1.3094367,1.3703705,1.5498621,1.9650447,2.2242217,1.6695926,0.53898203,-0.18502454,0.52541703,1.6191466,2.0581095,2.1543303,2.0553968,1.6004255,1.0143847,0.2435835,-0.014805175,-0.45918494,-1.3147037,-1.6293261,-1.5015395,-1.4858652,-1.2527455,-1.101189,-0.76032966,0.042691767,1.3687217,1.5697026,0.98003787,0.93614244,1.0493618,0.8973994,0.6281462,0.28250045,-0.5199514,-1.6769692,-2.0916727,-1.9939063,-1.5681441,-1.2681062,-0.8010036,0.49309987,2.0963585,2.8409014,2.9002628,2.9371653,2.9168072,2.9113355,2.925334,2.8774674,2.69007,2.690683,2.374342,1.9736986,1.126729,-0.4580449,-1.9872696,-2.6489792,-3.069238,-2.9144552,-2.9617517,-2.9928656,-2.800264,-2.6534264,-2.808416,-2.7350638,-2.792994,-2.8951693,-1.8970195
-2.2458837,-2.2466116,-2.2491186,-2.2497056,-2.2541528,-2.2614872,-2.740049,-2.573502,-2.377817,-2.2884376,-2.1818254,-2.0614128,-1.8831992,-1.7299693,-1.667402,-1.7343094,-1.7183487,-1.7262956,-1.6509427,-1.7462227,-1.8017834,-1.8420546,-1.7941116,-1.8241475,-1.8979137,-1.9347131,-2.2808688,-2.5720143,-2.759979,-2.7378469,-2.774047,-2.7654939,-2.6332378,-2.5070775,-2.4719362,-2.504571,-2.5578208,-2.5629125,-2.496211,-2.5494301,-2.6289647,-2.704636,-2.757289,-2.8733523,-2.975801,-2.949855,-2.9943116,-3.08281,-2.8520825,-2.313098,-1.9976552,-1.8222294,-1.9340425,-2.501538,-2.6782546,-2.6263523,-2.5943809,-2.3468137,-2.54591,-3.0876663,-3.3373718,-3.3274932,-2.9148645,-2.5072021,-1.9464703,-1.438535,-1.2582703,-1.0418583,-0.86445326,-1.0747811,-1.5856402,-2.2531009,-2.9649942,-3.301187,-3.4000204,-3.28198,-3.1209033,-2.8515012,-2.1900454,-1.5005944,-0.8593953,-0.6256858,-0.7629437,-0.76299214,-0.8048584,-1.1391333,-1.4658151,-2.1720884,-2.8499897,-3.189295,-3.2395225,-3.2732856,-3.201534,-3.0959363,-2.9228709,-2.8274179,-2.6624358,-2.4470656,-2.1071732,-1.6394131,-1.1614401,-1.0024502,-1.1781033,-1.3179023,-1.5576397,-2.0567338,-2.3579369,-2.5134187,-2.2857952,-2.0777535,-2.0100164,-1.9804704,-2.2420168
0.63855267,0.6386517,0.63842463,0.6384871,0.6378665,0.63650465,-0.38072348,-0.116796315,-0.15472716,0.048368827,0.33065003,0.6501396,0.7125617,0.7472007,0.7927552,0.6800438,0.8033087,0.87645286,0.94565505,1.0263588,1.242554,1.368552,1.2731946,1.3754171,1.4842749,1.7975214,2.0847387,2.537353,2.6403408,2.4371715,1.7056012,0.81515133,0.15948716,-0.3209426,-0.6856712,-1.0960293,-1.4541894,-1.5885779,-1.5018631,-0.9865596,0.0069770813,0.6760488,0.80600905,0.67097557,0.8429204,0.7407421,0.14739949,-0.3489233,-1.2481319,-1.6076586,-0.20308968,1.2231796,1.4268384,1.1024618,0.42722255,0.0007124543,-0.19132361,-0.23469216,-0.124873504,0.25470862,0.4551177,0.60423505,0.30186602,0.09962084,0.36580265,0.31802598,0.19390345,0.058874458,-0.06862408,0.15817314,-0.15343389,-0.6832493,-0.8677162,-0.6345618,-0.48685846,-0.4851268,-0.43470585,-0.26884505,0.40144873,1.3216823,1.9755954,1.8879743,1.7066984,1.4166656,1.863307,2.5660005,1.7016776,0.6761352,0.13822225,0.31592363,0.4391419,0.41937777,0.55118304,0.69111174,0.7432347,0.7249404,0.37585935,0.0442248,-0.08590326,0.10277943,-0.11274977,-0.5370917,-1.1133921,-1.2429203,-1.571028,-1.5750129,-1.1699466,-0.84657437,-0.69313484,-0.30426532,-0.23640287,-0.3605529,0.6372774
-4.1514974,-4.151787,-4.1525755,-4.1530075,-4.154538,-4.155859,-4.609082,-4.577226,-4.3337054,-4.2845116,-4.222023,-3.9787636,-3.3070908,-3.01925,-3.0363545,-3.1380966,-3.1289322,-3.2098231,-3.291946,-3.4059925,-3.3973484,-3.340549,-3.253556,-3.4238222,-3.5175939,-3.5912766,-3.76135,-3.848886,-3.8622665,-3.7648673,-3.6074567,-3.4342597,-3.222259,-3.1198654,-3.0799098,-3.084293,-3.1767418,-3.2227721,-3.117899,-3.1828446,-3.4869237,-3.7094102,-3.7493086,-3.825942,-3.8434384,-3.8513608,-3.9359221,-4.0170527,-3.6395178,-3.0768118,-3.1379597,-3.112069,-3.0886972,-3.2865527,-3.33807,-3.2760181,-3.250942,-3.2298326,-3.4255903,-3.660449,-3.6899214,-3.539689,-3.1235118,-3.1109357,-3.3306623,-2.976749,-2.7308407,-2.565919,-2.4030957,-2.5024452,-2.681896,-2.9669902,-3.584931,-4.096482,-4.3710265,-4.403213,-4.343876,-4.147088,-3.8545313,-3.4651144,-3.0279346,-2.7559993,-2.669221,-2.5989695,-2.6444912,-2.8147092,-2.7365737,-2.9237137,-3.486419,-3.850429,-3.9277973,-3.9979558,-4.0007205,-3.9687924,-3.8705096,-3.845163,-3.7766821,-3.652082,-3.5445395,-3.3492773,-3.0752816,-2.812092,-2.8049152,-2.9402678,-3.1155543,-3.354299,-3.7452743,-3.9731174,-3.884806,-4.000404,-4.06418,-4.044012,-4.1499343
-5.03633,-5.035803,-5.0339527,-5.033594,-5.0308094,-5.022331,-3.1471875,-3.1117282,-3.1697788,-3.0950127,-3.0263243,-2.9560204,-2.9099362,-2.8837616,-2.7849946,-2.698673,-2.6226358,-2.5380075,-2.3810399,-2.144876,-2.0217924,-1.9194047,-1.7362134,-1.6686943,-1.6712183,-1.5733572,-1.4948167,-1.2852718,-1.2555199,-1.3498337,-1.5285729,-1.6074586,-1.67187,-1.7731546,-1.865377,-1.9490577,-1.9826729,-1.8348947,-1.5454457,-1.3412458,-1.2191265,-1.2703695,-1.4845223,-1.9342749,-2.3347847,-2.5175865,-2.7069144,-2.7584093,-3.016323,-2.9563086,-3.068042,-3.1269984,-3.027575,-3.1495676,-3.3371577,-3.3733244,-3.4491775,-3.6548843,-3.7484403,-4.041783,-4.2288337,-4.4098663,-4.5743456,-4.3787427,-3.9966707,-3.5432503,-3.0945044,-2.773837,-2.3054774,-1.7967396,-1.0837324,-0.5832566,-0.77846414,-0.92355704,-1.0339185,-1.2433598,-1.5608206,-2.0360851,-2.654153,-3.0116,-3.0846972,-3.0101423,-2.8263698,-2.6304905,-2.4564817,-2.0734596,-1.6418447,-1.3181669,-1.260247,-1.5046887,-1.5603724,-1.5997782,-1.6524994,-1.7183828,-1.7814629,-1.7794566,-1.9922521,-2.3178167,-2.816311,-3.4527526,-3.843791,-4.071944,-4.326358,-4.3770514,-4.6025124,-4.940323,-5.194957,-5.3798094,-5.34093,-4.9170437,-4.8034525,-4.7139387,-5.039768
-2.6617212,-2.6615932,-2.6616912,-2.6622138,-2.6629224,-2.663992,-2.3240755,-2.2039857,-1.7825038,-1.7366623,-1.578845,-1.3078493,-0.4231705,-0.49619687,-0.907492,-1.1903826,-1.3569145,-1.5801888,-1.9760498,-2.5427842,-2.624334,-2.5789557,-2.6870298,-2.8664443,-2.9851215,-2.9462087,-3.0975342,-3.192782,-3.113919,-3.042275,-2.7531984,-2.570089,-2.3798141,-2.2254238,-2.0121741,-1.8122301,-1.7964818,-1.9257079,-1.9611633,-2.0337536,-2.3840206,-2.789285,-3.2165217,-3.52029,-3.699132,-3.6673286,-3.6421628,-3.3641772,-2.7080517,-2.2900162,-2.8079412,-3.160551,-2.9270797,-2.5168695,-2.3791237,-2.4214265,-2.5174193,-2.7409477,-3.1109667,-3.5200481,-3.5426302,-3.4176874,-3.1281543,-3.0653224,-3.5874772,-3.7988935,-3.870216,-3.8686423,-3.7910643,-3.823507,-3.6773968,-3.2244663,-3.054418,-3.2503204,-3.4806454,-3.665035,-3.7404895,-3.7068627,-3.7524276,-4.0107236,-4.13881,-4.159197,-4.1339226,-3.9486876,-3.8654542,-3.9675922,-3.7213626,-3.394493,-3.581727,-3.884872,-4.013942,-4.1196737,-4.270294,-4.392757,-4.475586,-4.46325,-4.4868927,-4.4517355,-4.432109,-4.361312,-4.015923,-3.5846105,-3.1354356,-2.9600112,-2.5489707,-1.9907299,-2.1639698,-2.414,-2.6469612,-3.1888418,-3.334267,-3.2651024,-2.6622717
1.3974975,1.3969543,1.3945076,1.3938735,1.390294,1.3805904,-0.56671363,-0.7821142,-0.7379766,-0.75632995,-0.8217077,-0.78538394,-0.62805843,-0.64041555,-0.3871554,-0.30532148,-0.29514375,0.060434878,0.19097532,0.14003757,0.33346173,0.7714896,1.1835136,1.0213032,1.1547906,0.8841673,0.5668758,0.36430854,0.39823252,0.6987749,1.0644418,1.1863146,1.5528862,1.7095196,1.4855427,1.2458277,0.9994737,0.56827116,-0.32666722,-0.9930527,-1.4599609,-1.7456074,-1.6688929,-1.297519,-1.0616393,-1.134939,-1.453149,-1.6006129,-0.991969,-0.3087739,0.552541,1.7136557,1.690877,0.89166355,0.31091312,0.063432835,0.2494167,0.65697616,0.7126478,1.0782866,1.2881377,1.799485,2.6631985,2.4386675,2.5377831,3.2354026,2.8561404,2.4547095,2.0058825,1.3161287,0.31483883,-0.5754844,-1.0292163,-1.3900841,-1.5852306,-1.37992,-0.97364473,-0.29509845,0.35351542,1.0313148,1.7095101,2.1524994,2.1618536,1.9272578,1.6297797,0.76298076,-0.24621236,-1.0344387,-1.4538141,-1.5286772,-1.4301857,-1.3197982,-1.0454158,-0.7062968,-0.31281134,-0.32407153,0.069566965,0.64881814,1.6653901,3.2083075,4.245164,5.227012,5.428725,5.1143274,4.8339615,4.689625,4.4060197,3.9869027,3.1131716,2.1205945,1.5396175,1.0015768,1.4002337
1.1995398,1.2006694,1.2051885,1.2057711,1.2119848,1.2295572,4.425214,4.778325,5.1315346,5.509429,5.920652,6.1932435,6.544237,6.7068567,7.069703,7.440616,7.5552025,7.9931173,8.360082,8.743422,8.978298,9.140675,9.224412,9.145833,9.254539,9.087907,9.342045,9.78417,10.147764,10.204222,10.537627,10.738158,10.748982,10.684492,10.626554,10.610929,10.635691,10.452883,9.396004,8.632739,7.7253957,6.891773,6.258261,6.027631,5.245176,4.703142,3.8037927,3.4546866,2.8202252,2.0891843,0.88336515,-0.8589846,-1.2077141,-1.0369228,-1.0112342,-0.83533406,-0.6538789,-0.64860034,-0.5906013,-0.77265096,-0.76272357,-0.94616985,-1.3176906,-1.2513931,-1.0248747,-0.8046857,-0.35476148,0.04487305,0.68745387,1.5498655,3.38097,6.0474424,7.759429,8.173194,8.177007,8.282735,8.254643,7.900884,6.8521395,5.0307703,2.7249641,1.1615764,0.2955688,0.12309567,0.027042776,0.27350077,1.3224568,2.7136521,3.8996768,3.817297,3.8302035,3.8725445,3.6142783,3.345988,3.2186384,3.1048505,2.839391,2.5491498,1.9572699,1.035188,0.4105289,-0.057544857,-0.17832482,0.061427772,0.19422427,0.16515085,0.065732986,-0.026902795,0.2821569,0.8577548,0.6894199,0.6024491,1.1919298
-0.8205761,-0.82090217,-0.822365,-0.82271016,-0.8247547,-0.83147955,-1.3924512,-1.3870895,-1.095501,-1.189296,-1.184825,-1.2903476,-1.5901943,-1.5543251,-1.8446817,-2.0058763,-2.1593933,-2.247478,-2.3645592,-2.545908,-2.575295,-2.7651725,-3.1116238,-3.1109538,-3.2700582,-3.2562943,-3.6406012,-4.043199,-4.1425085,-4.1223574,-3.8869185,-3.7239027,-3.597608,-3.4071321,-3.2278247,-3.001363,-2.872634,-2.8620205,-2.5181842,-2.462137,-2.7520213,-3.2440147,-3.3672085,-3.2031274,-3.093937,-2.9577205,-3.0173006,-2.9133086,-2.4917564,-2.074007,-2.4758196,-2.8132465,-2.33636,-1.6272455,-1.2096589,-1.3367507,-1.7749698,-2.1706104,-2.2542677,-2.385993,-2.4473906,-2.4472284,-1.9127486,-1.290337,-1.4910482,-1.9643178,-2.3409102,-2.5126734,-2.7066255,-3.125485,-3.34187,-3.2024455,-3.0125315,-3.0611749,-3.1047153,-3.1571608,-3.1031737,-2.920903,-2.5720584,-2.4725509,-2.5976987,-2.8238761,-2.8979194,-2.8302546,-2.981162,-3.6769972,-3.8490973,-3.713009,-4.041811,-4.2444696,-4.349993,-4.4083185,-4.577136,-4.7169795,-4.877594,-4.868624,-4.782148,-4.654827,-4.3555155,-3.8169217,-3.0867734,-2.4158037,-1.962929,-1.8085508,-1.2556674,-0.3516245,-0.011337485,-0.056740016,0.05062785,-0.4546253,-0.37910348,-0.23726696,-0.8171395
-1.7424982,-1.7424537,-1.7405856,-1.7398075,-1.7361107,-1.726315,0.08414185,-0.16953132,-0.25709814,-0.44468594,-0.6908531,-1.0147369,-1.2672517,-1.164465,-1.3299283,-1.6246557,-1.5663424,-1.7150583,-1.8208367,-1.7789187,-1.9590132,-2.0377522,-1.8214567,-1.9855525,-1.9788826,-2.1730247,-1.9422987,-1.6358187,-1.4484227,-1.3243263,-0.9848212,-0.64881164,-0.47176346,-0.37272236,-0.34018207,-0.20671552,-0.10754332,-0.035907164,-0.043471172,-0.1426245,-0.33971822,-0.3260355,-0.1833716,-0.03954072,0.09555819,0.29936627,0.8789502,1.3816588,1.58218,1.688338,1.4309828,0.4300249,0.10126632,0.41310492,0.40729472,0.13216996,-0.1652798,-0.2638793,0.32378924,0.7835258,0.6833261,0.46493655,-0.033469766,-0.28558502,-0.30717567,0.08941229,0.4771724,0.6027641,0.8782288,1.0626309,1.2495487,1.6977259,2.673473,3.251865,3.5808058,3.7574315,3.570938,2.922005,1.9560901,1.5149693,0.8849722,0.24047732,0.22844988,0.39822298,0.40962642,0.28221387,0.08099286,-0.18531854,0.08235428,0.14612395,0.19192782,0.27647543,0.17655987,0.04489845,0.004612997,-0.06700249,-0.063938126,-0.15150812,-0.24549755,-0.4238451,-0.47167858,-0.4735919,-0.41186395,-0.5113092,-0.4563464,-0.8231468,-1.2196753,-1.4370302,-1.1393899,-0.47226113,-0.11092946,0.14142632,-1.7428374
-2.4099324,-2.40972,-2.4088907,-2.4086199,-2.4068823,-2.4032733,-0.5305141,-0.6435063,-0.6702134,-0.62703836,-0.611173,-0.67403424,-0.55289334,-0.48856613,-0.5897217,-0.72170544,-0.7005933,-0.5227272,-0.48698914,-0.40844604,-0.23828413,-0.19273451,-0.33061278,-0.28607747,-0.18833795,-0.3275491,-0.09807692,0.1829933,0.40106416,0.43151984,0.6713947,0.85245943,0.84470314,0.7508402,0.85057807,0.9414132,0.9175669,0.96909803,0.9207165,0.980457,1.1041284,1.1439284,1.0996592,0.6851171,0.6097736,0.5275955,0.59429884,0.787855,0.34297508,0.3658861,1.5113773,2.3078523,2.3849728,2.035036,1.7305031,1.6928626,1.8998389,2.4139066,2.972867,3.0529473,2.9476068,2.6621282,2.099041,1.8545365,2.9411533,4.0349774,4.4304414,4.572178,4.534388,4.3116612,3.5803742,2.548047,2.1524725,2.3278847,2.48737,2.572088,2.508717,2.2076457,2.1753705,2.9441943,3.6402645,3.9718041,4.2147994,4.233211,4.0229144,3.6297572,2.7005544,1.6785655,1.289301,1.2269069,1.1683294,1.1466335,1.1493635,1.1249182,1.0943422,1.1591091,1.295938,1.3649263,1.4263072,1.7184486,1.9168773,1.651489,1.0310849,0.78793716,0.44406283,-0.08836195,-0.43033648,-0.89414144,-1.2128038,-1.169331,-1.1337514,-1.0592207,-2.410668
-4.953745,-4.9541187,-4.9558563,-4.9563947,-4.959646,-4.965788,-5.68266,-5.5090904,-5.3860784,-5.315053,-5.234839,-5.090865,-4.9094086,-4.8470325,-4.729239,-4.578525,-4.552824,-4.5573425,-4.425006,-4.400851,-4.361759,-4.2913833,-4.0913587,-4.0870776,-4.097063,-4.139835,-4.259264,-4.2140565,-4.174846,-4.201508,-4.229202,-4.223265,-4.149745,-4.0898786,-4.130021,-4.2088213,-4.2414694,-4.197984,-3.9455695,-3.8106246,-3.9085965,-4.1091404,-4.30648,-4.4815493,-4.6321907,-4.600166,-4.678693,-4.693638,-4.251011,-4.0836267,-4.755499,-4.9330606,-4.3591104,-3.8418977,-3.675778,-3.6366134,-3.803299,-4.297615,-5.0673823,-5.741041,-5.8661695,-5.7970905,-5.4662633,-5.268203,-5.626038,-5.6932993,-5.5568495,-5.3902664,-5.169933,-5.020495,-4.720047,-4.295532,-4.381851,-4.6483006,-4.861436,-5.045866,-5.147042,-5.125379,-5.314769,-5.7215023,-5.815703,-5.6164765,-5.4849324,-5.2611337,-5.098133,-4.8669376,-4.4033327,-3.9892554,-4.196533,-4.523973,-4.643182,-4.739689,-4.8215237,-4.8843594,-4.905405,-4.9064927,-5.043926,-5.1843657,-5.44252,-5.8593197,-5.9784327,-5.8502235,-5.8226895,-5.8716655,-5.9883776,-6.0008297,-6.0670896,-6.098612,-6.1363726,-6.1726084,-6.1646028,-6.126538,-4.952455
