0,1,2,3,4,5,6,7,8,9,10,11,12,13,14,15,16,17,18,19,20,21,22,23,24,25,26,27,28,29,30,31,32,33,34,35,36,37,38,39,40,41,42,43,44,45,46,47,48,49,50,51,52,53,54,55,56,57,58,59,60,61,62,63,64,65,66,67,68,69,70,71,72,73,74,75,76,77,78,79,80,81,82,83,84,85,86,87,88,89,90,91,92,93,94,95,96,97,98,99,100,101,102,103,104,105,106,107,108,109,110,111,112,113,114,115,116,117,118,119,120,121,122,123,124,125,126,127,128,129,130,131,132,133,134,135,136,137,138,139,140,141,142,143,144,145,146,147,148,149,150,151,152,153,154,155,156,157,158,159,160,161,162,163,164,165,166,167,168,169,170,171,172,173,174,175,176,177,178,179,180,181,182,183,184,185,186,187,188,189,190,191,192,193,194,195,196,197,198,199,200,201,202,203,204,205,206
9.997465,10.069434,10.188828,10.219817,10.061055,9.558694,9.07338,8.945004,8.342943,7.7824135,6.9569716,6.559169,6.7000656,6.8369575,6.6685805,5.59953,4.3507957,3.0076795,2.1782548,1.7477179,1.0992168,1.1175039,1.3828828,0.781461,0.113190174,1.1924329,1.7356311,1.222064,0.91352993,0.6174125,0.34904465,0.27163374,0.60783154,1.2729502,2.0076814,2.3498428,2.0511775,1.398799,0.57080334,0.14433208,-0.20826535,-0.9307532,-0.79041433,-0.33334452,0.0003401637,0.13766156,0.10601227,0.47232413,0.57090026,0.3531031,0.8280469,1.763577,2.2733326,2.7272775,3.247388,3.9572694,4.4837875,4.1999063,3.094074,1.7054024,1.460521,1.3868045,1.3987849,1.5633794,1.2148606,1.0161635,0.85248554,0.676827,0.55248964,0.48528397,0.6016952,0.84403056,1.2109885,1.3290749,1.5498543,1.6911592,2.0694728,2.4206078,2.4520454,2.4887574,2.6482284,2.5034366,2.3286304,2.1680965,2.14162,2.4068944,3.2510624,4.1544676,4.950065,5.936205,5.255224,3.567674,2.123422,1.3528607,0.30171522,-0.061899208,0.2453737,0.62264025,0.6513385,0.52200884,0.3645336,0.16972055,0.026546448,-0.071929455,-0.14565367,-0.16786742,-0.23648196,-0.026010156,0.43217075,1.1532241,2.5348325,3.1630352,3.499019,3.7216105,2.9905388,1.8394295,1.2700667,0.8749577,0.8336898,0.69019234,0.46798766,0.243932,0.073540196,0.18741336,0.17357904,1.137598,2.8168104,3.7000532,3.5438776,1.9820147,0.7260845,-0.008873224,-0.23605193,-0.3741641,-0.761219,-1.1493353,-1.0463736,-0.33448318,0.16187003,0.4536371,0.62694126,0.6650338,0.41822958,0.020920932,-0.18924785,-0.23653066,-0.28754303,-0.411723,-0.4766646,-0.62880415,-0.7628365,-0.68365425,-0.61290073,-1.1093912,-1.1844678,-0.9946041,-1.0201702,-0.9922652,-0.7564902,-0.54696184,-0.09828684,0.653334,1.4992933,1.8233304,2.656417,3.4190264,4.109557,4.7108436,5.133898,3.792563,2.4580119,2.1464286,2.0756316,1.8561866,1.7438451,1.6975152,1.7117686,1.7100711,1.73669,1.7316246,1.67491,1.5421004,1.4508638,1.5390089,1.8457309,2.2139897,2.456934,3.2634745,4.4964886,5.1720877,5.4587593,5.4135723,5.3771043,5.3008547,5.2805834,6.119567,6.974331,7.5172844,7.8117914,8.275193,9.062714,9.347783,9.835707,9.078188,9.0732,9.073195,9.073195
-2.864839,-2.8432245,-2.794327,-2.6551027,-2.600432,-2.599695,-2.6066897,-2.5807738,-2.5989275,-2.6302652,-2.6456993,-2.6789136,-2.7570992,-2.8394995,-2.9615583,-3.0386155,-3.0242586,-2.9140563,-2.4156299,-2.540081,-2.8906627,-3.0218067,-2.7270927,-2.7299538,-2.5297844,-1.863698,-1.3519521,-1.2954425,-1.301301,-1.45017,-1.4336718,-1.3972578,-1.3880314,-1.5410693,-1.7428522,-1.8022431,-1.7876434,-1.8265471,-1.6479552,-1.4449207,-1.3177001,-1.0086225,-1.133296,-1.6295803,-1.9998152,-1.9162472,-1.5408168,-1.586648,-1.5841731,-1.5483505,-1.9107641,-2.4199529,-2.6139846,-2.7575793,-2.9029787,-3.0097485,-3.081471,-3.1569836,-3.1182086,-2.8021526,-2.6363177,-1.9445875,-1.6289148,-1.3527553,-1.2802,-1.6468648,-2.0159802,-2.2850506,-2.366598,-2.2644942,-2.1453414,-2.2557244,-2.3239458,-2.1524072,-1.9276733,-1.642793,-1.4539028,-1.3215463,-1.1684283,-1.1137619,-1.1082436,-1.0785528,-1.1894276,-1.3708034,-1.5375577,-1.7192936,-1.7755301,-1.7035365,-1.6331129,-1.3091033,-1.1972764,-1.0174193,-0.894611,-0.67111474,-0.28224373,0.15254882,0.3410846,0.54372317,0.6005023,0.79289824,1.3379815,2.2773714,3.9110055,5.9372377,8.462765,9.281016,9.678813,10.0031805,10.381942,10.717176,10.923402,10.006245,8.035116,4.622319,1.7699171,0.70439076,-0.3965043,-1.2757921,-1.9725488,-2.3270035,-2.508538,-2.5845582,-2.6381717,-2.569153,-2.4994702,-2.6169333,-2.7912874,-2.1493773,-1.7468191,-1.5160983,-1.366323,-1.7931601,-2.1334546,-2.1517353,-1.7164677,-1.1963983,-1.1711133,-1.303257,-1.6273372,-1.9108963,-2.2937295,-2.7146347,-2.9833813,-2.9082751,-2.659743,-2.3911786,-2.0802243,-1.7124202,-1.1327165,-0.4048493,0.3238652,0.8269536,0.94091225,0.8258375,0.45353132,0.39671376,1.8047917,3.6883698,5.59241,7.2949944,8.8278265,9.545495,9.778816,9.687901,9.522615,8.962168,7.8767753,6.191195,3.3015194,0.79595965,-0.4135044,-1.3306736,-1.5475218,-1.6864241,-1.4751072,-1.3472128,-1.3190196,-1.335488,-1.434519,-1.5129648,-1.5266184,-1.5726366,-1.7992482,-2.077148,-2.155787,-2.0975132,-2.0331743,-1.8324556,-1.8682935,-1.9650011,-1.961431,-1.9820284,-2.1663423,-2.3431368,-2.4240828,-2.411677,-2.3998036,-2.212544,-2.154557,-2.288549,-2.6247067,-2.5089686,-2.686431,-1.0483391,-1.0457803,-1.0457797,-1.0457691
-0.46422714,-0.3408457,-0.19938508,-0.0978989,0.0031810105,-0.026547521,-0.09082627,-0.15126225,-0.412197,-0.675805,-0.930408,-0.9287938,-0.8624593,-0.7278671,-0.590275,-0.37223274,-0.3952525,-0.4310417,-0.8222822,-0.9884458,-1.4960732,-2.1427164,-3.068111,-3.3217664,-3.3048205,-3.107554,-2.9284325,-2.950099,-2.4650714,-2.5585845,-2.7859478,-2.5819364,-1.4845833,-0.7245347,-0.13378757,0.24887788,0.41245043,0.3688402,0.036702536,-0.13401803,-0.37229627,-0.93604124,-1.1784995,-1.6461827,-2.1924775,-2.8090384,-3.1486719,-2.4508116,-1.6184735,-1.3093278,-1.0276189,-0.75866336,-0.6516372,-0.7562975,-0.7905654,-0.8463522,-0.83573174,-0.8801571,-0.8124876,-0.19016269,0.21280718,-0.40161514,-0.48929092,-0.3896069,-0.28253317,-0.38157797,-0.700817,-0.9074131,-0.9277828,-0.72790265,-0.6955123,-0.8278878,-1.0516255,-1.4284585,-1.7044358,-1.7380443,-1.6202128,-1.5810387,-1.4870813,-1.2895033,-0.89262116,-0.71742135,-0.7941066,-1.0040667,-1.2075006,-1.3642545,-1.5180525,-1.4027634,-1.235241,-0.83315355,-0.49361178,-0.2574855,-0.1302595,-0.12737797,-0.3335836,-0.14510232,0.23205225,-0.26091805,-0.89073277,-1.245987,-1.5348845,-1.8131905,-2.0324037,-2.2323294,-2.3310876,-2.411647,-2.5374246,-2.814516,-3.0465608,-3.2160554,-3.3273835,-2.6345258,-1.907222,-1.6539725,-1.6392677,-1.7272685,-1.6694667,-1.1464548,-1.6320124,-2.0130665,-2.073599,-2.140688,-2.2935636,-2.4783332,-2.462287,-2.1019058,-1.5368173,-1.2816726,-0.9976611,-0.9827843,-1.4327265,-1.9073579,-2.4999998,-2.8720717,-3.0210216,-3.144586,-3.1176047,-2.8916097,-2.6204638,-2.4218326,-2.2600281,-2.2047148,-2.163383,-2.1609697,-2.06671,-1.9658885,-1.8708599,-1.9626265,-2.3459778,-2.6351213,-2.5261626,-2.312835,-2.3396032,-2.7727873,-2.980174,-3.2498975,-3.475479,-3.2655709,-3.1077466,-3.0130026,-2.859446,-2.9940505,-3.0703573,-3.1855278,-3.0408342,-2.5880692,-1.8454527,-1.0162663,0.022807702,0.7666172,1.1011364,0.9525643,0.43198988,-0.40512198,-0.91209185,-0.97985935,-0.8335352,-0.71621597,-0.70874345,-0.84728795,-0.99774677,-1.137882,-1.5771914,-2.1330333,-2.283379,-2.2086368,-2.0976927,-1.8890452,-1.8038867,-1.7930677,-1.8405657,-2.0509777,-2.245593,-2.5369096,-2.6534665,-2.5240855,-2.5530872,-2.6322615,-2.6833942,-2.6070514,-2.7731361,-2.7633328,-2.8671048,-0.44377375,-0.43991566,-0.4399019,-0.43985394
-1.7937483,-1.8212426,-1.7762716,-1.6684896,-1.598775,-1.5534158,-1.473772,-1.4522855,-1.4694016,-1.5870152,-1.6152754,-1.5762942,-1.4782808,-1.3499967,-1.3718271,-1.354351,-1.2461494,-0.85545903,-0.01756376,0.23523703,0.45097604,-0.611377,-2.056929,-2.3729997,-1.7121,-0.66941226,-0.5948608,-0.8485016,-1.243337,-1.7694329,-2.1205492,-2.1006708,-1.5308342,-1.0158594,-0.835015,-0.80116713,-1.0319202,-1.184685,-0.6201427,-0.15946871,0.09155846,0.4284707,0.2889496,-0.37894994,-0.99589336,-1.5055587,-1.7824259,-1.9201206,-1.8156743,-1.6424341,-1.6787777,-1.9886103,-2.2797682,-2.6313286,-2.7251034,-2.6445622,-2.526114,-2.4018857,-2.0574636,-1.2951634,-0.6131115,0.18702722,0.63475645,0.648389,-0.43189436,-1.2917287,-1.9088161,-2.2397556,-2.3436127,-2.1953259,-2.123244,-2.1782284,-2.268906,-2.3015163,-2.1935453,-1.9070969,-1.544579,-1.0447261,-0.55567175,-0.41150504,-0.6363465,-0.9404188,-1.3961992,-1.699846,-1.9178767,-2.2390852,-2.5311046,-2.414486,-1.9487664,-1.1201445,-0.87311924,-0.98272324,-1.4075638,-1.487333,-1.541017,-1.5094738,-1.2396152,-0.8169679,-0.6286142,-0.7036985,-0.83614385,-0.9597107,-0.96925825,-0.9105768,-0.5088693,-0.4814481,-0.35841855,-0.06292188,0.23611856,0.41118035,0.5027382,0.5053751,0.32898706,0.14591962,0.15760732,0.51854527,0.578974,1.5206568,1.789127,1.266325,0.74069077,0.1999278,-0.3475564,-0.6172402,-0.5932297,0.052102953,0.41528627,0.43949312,-0.048989654,-0.08723238,-0.111658216,-0.4148787,-1.3956858,-2.2609835,-2.320858,-2.0594113,-1.7805257,-1.8559911,-1.9705713,-1.9629353,-1.8913713,-1.9236224,-2.0147855,-1.9653269,-1.7968056,-1.6305473,-1.4107245,-1.1801703,-0.8729336,-0.13401501,0.82250255,1.696315,2.26792,2.2147303,1.7633294,0.65932727,-0.7647219,-1.2110525,-1.3605863,-1.2018782,-0.7680114,-0.19234401,0.3447187,0.49561122,0.61905503,0.41447696,0.26605755,0.23165959,0.18020487,0.17896277,0.25264645,0.24396431,0.42763788,0.24731883,-0.21689637,-0.4888276,-0.63324165,-0.756295,-0.8623465,-0.96360177,-1.057072,-1.1986551,-1.3900526,-1.4220555,-1.390297,-1.3387241,-1.2167671,-0.91312736,-1.1930768,-1.4473019,-1.6841993,-1.9763937,-2.2744703,-2.5265527,-2.5264556,-2.2174335,-1.967922,-1.7459043,-1.5514445,-1.498923,-1.6721343,-1.5419828,-1.4674671,0.15513523,0.15529227,0.15528028,0.15523826
1.2485563,1.023722,0.69740057,0.1729676,-0.41275007,-0.8161386,-1.0945458,-1.2331111,-1.3315477,-1.1784109,-1.1068081,-1.1504512,-1.1283277,-1.1866224,-1.11241,-1.0231501,-1.2378637,-1.803805,-2.538419,-2.4332452,-1.2312582,1.3184483,2.6056058,2.564288,1.4319048,-0.79780614,-1.1349,-0.4894604,0.16273808,0.9578605,1.5265472,1.3396678,0.18088533,-1.1840076,-2.002881,-2.324023,-1.928895,-1.4254984,-1.2944664,-1.4514158,-1.4929768,-1.6988757,-1.7199925,-1.5232338,-1.2045946,-0.70743334,-0.4812947,-0.76763046,-1.267785,-1.583096,-1.6293232,-1.2422907,-0.9507874,-0.6802759,-0.7126384,-0.7846172,-0.99403864,-1.3007791,-1.4857495,-1.4132044,-1.3716793,-1.670268,-1.7347883,-1.2452117,-0.84271383,-0.47107843,-0.14141828,-0.098498076,-0.22297266,-0.6178365,-0.31448108,0.34463763,0.64601773,0.650445,0.3448439,-0.20862359,-0.74766564,-1.2333078,-1.8615577,-2.2830958,-2.332204,-2.1486819,-1.8423576,-1.6579409,-1.576078,-1.4938941,-1.3732749,-1.6633812,-1.8264408,-1.8156571,-1.5971814,-1.121414,-0.73100674,-0.81471723,-0.70469475,-0.45629478,-0.14502355,0.2029703,0.593563,1.0206516,1.3634095,1.6069813,1.6896882,1.392683,0.41884136,-0.14208762,-0.4041196,-0.49260685,-0.5707774,-0.698537,-0.964889,-1.0710609,-0.9722954,-0.77563834,-0.7233796,-0.6777288,-0.46227998,-0.16020837,0.4764313,1.0044416,1.2130449,1.4218357,1.685828,1.7529731,1.5221765,0.6063059,-0.4963084,-0.9209287,-0.8109577,-0.60017484,-0.7320226,-0.96357304,-0.4308392,0.059804946,0.6406055,1.3099468,1.925025,1.9471128,1.7122438,1.6350961,1.6860623,1.8885515,2.219852,2.256122,2.076928,1.9909303,1.9345112,1.8489431,1.7030413,1.1423308,-0.07879157,-0.6696002,-0.6371732,-0.26756066,0.25918478,1.0202702,1.399925,1.1717736,0.8161982,0.24075815,-0.61339116,-1.1379037,-1.3055362,-1.1157148,-1.1868577,-1.4593718,-1.6883545,-1.873832,-1.9245185,-1.9232116,-1.827118,-1.598749,-1.5086057,-1.2153695,-1.0881205,-1.0850097,-1.1821593,-1.2742847,-1.2575684,-1.2061818,-1.1215228,-0.95255995,-0.80741787,-0.71623796,-0.8099193,-1.1188574,-1.5500021,-2.1383157,-2.1320212,-1.8293196,-1.3657173,-0.9889181,-0.8315687,-0.72921413,-0.80911696,-1.2553458,-1.3955984,-1.3163714,-1.3202904,-1.1295012,-0.5755785,-0.46453282,-0.27124977,1.2168384,1.2092067,1.209183,1.2090788
-1.4142416,-1.4592364,-1.5215034,-1.4854977,-1.433013,-1.1960044,-0.9453996,-0.8514714,-0.6030798,-0.48492843,-0.29771033,-0.31805438,-0.4373127,-0.48349315,-0.3613421,0.08268714,0.45847094,0.7278187,1.618423,1.902877,1.102328,0.29506084,0.29109794,-0.04807666,-0.8789414,-1.2472267,-1.6899915,-2.0495515,-2.2748375,-2.0076218,-1.8035879,-1.7839687,-2.133583,-2.4163094,-2.747744,-3.0559852,-3.4637992,-3.3870726,-2.459855,-1.8689882,-1.6202863,-1.6384053,-1.8106066,-1.6700625,-1.2369137,-0.6068012,-0.4120283,-0.72822994,-0.87200344,-1.0450733,-1.6986701,-2.2723322,-2.3466542,-2.2806716,-2.3316193,-2.391147,-2.4498444,-2.3858202,-2.0524037,-1.320601,-0.80044293,-0.66860515,-0.68455654,-1.1614616,-1.3892052,-0.9346839,-0.0172541,1.5052431,3.5860898,6.1524377,8.477228,9.7599745,10.706789,11.007307,10.670721,9.838485,8.572325,7.147601,5.199172,2.6164303,0.20487079,-1.3063061,-2.0083938,-2.112507,-2.0746894,-2.0374794,-2.2124128,-2.4616084,-2.6847167,-3.0551114,-3.2457893,-2.8059843,-1.5854366,-0.7213962,0.29577887,0.64825416,0.0859718,-0.26297104,-0.59348917,-0.727756,-0.75437033,-0.72437024,-0.67389345,-0.70596063,-0.6851287,-0.74620223,-0.65970874,-0.7632878,-0.81966907,-0.8964375,-0.9383609,-0.7237898,-0.62578344,-0.35066903,0.3217102,0.94674563,1.0314695,0.38056308,-0.36974663,-0.4108844,-0.2046561,-0.010371417,0.039029613,-0.0974621,-0.3521523,-1.4426754,-2.3378375,-2.0491843,-1.7812777,-1.0665395,-0.7323783,-0.74545,-1.1405557,-1.128543,-1.2034674,-1.2579893,-0.672776,-0.08945765,0.4017499,0.84654,1.5869268,2.5678267,4.088482,5.4631267,6.899747,7.858617,8.764989,9.500568,9.715431,9.185952,8.352684,6.981236,4.639469,2.235456,0.5761641,-0.8159307,-0.50738025,-0.39111543,-0.33941424,-0.12462653,0.15629154,0.27772355,0.06301588,-0.24818465,-0.45942152,-0.350947,-0.2847441,-0.45093656,-0.39864928,0.3954894,1.3461456,1.45497,1.6856549,2.188187,2.9725752,3.372035,3.5286045,3.7769172,4.2174788,4.911219,6.073785,7.798273,8.879766,9.198988,8.966462,8.405151,7.7795815,6.2458205,3.182446,0.6825596,-1.2998888,-1.9373612,-1.9329195,-1.652015,-1.3228742,-1.1429267,-1.0819933,-1.0985631,-1.0108979,-1.1790762,-1.6151938,-1.6755425,-1.6343812,-0.8943132,-0.8971938,-0.89720714,-0.8972592
-1.7613841,-1.796365,-1.8801478,-1.9515975,-2.0514593,-2.0441432,-1.9537377,-1.876582,-1.7438384,-1.6927571,-1.543688,-1.6067231,-1.7625536,-1.8542378,-1.7955307,-1.5739754,-1.2133156,-0.66841555,0.30791464,0.4842763,0.47429913,-0.26837242,0.18126726,0.017274976,-0.094515204,-0.0059738755,-0.28915632,-0.21106243,-0.55976766,-0.4036905,-0.15622506,-0.28382963,-0.8762743,-1.3597562,-1.8635175,-2.2354524,-2.309627,-2.020567,-1.9697082,-1.8819371,-1.552623,-0.40261495,0.30921933,0.94886756,1.5229303,1.9314313,1.8123889,0.9703688,0.3473492,0.043545816,-0.8042984,-1.7229266,-2.1272573,-2.527765,-2.8734837,-3.100053,-3.1536736,-3.0472527,-2.8622458,-2.7850027,-2.1145818,-0.98908997,-0.87754714,-0.56071216,-0.013620928,0.1107018,0.096777655,0.07241113,-0.12580441,-0.16848099,-0.26960647,-0.55415493,-1.0514972,-1.5104496,-1.9568025,-2.2374642,-2.1137884,-1.6534152,-1.2970804,-1.3472486,-1.5147023,-1.434516,-1.376805,-1.3325467,-1.3687184,-1.6252279,-1.976872,-2.2135272,-2.0644536,-1.8256695,-1.7424293,-1.5923028,-1.0989944,-0.698621,-0.023078352,-0.0014017969,-0.6899681,-0.8269808,-0.6318892,-0.53016037,-0.4883455,-0.5452828,-0.70476705,-0.8046222,-0.9134073,-0.8614051,-0.7369603,-0.5102961,-0.35909355,-0.35228944,-0.40294677,-0.42640662,-0.27096033,-0.33353487,-0.14647008,0.19923829,0.113627255,-0.29008204,-0.28916067,-0.07856849,0.06976948,0.16301496,0.16328207,-0.012975469,-0.32959172,-1.4205551,-1.7946184,-1.3807131,-1.8902502,-1.9824114,-1.7976568,-1.4679552,-0.6788731,-0.0006197393,-0.26283294,-0.7670392,-1.1956476,-1.5064695,-1.5985492,-1.5929646,-1.532479,-1.4470506,-1.347653,-1.2056355,-0.9874114,-0.7391583,-0.5524125,-0.64496696,-0.9064858,-1.2921448,-1.4019891,-1.2708492,-1.0407484,-0.74593955,-0.49359635,-0.08772701,0.4710715,0.27399912,0.05541136,-0.21483135,-0.555843,-0.70123947,-0.8761306,-0.9703726,-1.0705671,-1.1427078,-1.2303555,-1.3722401,-1.7371655,-1.5227582,-1.166202,-0.8791512,-0.34541538,0.33344463,0.83038086,0.99028695,0.92512196,0.8071298,0.7246928,0.74085087,0.767196,0.7904738,0.77722013,0.4314466,0.03890471,-0.44796556,-0.9010582,-1.5281351,-2.1761017,-2.4480357,-2.533659,-2.551455,-2.6149335,-2.5030234,-2.2998662,-2.1854815,-2.0540626,-1.8928494,-1.8814037,-2.1844902,-2.5112126,-2.5154057,-2.6963925,-2.1191008,-2.1141613,-2.1141472,-2.1141
-0.71455675,-0.7709082,-0.7924947,-0.73764515,-0.78681296,-0.8749961,-0.87774175,-0.8961805,-1.0372232,-1.1792874,-1.2159976,-1.2744902,-1.2830094,-1.3019872,-1.3867701,-1.4276035,-1.1339115,-0.7174815,-0.28558844,-0.4437454,-0.91371304,-1.8125547,-1.7053258,-0.93505734,0.36412758,1.637898,1.8006842,0.75155956,-0.10375182,-0.6876246,-0.91696835,-0.6610614,-0.86355084,-1.4137901,-1.7233095,-1.9110589,-1.8645658,-1.4770555,-0.6251311,-0.21145862,-0.120722204,-0.3774275,-0.97909784,-1.4467106,-1.4159284,-0.90902865,-0.40996662,-0.8327561,-1.3842078,-1.6352247,-1.9398831,-2.0812216,-1.902321,-1.5341706,-1.3929354,-1.3033478,-1.2652088,-1.0713425,-0.6305002,-0.2602085,-0.5534804,-0.24062912,-0.2812937,-0.453327,-0.8092064,-1.0899038,-1.3816907,-1.554177,-1.5061332,-1.2745544,-1.1139253,-1.1897969,-1.0503281,-0.7235222,-0.53578585,-0.37686285,-0.42965895,-0.2127844,0.26589748,0.24431418,-0.2001217,-0.75142366,-1.3647096,-1.6284075,-1.715857,-1.6987549,-1.4022129,-1.0474888,-0.9393051,-0.9209832,-1.0827628,-1.0118096,-1.1326644,-0.9684304,-0.763911,-0.66432524,-0.5345172,-0.2573461,-0.2304937,-0.27951926,-0.18980171,0.035793632,0.4349543,0.8449478,1.5376878,1.7274723,1.9028631,2.165556,2.3845499,2.6338804,2.4997525,1.7830253,1.1041896,0.14779341,-0.6165601,-0.975549,-1.4970864,-1.7024956,-1.7741958,-1.9924206,-1.9553244,-1.7644119,-1.3680769,-0.86207026,-0.18937063,0.29230615,0.052553408,0.43134725,0.46962738,0.6223694,0.8803749,0.52838254,0.10651767,-0.12639761,0.10050226,0.4975788,0.70817393,0.59412116,0.1879946,-0.12532496,-0.46980453,-0.91368484,-1.2784598,-1.2701651,-1.1434168,-0.9454065,-0.45345208,0.7135152,3.101376,5.8668256,7.981151,9.042741,9.469315,9.37833,8.748828,6.7515597,3.8678615,2.758279,2.2739892,2.4114084,2.821938,3.1130068,3.247106,3.1805227,2.9717433,2.5739634,1.985464,1.291471,0.14091136,-0.6922043,-1.2668847,-1.672598,-1.7387143,-1.8971852,-1.8798374,-1.8140075,-1.8148642,-1.8397189,-1.9135251,-1.9744967,-1.9166102,-1.7593615,-1.5837715,-1.1472397,-0.61095315,-0.10689581,0.075648755,0.16386296,-0.1065283,-0.3949013,-0.63956136,-0.7259279,-0.6757466,-0.35968652,0.118986614,0.40934277,0.94385415,1.4266,1.5660248,1.4439006,1.1111519,1.3378847,0.9815318,1.2045882,1.2053397,1.2053331,1.2053181
-1.0325491,-1.1250647,-1.2552493,-1.3354945,-1.4116497,-1.5025321,-1.4945117,-1.4402353,-1.3719778,-1.2178234,-1.0297102,-0.94394726,-1.0145874,-1.0609306,-1.1880745,-1.2072651,-1.3036637,-1.4002888,-1.0471754,-0.7077768,-0.4229245,-0.76617885,-0.6960857,-0.79918903,-0.9188039,-1.2847501,-1.392961,-1.0415503,-0.8623175,-0.3086661,0.28837517,0.35692883,-0.20268315,-0.74724877,-1.1530099,-1.2102545,-1.0342304,-0.822229,-1.1450027,-1.1293552,-0.90963984,0.24069329,1.1056306,1.7266648,2.1352375,2.3102453,1.8593895,0.9202421,0.4207727,0.10417068,-0.49106655,-0.98383904,-1.060834,-0.89712685,-0.83188057,-0.819753,-0.80097306,-0.7289057,-0.89240444,-1.0679436,-0.9109986,-0.6324088,-0.8691629,-1.1940606,-1.1149974,-0.82691497,-0.6009993,-0.6937221,-0.7986349,-1.035106,-0.91840124,-0.7811098,-0.6208762,-0.51424396,-0.5277887,-0.64782816,-0.9163406,-1.1352901,-1.2788062,-1.3706014,-1.4758672,-1.3429193,-1.1912539,-1.0748208,-1.0990503,-1.2438526,-1.3747525,-1.4638035,-1.5277773,-1.977912,-2.1688151,-2.068352,-1.6067955,-1.3386319,-0.7245994,-0.38855565,-0.49313754,-0.47350222,-0.32605234,-0.18802324,-0.05490166,0.02184397,-0.0070964694,0.035055786,-0.12838233,-0.15625277,-0.17498523,-0.022724122,0.06351915,0.00791648,-0.56983626,-1.1205981,-0.962726,-0.598807,-0.49291867,-0.67182994,-0.67123055,-0.94751006,-0.76561147,-0.72776407,-0.6279093,-0.37924924,-0.1791656,0.1095111,0.31878853,0.1885487,-0.4664697,-0.9376863,-0.6792102,0.2952858,3.083335,7.513633,9.599464,9.695279,9.316244,8.585171,7.9697566,7.3855505,6.6441617,5.8852587,4.8075943,3.556596,1.9204412,0.9233989,0.2516557,-0.18287879,-0.4184288,-0.3095857,-0.015540004,0.10449985,-0.009422556,-0.4829499,-0.52759624,0.073105454,0.37382984,1.160759,2.1918678,2.2626052,1.9931425,1.5837759,0.93903315,0.65108657,0.428187,0.3919083,0.028113112,-0.54355186,-1.1264416,-1.4799397,-1.7711968,-2.2615995,-2.5730495,-2.6439998,-2.3047578,-1.5513657,-1.178607,-1.0926994,-1.11909,-1.1849597,-1.3430526,-1.4255798,-1.5469213,-1.6028371,-1.2861426,-0.828261,-0.6028125,-0.49952185,-0.48216736,-0.7373957,-1.0441508,-1.1877725,-1.1698589,-0.8624367,-0.511598,-0.157372,0.051616073,0.035487533,-0.16114661,-0.3894924,-0.45546904,-0.75913894,-1.0416714,-1.2397479,-1.422391,-1.564557,-1.5636435,-1.5636417,-1.5636308
-2.3249931,-2.305457,-2.2749095,-2.165024,-2.1856527,-2.053275,-2.008698,-2.0567741,-1.9774004,-1.7667469,-1.6110326,-1.763243,-1.9542766,-2.1823096,-2.3353643,-2.5158482,-2.550784,-2.3656783,-1.7829096,-1.4822385,-1.240409,-0.4418429,0.26188,0.4768594,-0.45559233,-2.3464851,-2.5306923,-2.5813177,-2.7053337,-2.4980397,-2.2643058,-2.6301863,-3.5076053,-3.7578456,-3.685217,-3.4696984,-3.0674508,-2.5739753,-2.3590412,-2.440793,-2.5056992,-2.7472563,-3.1036522,-3.2964165,-3.276397,-2.8669357,-2.7080264,-3.306587,-3.681933,-3.727683,-3.446752,-2.7654128,-2.5061707,-2.365727,-2.4280229,-2.492566,-2.527338,-2.4421387,-1.9154935,-1.5723722,-1.7972543,-1.3905036,-0.9099492,-0.5171913,-0.32807118,-0.031143457,0.2241467,0.2925891,0.044809997,-0.33960244,-0.7961668,-0.9458403,-1.1794506,-1.6173736,-2.1872938,-2.7045631,-2.9367774,-2.9340177,-3.1853223,-3.5158267,-3.568403,-3.407951,-3.1012614,-2.8579588,-2.5890014,-2.143084,-1.6772411,-1.4567981,-1.3934157,-1.6635017,-1.67572,-1.6037488,-1.4129952,-1.4828854,-1.5662403,-1.8370115,-2.134894,-2.0330868,-1.8267517,-1.6497929,-1.6027055,-1.6037805,-1.6118917,-1.6595191,-1.7085543,-1.6090703,-1.4998617,-1.3735851,-1.309425,-1.2468069,-0.697177,-0.35403115,-0.59358937,-1.1186386,-1.2856841,-0.92323387,-0.36542735,1.050721,2.0212092,2.6910028,3.115139,3.4053924,3.5375009,3.2757468,2.7295148,1.428397,-0.8344104,-2.1220653,-2.5905411,-2.5176494,-2.560978,-2.1347513,-1.8615977,-1.9147453,-1.8468821,-1.4779903,-0.7427037,-0.08014652,0.3806163,0.5866712,0.70735216,0.90334,1.1284521,1.1932952,1.1575832,1.0540483,0.84413165,0.48013324,-0.28894895,-1.3314893,-2.247705,-2.4821208,-2.5362718,-2.4298818,-2.1396375,-1.9597795,-1.6997676,-1.7281044,-1.7375362,-1.824284,-1.9433694,-1.824114,-1.6191046,-1.5774746,-1.4094735,-1.2576661,-1.3210284,-1.6663605,-2.0939817,-1.9758685,-1.2753626,-0.40360785,0.11178194,0.62342274,0.8407403,0.9240396,0.9261751,0.87245667,0.7807087,0.5694064,0.27922052,-0.2640333,-0.85765016,-1.3983424,-1.8486794,-2.4760041,-2.994417,-3.602687,-3.927215,-3.8531637,-3.5682378,-3.4108648,-3.4118133,-3.4273744,-3.4927416,-3.6217093,-3.6033998,-3.5186229,-3.449533,-3.2051306,-2.934402,-2.862264,-2.6669836,-3.4098485,-3.4122093,-3.4122183,-3.412239
-1.715193,-1.6702201,-1.6107984,-1.6146001,-1.5538193,-1.5454726,-1.5561674,-1.608938,-1.8092983,-2.0113525,-1.996795,-1.783524,-1.7054243,-1.5429728,-1.3312817,-1.0004176,-0.6907742,-0.14844742,-0.1973317,-0.40416062,-1.1851085,-2.4816337,-3.1897178,-2.7737522,-1.6732551,-1.1206937,-0.7561717,-0.99101174,-1.1839665,-1.3657615,-1.2793616,-0.80038416,-0.07285988,0.29821283,0.76559055,1.2039218,1.640827,1.6027756,1.3893816,1.1463718,0.78818476,0.34720802,0.21383114,-0.07164021,-0.5450706,-0.9806566,-0.8547299,-0.53221965,-0.68062246,-0.85778975,-1.0281528,-1.213856,-1.5275744,-1.875347,-2.0140095,-2.1041982,-2.1140766,-2.0537028,-1.8993819,-1.50996,-0.8575158,-0.3987944,-0.26172036,-0.7682004,-1.4330989,-1.8230503,-2.0504472,-2.0404146,-1.9364705,-1.7030872,-1.5858116,-1.615159,-1.5180984,-1.2581837,-0.96387863,-0.58433485,-0.3848119,-0.44523826,-0.48241135,-0.4567829,-0.3876706,-0.45151374,-0.5942584,-0.71788365,-0.8269295,-1.0095445,-1.319594,-1.3601893,-1.2079393,-0.67402965,-0.30521536,-0.35427958,-0.71727467,-1.0943997,-1.8013812,-2.0156112,-1.538513,-1.1495823,-0.99207175,-1.0273376,-1.1502805,-1.2469567,-1.342294,-1.3901193,-1.2753048,-1.1619904,-1.1183459,-1.1642265,-1.2329016,-1.298626,-0.78705734,-0.25501758,0.21153641,0.9364608,1.1273777,0.9261018,0.64582527,0.5210994,-0.07687619,-0.66759455,-1.103484,-1.4880049,-1.762644,-1.7964793,-1.3702624,-0.3165332,0.6293995,1.0879085,1.321163,0.8787235,-0.010123178,-0.2627572,-1.0319575,-1.8666506,-2.0754385,-2.1292598,-2.2145953,-2.276894,-2.3253207,-2.372941,-2.4320865,-2.5057268,-2.4376645,-2.2760286,-2.069193,-1.9618523,-1.9371158,-1.9442731,-1.8959332,-1.6665598,-1.2245722,-0.8933829,-1.0195739,-1.3095846,-1.7670956,-2.090225,-2.3121643,-2.2080984,-2.0435226,-1.7652943,-1.3488824,-1.0867393,-0.8633199,-0.8630141,-0.5691914,-0.23608562,0.045743007,0.3782097,0.5679846,0.55090946,0.5434077,0.3321205,0.007868688,-0.65999746,-1.0682784,-1.158332,-1.1002243,-1.0252273,-0.96713835,-0.9584786,-0.8893641,-0.79988253,-0.9329839,-1.0236071,-0.99793726,-0.81932664,-0.53824234,-0.28074387,-0.31028342,-0.36800262,-0.46015915,-0.6741781,-1.0359228,-1.4447954,-1.6068997,-1.5930259,-1.5935237,-1.6128268,-1.6135603,-1.6459008,-1.6603543,-1.5929642,-1.6001542,-0.90208644,-0.89773417,-0.89772433,-0.89770055
-2.9352145,-2.9239025,-2.925437,-2.8742323,-2.755,-2.5840821,-2.3659093,-2.225714,-1.7667476,-1.4245245,-1.1255198,-1.1867458,-1.354325,-1.5389544,-1.6101029,-1.4750338,-1.3695407,-1.5240946,-1.1857228,-0.84112155,0.06826371,1.2378579,1.5677459,1.6143343,1.1496549,-0.3103683,-1.4174845,-1.1976789,-1.2814327,-1.7811512,-2.196519,-2.8050041,-2.8867278,-2.5466433,-2.715672,-2.9570777,-3.1373177,-3.0836809,-2.937262,-2.720045,-2.3923254,-1.5547713,-0.68050444,-0.03759867,0.0024026036,-0.7333269,-1.8352537,-2.5363407,-2.3910613,-1.881339,-1.9227211,-2.5574937,-2.9683285,-3.394164,-3.6326945,-3.8202662,-3.8375185,-3.734733,-3.5162168,-3.2315297,-2.6582985,-1.8878272,-1.6410153,-1.0663211,-0.28615296,-0.24379274,-0.42602465,-0.56615555,-0.73123354,-0.7934911,-0.9806326,-1.3452868,-1.9986403,-2.5846634,-2.916645,-3.0087235,-2.8601675,-2.7283638,-2.8325095,-3.0161128,-2.9222338,-2.517006,-2.160963,-2.0411048,-2.0631447,-2.1799679,-2.3395548,-2.5471663,-2.5268056,-2.4686167,-2.362224,-2.08482,-1.5693928,-1.221385,-0.6351945,-0.46394148,-0.9107219,-1.3140175,-1.3240495,-1.2790847,-1.2963164,-1.3692249,-1.4842641,-1.5992587,-1.7231472,-1.6978779,-1.5763676,-1.4189185,-1.4029813,-1.4321961,-1.6618484,-1.820466,-1.9929938,-2.1653266,-1.7518512,-1.1573613,-0.8674151,-0.78436226,-0.581548,-0.31330016,-0.23141764,-0.26290983,-0.51825804,-1.0472543,-1.8659856,-3.2054536,-3.9917703,-4.13666,-4.2294235,-3.969326,-3.6939034,-3.197012,-2.7292867,-2.4151313,-2.3230693,-2.0590274,-1.6756757,-1.4784011,-1.3433629,-1.3333212,-1.3657537,-1.3183833,-1.1425197,-0.9915329,-0.84559894,-0.8312025,-0.9395447,-1.3960788,-2.378622,-3.3679428,-3.8590055,-4.0782375,-3.9514093,-3.4630065,-2.8519492,-2.2951329,-2.0752585,-2.1163104,-2.146291,-2.222432,-2.3279157,-2.2860727,-2.2487094,-2.27763,-2.2216258,-2.2151535,-2.2189224,-2.102419,-1.6232842,-0.24844521,0.90056336,1.7865044,2.5590768,3.0160966,3.048072,2.8788857,2.667306,2.4338233,2.292062,2.2493615,2.0903466,1.8262811,1.5695417,1.1216292,0.5589908,-0.108501375,-0.80014074,-2.120154,-3.2313213,-3.4863057,-3.4306138,-3.3104427,-3.2295098,-3.0593166,-2.95383,-2.9276702,-2.9750445,-2.9435005,-2.9148269,-2.8376436,-2.843304,-2.9819984,-3.0178661,-3.3960078,-3.3946095,-3.3946102,-3.3946085
-2.736364,-2.722146,-2.6646826,-2.4817932,-2.2728868,-1.85343,-1.5319422,-1.4586186,-1.0800501,-0.71922195,-0.2925045,-0.22480956,-0.42241454,-0.6226306,-0.7150284,-0.6302973,-0.56054974,-0.63065124,-0.17731832,-0.08890438,-0.05122301,0.10612387,1.1705947,1.183166,0.61800396,-0.34913048,-0.84436584,-0.9876293,-1.3056611,-1.2083162,-0.83135414,-0.9465329,-1.8633355,-2.1278822,-2.040931,-1.9214581,-1.7991229,-1.5964653,-1.2863622,-1.1901424,-1.0349104,-0.5899017,-0.44318974,-0.2586607,0.029206105,0.35221332,0.23041613,-0.7090914,-1.3534073,-1.7345321,-2.169166,-2.3017492,-2.257546,-2.326685,-2.4473295,-2.4670358,-2.4091318,-2.2388487,-1.8099746,-1.5021017,-1.0738287,-0.38313067,-0.18360116,0.07096526,0.72837937,1.2759495,1.5889986,1.7240658,1.3971034,0.9956784,0.51380324,0.14339253,-0.3821525,-0.7859512,-1.2630787,-1.649488,-1.6696367,-1.3200303,-1.2383363,-1.3820809,-1.6334085,-1.5253475,-1.0665528,-0.64093,-0.33329606,-0.0741196,-0.10237807,-0.45266688,-0.6993485,-1.1150194,-1.3375367,-1.3847524,-1.0390565,-1.065185,-0.995171,-1.305815,-1.6425328,-1.2090986,-0.6940977,-0.53823423,-0.590977,-0.6198345,-0.72419417,-0.8774654,-1.2143024,-1.1998725,-1.2464889,-1.190244,-1.1233543,-1.1294987,-0.8538084,-0.7743091,-0.8728932,-1.2028701,-1.3354027,-1.1644591,-0.8505716,0.033299,0.9661608,1.6655172,1.9949191,2.1885235,2.313203,2.131799,1.5914581,0.48951763,-0.64069015,-1.2001644,-1.628149,-1.6141287,-1.5192013,-1.2111343,-1.3036261,-1.6452702,-2.0177398,-2.1764853,-2.0138745,-1.608048,-1.0906744,-0.6719428,-0.15525714,0.3960261,0.9645151,1.2191007,1.2060945,1.0876288,0.9341344,0.8009606,0.1756813,-0.85627925,-1.6958425,-2.0186956,-2.1746414,-1.8803527,-1.5178736,-1.071018,-0.43574235,-0.54551494,-0.6039188,-0.8035897,-1.170049,-1.374074,-1.4803009,-1.5570711,-1.5056309,-1.3832884,-1.3859959,-1.543335,-1.7307861,-1.157881,-0.14704362,0.79266465,1.3437953,2.0093946,2.3834555,2.4511454,2.344291,2.247004,2.216803,2.2359092,2.2594697,2.1600628,2.29842,2.376615,2.1330492,1.5882045,0.9359851,-0.3557639,-1.5887064,-2.0228565,-2.1800342,-2.2226152,-2.1583848,-2.0325546,-1.992059,-1.9550229,-1.8217165,-1.8752773,-1.8667436,-1.9990181,-2.1171174,-2.1750073,-2.1032512,-4.5860043,-4.587638,-4.5876427,-4.587651
-2.452286,-2.4610765,-2.407376,-2.2293026,-2.0928388,-1.8532455,-1.7369225,-1.7463406,-1.4758472,-1.0830775,-0.82464325,-0.9086482,-1.125493,-1.3773559,-1.5072204,-1.474658,-1.6094127,-2.147104,-2.2571445,-1.7526878,-0.41617826,1.6443235,2.4742398,2.112002,0.24852704,-2.0484989,-2.5107164,-1.8746648,-1.149326,-0.60556483,-0.41634524,-1.0600739,-2.0619287,-2.3465765,-2.6119845,-2.7371514,-2.5435405,-2.2019143,-2.0444179,-2.0725272,-2.0230691,-2.1891067,-2.442191,-2.5407758,-2.2822275,-1.8620782,-2.0053258,-2.6264381,-2.9496164,-2.9306102,-2.8591158,-2.6448312,-2.6370006,-2.708858,-2.8735938,-3.0252528,-3.147193,-3.1493325,-2.6481323,-1.9718373,-1.0737866,0.41888952,1.9333929,5.743816,8.765623,10.02135,10.753246,11.229322,11.429678,11.165829,10.225571,8.77619,6.5092077,4.1936626,2.1642845,0.5858469,-0.18761408,-0.40399644,-1.0322039,-1.6014305,-1.9170679,-1.9709315,-1.7789803,-1.590008,-1.3472781,-0.9453688,-0.7133273,-0.9580877,-1.3890761,-2.0746903,-2.216944,-2.2179403,-1.9177039,-1.9196626,-1.7290089,-1.7497306,-1.8058257,-1.7438089,-1.6573415,-1.5238252,-1.4538718,-1.4237885,-1.4527516,-1.5479866,-1.8446338,-2.0028172,-2.1551816,-2.3344738,-2.3523624,-2.395529,-2.2615175,-2.2657733,-2.4478757,-2.7963495,-2.5399208,-2.3327632,-1.7744281,-0.9370228,-0.09494026,0.71052337,1.1671565,1.5436094,1.8850299,1.9228435,1.3524799,0.5039123,-0.82734436,-1.6722102,-2.0898647,-1.8173584,-1.3958894,-0.7586398,-0.2624309,0.056514993,0.9721186,2.8214898,5.0153017,6.547602,7.6440735,8.347936,9.043781,9.5765705,9.857091,9.825627,9.657852,9.270592,8.3364315,6.23103,3.12426,0.3922767,-1.4192085,-1.8203921,-1.892575,-1.5730053,-0.9978461,-0.39502937,0.07041684,-0.04021862,-0.23539963,-0.6362277,-1.3044188,-1.6614829,-1.7916349,-1.846035,-2.0451899,-2.1940935,-2.2155225,-2.2944517,-2.0257735,-1.2339083,-0.5605899,0.038054913,0.3024922,0.9023581,1.3547292,1.468354,1.4479518,1.4267566,1.5091273,1.5506194,1.529672,1.2727611,1.0927274,0.68002784,0.053724248,-0.8561616,-1.5938835,-2.4713752,-2.8384683,-2.8635921,-2.6887636,-2.4727468,-2.3609052,-2.2058678,-2.168766,-2.3437507,-2.2126977,-2.1371326,-2.0403574,-1.8178254,-1.5758437,-1.5165776,-1.5415514,-4.035305,-4.041565,-4.041587,-4.041645
-0.6241615,-0.6684896,-0.7725056,-0.92909116,-1.0386243,-1.070009,-1.0374066,-1.0114391,-0.89515376,-0.7279749,-0.60577536,-0.6988857,-0.84181255,-0.9144647,-0.91797596,-0.8115165,-0.8454569,-1.2398537,-1.1851064,-0.9551282,-0.57366973,0.10880089,-0.30024308,-0.7491685,-1.6983817,-2.3091455,-2.823132,-2.5651822,-2.1010528,-1.8133286,-1.715131,-1.8889167,-2.2681718,-2.5554671,-2.8486352,-3.0015757,-3.1031096,-2.8554044,-2.6103747,-2.553595,-2.421678,-2.0622146,-1.7592669,-1.439892,-1.0820273,-1.033628,-1.4300172,-2.0472217,-2.21933,-1.8988509,-1.9838551,-2.33111,-2.4302468,-2.4597106,-2.4831114,-2.4460154,-2.268248,-2.1401343,-1.9100611,-1.8294971,-2.1523175,-2.1467502,-1.7550577,-0.9892491,0.06962071,0.84965,1.4968452,1.945049,2.2597475,2.173665,1.4922295,1.335418,1.729635,2.0047705,2.2768803,2.1512644,1.5116405,0.6333748,-0.08532469,-0.88290757,-1.4993293,-1.5217729,-1.2309092,-1.0613481,-0.9540178,-0.878053,-0.9350618,-1.2615259,-1.5416566,-2.0270326,-2.2869813,-2.4428446,-2.3947253,-2.3121662,-1.886596,-1.5548602,-1.5006871,-1.22612,-1.1477913,-1.170522,-1.1799932,-1.1981384,-1.2485263,-1.3029553,-1.2719371,-1.3201557,-1.3452996,-1.3848629,-1.3715935,-1.3247579,-1.2625024,-1.6703342,-2.5703118,-2.9492178,-2.6915126,-2.1720836,-1.7037399,-0.6331819,0.57495195,0.6384096,0.6173353,0.65456164,0.59024733,0.37054285,0.17003542,-0.3237967,-0.5574814,-1.1811115,-2.0114336,-2.1275442,-1.6754885,-0.43537146,0.067212805,-0.24966747,-0.253857,0.15024553,1.080925,1.7845281,2.1766558,2.475049,2.912467,3.4240682,3.9828906,4.034786,3.8625069,3.5401063,3.417036,4.091325,4.526018,4.072201,2.7075124,0.991804,-0.44606835,-0.89212716,-0.81264275,-0.69335777,-0.47530907,-0.6074812,-0.6993867,-0.64741856,-0.57809705,-0.5425589,-0.79189205,-0.9472524,-1.0691273,-1.2677232,-1.9012797,-2.7120469,-3.0187163,-2.346933,-0.9640881,0.67111117,1.924356,3.217473,3.7701778,3.7866595,3.6792893,3.5709634,3.5747507,3.6111963,3.62436,3.5929112,3.7386632,4.117849,4.1720486,3.7937403,3.2621918,2.2092981,0.809248,-0.11691093,-0.8392003,-0.92925596,-0.6865464,-0.23029023,0.0811767,0.30791938,0.4745137,0.48494214,0.557438,0.7280656,0.3991086,0.21815856,0.13077715,-0.28309652,-0.2890858,-0.2891033,-0.28917933
8.461068,8.462663,8.406826,8.303415,8.185154,8.006659,7.892795,7.9058766,7.887355,7.8845987,7.7943926,7.7758856,7.68854,7.6712046,7.866561,8.269767,8.4034605,7.824628,4.960685,3.2649176,0.16453922,-1.1441511,-1.0583531,-1.564826,-1.9479144,-1.0606627,0.26744476,1.6314645,2.1484804,2.3264737,1.5550547,0.28689212,-0.821034,-0.9235342,-0.4450694,0.2843309,1.4510963,2.7183208,4.9913874,5.9471245,6.388666,5.7258077,5.0169683,4.342038,3.3734436,1.8431611,0.40838873,-0.10665624,-0.56509745,-1.0844048,-1.1376256,-0.5865017,-0.27718133,-0.012986176,0.38161016,0.58732474,0.78681,1.0276417,0.8038621,0.013345949,-0.9058847,-1.1708295,-1.2954848,-1.2388004,-0.6785462,-0.27878574,-0.17192204,-0.30219188,-0.47023875,-0.74437606,-1.1753234,-1.1859138,-0.9437844,-0.9952059,-1.0670311,-1.096459,-1.0331812,-1.089066,-1.0599556,-0.83445334,-0.33546382,0.10155049,0.19599965,0.14945146,0.15604098,-0.013005182,-0.430031,-0.7755968,-0.87110627,-0.7292146,-0.5892931,-0.2537371,-0.1222991,0.050972275,-0.19223687,-0.6470959,-0.86409044,-0.9295988,-0.8687226,-0.83179474,-0.78223443,-0.7336115,-0.694168,-0.57532936,-0.3174139,-0.12839252,-0.059876435,-0.4300655,-0.7789943,-1.1212242,-1.3337815,-1.4838725,-1.3769772,-0.8011947,-0.48268154,-0.954246,-1.3838168,-1.6453724,-1.4648511,-1.121699,-0.87678045,-0.7383327,-0.7229226,-0.7521476,-0.9085149,-1.327245,-0.85480094,-0.2671137,0.16469534,0.56177014,0.34798017,-0.43559256,-0.45054856,-0.23877104,0.29109544,1.3430281,2.036173,2.4692292,2.510879,2.4193063,2.2819633,1.9336628,1.1420915,0.39440355,-0.20328036,-0.6026659,-0.826532,-0.91228235,-1.211354,-1.4600906,-1.3540783,-1.2138816,-1.034922,-0.9174109,-1.086945,-1.037481,-0.9898412,-0.87682426,-0.90016496,-0.91421735,-0.8884965,-0.9365943,-1.0558726,-1.0397329,-1.3395661,-1.5548456,-1.4957503,-1.1518396,-0.6788582,-0.7917247,-1.4754578,-1.8999321,-1.8808534,-1.7656717,-1.5442139,-1.4339328,-1.315466,-1.2222937,-1.2334354,-1.3067572,-1.3981141,-1.5428433,-1.8224994,-2.1558335,-2.3497286,-2.5932047,-2.6277905,-2.3457248,-2.062485,-1.8526595,-1.5583746,-1.232356,-0.99328923,-0.99906653,-1.1528633,-1.7233568,-1.8261371,-1.7274451,-1.724145,-1.5101383,-1.0503076,-0.93573105,-0.75840265,5.16988,5.1695986,5.1696005,5.1696253
-0.5945745,-0.56774354,-0.57838815,-0.7238962,-0.8798107,-1.1082698,-1.2956424,-1.3136731,-1.5112284,-1.7359219,-2.0721405,-2.2004504,-2.218205,-2.1736865,-2.2508368,-2.519225,-2.4866683,-1.9851786,-1.642664,-1.5176228,-1.542804,-2.6713095,-3.568676,-3.637485,-2.8629177,-1.7993319,-1.2137977,-1.4012797,-1.7796476,-1.6398185,-0.28267506,2.9481359,7.3724556,9.926569,11.220246,11.873718,11.52807,10.233316,7.5771103,5.8211365,4.2938166,2.3679566,0.98137903,0.050068583,-0.42140156,-0.43908232,1.0786096,4.0166283,5.096529,4.929761,5.09481,5.4359536,4.9134526,4.4651494,4.501171,4.847325,4.9946656,5.236781,5.224629,4.307434,2.8406005,1.4302067,1.144039,0.29243428,-0.75633955,-1.4230688,-1.8244221,-2.0047915,-1.9815824,-1.6952178,-1.2538967,-1.0983818,-1.0677822,-0.9724513,-0.76590633,-0.47270226,-0.28952703,-0.27641982,0.047813922,0.7169764,1.4779861,1.8535138,2.1176124,2.3297257,2.6923065,3.3691056,3.7093472,3.8954663,3.4601538,2.344226,1.6714681,1.0708503,0.27786112,0.1457366,-0.1346738,-0.43340537,-0.61529034,-0.96461844,-1.0229907,-1.0163732,-1.0699747,-1.1944908,-1.321779,-1.2989483,-1.0778749,-1.0196741,-0.96250224,-0.92403823,-0.81720424,-0.569631,0.2141543,0.87350583,0.6790898,-0.058475196,-0.38421848,-0.7156733,-0.83119905,-1.2111869,-1.890371,-2.270997,-2.4703953,-2.6452038,-2.7946773,-2.7485497,-2.3135154,-1.1959099,-0.39648852,-0.912038,-1.2383024,-1.4949775,-1.7663059,-1.5839839,-1.9769447,-2.2637181,-2.30732,-2.2431326,-2.4507015,-2.6879392,-2.798686,-2.8295662,-2.8488517,-2.8230681,-2.7003038,-2.4771478,-2.2421334,-2.01699,-1.967118,-2.1867635,-2.3366146,-2.1325986,-1.6979251,-1.4191755,-1.1983681,-1.3031291,-1.1886058,-1.5438958,-1.942816,-1.8968859,-1.8073153,-1.6092176,-1.1280755,-0.54585105,-0.055579215,0.102673456,0.62004346,1.1796336,1.1891768,0.56162304,-0.2857554,-0.5261601,-0.45254546,-0.6046125,-1.0353688,-1.608202,-1.7146512,-1.6204503,-1.5217973,-1.4172665,-1.2354302,-1.0686067,-0.8496013,-0.53291786,-0.5598848,-0.8784719,-0.83446836,-0.353228,0.034556895,0.6030605,1.1801473,1.4303164,1.6737577,1.9752702,1.8915924,1.5206392,1.4132564,1.1800203,0.64387083,0.25524253,0.115020186,-0.0602943,-0.23827365,-0.16293162,-0.11363304,1.4032098,1.4086688,1.4086878,1.4087338
-1.4701736,-1.3730924,-1.2822144,-1.1813958,-1.0250592,-0.89010173,-0.83325845,-0.81308824,-0.76754475,-0.7590202,-0.741839,-0.595308,-0.48231834,-0.5047835,-0.49196455,-0.49629882,-0.6178061,-0.59773725,-0.778365,-1.0595696,-1.6767025,-1.3700484,-1.3894043,-1.1368148,-1.1383355,-0.873861,-0.66895777,-1.0477507,-0.9422277,-1.144631,-1.5096121,-1.6740885,-1.2903923,-0.8951073,-0.31573555,0.11564721,0.3351592,0.3490006,-0.022795826,-0.253916,-0.49574566,-1.1273634,-1.4289014,-1.736752,-2.0998006,-2.1867197,-2.1147702,-1.5280101,-0.9230821,-1.0038487,-1.0543408,-0.6514051,-0.17639348,0.18609545,0.3682301,0.2782297,0.07007146,-0.16444428,-0.30391356,-0.30687147,-0.58009726,-1.1608591,-1.532824,-1.9003296,-1.9290743,-1.8407332,-1.8080231,-1.7158202,-1.5270387,-1.0581355,-0.58088523,-0.49907792,-0.73513305,-1.0653117,-1.254269,-1.3602042,-1.6133811,-1.848712,-1.7092347,-1.3639052,-1.1510305,-1.1774385,-1.3035061,-1.4694912,-1.599325,-1.7997141,-1.9094733,-1.627236,-1.0845027,-0.12116206,0.6698521,1.034606,1.0728784,0.8136519,0.3120076,-0.08578998,-0.46406877,-1.1404772,-1.5954862,-1.610893,-1.4494927,-1.2797005,-1.1004274,-0.9830595,-0.72623825,-0.65922254,-0.6926515,-0.8229714,-0.8619102,-0.7422814,-0.6542533,-0.12874234,-0.07449078,-0.8987644,-1.7640524,-2.3251438,-2.7041976,-2.749493,-2.7827883,-2.8136916,-2.719151,-2.6328976,-2.5325618,-2.4533138,-2.269092,-1.1913567,0.20712203,1.0081884,1.5659375,1.2695812,0.46400887,-0.80625826,-1.9416264,-2.07145,-1.8691823,-1.8314769,-1.858388,-1.7506766,-1.6965029,-1.6737317,-1.6876594,-1.7253678,-1.7249353,-1.712786,-1.5966048,-1.389379,-1.1174995,-1.1942815,-1.3463326,-0.97571194,-0.29872388,0.1322133,0.1509161,-0.5204489,-1.3293008,-2.1300097,-2.165193,-1.8553752,-1.6272023,-1.5079088,-1.4313021,-1.5104876,-1.582586,-1.6117256,-1.370915,-0.7244432,-0.023264885,0.54720247,0.76872015,0.48268417,-0.08461133,-0.49294078,-0.86245984,-1.3760583,-1.640187,-1.7055693,-1.6199145,-1.49879,-1.4177188,-1.3784776,-1.394976,-1.5412078,-1.9408013,-2.1289315,-2.010197,-1.6902351,-1.1748408,0.061370544,1.0848215,1.4778701,1.5949318,1.2473435,0.9643157,0.68365157,0.24720877,0.18617123,-0.21138313,-0.3623689,-0.5224904,-0.5323602,-0.5622845,-0.6005862,-0.5607575,0.28133166,0.28599745,0.28600872,0.2860546
-3.0790892,-3.0162477,-2.9824293,-2.95478,-2.927432,-2.9128218,-2.8964276,-2.910454,-3.021886,-3.0767589,-3.1290274,-3.0532937,-3.0037713,-2.9511473,-2.8924747,-2.8319635,-2.759801,-2.6340475,-2.8173938,-2.9307609,-3.1112475,-3.418208,-3.7438407,-3.314321,-2.5781987,-2.260903,-2.3404284,-2.658185,-2.521132,-2.7922425,-3.035534,-2.9328723,-2.1905427,-1.5606194,-1.1439687,-0.8641753,-0.5940258,-0.4025262,-0.6290752,-0.8116052,-1.0497829,-1.5327886,-1.6059695,-1.8399574,-2.248244,-2.690898,-2.6959946,-2.109424,-1.477865,-1.2225817,-1.147478,-1.084502,-0.99849945,-1.0694672,-1.1252415,-1.2192037,-1.2714236,-1.2030592,-0.93212855,-1.0750891,-1.627497,-2.129349,-2.203893,-1.9711425,-1.4765763,-1.4270238,-1.5915666,-1.7754929,-1.8248166,-1.7211926,-1.7951282,-1.9552763,-1.902113,-1.4161608,-0.82613283,-0.1826452,0.2548246,0.34822074,0.684414,1.2400489,1.744359,1.9748435,2.0619752,2.0987527,2.2101753,1.9222989,1.2688817,0.7820041,0.38512474,0.21889897,0.52266,0.5723613,-0.03306836,-0.22101575,-0.55054677,-0.6969409,-0.9023394,-1.5304372,-1.9338706,-1.9812376,-1.9004397,-1.8800185,-1.9168994,-1.9369771,-1.942422,-1.9827241,-2.0204134,-2.226429,-2.55816,-2.9313354,-3.605167,-3.456653,-3.4726028,-4.0006723,-4.3624196,-4.3874807,-4.0083656,-2.8605652,-2.909522,-3.226624,-3.1919806,-3.1364477,-3.1245518,-3.1838808,-3.0271375,-2.5640588,-2.1358137,-2.1981688,-1.9316175,-1.9681239,-2.1747236,-2.28123,-2.2599285,-2.1205776,-1.8519146,-1.5999894,-1.3394186,-1.1842973,-1.1331899,-1.2378867,-1.481339,-1.8239212,-2.3395429,-2.5052001,-2.5017507,-2.4757237,-2.523293,-2.6802533,-2.9116383,-2.7555828,-2.3235872,-2.2893772,-2.5473392,-2.8145251,-3.0945086,-3.027184,-2.813911,-2.585612,-2.5042717,-2.5460892,-2.7571492,-3.1905699,-3.6014879,-3.7345793,-3.8576226,-3.5517704,-3.2363367,-3.244955,-3.5294955,-3.6119647,-3.3185246,-2.7684631,-2.786491,-3.195188,-3.516724,-3.5867722,-3.552916,-3.4970016,-3.4826202,-3.4747915,-3.4508336,-3.4293303,-3.5959916,-3.7769122,-3.7250636,-3.4087973,-2.9528468,-2.3460274,-2.3126004,-2.4080133,-2.6165056,-2.9186528,-2.9746351,-3.2204423,-3.420501,-3.4847054,-3.554621,-3.682659,-3.7958395,-3.752691,-3.7147183,-3.7449996,-3.6837034,-2.8648026,-2.8600817,-2.8600695,-2.8600316
2.0687056,2.2565966,2.56008,3.3229523,4.300398,5.4702115,6.235203,6.3739576,6.875928,7.2136273,7.6766877,7.872483,7.9611,8.06102,8.17785,8.308677,8.6681,9.58696,10.928678,11.262338,10.146376,6.4357395,1.4229516,-0.1054461,-0.63156456,1.0091105,2.0372906,2.287008,1.5227981,0.658885,-0.38624692,-1.3430662,-1.7988276,-1.4097631,-1.180505,-0.87514293,-0.39996147,0.011763331,0.92605126,1.4189199,1.5829766,1.3298112,0.9393759,0.27255523,-0.6952478,-1.8542125,-2.7784142,-3.146376,-2.9444091,-2.5132937,-2.3740382,-2.4945428,-2.607232,-2.7205703,-2.5466394,-2.3233879,-2.1337261,-1.6959364,-0.97769535,-0.9571899,-1.5838041,-0.89320254,-0.2560592,-0.046799943,0.094741404,0.048309445,-0.08028653,-0.025943696,0.009271443,-0.14380476,-0.5700248,-0.8061546,-1.1312618,-1.5167598,-1.8177855,-1.888105,-1.753478,-1.6859273,-1.7430797,-2.017132,-2.2868814,-2.5731874,-3.022078,-3.2858195,-3.3404148,-3.335832,-3.384007,-3.2162871,-2.9395251,-2.3255584,-1.9016228,-1.3989285,-1.0677577,-0.8221054,-0.84508914,-1.3108644,-2.001456,-2.4351,-2.7762759,-2.980015,-3.0336432,-2.9979372,-2.8830004,-2.6309552,-2.005468,-1.6153593,-1.4550047,-1.5070398,-1.5131905,-1.5413163,-1.1035763,-0.7913724,-0.5361603,-0.26087326,0.14408618,0.17302614,-0.1438337,0.1533956,0.34590027,0.20017643,0.04469253,-0.20267454,-0.45572144,-0.58526164,-0.5744622,-0.6086079,-1.0259993,-1.0855216,-0.5986759,-0.051308945,-0.28710845,-0.6316688,-1.0791012,-2.0011187,-2.4082425,-2.4836142,-2.1438215,-1.7897654,-1.429694,-1.2107643,-1.0514674,-1.0574315,-1.3187331,-1.5892596,-1.7234604,-1.7796574,-1.7058206,-1.6990552,-1.8154068,-1.7890168,-1.1672823,-0.68015707,-0.6144825,-0.9864681,-1.8746464,-2.7785661,-2.9635575,-2.7578447,-2.5050879,-2.0986683,-1.4801054,-1.1893921,-1.0526325,-1.1443815,-1.200655,-1.1568516,-1.0154436,-0.7792726,-0.46135032,0.10531378,0.32930908,0.4401518,1.0418975,1.4758377,1.4957817,1.5037978,1.6130235,1.6755484,1.5354044,1.3185632,1.1060565,0.87870646,0.59202135,-0.05802753,-0.75841296,-1.5713167,-2.009355,-2.15513,-2.2508025,-2.3145041,-2.3424344,-2.4181232,-2.6525137,-2.8914871,-3.0035987,-3.1340187,-3.1467514,-2.975237,-2.896924,-2.7145178,-2.497027,-2.5000558,-2.477443,1.0856905,1.0843233,1.0843186,1.08431
-2.5659215,-2.6269636,-2.7139423,-2.777528,-2.7709146,-2.7043638,-2.698336,-2.7575283,-2.7491212,-2.6328087,-2.4280846,-2.2983522,-2.2414923,-2.2292235,-2.2327008,-2.1724036,-2.2828343,-2.4387813,-2.6719608,-2.625237,-2.5250175,-1.7400987,-0.87915677,-0.9829514,-1.2808874,-2.1402962,-2.3750277,-2.1684535,-1.8481847,-1.2021751,-0.33617333,-0.11210123,-0.67660135,-1.4760628,-2.0149806,-2.2390096,-2.0735955,-1.7804781,-1.6757771,-1.6443,-1.4670954,-0.7747201,-0.47369474,-0.44565678,-0.44243947,-0.25237638,-0.36970526,-1.0684942,-1.3312888,-1.4196186,-1.7882941,-1.9766817,-1.861532,-1.6151702,-1.5918226,-1.6314213,-1.7479968,-1.867168,-1.9285188,-1.8365022,-1.9423904,-2.1512263,-2.0816793,-1.8131206,-1.3704841,-0.99690497,-0.6200975,-0.47774157,-0.49254167,-0.8530276,-0.8700481,-0.54653794,-0.36890203,-0.32071203,-0.4771968,-0.87756383,-1.2869614,-1.4685758,-1.6609547,-1.8154106,-1.9453326,-2.0123417,-1.9506779,-1.7579522,-1.6244712,-1.5593143,-1.5994899,-1.8456347,-1.9527118,-2.0173984,-1.8223627,-1.6226914,-1.4890974,-1.5936806,-1.4059765,-1.153012,-0.8167051,-0.41473472,-0.09804849,0.15936226,0.37011373,0.6085049,0.75844324,0.8665172,0.6885172,0.717477,0.7496003,0.7363462,0.6030404,0.37876278,-0.4463688,-1.2787745,-1.4420581,-1.5124098,-1.3603617,-1.3644419,-1.1330113,-0.79555213,-0.6520403,-0.447987,-0.20983475,0.11624485,0.39586416,0.5726901,0.46978676,-0.20147029,-1.282119,-1.9143722,-1.3704536,-0.38686934,0.6813904,1.4412642,2.108116,2.7680743,2.523979,1.6969717,0.71291566,0.20672646,0.167584,0.16360359,0.17251185,0.2768992,0.39071974,0.45478693,0.38960373,0.32719004,0.22357035,0.1660623,-0.107177794,-0.68876517,-1.5540531,-2.0703537,-2.048881,-1.6136692,-1.218679,-0.4977761,0.4301902,0.65169877,0.69991136,0.51833725,0.049516067,-0.3970571,-0.7350725,-0.76989645,-1.1505144,-1.7223997,-2.2400188,-2.5289905,-2.8288262,-2.688845,-2.417388,-2.110143,-2.0463016,-1.7314548,-1.6755688,-1.7047416,-1.7565223,-1.821115,-1.9401366,-2.0720587,-2.2667015,-2.4788277,-2.2046025,-1.6737807,-1.4677346,-1.585004,-1.8275098,-2.2387085,-2.224584,-2.0093641,-1.7107378,-1.4304702,-1.2549471,-1.1129032,-1.1380538,-1.3669641,-1.5569305,-1.7514561,-1.7883291,-1.8833898,-1.979548,-2.1703906,-2.2157795,-2.871264,-2.871228,-2.8712327,-2.871231
-4.461038,-4.3966346,-4.3690896,-4.3105783,-4.252593,-4.212121,-4.2118325,-4.2157583,-4.289834,-4.3603067,-4.4791584,-4.460537,-4.449168,-4.398623,-4.2815313,-4.150006,-3.9474092,-3.5073,-3.544292,-3.75616,-4.169986,-4.558235,-5.1761484,-5.185012,-4.563549,-4.1146164,-3.9593737,-4.203576,-4.5249796,-4.5702777,-4.2034116,-3.487503,-2.5186987,-2.3002725,-1.9191488,-1.2688768,-0.4707491,-0.080678135,-0.45703405,-0.8441278,-1.3238083,-1.9908139,-2.2678986,-2.6266475,-3.275938,-4.027755,-4.200646,-3.8636613,-3.6234813,-3.3895688,-3.0795596,-2.8190129,-3.0776477,-3.4592805,-3.5997334,-3.7118974,-3.7078369,-3.4511771,-2.898826,-2.8504846,-3.7115664,-4.0102177,-3.7651834,-3.5438328,-2.9912062,-2.946496,-3.0952287,-3.2761421,-3.402709,-3.4942536,-3.5453901,-3.5364802,-3.3831024,-2.7788448,-1.9333175,-1.011684,-0.20667732,0.12757874,0.51441133,1.1477823,1.8140354,2.2590597,2.2902474,2.0888126,1.8931508,1.4036156,0.6960771,0.046946704,-0.6438774,-1.4376336,-1.6318221,-1.8491423,-2.4057202,-2.5126076,-2.7130508,-2.9098532,-3.2465074,-3.7843447,-4.0856,-4.1009374,-4.0151253,-3.8838797,-3.7020366,-3.3987818,-3.0245404,-2.8708417,-2.8236995,-2.924039,-3.0715284,-3.1658962,-2.8619819,-2.220526,-2.3119235,-3.0827699,-3.47955,-3.6717677,-3.5304809,-3.0125496,-3.240103,-3.6798835,-3.8904152,-4.025666,-4.187381,-4.349606,-4.3221836,-4.168983,-4.186596,-4.517785,-4.1443043,-3.7777243,-3.6024868,-3.0833805,-2.8031104,-2.9592817,-2.7479177,-2.5597508,-2.634152,-2.9273562,-3.221583,-3.471901,-3.7733965,-4.0378947,-4.2545166,-4.2829413,-4.200501,-4.0987673,-4.0321417,-4.052984,-4.247123,-4.3209233,-4.1627975,-4.26145,-4.68147,-4.85996,-5.089627,-5.1384478,-4.7514243,-4.2755833,-3.9247406,-3.710281,-3.6693158,-3.692274,-3.6856475,-3.6539311,-3.3742912,-2.8489773,-2.6741085,-3.0093184,-3.7061837,-3.8497853,-3.5856414,-3.2378635,-3.188601,-3.4737415,-3.7403283,-3.8594306,-3.8987222,-3.9184766,-3.924981,-3.9375257,-3.9766362,-4.0767384,-4.313799,-4.6138015,-4.738261,-4.629088,-4.3361526,-3.9473739,-3.965799,-3.9250534,-3.7646298,-3.6632564,-3.7063212,-3.9430616,-4.078782,-4.332742,-4.7480826,-5.0284624,-5.240582,-5.364481,-5.503317,-5.579465,-5.668317,-3.709949,-3.704297,-3.7042813,-3.7042356
-1.5544302,-1.5077144,-1.4555986,-1.3955377,-1.2518426,-1.2309643,-1.2297032,-1.2450707,-1.3249452,-1.4567286,-1.3812454,-1.1316826,-1.0391071,-0.9481193,-0.8175191,-0.48450026,0.0009140074,0.7427102,0.1467185,-0.19996512,-0.4817142,-1.0661182,0.26069134,3.2744548,7.4696703,9.870202,10.367039,9.545894,8.016687,5.9286923,3.910452,3.1908627,3.6126914,3.9653258,3.9553666,3.5487456,2.9922473,2.5830138,2.2369835,1.9084882,1.4716685,0.43077347,-0.12367262,-0.35130495,-0.44413382,0.0061391685,0.81765753,1.7679687,2.1170127,1.7816567,1.7593592,1.9927564,2.2398667,2.5092509,2.5961618,2.5220466,2.367802,2.2259948,1.7403791,1.2544935,0.9233422,0.37019163,-0.1971228,-1.0294561,-1.3606335,-1.3867786,-1.3455105,-1.2237968,-1.0678544,-0.85163903,-0.95930713,-1.2719846,-1.3364334,-1.1460327,-0.8369338,-0.3515302,-0.06806443,0.1636789,0.84853846,1.4408685,1.8275394,1.744358,1.3379657,1.1234028,0.93796086,0.7830158,0.7818754,1.0617898,1.059541,1.0355655,1.3392023,1.9483435,2.2145815,2.114459,1.6377475,1.096484,0.96639854,0.77686816,0.60322595,0.5184684,0.48830736,0.42682076,0.34485388,0.18680662,0.09141968,-0.05897607,-0.17233163,-0.3540399,-0.5306847,-0.6217272,-0.9796174,-0.7959867,-0.43726194,-0.01713556,-0.36845398,-1.0156877,-1.5537694,-2.1357293,-2.1084714,-2.1974933,-2.0894647,-1.936171,-1.6094977,-1.1952447,-0.3276565,1.0735071,1.9790614,2.0289097,2.313077,1.9701478,0.9355873,-0.11107527,-0.24626394,0.25346553,0.48516825,0.21745083,-0.36813134,-0.7189239,-0.86743957,-0.9824402,-1.1272259,-1.3104267,-1.5663723,-1.5535811,-1.5265129,-1.5579989,-1.7369204,-1.7299174,-0.9011142,0.550881,1.6758658,2.395531,2.816183,2.4706762,1.963069,1.072782,0.18567914,-0.034775674,-0.23754989,-0.29402453,-0.2884343,-0.5405475,-0.85456616,-1.0121849,-1.0923663,-0.8149334,-0.41168612,0.01635161,0.2810359,-0.10033178,-0.6576125,-1.1691585,-1.5902505,-2.0476623,-2.2387757,-2.1493187,-1.950331,-1.7497013,-1.7015989,-1.7828321,-1.8333362,-1.7799997,-1.7459579,-1.4503218,-0.8323541,0.02253431,0.6374753,1.0966388,1.6253902,1.8205576,1.6621519,1.3052182,1.229367,1.1665239,1.1322484,1.3039448,1.3000927,1.300522,1.459488,1.6893456,1.8153524,1.7719134,1.722648,0.02313985,0.024859108,0.024871096,0.024902448
-0.12798524,-0.31471843,-0.62242866,-1.053353,-1.4319849,-1.5496285,-1.6469603,-1.657894,-1.5639616,-1.3423285,-1.2767359,-1.3449688,-1.3215239,-1.3301843,-1.3194603,-1.2915769,-1.2623069,-1.3752091,-1.6787457,-1.5508096,-0.8275353,1.5292333,3.128482,2.83672,1.1452857,-1.6240253,-1.7631024,0.055149913,1.5975131,2.8702145,3.6331859,3.5590577,2.0240371,0.09094909,-1.1150172,-1.7538527,-1.8089347,-1.5968559,-1.2392902,-0.9816933,-0.4897639,0.5805155,1.0477598,1.2781332,1.4505211,1.6428442,1.468082,0.8366606,0.23329145,-0.0010855794,-0.53559786,-0.98382235,-1.0369138,-0.96662664,-1.1178751,-1.3786033,-1.5198162,-1.5854261,-1.5378529,-1.3371354,-1.3074443,-0.97828686,-0.5861413,-0.09785647,0.07036722,0.3125084,0.75318176,0.966544,1.1209152,0.8705812,0.85001457,0.81301534,0.57780313,0.3144116,-0.053993613,-0.5834734,-0.85074127,-0.9755966,-1.2834983,-1.430551,-1.3730297,-1.1134298,-0.7007862,-0.4239236,-0.3768585,-0.39329404,-0.49680412,-0.90368104,-1.162357,-1.4285176,-1.2588207,-1.1087127,-1.0210482,-1.1747279,-1.1071625,-1.0233365,-0.8968878,-0.4745918,0.19416286,0.6206614,0.7659197,0.8916757,0.9438682,0.8114855,0.4160689,0.24574293,0.13799179,0.17147797,0.28438818,0.21897389,-0.29128104,-1.025489,-1.5427116,-1.6284232,-1.3612714,-1.065538,-0.5985709,-0.25831145,0.0848937,0.54701763,0.77765244,1.0105286,1.2423348,1.1008755,0.64887977,0.11743012,-0.51734686,-0.9946754,-1.1475414,-0.5027647,0.101229385,0.5780791,1.2552257,1.9238946,2.0042853,1.9659472,1.7234508,1.2766792,0.9906413,0.90463924,0.93222755,1.1607826,1.6933811,1.9604826,1.9983585,1.9644037,1.9542341,1.9570154,1.9181054,1.4625189,0.50749284,-0.22000644,-0.3762795,0.068804294,0.65596426,1.073507,1.4360527,1.2256026,0.9683056,0.6461418,0.23976748,-0.23800254,-0.7709899,-0.8680574,-1.3459036,-1.8902009,-2.3157072,-2.5556412,-2.653633,-2.5828958,-2.5918736,-2.4805222,-2.3984969,-1.7504199,-1.2807912,-1.2003415,-1.2502848,-1.2766256,-1.223085,-1.0904913,-0.91800267,-0.59353924,-0.18109801,0.026212692,-0.1929658,-0.63960063,-1.0602558,-1.4502947,-1.3230555,-1.1923187,-1.0376081,-0.8685497,-0.73620826,-0.5659797,-0.6137736,-1.0142293,-1.1643858,-1.2427285,-1.1752853,-1.1009111,-0.9587907,-1.3166528,-1.4226072,-2.3278508,-2.331896,-2.331906,-2.33195
-1.0396472,-1.0244331,-1.0370009,-0.9824686,-0.9271171,-0.89130896,-0.92471045,-0.8892802,-0.98070705,-1.0797772,-1.2943194,-1.3072181,-1.2898424,-1.2933211,-1.3399822,-1.3792019,-1.2699862,-1.1292233,-1.5899718,-1.9081521,-2.6633499,-2.4471428,-2.681946,-2.9078984,-2.8470297,-2.613083,-2.397975,-2.337741,-2.4311047,-2.6030304,-2.7892122,-3.1585832,-3.3577886,-3.2487307,-3.1756659,-2.7418742,-1.9297856,-1.1035804,-0.45586455,-0.1476529,-0.13265157,-0.34707218,-0.38491857,-0.37020537,-0.68694407,-1.5251008,-2.4725106,-3.0429263,-2.9500988,-2.700146,-2.616572,-2.582559,-2.6470182,-2.7111967,-2.625801,-2.515357,-2.324393,-1.8456779,-1.0195507,-0.63568556,-1.4214501,-1.1814227,-0.77730155,-0.4620273,-0.09401974,-0.10431413,-0.29855293,-0.6894155,-1.0357554,-1.5081122,-2.0903277,-2.5305104,-2.8643835,-2.9017584,-2.7669663,-2.420861,-1.8707045,-1.4610784,-1.1671532,-0.8826877,-0.50337386,-0.19290335,-0.20821583,-0.37001485,-0.47287464,-0.6084384,-0.77891594,-0.88770425,-0.8867625,-0.67427397,-0.5491245,-0.8177977,-1.3378315,-1.4018058,-1.5654304,-1.8395033,-2.2401419,-2.6718044,-2.863894,-2.8637671,-2.7545726,-2.580389,-2.287043,-1.7876837,-1.0487714,-0.6481796,-0.41646433,-0.4398902,-0.6046201,-0.8341289,-1.231656,-1.7282188,-1.8964779,-1.6113908,-1.3632691,-1.5004091,-1.8303783,-1.7420943,-1.6455077,-1.7868224,-1.8174086,-1.7794997,-1.7715845,-1.6714599,-1.5129076,-1.566857,-2.1127772,-2.1927748,-1.7021823,-1.0999069,-0.43423542,0.5530043,2.7608743,4.396241,5.021201,4.909294,3.8831081,2.615514,1.9637156,1.5873582,1.0685987,0.32352293,-0.7052484,-1.4654688,-2.0465555,-2.4688144,-2.831029,-3.0731745,-3.1771252,-3.227612,-2.7452662,-2.137733,-1.5334464,-0.9886509,-1.262353,-1.1545907,-0.8263669,-0.6449096,-0.58723456,-0.5256689,-0.54427063,-0.701912,-1.0583342,-1.1431761,-1.5245953,-1.823019,-1.9155828,-1.7528453,-1.6088667,-1.6233678,-1.7928,-1.627003,-1.3201649,-1.1534266,-1.261578,-1.3774186,-1.3994703,-1.4025296,-1.493121,-1.6229465,-1.9617206,-2.6142635,-3.1103878,-3.3284204,-3.4101224,-3.38799,-3.1890016,-2.6845596,-2.4039109,-2.2183967,-1.9536402,-1.681437,-1.5877216,-1.5637822,-1.5701053,-1.8296225,-2.186078,-2.2908092,-2.4063528,-2.4859223,-2.5334775,-2.6412992,-2.7140613,-1.3563023,-1.3513298,-1.351316,-1.3512638
-1.4435124,-1.509589,-1.5994878,-1.7218227,-1.6667299,-1.5026898,-1.3130405,-1.3588943,-1.0962137,-0.7166369,-0.26835442,-0.1628343,-0.16753945,-0.17910962,-0.07817773,0.058745973,0.18411261,0.56364065,1.8025835,3.343701,7.4805,9.894684,10.2621155,10.019206,9.011129,6.541892,4.07086,3.7872148,4.1933355,5.095684,5.694166,5.511917,4.483955,3.591083,2.5676963,1.4063014,0.44323274,-0.02338028,-0.33366883,-0.24147947,0.32664132,1.3464489,1.4712894,1.7491132,2.575035,3.4205103,3.2913616,2.0607436,1.1394455,1.2971717,1.4926782,1.1589729,1.2154061,1.4813154,1.4530928,1.0967269,0.7490821,0.4131329,0.04331848,0.022117883,0.49740517,0.3558974,0.009021223,0.13965596,0.34462506,0.39627218,0.6055454,0.77750003,0.6849394,0.5764457,1.0080619,1.7445806,2.3530421,2.7224324,2.6853204,2.1940367,1.5028473,0.841846,0.33509216,0.11634623,-0.033313382,0.16826266,0.51240045,0.69589543,0.6129409,0.43808752,0.24700882,-0.21960358,-0.60938543,-1.3342533,-1.7995185,-1.9413307,-1.1850005,-0.77178013,0.30759683,1.0402709,1.246427,1.5626624,1.7684348,1.8162651,1.8579168,1.8599029,1.7375042,1.5100838,1.0427976,1.0068309,1.2006321,1.5021029,1.6260536,1.5401632,1.2214198,0.3355647,0.00479991,0.27172285,1.3667507,3.1843324,4.7060204,3.7147157,3.3445694,3.840911,4.159897,4.383878,4.4094505,4.1973805,3.6871524,2.217131,1.5838418,1.5823984,1.082592,1.5130216,2.8195453,2.9784286,2.8627658,3.2504025,3.2843666,3.2210202,3.443252,3.264745,2.641292,2.2040048,1.883892,1.8423612,2.0310264,2.0643356,1.9898734,1.9770695,2.1533053,2.574321,2.9415333,2.8348885,2.0416703,0.9792864,0.35166192,1.1956996,2.4028006,3.1836255,3.2235694,2.7936292,2.3871822,1.8801887,1.2180235,0.99844253,1.0358416,1.2273779,1.01538,0.5490886,-0.080229044,-0.54784095,-0.61609566,-0.15136021,0.3366309,-0.16488552,-0.5552722,-0.4761789,-0.22635487,-0.15284753,-0.28642768,-0.42890376,-0.47318643,-0.36486548,-0.2155354,0.12775666,0.637697,1.0329483,0.9634709,0.74394417,0.500592,-0.14370808,-0.23099615,-0.052968137,0.13818717,0.33789906,0.764902,1.3829373,1.7168632,1.3601537,1.218271,1.056865,0.87285453,0.7220839,0.80210817,0.81939054,0.6929277,-0.76580167,-0.7679092,-0.7679221,-0.7679528
-1.4270753,-1.3742902,-1.2420526,-1.0571903,-0.8498496,-0.7453172,-0.70623505,-0.68017095,-0.8072555,-1.0274696,-1.0854497,-0.95924675,-0.8006946,-0.65706706,-0.5225123,-0.35964686,-0.13667345,0.57673556,1.0166242,1.0854952,0.6264005,-0.89400923,-2.5490718,-2.3977554,-1.1688677,0.11182636,0.14908285,-0.4278047,-0.9182582,-1.4430681,-1.9540226,-2.0601442,-1.7054373,-1.3783953,-1.1606545,-0.9629388,-1.0528151,-1.4367578,-1.2316036,-0.94721746,-0.8832381,-0.9145237,-0.7560193,-0.93055975,-1.5452327,-2.3324838,-2.6781354,-2.6137693,-2.710028,-2.6399162,-2.510577,-2.7860813,-3.185789,-3.5849092,-3.74997,-3.8571525,-3.8644814,-3.735733,-3.2817068,-2.4054208,-1.6781608,-0.9482644,-0.71266496,-0.85739815,-1.3657234,-1.8523138,-2.2474856,-2.3531098,-2.2646935,-1.9982414,-1.6801528,-1.6376578,-1.6931176,-1.6493473,-1.3942573,-0.85829073,-0.19886854,0.11361647,0.11523555,-0.009384073,-0.3081688,-0.6515085,-1.0845075,-1.3578316,-1.5427225,-1.6780717,-1.691757,-1.48354,-1.2538614,-0.6087506,-0.13298345,-0.022784352,-0.8542737,-1.307112,-2.0787632,-2.4870694,-2.7326539,-3.113244,-3.2736192,-3.3108552,-3.328076,-3.2795491,-3.1914062,-3.0431423,-2.657526,-2.4289255,-2.2669365,-1.9222167,-1.3717636,-0.48332405,2.5205026,6.1728797,8.845889,10.810462,11.579052,11.39311,10.691261,9.44971,7.027526,4.2147856,2.2143338,0.63181615,-0.56117994,-1.1614507,-1.2045941,-0.6102421,-0.66133535,-0.7142563,-0.006691098,0.2806144,-0.3044715,-0.13582546,-0.6601825,-1.8302696,-2.327201,-2.7567606,-2.9884017,-3.0189955,-2.984538,-2.9566765,-2.9579215,-3.0504074,-3.1751814,-3.1222737,-2.9345088,-2.8151965,-2.8156624,-3.01028,-3.1975317,-2.9248447,-2.2353277,-1.7451969,-1.7702143,-2.2255833,-2.848967,-3.1965094,-3.5317693,-3.4833755,-3.3738294,-2.9911609,-2.1364684,-0.8702358,0.79401684,1.6469343,3.8662052,5.8719087,7.3010454,8.340078,8.898004,8.845431,8.240428,7.157762,5.7693048,3.4750514,1.4870087,0.60367537,0.34368944,0.23791486,0.29041845,0.28639016,0.1727618,-0.13394347,-0.60295236,-0.9315711,-1.096915,-0.94434357,-0.49809664,0.43929917,0.9736626,1.1839839,1.3222489,1.1119502,0.49323547,-0.14861965,-0.54784083,-0.59428,-0.7673524,-0.8933099,-0.97371113,-1.0170817,-0.99484956,-0.90135956,-0.83096015,0.28603292,0.28693143,0.28693017,0.28692096
-1.2403829,-1.1969721,-1.1155257,-1.0767076,-1.0454676,-1.1208658,-1.169447,-1.1972313,-1.347584,-1.5030956,-1.5650663,-1.4439121,-1.2918484,-1.1506159,-0.9927113,-0.5824663,-0.43389753,-0.42283833,-1.1225125,-1.4996088,-2.269604,-3.0072298,-3.245575,-2.58424,-1.6128544,-1.412527,-1.8587456,-2.283193,-1.8025255,-1.9154959,-2.1123161,-1.9790398,-1.6578081,-1.70679,-1.475534,-1.2286526,-1.3185369,-1.6065843,-1.6389995,-1.5412965,-1.5590782,-1.969436,-2.009079,-2.0035567,-2.0898833,-2.0635326,-1.959804,-1.5584118,-1.3798164,-1.588887,-1.7561033,-1.8523058,-1.7646245,-1.7771305,-1.8638358,-1.9577506,-2.0032887,-2.0403538,-1.8403869,-1.2117174,-1.1517493,-1.4928672,-1.5116696,-1.3717276,-1.0201395,-0.6783536,-0.66072273,-0.707147,-0.67623067,-0.46552676,-0.40103638,-0.663711,-1.087179,-1.4940373,-1.6502824,-1.5881332,-1.5412637,-1.6193491,-1.541465,-1.3353958,-1.3464357,-1.541633,-1.7696815,-1.9163873,-2.0163407,-2.3068936,-2.6225634,-2.5347674,-2.2669826,-1.4679718,-0.6091023,0.05897467,0.14604129,-0.1688649,-0.77641153,-1.0444062,-1.1320128,-1.5835757,-1.7341303,-1.691109,-1.6648114,-1.6692188,-1.7346783,-1.9137039,-2.1906753,-2.4272819,-2.6420264,-2.8010287,-2.8592975,-2.7647357,-2.0844877,-0.4541487,0.31433052,0.105508,-0.6628411,-1.3910213,-2.0772648,-2.0692058,-1.8316009,-1.9353167,-2.3548367,-2.798691,-3.0941267,-3.2190824,-3.0417948,-2.1178074,-1.0522239,-0.20336679,0.38736644,0.12930879,-0.745994,-1.6844628,-2.3321486,-2.5835595,-2.451149,-2.4048655,-2.3201299,-2.152002,-1.9170053,-1.6851782,-1.4275281,-1.3156432,-1.3666003,-1.4518307,-1.4179856,-1.3230703,-1.2856852,-1.6108896,-2.0784178,-1.9364965,-1.5842673,-1.3716698,-1.2351344,-1.5797291,-1.8721163,-2.0608497,-2.53017,-2.5746622,-2.6563902,-2.7827923,-2.8507283,-2.7095397,-2.3100069,-2.0245261,-1.1662806,-0.057680488,0.943625,1.5527619,2.1429486,2.7129643,2.7035022,2.3467007,1.9549696,1.100382,0.21288332,-0.26123106,-0.33715352,-0.34595418,-0.32490054,-0.4029293,-0.59917927,-1.0945095,-1.7628711,-2.0403996,-1.936202,-1.6133113,-1.1536056,-0.20112127,0.28965932,0.32154936,0.12890014,-0.31490755,-0.57606757,-0.90915954,-1.1973753,-1.27149,-1.3860356,-1.4299595,-1.4261941,-1.2490292,-1.2643174,-1.3664557,-1.3120791,-0.5838071,-0.58077705,-0.5807666,-0.5807384
-2.273126,-2.20072,-2.133585,-2.0885775,-2.0211105,-2.0170743,-2.0424442,-2.046597,-2.154052,-2.3473377,-2.4993584,-2.472703,-2.3741226,-2.2363093,-2.056629,-1.7383637,-1.4559454,-1.0211906,-1.6880816,-2.4020844,-3.5522847,-3.9575543,-3.919993,-3.588002,-2.890581,-2.5437455,-2.534234,-2.9259105,-3.0678866,-3.3677194,-3.6596088,-3.2951834,-2.1577356,-1.6074145,-0.9794446,-0.19232509,0.7306496,1.3848981,1.2232131,1.0509632,0.81129605,0.19789018,-0.15911391,-0.59605926,-1.3724401,-2.3322453,-2.3402941,-1.1563051,-0.3434364,-0.19259465,-0.24773699,-0.21226543,-0.11801539,-0.082850605,-0.10725781,-0.056106508,-0.07434264,0.045752704,0.39179182,0.89664596,0.68503875,-0.35429108,-0.56428313,-1.3203363,-1.812583,-1.9688948,-2.217967,-2.3515787,-2.338585,-2.169327,-2.095741,-2.2373428,-2.4354556,-2.4779058,-2.3488772,-1.9523551,-1.4825196,-1.1784139,-0.6944647,0.2851739,1.2260941,1.8818517,2.6075385,3.0644498,3.4692469,4.3373146,5.3952956,6.5518603,7.438668,8.378811,9.416815,10.768484,11.690696,11.899022,11.35575,9.846823,8.127927,5.9058714,3.8954709,2.6442065,1.7146473,0.89594984,0.24089086,-0.3824581,-0.93380105,-1.3050594,-1.5987549,-1.9866735,-2.2748084,-2.466927,-2.2754812,-1.1713033,-0.48072094,-0.49599367,-0.8023553,-1.1865255,-1.6359999,-2.0235019,-3.0022414,-3.449545,-3.4730878,-3.4246984,-3.2466216,-3.0281744,-2.540018,-1.6086779,-0.45101452,0.41312385,1.0612942,1.1768699,1.019419,0.61398447,-0.5597684,-1.8129374,-2.2204518,-2.478633,-2.4628031,-2.4675086,-2.5968418,-2.7707362,-2.9833453,-3.2111712,-3.3762465,-3.334642,-3.2405202,-3.1711836,-3.1759844,-3.328572,-3.3210526,-2.8979616,-2.2445784,-1.7348806,-1.7334777,-2.2407875,-2.8177733,-3.2540326,-3.3905807,-3.1260526,-2.8727238,-2.6523132,-2.5305374,-2.7441554,-2.8855777,-2.9342952,-2.5063882,-1.5356365,-0.54867285,0.048200548,0.109807014,-0.1431123,-0.47187102,-1.0088665,-1.6658065,-2.5651054,-3.0647078,-3.1575618,-3.094387,-3.026905,-2.9878466,-3.0337443,-3.0842729,-3.1205127,-3.3375578,-3.4841044,-3.2080956,-2.5192366,-1.7461507,-0.534727,0.20614818,0.37007427,0.27223137,-0.017356038,-0.25251976,-0.6054162,-0.7669989,-0.7284157,-0.826139,-1.0092053,-1.1535943,-1.3349066,-1.5988852,-1.6041274,-1.8257016,-1.5751306,-1.5716469,-1.5716337,-1.571596
-0.66399014,-0.56864357,-0.40555164,-0.2622539,-0.06865916,-0.029781222,-0.08522105,-0.118133605,-0.34099552,-0.58476275,-0.6766943,-0.5476126,-0.37366706,-0.1555236,-0.0076919496,-0.04122567,0.2029414,0.861906,0.57843673,0.18119046,-0.22318527,-0.73692,-2.1401584,-2.1619203,-1.4322093,-0.043786652,0.6999515,0.4935904,-0.18034667,-0.46551555,-1.0066493,-1.2350291,-0.831987,0.17037272,1.3961067,2.9507735,5.6657963,8.243454,9.996192,10.309296,10.371537,9.611797,8.257299,6.4780865,3.8941605,0.7377981,-1.0100842,-1.3561621,-1.5492728,-1.6250718,-1.5505263,-1.6592422,-1.8439856,-2.0055768,-1.8555126,-1.5279082,-1.4838098,-1.1634784,-0.4682389,-0.36510122,-0.5174661,-0.56887454,-0.4276902,-0.8998519,-1.4897583,-1.8344994,-2.1625042,-2.397419,-2.5944142,-2.6886299,-2.8161514,-2.8313618,-2.8106265,-2.745034,-2.5840707,-2.1929207,-1.7827146,-1.7029538,-1.4672244,-0.46211207,0.42695272,1.2425886,2.2978165,2.8270714,3.3802972,4.143907,4.3116646,3.9191873,3.4455001,3.2137065,3.551365,3.9360194,3.5076177,3.155981,2.0796654,1.2316229,1.112562,0.92871225,0.59426826,0.18113637,-0.19539794,-0.55608773,-0.8730528,-1.147045,-1.1383603,-1.0893232,-1.1385177,-1.3897674,-1.5256478,-1.5891663,-0.7589495,0.45918423,1.0064213,1.1379222,1.2665639,1.006772,0.33886313,0.21461335,-0.3034929,-0.6342776,-0.769883,-0.82278895,-0.19588338,0.7030641,2.2070577,6.1153173,9.158424,10.284246,10.651026,11.068498,10.963535,9.9049,6.857359,2.7398248,1.075795,0.06708735,-0.4695985,-0.8834941,-1.4259735,-1.9039638,-2.3295503,-2.7150097,-3.184523,-3.451189,-3.5626974,-3.6291234,-3.6019478,-3.5765028,-3.4100692,-2.9014091,-2.1039586,-1.4166831,-1.0360719,-0.89230263,-1.5684521,-2.4009042,-3.0506582,-3.1020064,-2.992917,-2.6135113,-2.0327272,-1.794771,-1.668468,-1.6137247,-1.3219979,-0.73820376,-0.24157393,0.018700153,-0.4185015,-1.1622722,-1.7362654,-2.0246515,-2.3717656,-3.0159795,-3.5778878,-3.7633317,-3.7516363,-3.6751924,-3.6292114,-3.612713,-3.5753994,-3.4042153,-3.2420616,-3.1837962,-3.0968444,-2.7750955,-2.1861038,-1.0668622,-0.53796214,-0.4186215,-0.39973333,-0.5150664,-0.9344152,-1.4518323,-1.8079944,-2.167107,-2.270305,-2.2918544,-2.4621022,-2.5778122,-2.2789092,-2.17102,-2.0305426,0.31829533,0.32346094,0.3234817,0.3235329
-1.1465163,-1.0704559,-0.8986206,-0.52756137,-0.13201281,0.31437755,0.5511778,0.6724751,1.2389808,1.6014926,1.8438643,1.6228379,1.3572154,1.0920372,0.821101,0.76440835,0.6344069,0.24705341,0.7450267,1.1788951,0.8914253,0.95001054,1.7503943,1.4189149,-0.16456899,-1.8653007,-2.260486,-1.849014,-1.5594001,-1.1779243,-0.9201045,-1.4500408,-2.3185794,-2.4329622,-2.4778533,-2.4219923,-2.118273,-1.7153847,-1.3855269,-1.3009937,-1.240024,-1.4787526,-1.9536649,-2.1833572,-2.0211554,-1.713956,-1.9219798,-2.4189086,-2.2648106,-1.8626276,-1.7026609,-1.7106347,-1.8206525,-2.0413463,-2.2879505,-2.4476328,-2.5496335,-2.542479,-2.1543026,-1.5548804,-1.053723,-0.41671193,0.25163808,1.1838603,2.169324,2.83277,3.3040047,3.6532016,3.665769,3.249516,2.4985135,1.5952196,0.34800795,-0.8118035,-1.7394621,-2.2740057,-2.2403774,-2.0247927,-2.3248012,-2.7901497,-3.0101795,-3.0606923,-2.969318,-2.792087,-2.5483398,-2.1778169,-1.9656386,-2.0212543,-2.124147,-2.2575262,-2.148066,-1.8754818,-1.4263754,-1.3090677,-1.0352234,-0.9926095,-0.85215443,-0.5930406,-0.3768015,-0.3093158,-0.370205,-0.45941514,-0.51873803,-0.5797224,-0.7629928,-0.8588886,-1.0021094,-1.1501312,-1.1119825,-1.1201538,-0.93446803,-0.9221314,-1.1132584,-1.5625126,-1.1891798,-1.0387173,-0.9888332,-1.0792233,-0.7335078,0.010418734,0.4972792,0.8542571,1.1256688,1.1863959,0.6174262,-0.35817894,-1.7414961,-2.3748713,-2.5083017,-2.1602848,-1.8166418,-1.5922348,-1.9556348,-2.3292246,-2.1527848,-1.5156808,-0.6207371,-0.032061033,0.49941498,0.8797654,1.2772729,1.6794527,2.2394552,2.4192052,2.2597322,1.9162011,1.3951012,0.5277093,-0.50732034,-1.40082,-1.7664714,-1.6931984,-1.8145978,-1.8652533,-1.5967066,-1.1895696,-0.60521656,-0.45860404,-0.37585682,-0.4984435,-0.7684791,-0.87192297,-0.90512097,-1.10364,-1.2186927,-1.0947057,-0.63523394,-0.01837802,1.8250341,4.527856,6.711694,8.282236,8.807693,9.199507,9.387587,9.498902,9.578781,9.675632,9.717985,9.693565,9.513802,8.780525,7.3047705,4.9982543,3.1435082,1.5960385,0.30806303,-1.3676465,-2.4681697,-2.8549745,-2.9181533,-2.8520756,-2.8741088,-2.8290486,-2.7996612,-2.8044076,-2.7535605,-2.5947042,-2.3850002,-2.0968418,-1.9930136,-1.9469202,-1.8658706,-1.7648523,-1.7725768,-1.7726068,-1.7726992
-2.6950743,-2.6341841,-2.5777428,-2.434307,-2.2755637,-2.011043,-1.8661776,-1.8284664,-1.7419436,-1.6731997,-1.5735893,-1.3371831,-1.2302711,-1.2320324,-1.1665614,-1.0411587,-1.0278343,-0.8687832,-0.84383553,-1.132301,-1.580548,-1.8573478,-2.5636694,-2.4367394,-1.859874,-1.0968161,-0.8422457,-1.476949,-1.9927285,-2.413554,-2.672623,-2.628153,-2.1213894,-1.7500551,-1.3622932,-0.8485216,-0.29889363,-0.11985456,-0.55049443,-0.79614234,-1.0890772,-1.2517457,-1.1134231,-1.2854886,-1.9396379,-2.709282,-2.8080645,-2.4631348,-2.2614417,-2.2073767,-2.3040388,-2.4771276,-2.7086635,-2.7716484,-2.6199136,-2.5605097,-2.4799411,-2.211092,-1.7378159,-1.448432,-1.5852675,-1.4008542,-1.3046865,-1.3053789,-1.212386,-1.4161462,-1.5688565,-1.5414524,-1.3741866,-1.1076684,-0.6809986,-0.42495683,-0.18609133,0.32044584,0.9552196,1.7097261,2.411952,2.828176,3.09028,3.108984,2.9343715,2.699835,2.3269632,1.9380916,1.6116315,1.3939364,1.4137365,1.4878991,1.6096685,1.8233093,1.9435523,1.4970425,0.51108,0.020070612,-0.61882275,-1.0325725,-1.560455,-2.3215263,-2.8576684,-2.9711146,-2.864406,-2.6014843,-2.1725945,-1.5839102,-0.7027656,-0.38338393,-0.3623274,-0.3167036,-0.10812564,0.34174114,1.606694,2.3743458,2.3393028,1.851996,1.1888312,0.537086,-0.11291076,-0.41612828,-0.66591585,-1.1623994,-1.6122926,-1.9959874,-2.321308,-2.4204853,-2.3695655,-1.9802127,-1.8981447,-1.254087,-0.29572156,-0.2567391,-0.7287641,-1.255282,-1.8602589,-2.190736,-1.7005489,-1.326045,-1.4840839,-1.7414542,-1.8603057,-1.9513133,-2.11111,-2.2613196,-2.224189,-2.0334954,-1.7932715,-1.6185837,-1.5455936,-1.5860956,-1.4404318,-0.9533547,-0.24283865,0.20450428,-0.1200504,-0.8271959,-1.8525647,-2.5555334,-2.4674466,-1.9276114,-1.3746516,-0.7376552,-0.038369074,0.44676048,0.72409457,0.8249992,1.3270123,1.8221748,2.071969,2.1795905,1.9663248,1.424181,0.7448195,0.20978214,0.02664198,-0.59017694,-1.0388821,-1.2353156,-1.2921239,-1.2943242,-1.2416409,-1.166592,-1.0828364,-1.0159936,-1.1026477,-1.1700397,-1.082822,-0.6628123,0.09241365,1.4787695,2.2868028,2.524416,2.751429,2.6962,2.3437192,2.1031504,1.7251239,1.6763777,0.97735083,0.47841144,-0.045093834,-0.67433274,-1.2763525,-1.2679123,-1.5271201,-1.2096949,-1.2063849,-1.2063798,-1.2063632
-1.0637063,-1.0484154,-0.89230144,-0.5254,-0.15907219,0.20714065,0.432574,0.55185056,0.7989954,0.926468,1.1864618,1.3261755,1.3689618,1.3951051,1.2900684,1.1322129,1.2145753,1.6582592,2.8656855,3.0075104,2.3214512,0.39511633,-0.4582923,-0.74130726,-0.10643336,0.6989284,0.8297168,0.7008833,-0.24061573,-1.0673274,-1.246802,-1.1290145,-1.2086086,-0.85895634,-0.58446926,-0.5851326,-0.69535923,-0.7567625,-0.42774504,-0.23717114,-0.23108493,-0.2845219,-0.71743083,-1.2231734,-1.3621018,-0.92152345,-0.38971627,-0.67183256,-0.95190656,-1.1678069,-1.3109179,-1.1678557,-0.8147786,-0.65921366,-0.11381365,0.73295546,1.5782324,2.99274,5.1670413,7.534275,10.187658,11.759399,11.793707,10.9019375,8.986048,7.300335,5.75496,4.451647,3.228769,2.1234832,0.64374655,-0.208179,-0.89695406,-1.0591321,-1.1066864,-0.99872816,-0.9450147,-0.7479496,-0.598769,-0.9157232,-1.3449252,-1.498217,-1.6486856,-1.673247,-1.5772574,-1.5142727,-1.7464716,-1.92563,-1.8684794,-1.6021068,-1.4337419,-0.93942696,-0.44426963,-0.2540882,0.093301326,0.31675526,0.29787928,0.64949375,0.7010071,0.4134116,0.068136156,-0.20951533,-0.49284744,-0.8012458,-0.870487,-0.68670547,-0.6428125,-0.777601,-1.0402241,-1.3580818,-1.6847014,-1.3424021,-0.49354392,-0.04719156,0.1986185,0.5292756,0.34143737,0.1609683,0.8013083,1.2658384,1.4548647,1.392168,1.4904243,1.6011373,1.5165161,1.2408834,0.31817237,-0.2746333,-0.57217747,-0.7145852,-0.6641372,-0.34085724,-0.2806691,-0.17578083,-0.11676558,0.010150179,-0.11775981,-0.5295784,-0.54029256,-0.60628635,-0.74556315,-0.92995197,-1.1727787,-1.3879284,-1.5211307,-1.5639021,-1.3263338,-1.1692842,-1.1887655,-1.2563876,-0.8071549,-0.1355516,0.13222969,0.23332593,-0.03767322,-0.45412815,-0.740091,-0.7876376,-0.7905834,-0.7060504,-0.4116147,-0.1908607,-0.3932255,-0.8050709,-1.1328944,-1.2799516,-1.2302774,-1.0590504,-1.0092698,-0.46350515,-0.015815169,0.16779266,0.45481282,1.0600443,1.6814272,2.0370057,2.2209558,2.3441787,2.2768426,2.1855602,2.1432366,2.111351,2.0593152,1.7078149,1.2939667,0.7698306,0.3649856,-0.4378734,-1.2548077,-1.5829265,-1.7637875,-1.8391743,-1.9877564,-2.0555308,-1.8839042,-1.6491047,-1.7523376,-1.82047,-1.8582217,-1.9186008,-1.9717774,-1.921286,-1.8617918,-0.51237935,-0.51022094,-0.5102148,-0.51018476
-2.9673038,-2.924508,-2.9084759,-2.845538,-2.7974133,-2.7171764,-2.6691034,-2.6866803,-2.8379729,-2.9242308,-3.028755,-2.909464,-2.8017118,-2.708466,-2.6238725,-2.6202583,-2.5973454,-2.5719934,-2.743206,-2.9058475,-2.9877248,-3.1072593,-3.5558956,-3.2044086,-2.1933167,-1.3149736,-1.220468,-1.6834307,-2.2416182,-2.710046,-2.901139,-2.5783062,-1.6279128,-1.2287633,-1.0328985,-0.69342613,-0.15312366,0.11902629,-0.1235804,-0.4421183,-0.88363755,-1.3688147,-1.3014023,-1.3815677,-1.942548,-2.770428,-2.9099874,-2.5075169,-2.263432,-2.1083403,-2.053683,-2.2439084,-2.6220884,-2.936896,-2.9975219,-3.0240936,-2.9492846,-2.7133672,-2.3756762,-2.5159402,-2.9314451,-2.8531134,-2.6919913,-2.4058306,-2.0231118,-2.261912,-2.5986865,-2.8636804,-2.9072425,-2.7807112,-2.3858829,-1.947763,-1.1220167,0.607674,2.8363695,5.1970806,7.3888874,8.759576,9.757816,10.479448,10.785243,10.839022,10.656164,10.451269,10.193097,9.441551,8.27852,6.8970194,5.5832186,4.0077786,2.8834085,1.1849147,-0.55430233,-1.0356951,-1.5476754,-1.6849952,-1.7341822,-2.1226683,-2.4766386,-2.5662222,-2.5137959,-2.4082031,-2.2833905,-2.0431654,-1.776974,-1.724573,-1.7202739,-1.7721106,-1.9021882,-2.0215113,-1.9296119,-1.6322205,-1.5199766,-1.5012071,-1.5612304,-1.745362,-1.6755079,-1.3281084,-1.8029337,-2.4383893,-2.7824512,-3.0270085,-3.303842,-3.446855,-3.3277287,-2.91326,-2.7864342,-2.737688,-1.9459718,-1.705024,-1.8647873,-1.845907,-1.460717,-1.3248334,-0.83995605,-0.48156828,-0.68905956,-1.1320623,-1.5187963,-1.9016135,-2.4198747,-2.9275482,-3.3867373,-3.4245386,-3.2833467,-3.1489959,-3.0716085,-2.9546528,-2.8429937,-2.7537508,-2.5812392,-2.7009857,-3.115713,-3.2238324,-3.4237783,-3.0734916,-2.7382784,-2.3942657,-2.1258645,-1.8559029,-1.6904691,-1.6926975,-1.7172345,-1.7189097,-1.6748239,-1.4706438,-1.2848071,-1.3222979,-1.6582258,-2.0263305,-2.1215186,-1.924399,-1.9411767,-2.4795055,-2.978496,-3.17134,-3.2411275,-3.2663603,-3.256928,-3.2173839,-3.1630445,-3.0204296,-2.7482944,-2.4239755,-2.0917022,-1.4711313,-0.74296135,-0.09935139,-0.28695646,-0.3416679,-0.32243377,-0.3709808,-0.46599102,-0.76273715,-0.96837926,-1.069527,-1.2172867,-1.420968,-1.6456685,-1.8329563,-1.9680715,-2.0288236,-2.1060739,-2.1911647,-2.1869166,-2.186907,-2.186882
-3.4639263,-3.3972042,-3.328548,-3.1189904,-2.9266021,-2.649446,-2.4315991,-2.3559349,-2.112164,-1.9626944,-1.8221414,-1.7875704,-1.8917232,-1.94451,-1.9653289,-1.745542,-1.539636,-1.4971042,-1.4203843,-1.6521156,-2.2539062,-2.122836,-2.063651,-2.457551,-2.708342,-2.9922843,-3.141571,-3.39256,-3.6947765,-3.664082,-3.3095455,-3.0744553,-2.8001714,-2.5740027,-2.5137532,-2.3584425,-2.1848886,-2.1355724,-2.1475072,-2.17255,-2.262697,-2.1439486,-1.927283,-1.8025395,-1.8951259,-2.1146808,-2.271228,-2.3660295,-2.1258736,-1.9518299,-2.263771,-2.6688313,-2.963657,-3.2857218,-3.4645672,-3.5222197,-3.5106509,-3.2956219,-2.834829,-2.6052191,-2.8816025,-2.703151,-2.4464576,-2.154743,-1.2462025,-0.73264647,-0.5532383,-0.4795008,-0.61769044,-0.87471616,-1.3607332,-1.7491392,-2.3021367,-2.586523,-2.585274,-2.352923,-2.043494,-1.8669186,-1.8043303,-1.7995987,-1.7535014,-1.5991251,-1.4531679,-1.3188964,-1.1956308,-1.1958755,-1.4369411,-1.7096181,-1.9442135,-2.1848924,-2.1196394,-1.8678658,-1.5041821,-1.2997801,-1.0982444,-1.2143626,-1.5777434,-1.7768989,-1.7634466,-1.7745697,-1.8026383,-1.7655908,-1.672056,-1.4750752,-1.346736,-1.2925434,-1.3608477,-1.5744529,-1.8767177,-2.255278,-2.817947,-2.8518646,-2.560522,-2.6483428,-2.5492985,-2.2674685,-1.8089986,-0.99577683,-1.0921695,-1.1387763,-1.0550315,-0.9892048,-1.0464126,-1.1682088,-1.3971334,-2.153595,-2.7050266,-3.156248,-3.2157638,-2.8617651,-2.4442928,-1.9922934,-1.5514265,-1.3711152,-1.3766125,-1.6208497,-2.012872,-2.251995,-2.0994558,-1.9293121,-1.7279823,-1.5479436,-1.3451834,-1.1835718,-1.1582135,-1.2261155,-1.3642619,-1.5647074,-2.0095985,-2.3681695,-2.4443219,-2.5521903,-2.8203683,-2.8634522,-2.830355,-2.4868662,-1.8345802,-1.4571518,-1.1809723,-1.0666063,-1.2925208,-1.8344069,-2.3521175,-2.641182,-2.988004,-3.0493894,-2.932228,-2.7881567,-2.604792,-1.6883184,-0.63574106,0.10832703,0.4224945,0.49968308,0.4082167,0.3014735,0.24167511,0.2041721,0.1406921,0.14779526,0.16537768,0.19124743,0.5501369,0.80806565,0.48503488,-0.15931422,-0.80598557,-2.2328649,-3.416349,-3.7647657,-3.8610342,-3.8361301,-3.866222,-3.9564576,-4.0056963,-4.096136,-4.1903505,-4.263313,-4.269308,-4.351392,-4.441495,-4.530838,-4.52022,-4.644677,-4.6435456,-4.6435432,-4.6435337
-1.8047934,-1.7338512,-1.7122157,-1.7615662,-1.7631395,-1.903578,-1.997355,-2.0321074,-2.1312246,-2.2770216,-2.5031888,-2.5748816,-2.552387,-2.5176086,-2.5275936,-2.6087584,-2.6887612,-2.7361274,-3.0199716,-3.1693573,-3.4353247,-3.3540878,-3.599047,-3.6065745,-3.2715483,-3.232748,-3.3542657,-3.8178725,-3.7560735,-3.97759,-4.196514,-4.1052685,-3.1984282,-2.4336858,-1.7292016,-1.0763083,-0.68918335,-0.58853495,-0.9435573,-1.1540958,-1.4382466,-1.8578804,-1.6619073,-1.6775483,-2.1234956,-2.9680176,-3.5709195,-3.2508752,-2.4181912,-1.5780841,-0.5472951,0.1169188,0.091809094,-0.20886289,-0.3754348,-0.5947937,-0.714866,-0.7346461,-0.7014354,-0.7668416,-1.2003977,-1.921174,-2.0785925,-2.1984468,-2.0046248,-2.0802457,-2.2822175,-2.4407241,-2.4475389,-2.3829608,-2.422234,-2.6200225,-2.8544216,-2.8710122,-2.7352962,-2.4514441,-2.1828556,-2.144497,-1.9774033,-1.5484551,-0.914311,-0.5296279,-0.5665827,-0.79974174,-0.9662434,-1.3407984,-1.6952109,-1.7664101,-1.8445711,-1.7982821,-1.6764455,-1.6542976,-2.098208,-2.0846992,-2.0453987,-1.7262001,-1.5769924,-2.0896742,-2.5277715,-2.6173754,-2.5932813,-2.5814695,-2.5598235,-2.5002522,-2.414251,-2.4013026,-2.3809159,-2.4375741,-2.643011,-2.7954514,-2.9505618,-2.4191558,-2.3627648,-2.8947713,-3.1087022,-3.0609107,-2.5546603,-1.5977366,-1.8777001,-2.3362844,-2.4527118,-2.5503726,-2.7120235,-2.9247441,-3.070457,-2.7989929,-2.43852,-3.068564,-3.1302505,-3.1483107,-2.942572,-2.4449224,-2.2320216,-2.2522278,-2.1773465,-2.1441278,-2.06188,-1.9844613,-1.9548166,-2.0543175,-2.2767503,-2.5426261,-2.9191866,-3.04393,-3.0200748,-2.980671,-3.0187325,-3.2339969,-3.641725,-3.6767514,-3.3179424,-3.3192801,-3.6444871,-3.8293884,-3.849083,-3.778041,-3.7868876,-3.5564601,-3.4314997,-3.4057584,-3.4607453,-3.6304822,-3.662466,-3.6307526,-3.3667188,-2.89079,-2.5139432,-2.3556194,-2.272036,-2.0886676,-1.6569273,-1.1091787,-1.2449815,-1.8146796,-2.3140545,-2.4655218,-2.4650493,-2.439525,-2.4470925,-2.4866366,-2.586812,-2.7428946,-3.0602555,-3.4732103,-3.6166463,-3.5137982,-3.276158,-2.8608856,-2.6288722,-2.439135,-2.2481608,-2.2293162,-2.1658545,-2.3674593,-2.520654,-2.5641508,-2.7063868,-2.8269348,-2.9631472,-2.907751,-2.8842983,-2.9316294,-3.001319,-1.5170219,-1.5124147,-1.5124027,-1.5123601
-0.22897926,-0.26865327,-0.32891873,-0.34493747,-0.28346393,-0.21995643,-0.17869136,-0.1394078,-0.14224142,-0.26240742,-0.25487465,-0.111794576,-0.024865061,0.022569507,0.05363716,0.16036189,0.49290195,0.93298817,0.5844144,0.16011299,-0.81420654,-2.2594926,-2.3381305,-1.0040184,0.8436401,1.8400115,1.6767575,0.28609043,-0.48232412,-0.76545084,-1.178191,-0.9855509,-0.12968034,0.7460438,1.2406073,1.7376792,2.113448,2.4360394,2.3364482,2.0557604,1.42679,0.42237142,-0.09368597,-0.42347455,-0.8736919,-1.2858727,-1.19747,-1.0032271,-1.1220136,-0.955035,-0.29951334,-0.10906424,-0.2092318,-0.17716739,-0.1859653,-0.37759376,-0.5740624,-0.6515225,-1.1510897,-1.3732672,-1.1797453,-1.1955919,-1.3240365,-1.4290061,-1.1677021,-1.3387243,-1.5824379,-1.7173191,-1.5895905,-1.4252694,-1.2867167,-1.1934309,-0.7383801,-0.15024918,0.44632065,1.1621897,1.1749592,0.9650637,1.0267632,1.2542645,1.5025121,1.5075738,1.5201347,1.6215637,1.8273621,2.4846115,3.4179506,4.4771614,5.317193,5.691245,5.756287,5.42547,4.0809774,3.2394638,1.8502388,0.61735576,-0.09147428,-0.5680176,-0.69140244,-0.6866111,-0.67868555,-0.668463,-0.65913385,-0.59440637,-0.38205627,-0.26468486,-0.16582863,-0.07752277,-0.055210754,0.023314074,0.22969177,-0.0014393926,-0.09150025,0.8088325,1.2833767,0.99020875,0.30693227,-0.17571753,-0.10431466,-0.3441025,-0.65191305,-0.9554243,-1.1105646,-0.9329181,-0.37921792,0.8730188,1.652127,1.9101253,2.6561298,2.4699337,1.374716,0.29679072,0.23677233,0.29513514,0.55696017,0.8300792,0.44403195,0.111614585,-0.02004978,-0.24359864,-0.63923365,-1.067605,-1.4556899,-1.4744128,-1.4482026,-1.51584,-1.7131767,-1.4954615,-0.3649065,0.9077521,1.5489411,1.8656927,2.0101752,1.7371477,1.2287321,0.9717536,0.23523483,-0.11359006,-0.31877133,-0.12534976,0.47691244,0.88525295,1.2593725,1.3820107,1.3414853,0.8095909,0.3321021,0.2476331,0.37472078,0.5000669,0.23367816,-0.057463646,-0.0641354,-0.20058855,-0.44394955,-0.42864102,-0.38166356,-0.34143904,-0.3854657,-0.5190207,-0.60046726,-0.48082206,0.26089358,1.775019,3.452745,5.4214497,6.79424,8.170918,8.86521,9.007346,8.9714365,8.951297,8.88897,8.804411,8.810916,8.7664585,8.71967,8.760346,8.814536,8.764408,8.327229,8.058046,7.6241746,3.0590897,3.0570107,3.0570025,3.0569623
-0.28938,-0.339823,-0.39453647,-0.35377967,-0.48025617,-0.43203452,-0.47802854,-0.52586734,-0.4642055,-0.32360005,-0.3480032,-0.4482445,-0.60432225,-0.8045028,-0.97484446,-1.1485195,-1.4206909,-2.1070628,-2.57276,-2.530281,-1.6782372,0.89920485,2.1857526,1.8362229,0.26222357,-2.2352316,-2.587572,-2.3552434,-1.5992029,-0.7395152,-0.10020853,-0.4135123,-1.2336888,-1.4843599,-1.7685206,-1.7949015,-1.6945478,-1.6813073,-1.7436733,-1.7901986,-1.7023314,-1.2453097,-1.0795938,-0.8862643,-0.3597203,0.31349364,0.30986282,-0.47928286,-0.96394765,-1.3184037,-1.7788999,-1.8542233,-1.786489,-1.7793149,-1.93589,-2.102467,-2.2561085,-2.3667893,-2.2624211,-2.1165757,-1.983572,-1.9013697,-1.9271752,-1.1076488,-0.085695624,0.5446998,0.9260031,1.0118388,0.76656836,0.3887971,0.0022063851,0.2450484,0.5283984,0.47963277,0.17817798,-0.3244599,-0.75761926,-1.0033944,-1.4654515,-1.9077938,-2.164965,-2.0881493,-1.8594899,-1.6659958,-1.4118946,-0.9728283,-0.6905995,-0.6683333,-0.7974478,-1.5638658,-1.7948115,-1.8161292,-1.43658,-1.3896527,-1.2197763,-1.0751119,-0.8338916,-0.2849512,0.26073888,0.46807137,0.50327706,0.51531756,0.5116426,0.5190252,0.41735476,0.47457907,0.552035,0.34010386,-0.22363053,-0.9270996,-1.9873171,-2.9586425,-3.1568036,-2.3058567,-1.2796527,0.50178504,2.959396,7.396839,9.581595,10.422904,10.785386,10.90127,10.836053,10.6993065,10.678244,9.6154585,6.55868,2.8426893,0.5923429,0.12376796,0.42632094,0.7574077,1.3980756,2.0538912,1.8656971,1.6410699,1.5971427,2.0400286,2.6881065,3.121665,3.50721,3.7415047,3.641634,3.484579,3.1312373,2.7333407,2.222284,1.9966913,1.6044756,0.6514881,-0.5336944,-1.0532448,-1.2639416,-0.9010471,-0.24610269,0.39513338,0.9160788,1.1465132,1.186738,1.0139266,0.42484736,-0.46725795,-1.188558,-1.3128353,-2.1231403,-3.0389893,-3.616561,-3.8414812,-3.7778077,-3.5370936,-3.2686663,-2.7039313,-2.2299132,-1.4288785,-1.0831797,-1.064121,-1.1263707,-1.2009466,-1.2562118,-1.3260896,-1.4180895,-1.4698709,-1.1254239,-0.6623201,-0.67633265,-1.1335478,-1.5019517,-2.036992,-2.2108486,-2.1377392,-1.8925192,-1.5282048,-1.2136647,-0.976969,-0.94828427,-1.2339408,-1.3419222,-1.4625701,-1.4348606,-1.3618469,-1.101747,-1.0695401,-0.862638,-1.1880543,-1.1914066,-1.1914239,-1.1914791
0.4677831,0.5290775,0.5595698,0.2754126,0.012688667,-0.33323944,-0.55181277,-0.5767126,-0.7553183,-1.02755,-1.4402688,-1.6186174,-1.6616286,-1.6631504,-1.7310079,-1.835928,-1.7700305,-1.6870751,-1.6560701,-1.5770224,-1.0646762,-1.5019678,-2.483658,-2.6778374,-2.3646111,-2.0471435,-1.9074343,-1.8692971,-2.0196276,-2.6985974,-2.9616117,-2.2982452,-0.6040064,0.7576628,1.6304095,2.171678,2.3338394,2.2534266,1.7886267,1.3236349,0.87081,0.11306977,-0.079563655,-0.2893975,-0.5000041,-0.65415025,0.59364265,3.5710516,6.799019,9.0634365,10.791855,11.764591,11.881782,11.737342,11.5568075,11.37636,11.143115,10.918549,10.549501,9.617409,6.934601,3.6041055,2.5191705,0.7262758,-1.0558802,-1.7574022,-2.1459846,-2.3153605,-2.347498,-2.1553001,-2.0449347,-2.40739,-2.8160987,-2.9090843,-2.6610856,-2.1971402,-1.5376353,-0.8262955,-0.0018797368,0.80571663,1.411441,1.4841876,1.4722904,1.4789631,1.4792886,1.3416592,1.152338,1.0469513,0.34155208,-0.65075284,-1.0459534,-0.9148248,-0.7639388,-0.4323122,-0.33674157,-0.4260232,-0.6005639,-1.3506029,-1.7531867,-1.9099269,-2.0476954,-2.2143626,-2.3136592,-2.2282324,-1.8339596,-1.6475124,-1.4755743,-1.3751884,-1.3287644,-1.2579253,-1.2899683,-0.8594763,-1.2416415,-1.9660208,-2.170137,-2.116866,-1.8179586,-1.3992995,-1.8960387,-2.3532026,-2.5204117,-2.6576066,-2.805665,-2.9494495,-2.7880597,-2.1566844,-1.0172067,-1.1914389,-1.5362787,-2.0098977,-2.169312,-1.8179514,-2.0660257,-2.4782841,-2.817976,-3.105198,-3.3570795,-3.4513497,-3.4530308,-3.3790345,-3.2187939,-2.999073,-2.8003054,-2.6279237,-2.5658612,-2.5607846,-2.8086395,-3.4774704,-3.9518213,-3.5489368,-2.5529017,-1.9918234,-1.8071891,-1.9490261,-1.8681351,-2.1995237,-2.60201,-2.6142511,-2.5448442,-2.3987095,-2.0556052,-1.9292672,-1.9155614,-1.8887545,-1.6011944,-1.1473055,-0.9213493,-1.0980004,-1.1498239,-0.9609082,-0.64031756,-0.4997523,-0.9810545,-1.6721292,-1.9871202,-2.0203607,-1.9831895,-1.9400122,-1.8165196,-1.7271719,-1.6649463,-1.6270771,-2.1426852,-2.983821,-3.2350366,-2.8944004,-2.4492013,-1.7304051,-1.1319766,-0.8738013,-0.7385734,-0.633634,-0.63915074,-0.8045452,-0.9361807,-0.9285602,-1.0868235,-1.283776,-1.3343933,-1.4156669,-1.6582417,-1.6590168,-1.7208695,0.11486094,0.12112652,0.121155545,0.12123552
-0.78895235,-0.925439,-1.143796,-1.447902,-1.7613828,-2.0066288,-2.057507,-1.9563648,-1.7534299,-1.4822206,-1.2888981,-1.3769047,-1.4602283,-1.5666625,-1.6066526,-1.4972848,-1.3293136,-1.7005566,-2.2373297,-2.0827446,-0.8419049,0.44214264,1.2761785,0.9934622,0.28426707,0.39484286,1.8399453,5.7536306,8.649733,10.048243,10.826488,10.887981,9.427176,6.7870297,4.0377865,1.6065922,-0.02576384,-0.6433457,-0.1505776,0.69240963,2.2567856,6.2945747,8.842562,10.338874,11.449663,12.194053,12.304243,11.5915165,10.431249,9.307131,7.18499,4.067538,2.6653643,2.0019386,1.4575573,1.0126615,0.6890425,0.30096555,-0.42479175,-0.63537335,-0.26041886,-0.33037072,-0.73871326,-0.924735,-0.8014027,-0.7300364,-0.6129513,-0.7207786,-0.8290046,-0.97624975,-0.89549005,-0.7702203,-0.34592646,0.008444309,0.12848112,-0.04154031,-0.39334166,-0.7363696,-0.99464834,-1.1814046,-1.4232842,-1.3661443,-1.142651,-1.0321393,-1.2672205,-1.7134056,-2.0546598,-2.4259973,-2.3730721,-2.2329273,-1.9422407,-1.0451949,0.6877748,2.1446369,4.896395,7.739433,9.527739,10.594576,11.186001,11.466581,11.653699,11.703754,11.52437,11.109484,10.115118,9.414672,8.905482,8.427896,7.7898407,6.7662597,3.2211256,0.5275836,-0.4375366,-0.35698372,0.13624963,0.9803363,1.2821258,0.17699182,-0.44899023,-0.27852035,-0.0012074113,0.42397588,0.7627015,0.8335016,0.6419794,-0.44177794,-1.0172666,-0.8489506,-1.0963718,-0.20582545,0.96152127,1.151771,1.3507826,2.2379727,2.1527414,1.7611935,0.98907447,0.24748008,-0.2562372,-0.4754244,-0.5654548,-0.4944144,-0.19393347,-0.012432195,0.08725916,0.23075846,0.5325189,1.083583,1.5845338,1.6472573,1.2110583,0.82297516,2.3953192,4.8868227,7.350609,9.339109,9.796853,9.752118,9.442416,8.868509,7.6394224,6.011791,4.485117,4.0736294,2.3866677,0.36321136,-0.9271568,-1.4515287,-1.6333681,-1.710546,-1.8231411,-2.3210478,-2.5791347,-2.2265446,-1.8245832,-1.6779635,-1.6917405,-1.7368834,-1.8650916,-1.8717744,-1.8543143,-1.6204174,-1.0899986,-0.589188,-0.46037167,-0.7048538,-1.1777027,-2.1703131,-2.4629898,-2.404749,-2.2512095,-2.0075667,-1.6811349,-1.1547958,-0.8599018,-1.0295203,-1.2214301,-1.3540275,-1.4138093,-1.5428414,-1.53471,-1.784198,-1.7963743,-3.2635398,-3.2615073,-3.2614925,-3.2614474
-0.40901852,-0.4698224,-0.5588403,-0.7119612,-0.8387846,-0.76674,-0.6073699,-0.58991295,-0.3837503,-0.156739,0.27119482,0.6442023,0.6310767,0.5891255,0.7154957,1.2446902,1.6963623,2.0064669,2.579432,2.513961,1.7459524,1.1063728,1.2319436,0.878983,0.44788098,0.7565198,1.1105276,0.38555688,-0.11398954,0.23729062,0.6221187,0.54530567,0.009206779,-0.18013543,0.04592379,0.26828355,-0.011681191,-0.6468574,-0.6893459,-0.47711495,-0.42940804,-0.5897697,-0.6826808,-0.12756632,0.7874357,1.7000151,2.2532399,2.131217,1.7869427,1.8189721,2.6603026,3.90289,4.3068686,4.188049,3.8932137,3.406033,3.0818977,2.7511861,2.394244,2.2367854,3.043267,4.010667,4.001618,3.3543043,2.6885571,2.792303,3.190813,3.5249639,3.5921755,3.334702,3.0478916,3.2538874,3.6610594,3.7627847,3.5551605,3.071152,2.369981,2.1193523,2.4631114,2.9573512,3.2483935,3.3459444,3.2189994,3.064804,2.8375044,2.3256564,1.6654234,1.1700062,0.71011287,0.29154357,0.6548054,1.4438096,1.9169242,1.8410062,1.4226274,1.0892467,1.3243258,1.7716627,2.1860142,2.4904556,2.6690333,2.8125215,2.8485675,2.762035,2.4217372,2.3799343,2.3691316,2.4067883,2.3842216,2.3545768,2.072167,1.1889083,1.1308631,2.102036,2.5660343,2.2885852,1.5603906,0.52795213,0.8761603,1.664856,2.0870109,2.3918066,2.5161576,2.515935,2.3154602,1.2323606,0.84086764,1.5331745,1.8357995,1.7895346,1.5450583,1.0698487,1.9665399,3.0164142,3.370514,3.4152956,2.8992143,2.3090882,2.1821742,2.3229423,2.631725,3.0946794,3.8297858,4.246787,4.2469406,4.238773,4.372929,4.7879767,4.937785,4.496591,3.954475,4.0187893,4.448203,4.6734242,4.357303,4.5637436,5.2714057,5.3016844,5.0592275,4.7141876,4.4786544,4.4823184,4.3269114,4.1712594,3.671728,2.9817877,2.5471323,2.6304696,2.998678,3.317816,3.0425887,2.8865175,3.1968932,3.8900025,4.354821,4.4736824,4.4680643,4.4207745,4.4099197,4.3629427,4.224514,3.966838,4.105935,4.4878254,4.538329,4.206978,3.9769893,3.8904195,4.215805,4.391099,4.498131,4.642024,4.6375637,4.4706006,4.344133,3.9417028,3.5520625,3.188753,2.9331949,2.499327,1.8741636,1.7779716,1.528928,-1.8726305,-1.8755307,-1.8755416,-1.8755864
-4.676317,-4.595645,-4.5025053,-4.3495336,-4.230636,-4.1629024,-4.1700726,-4.1502895,-4.197324,-4.277506,-4.44434,-4.5440903,-4.559806,-4.553995,-4.553548,-4.559761,-4.503094,-4.3139877,-4.2922163,-4.4401975,-4.7881756,-4.71476,-5.2158976,-5.2196145,-5.034067,-5.286298,-5.2576494,-5.1639776,-5.1809425,-5.4489803,-5.484911,-5.217185,-4.4553843,-3.964326,-3.590354,-3.0397978,-2.3014812,-1.781261,-1.8923202,-2.1208777,-2.4061193,-2.665211,-2.6628757,-3.1192412,-4.0047603,-4.941592,-5.226557,-4.856493,-4.2503157,-3.8755212,-3.9753542,-4.269369,-4.598699,-4.93693,-5.054987,-5.0384164,-4.971826,-4.6372433,-3.8478222,-3.3617215,-3.9729242,-4.102357,-3.6814823,-3.086959,-2.4629867,-2.512641,-2.8557367,-3.1739671,-3.3572636,-3.4053183,-3.598817,-4.036114,-4.618872,-4.8300786,-4.6913276,-4.2011414,-3.5130992,-3.1084075,-2.9484859,-2.7933187,-2.5146177,-2.256709,-2.0798721,-2.030508,-1.9327409,-1.8719444,-1.9752569,-2.090063,-2.2268813,-2.2541056,-2.0313563,-1.945172,-2.307092,-2.3738189,-2.5293708,-2.778039,-3.2582135,-3.9204826,-4.308815,-4.4355726,-4.461064,-4.419794,-4.2631474,-3.965372,-3.4875941,-3.3490863,-3.341999,-3.4653993,-3.5893626,-3.6851354,-3.44342,-2.5413237,-2.4487367,-3.3557885,-3.8966246,-4.0142617,-3.7834837,-2.5130029,-2.6324232,-3.1529677,-3.4428415,-3.6903055,-3.9131296,-4.137772,-4.2089233,-4.0085726,-4.295328,-4.8507338,-4.6890693,-4.429188,-4.3796883,-3.8208961,-3.9076872,-4.476625,-4.4213266,-4.20091,-3.9718504,-3.8516915,-3.7635636,-3.7893066,-3.9045491,-4.094856,-4.34284,-4.4117317,-4.353386,-4.362036,-4.5184445,-4.967575,-5.5418434,-5.6991053,-5.3524017,-5.158533,-5.3812723,-5.629017,-5.8013043,-5.9173117,-5.863822,-5.4725456,-5.0646667,-4.6982236,-4.512661,-4.626137,-4.677272,-4.687157,-4.365344,-3.7857761,-3.3996396,-3.4609747,-3.8709679,-3.7577043,-3.196169,-2.6263056,-2.5909095,-3.0487738,-3.5120869,-3.717887,-3.7718065,-3.7919393,-3.8133783,-3.8506486,-3.9042463,-4.0554376,-4.4367414,-4.937834,-5.2454367,-5.3317094,-5.2649355,-5.197571,-5.512485,-5.622525,-5.5777206,-5.6196337,-5.80162,-6.063093,-6.234855,-6.2369437,-6.3169026,-6.2963123,-6.283701,-6.186328,-6.1591387,-6.198305,-6.1857452,-3.5764225,-3.5703986,-3.570383,-3.5703316
