0,1,2,3,4,5,6,7,8,9,10,11,12,13,14,15,16,17,18,19,20,21,22,23,24,25,26,27,28,29,30,31,32,33,34,35,36,37,38,39,40,41,42,43,44,45,46,47,48,49,50,51,52,53,54,55,56,57,58,59,60,61,62,63,64,65,66,67,68,69,70,71,72,73,74,75,76,77,78,79,80,81,82,83,84,85,86,87,88,89,90,91,92,93,94,95,96,97,98,99,100,101,102,103,104,105,106,107,108,109,110,111,112,113,114,115,116,117,118,119,120,121,122,123,124,125,126,127,128,129,130,131,132,133,134,135,136,137,138,139,140,141,142,143,144,145,146,147,148,149,150,151,152,153,154,155,156,157,158,159,160,161,162,163,164,165,166,167,168,169,170,171,172,173,174,175,176,177,178,179,180,181,182,183,184,185,186,187,188,189,190,191,192,193,194,195,196,197,198,199,200,201,202,203,204,205,206,207,208,209,210,211,212,213,214,215,216,217,218,219
10.692241,10.8503685,10.904251,11.648981,11.4584255,11.440974,11.494801,11.336143,10.476079,8.5897255,6.2079177,4.017174,3.3310595,2.9682565,2.2098198,2.0109913,1.8532426,1.8783733,1.8221681,1.6708293,0.7891498,-0.16024747,-0.28215975,0.04711303,0.6911713,0.8523096,0.36098105,-0.7587138,-1.3983399,-1.2203857,-1.0846295,-0.9152917,-0.828325,-0.8457169,-1.0007404,-1.2264639,-1.3617301,-1.3060455,-1.1130147,-0.22420622,0.472433,0.9453448,0.7295731,0.68409157,0.6284658,0.5924722,0.6227719,0.6872605,0.76901925,0.7880074,0.89453864,0.97154266,1.1393766,1.3469472,1.2297657,0.91188544,0.118493706,-0.8774141,-0.37654927,-0.52158326,-1.2094166,-1.5226941,-1.6203237,-1.7228912,-1.761343,-1.7911942,-1.8874956,-1.7383752,-1.5429913,-1.4558249,-1.1854345,-0.44020474,0.3023871,1.089278,2.0850918,2.3078427,2.4507127,3.0017228,3.4368634,3.8793473,4.302698,5.056885,5.391405,5.147949,4.229183,3.7765582,3.30196,2.9320521,2.538399,2.1579838,1.8134477,1.5209837,1.5117084,1.6344309,1.5280411,1.2378556,1.2946832,1.5777264,1.955377,2.0075886,1.9529088,1.4001243,1.484009,1.4807196,1.2822287,1.0059906,0.9208636,1.0121634,1.3877019,1.6227832,1.8415968,2.0278926,1.9179279,1.3474892,0.55623436,-0.073806584,0.2015064,1.5818608,2.7205477,4.768821,6.938246,8.046545,7.6012263,5.9963174,4.296246,4.0037804,4.0450926,3.5631623,2.775282,2.4530408,2.4991555,2.3262944,1.9448819,1.341108,0.40885967,0.010895784,-0.05536636,0.41504723,0.711182,0.5183222,0.08162869,0.22132578,0.3922475,0.33328757,0.25110316,0.49715105,0.91837776,1.4940281,1.8963684,2.1468043,2.4928107,2.8238857,3.0779004,3.1012049,2.9752073,2.5229156,2.1551807,1.8953437,1.7244499,1.8329494,1.9610255,2.0966868,2.2862115,2.3038466,2.3198733,2.3268228,2.3241029,2.4074683,2.282349,1.3672117,0.21845141,-0.7008507,-0.7947804,-0.12587234,0.118748136,-0.109936185,-0.5061492,-0.51351506,-0.2534639,-0.13007732,-0.06116143,-0.025536746,-0.026187092,-0.03849423,0.2023929,0.51456815,0.61166394,0.619504,0.7124448,0.8703622,1.2987902,1.6060708,2.3499527,2.7734585,3.221407,3.9078822,4.6948037,5.203093,5.80385,6.8478885,7.3513336,7.6996613,7.9855223,8.487674,8.655758,9.014601,9.462482,9.748705,10.425103,10.522795,10.60293,10.576904,10.549489,10.760361,10.856748,10.951785,11.163401,10.654721,10.654509,10.654449
-1.6354141,-1.7232234,-1.7624755,-2.420679,-2.292019,-2.1803403,-2.1499972,-2.1065464,-2.3226824,-2.8173075,-2.7416525,-2.4196935,-2.200272,-2.078217,-2.0464497,-2.1030493,-2.183448,-2.2645996,-2.3711672,-2.542777,-2.5047572,-2.1310549,-2.0924354,-2.2972631,-2.8594956,-3.4813633,-3.5242016,-2.7702837,-2.227736,-1.8512068,-1.7176077,-1.5481327,-1.3862214,-1.2573678,-1.2161299,-1.2397394,-1.3553525,-1.6132673,-2.267902,-2.805956,-2.9875255,-2.8236952,-2.4465857,-2.3295164,-2.245111,-2.2202559,-2.1990066,-2.1863208,-2.234335,-2.2426326,-2.261453,-2.2991254,-2.3828647,-2.174249,-2.014556,-2.0377548,-2.2231035,-2.9459772,-3.3599052,-2.9049225,-1.9592727,-0.4431503,0.085369736,0.7010313,1.1810186,1.4845208,1.8994255,2.5229495,3.9869947,6.1489763,7.97686,9.566225,10.323295,10.321512,10.0468645,9.829557,9.674611,9.676403,9.529399,9.343007,9.35536,8.464659,7.550067,6.2417197,4.645818,2.5660706,1.7060909,1.2875295,1.042695,0.690611,0.27439868,-0.41403311,-0.9926657,-1.2753844,-1.2610645,-1.3476094,-1.3898054,-1.38433,-1.3195436,-1.1139313,-1.0266949,-1.1174161,-1.4350268,-1.9450109,-2.3191533,-2.6506786,-2.8191955,-2.9264297,-2.9880447,-3.1977618,-3.7143087,-3.950863,-3.8672776,-2.976684,-2.3733885,-2.2832766,-2.479416,-2.3441837,-2.2580712,-2.413272,-2.9092307,-2.9380484,-2.763682,-2.7389605,-2.5287223,-2.328598,-2.3463948,-2.2085261,-1.9464368,-1.8867955,-1.9021713,-1.9148294,-1.8563633,-1.7967932,-1.7837377,-1.7159632,-1.4185677,-1.0496961,-0.6527215,-0.7604625,-1.2667329,-1.6984606,-1.9781222,-2.1912289,-2.4037313,-2.561505,-2.6282237,-2.664167,-2.5922112,-2.204121,-1.6442075,-1.3013544,-1.3642266,-1.509371,-1.6855314,-2.0281773,-2.263249,-2.6347713,-2.9957113,-3.0572157,-2.8249373,-2.640695,-2.5553536,-2.4308133,-2.3819847,-2.3605874,-2.3431487,-2.2550821,-2.1091738,-1.8081665,-1.5074105,-1.3667473,-1.4449273,-1.3719712,-1.039479,-0.69533783,-0.35885644,-0.15895957,-0.1759414,-0.18475328,-0.04143817,-0.075683296,-0.11083235,-0.14241162,-0.2523792,-0.3221377,-0.2485989,-0.175334,-0.13448705,-0.14025499,-0.08670287,0.029224396,0.4211904,0.4121616,0.28328216,0.071952485,-0.3630631,-0.5624473,-0.5275851,-0.49161696,-0.57196033,-0.5861362,-0.674397,-0.95288926,-1.1825316,-1.48818,-1.6939142,-1.8912085,-2.3690128,-2.3736882,-2.4259596,-2.5192132,-2.5121655,-2.4984834,-2.4602728,-2.4418597,-2.5485892,-1.6173377,-1.6168385,-1.6168498
0.21171269,0.2683654,0.29381853,-1.0039747,-1.1385394,-1.2103231,-1.1899217,-1.1601605,-1.1730821,-0.6448478,0.16503058,0.39106566,0.2949175,0.34151217,0.3295526,0.3682548,0.5958545,0.7032913,0.62843406,0.45862776,-0.25309503,-1.2550381,-1.5983974,-1.6831653,-1.5253752,-1.7021611,-2.04108,-2.2203972,-2.1323879,-2.032686,-2.0165043,-2.0306761,-2.1094394,-2.197711,-2.2628686,-2.1886015,-1.8910472,-1.2902923,-0.027675569,1.6842635,2.8181686,3.0605354,2.4673529,2.0241895,1.7673612,1.8090463,1.793559,1.7786262,1.6951187,1.6520072,1.6850781,1.4962423,1.4449275,1.8923898,2.0833,2.0663772,1.7125986,0.65618986,0.29954195,-0.5798034,-1.3374958,-2.0300603,-2.1170375,-2.180547,-2.1695197,-2.1522672,-2.1251197,-2.1753433,-2.3917809,-2.6234186,-2.78688,-2.7139697,-2.7184265,-2.9321873,-3.175367,-3.2988303,-3.2832146,-3.2025313,-3.200314,-3.199542,-2.915196,-2.3386302,-2.0400114,-1.7648513,-1.1989036,-0.47411102,-0.2988253,-0.22357684,-0.2717301,-0.5089576,-1.000858,-1.6284413,-1.9789965,-2.0341809,-2.1569753,-2.3126416,-2.3479397,-2.317628,-2.264449,-2.2782626,-1.9923455,-1.4994359,-0.9276559,-0.2008264,0.13187614,-0.13577577,-0.39626053,-0.5333634,-0.46765673,-0.5482934,-0.76214796,-0.8751493,-0.9292699,-0.37323368,-0.10444713,-0.50199485,-1.6356437,-2.504568,-2.4640124,-2.1581972,-1.8399947,-1.671894,-1.4318485,-1.3494463,-1.3316405,-1.4497896,-1.6062453,-1.6159959,-1.5137535,-1.3866057,-1.319968,-1.175875,-0.98239285,-0.78603184,-0.7919227,-1.0350792,-1.4502711,-1.8945402,-2.2202864,-2.216329,-2.3598292,-2.3856647,-2.063851,-1.8771775,-1.9630888,-2.1745458,-2.1898878,-2.0596752,-1.7574818,-1.344906,-0.69585544,0.11002542,0.868572,2.1996567,3.0468652,3.7624936,4.0040045,4.4307804,4.688473,5.0550866,5.780862,5.858094,5.9300327,6.0102005,6.016858,5.997365,5.950554,5.9715586,6.0026193,5.9169374,5.618872,4.9210076,3.7457545,1.9678179,0.5649171,-0.0874259,-0.38902897,-0.6077229,-0.6150652,-0.73204213,-1.1457574,-1.1580613,-1.203378,-1.2341585,-1.3893931,-1.7082362,-2.0250282,-2.2824721,-2.4373708,-2.5387077,-2.7381406,-2.6661716,-2.547124,-2.401104,-2.168046,-1.9001637,-1.7530714,-1.7637938,-2.2771583,-2.3458216,-2.499571,-2.6740847,-2.7822578,-2.917221,-3.0478835,-3.288431,-3.435089,-3.5032375,-3.4217477,-3.363993,-3.3051755,-3.2146761,-3.2437396,-3.18897,-3.1502423,-3.0310848,-2.8738556,0.19824347,0.19883901,0.19875628
1.5033805,1.2486134,1.1393087,-1.7924774,-1.6238157,-1.4530655,-1.4579431,-1.4150422,-1.196188,-1.3270501,-1.2861286,-1.2581704,-1.2947598,-1.3936706,-1.5004872,-1.6510913,-1.7596931,-1.8418934,-1.8705428,-1.8962696,-1.7757566,-1.4227787,-1.2117769,-0.6595698,-0.37004125,-0.24982418,0.022172287,-0.29393077,-1.077164,-1.537543,-1.5775813,-1.5815624,-1.507434,-1.2925587,-0.917405,-0.5849187,-0.32467705,-0.23252079,-0.93498755,-1.907223,-2.2802942,-2.5902836,-2.7567117,-2.7248921,-2.6239371,-2.6027648,-2.5637615,-2.5541842,-2.598266,-2.6099126,-2.587091,-2.5821686,-2.6214452,-2.4336302,-2.2407756,-2.0166864,-1.8321718,-1.4658624,-0.8285705,-0.2830736,0.29949355,0.674587,0.705724,0.87556446,0.79710174,0.6725811,0.6603878,0.32754576,0.06419352,0.16091648,0.211564,0.43557137,0.2500624,-0.03122884,-0.33272696,-0.48999324,-0.5152556,-0.58329296,-0.6683985,-0.7519835,-0.6557847,-0.68502355,-0.47446892,-0.21354681,-0.28947115,-0.68022346,-0.825043,-0.8888816,-0.92529476,-1.0366527,-1.2866571,-1.6164165,-1.8285286,-1.893506,-1.8612765,-1.7262558,-1.558071,-1.3240603,-1.0312291,-0.8146872,-0.5895783,-0.4099155,-0.51963407,-1.0437977,-1.372796,-1.6821033,-1.8695164,-1.8362118,-1.6101897,-1.494638,-1.5908525,-1.7316475,-1.7080826,-0.87127006,-0.047803983,0.21954617,-0.40001744,-0.9469769,-1.0538139,-1.1655668,-1.4935509,-1.6370544,-1.8993788,-2.213717,-2.3269768,-2.483784,-2.6312947,-2.6606107,-2.700759,-2.6766977,-2.6546779,-2.5196197,-2.2906682,-2.1484141,-2.1783023,-2.1680279,-1.8762448,-1.6718924,-1.3694717,-1.2636026,-1.1680762,-1.2967112,-1.4432821,-1.4506118,-1.2981799,-1.1021622,-0.82613015,-0.23518054,0.45145726,1.38488,1.8883321,2.0584996,1.5095694,0.81807685,0.34612516,-0.20420688,-0.44130552,-1.0224643,-1.8011413,-2.2288675,-2.4680946,-2.5950732,-2.6018865,-2.566621,-2.5546002,-2.541151,-2.5761924,-2.5529523,-2.4470983,-2.1491623,-1.7030694,-1.2756546,-0.8587847,-0.39843968,-0.2886383,0.068491265,0.81723744,1.4392257,1.5073323,1.5514488,2.5165706,2.8744266,3.1704962,3.2473068,2.657936,2.5350268,3.0453138,4.2790837,5.88021,7.0377293,8.317606,9.035671,9.309267,9.338945,9.29881,9.004953,8.732717,8.52167,8.300137,7.7546697,7.377221,7.1064286,6.8186345,6.087042,5.572819,4.5526094,3.6085835,2.9594984,1.5180745,1.5177567,1.4993863,1.1767695,1.2416614,1.1901801,1.2826803,1.1155646,0.6923205,1.5596731,1.5582979,1.5585456
-0.6136726,-0.5993075,-0.60822153,-0.73615015,-0.7870803,-0.8146993,-0.8684676,-0.8584205,-0.5948362,-0.5839905,-0.8760777,-0.9644106,-0.80294263,-0.8411181,-0.7997078,-0.7766316,-0.925485,-1.1765356,-1.6256113,-2.0932584,-1.7266855,-0.6665066,-0.3092069,0.008245299,0.8688077,1.9286357,1.9216859,1.5501095,1.5805213,1.4470911,1.3633728,1.3335618,1.3064938,1.2768621,1.133567,0.90852875,0.5517343,-0.13056777,-1.4527946,-2.7459347,-3.1148634,-3.0221865,-2.3059313,-1.8910336,-1.7293233,-1.7192111,-1.6934714,-1.6148973,-1.5475649,-1.5916438,-1.6032867,-1.5833523,-1.6343921,-2.1576736,-2.4486861,-2.8098025,-2.8972325,-1.5803416,0.051454812,1.3307179,2.5994155,3.4753122,3.7792828,3.80785,3.9470448,3.9051409,3.784771,3.7314103,3.3798122,2.5707922,1.286598,-0.14982527,-0.6487423,-0.7546455,-0.4653782,-0.27974066,-0.24751765,-0.44422224,-0.61882186,-0.8790819,-1.3603908,-1.8577425,-2.0462725,-2.1248598,-2.3710718,-2.6543374,-2.7134507,-2.748727,-2.7669158,-2.7202206,-2.3358378,-1.3173753,-0.336512,0.38001332,1.2101479,1.8981383,2.318749,2.4525936,2.4932342,2.3452027,2.0518677,1.0157111,-0.56474876,-1.6590481,-1.820858,-1.2704717,-0.9925467,-0.9585576,-1.2411457,-1.5055442,-1.4859041,-1.237884,-0.8135763,-0.5773062,-0.39294827,0.13157362,0.9676216,0.7902749,-0.0308716,-1.0849643,-0.9931114,-0.24696028,-0.056328475,0.21729004,0.33642253,0.3190039,0.2904665,0.31811702,0.041014493,-0.27132618,-0.36091465,-0.55444735,-0.9071081,-0.9308139,-0.29633945,0.16070467,-0.004008919,-0.4437743,-1.1455814,-1.4318049,-0.93060774,-0.32334006,-0.014574915,0.30360666,0.69693303,1.1230253,1.0537696,0.6132923,-0.33991364,-1.5049179,-1.9965177,-1.9029832,-1.6292598,-1.326019,-1.2183495,-1.229953,-1.2832245,-1.5683953,-1.9184458,-2.2175937,-2.1754801,-2.105926,-2.0832455,-2.1137419,-2.1151876,-2.163723,-2.1847377,-2.331428,-2.347897,-2.3320198,-2.024986,-1.5341355,-0.7001984,0.04533893,0.39569697,0.4749922,0.46155894,0.5958123,0.6622447,0.7038926,0.79561746,0.6754604,0.6081839,0.63004977,0.84390795,1.0574352,1.1046587,0.9817105,0.4804918,-0.20160744,-1.3204646,-1.7356495,-1.8480443,-1.7625982,-1.7837757,-1.8781726,-1.7300144,-1.6345856,-1.218819,-1.0440125,-0.8284895,-0.73589015,-0.6982879,-0.6434533,-0.5772233,-0.62195075,-0.7449162,-0.64603996,-0.5809763,-0.535023,-0.61865216,-0.6211115,-0.51818895,-0.53550065,-0.65857637,-0.7967087,-0.8355461,-0.61572397,-0.6163293,-0.6162838
-2.1432714,-2.167575,-2.1755517,-1.407809,-1.3786541,-1.366514,-1.3960392,-1.4286393,-1.4068468,-1.429244,-1.3307312,-1.0654359,-0.84610546,-0.7894188,-0.78596705,-0.92789525,-0.8396559,-0.71480066,-0.40600848,-0.07816419,-0.08236766,0.39728427,0.8072466,1.3509312,1.9268405,1.7321162,1.6251483,1.0977325,0.27112496,-0.30601275,-0.48638144,-0.64838684,-0.7017575,-0.64246523,-0.67606485,-0.7576118,-0.92641574,-1.2810422,-1.8446181,-2.350119,-2.55693,-2.7308326,-2.59018,-2.4737308,-2.412138,-2.3759391,-2.3930092,-2.3907719,-2.4220178,-2.4445562,-2.4427202,-2.4113092,-2.423441,-2.3030462,-2.1333487,-1.678529,-0.82933295,-0.41418085,-1.124842,-0.98842835,-0.27866587,0.48795325,0.6832633,0.8029654,0.6735785,0.53590524,0.3827632,0.07274561,-0.1877114,-0.27565452,-0.1937882,0.16428044,0.17109895,-0.09002876,-0.29285032,-0.66489583,-0.8752065,-1.0262456,-1.0277112,-0.91546464,-0.8964066,-1.3076906,-1.6126989,-1.7761053,-1.7944407,-1.8491291,-1.712595,-1.5988169,-1.338629,-0.87840605,-0.51772743,-0.6083655,-0.99834365,-1.5523359,-2.1014526,-2.2289996,-2.1662502,-2.140361,-2.1222205,-2.1765754,-2.2751002,-1.925787,-2.1076908,-2.5664845,-2.4599786,-2.211071,-2.1594098,-2.1135101,-2.3150036,-2.629176,-3.2385082,-3.5409367,-3.2592425,-1.8420988,-0.639803,-0.39124876,-0.23956755,-0.67634124,-1.0027041,-1.5414283,-2.165519,-2.6295977,-2.3352008,-1.9898784,-1.876928,-1.8367245,-1.8901019,-1.8172755,-1.5848298,-1.3573217,-1.1707549,-0.8674114,-0.53431374,-0.34913296,-0.38775897,-0.36060867,-0.16773586,-0.21313801,-0.39071047,-0.582676,-0.7215761,-1.0637171,-1.46804,-1.5518837,-1.3431795,-1.1284829,-1.150209,-1.3678528,-1.4132657,-1.1862993,-1.0652585,-1.3212802,-1.41989,-1.3446811,-1.3542366,-1.4367495,-1.441864,-1.3864366,-1.463141,-1.7455888,-2.00993,-2.1761599,-2.1763656,-2.126422,-2.1320708,-2.1673815,-2.2162054,-2.1082718,-1.851187,-1.0282015,0.2161861,1.1041559,0.95246243,0.6732336,0.51462084,0.5992786,0.5511707,0.05246316,-0.43757573,-0.5869389,-0.8060521,-1.0116551,-1.1056634,-1.192158,-1.2679472,-1.3015978,-1.1574926,-0.8865197,-0.47094506,0.09869922,0.60493386,0.79956686,0.4190827,0.1692352,-0.22954983,-0.6571133,-0.8966322,-0.97307014,-0.6261878,-0.6691702,-0.626981,-0.7018138,-0.7787355,-0.9026834,-0.92443526,-0.87664175,-0.868022,-0.9802088,-1.3520168,-1.2923765,-1.5190179,-1.8048693,-1.859497,-1.8142369,-1.7424676,-1.8467771,-1.9464896,-2.1375399,-2.1373372,-2.1373384
-1.9918208,-2.037876,-2.0633867,-2.0494213,-2.0203848,-2.0772328,-2.112154,-2.1567206,-2.2217755,-2.423254,-2.5814908,-2.534084,-2.4874277,-2.3527899,-2.246354,-2.1633177,-2.1394708,-2.1642196,-2.0305047,-1.710927,-0.8999653,-0.44989488,-0.326751,-0.26907617,-0.106165886,-0.2979477,-0.69732136,-0.8459438,-0.691736,-0.74404263,-0.7870362,-0.86166465,-0.87343794,-0.87023205,-0.83917916,-0.85048574,-0.8828402,-0.99982333,-0.89250124,-1.0587921,-1.4470272,-1.9219801,-2.2251146,-2.2361841,-2.194144,-2.1736994,-2.1180491,-2.0799756,-2.0898173,-2.1068976,-2.1537812,-2.199486,-2.3660636,-2.6974022,-2.7060487,-2.5377822,-2.0750372,-1.380589,-1.8487391,-1.6790011,-1.1458665,-0.5917318,-0.58114105,-0.6173543,-0.7192648,-0.75566345,-0.78594047,-0.83982265,-0.93444955,-1.0813117,-1.2285712,-1.4941654,-1.5259401,-1.4071496,-1.1732959,-0.9461239,-0.79084617,-0.8116225,-0.7177975,-0.6418546,-0.7125727,-0.8069153,-0.86717784,-0.9655963,-0.9729946,-1.1074823,-1.0358093,-1.0100156,-0.856987,-0.42862427,0.22148094,0.7552246,1.0409071,1.0995705,1.2576184,1.5944225,1.6622231,1.696543,1.6285777,1.4229596,0.95740855,0.09486967,-0.7449219,-1.5465537,-2.0771723,-2.3649297,-2.5832517,-2.8028884,-3.4420452,-3.5823884,-3.300152,-2.936023,-2.5646958,-2.4420314,-2.1526465,-1.7809813,-1.5030906,-1.3230824,-1.3706677,-1.5095146,-1.764287,-2.2844057,-2.6400058,-2.7384167,-2.5423295,-2.285577,-2.0448806,-1.865628,-1.5546889,-1.3812131,-1.3664225,-1.3874124,-1.517145,-1.6202801,-1.2751974,-0.8814822,-0.36989334,0.15247026,0.4641037,0.55658734,0.79219604,1.1251082,1.250797,1.3372785,1.3559918,1.1373737,0.7826278,0.1693748,-0.36105156,-0.5173116,-0.89769477,-1.5642155,-1.9203907,-2.1008985,-2.3015099,-2.4810054,-2.4485598,-2.4257226,-2.443854,-2.4845157,-2.4561172,-2.5140145,-2.592276,-2.6071029,-2.5967035,-2.6226573,-2.6670518,-2.8028035,-2.8964543,-2.6326995,-2.1411304,-1.612746,-1.8210659,-2.4163816,-2.412704,-2.3179343,-2.2970734,-2.246099,-2.2383785,-2.2018306,-2.1656213,-2.2142618,-2.2472587,-2.2823668,-2.2420702,-2.1692176,-2.0715766,-2.0607154,-2.1282694,-2.1843245,-2.1279836,-2.0269737,-1.9860661,-1.9635178,-1.9266944,-2.04711,-2.1827395,-2.178435,-1.6865823,-1.5942497,-1.3518946,-1.2029045,-1.1667218,-1.1093245,-0.9770396,-0.7894162,-0.59892005,-0.5955333,-0.5578767,-0.5181585,-0.29264334,0.019858941,-0.0262893,-0.25443843,-0.19549517,-0.08751653,-0.3013142,-1.9836473,-1.9845326,-1.9844143
-1.6991252,-1.6820778,-1.6768115,-0.8863688,-0.83578455,-0.7199811,-0.6854862,-0.69071645,-0.96156037,-1.5224113,-1.2740719,-0.9151286,-0.7938566,-0.79802483,-0.93173933,-1.0411808,-1.0902898,-1.0582626,-1.0290349,-0.93306506,-0.705124,0.05609658,0.21518856,0.14852798,-0.62729275,-1.1236514,-0.66742396,-0.15756536,0.25838786,0.40610012,0.53657734,0.6927805,0.8950828,1.2050173,1.6243502,1.9004998,1.884171,1.5606976,0.597698,-0.6350589,-1.4652547,-1.8107414,-1.589861,-1.4865072,-1.4184682,-1.4797779,-1.6109002,-1.6895214,-1.7348337,-1.706781,-1.6903669,-1.6944414,-1.6933678,-1.5691564,-1.3275092,-1.1827393,-1.2629917,-2.351696,-2.8831763,-2.327883,-1.4593552,-0.36177057,-0.070760965,0.3294923,0.46080014,0.4663761,0.57119465,0.46366504,0.60786426,1.3233118,2.2790728,3.4755478,3.9063296,4.1018043,4.0070744,3.9368773,3.9255536,3.978974,3.8399887,3.60256,3.8172965,3.3037205,2.8833451,2.4497166,1.5540373,0.100568086,-0.35471222,-0.5702429,-0.6066325,-0.5108723,-0.34983018,-0.28163058,-0.1287733,-0.14150086,-0.086310364,-0.10418253,0.0006713569,0.19671145,0.4637788,0.73131967,1.0775185,0.812226,0.03158754,-1.094324,-1.9613552,-2.517747,-2.5743303,-2.3507333,-1.6329203,-0.97099644,-0.52682906,-0.44083434,-0.5080051,0.050411016,0.68131965,0.7597657,0.32156703,0.41000146,0.4464841,-0.13607755,-1.7077992,-2.2795177,-2.232461,-2.174585,-2.0093899,-2.0092893,-2.118228,-2.1966195,-2.3398807,-2.4075432,-2.3336036,-2.1688533,-1.9070556,-1.5854738,-1.5601997,-1.3967338,-1.0215473,-0.8273361,-0.3753157,-0.29935253,-0.37273404,-1.0719539,-1.6946336,-2.0564048,-2.3794131,-2.4552422,-2.5144057,-2.4465594,-2.076588,-1.1263108,-0.36712962,0.03067945,-0.20807366,-0.68361056,-1.1440501,-1.7212824,-1.9959421,-2.24921,-2.4037716,-2.4908247,-2.669131,-2.670574,-2.603053,-2.5100112,-2.503999,-2.4786882,-2.4529014,-2.267298,-1.9773247,-1.4353946,-0.72304595,-0.119255625,0.36975384,0.97693473,1.2830272,1.8436432,2.4309962,2.4265304,2.1151536,2.0068445,2.1481016,2.3083801,2.377941,2.3477612,1.9423032,1.6110436,1.6585835,1.8813238,2.3976407,2.6387672,2.769428,2.7595978,3.0191586,2.8970664,2.6019604,2.1745965,1.3306733,0.82084656,0.5185267,0.16193525,0.021125078,0.0009073615,-0.14115328,-0.4666591,-0.6327691,-0.85668004,-0.98507744,-1.1259662,-1.5713842,-1.58629,-1.6932819,-1.8860455,-1.86799,-1.7577158,-1.669976,-1.7318643,-1.8950983,-1.7037885,-1.7029502,-1.7030238
-1.7982179,-1.8729432,-1.9119862,-1.4469074,-1.3764491,-1.360873,-1.3295367,-1.4073049,-1.6291658,-1.6744819,-1.7776542,-2.008708,-2.0160396,-2.020409,-1.9691792,-1.9319475,-1.9668947,-2.0678196,-2.1043859,-1.9859793,-1.2654786,-0.6121434,-0.48305622,-0.69731885,-0.7673137,0.6975804,3.983445,7.390898,8.77014,9.215823,9.287317,9.399118,9.450228,9.366381,9.067489,8.743694,8.29928,7.6527805,6.4571457,4.5388546,2.2316346,0.034450695,-1.2546536,-1.457891,-1.5180027,-1.5217515,-1.4785949,-1.4466231,-1.4409213,-1.3872777,-1.418148,-1.4802171,-1.6115618,-1.9828328,-2.0536218,-2.0183198,-1.4217515,0.8303963,2.0324454,2.9144058,3.017389,2.9391236,2.7280383,2.584169,2.460977,2.4795115,2.4976082,2.5133486,2.2849195,1.6413109,0.8510684,0.28979337,0.15502918,-0.03145701,0.1348118,0.51073587,0.7598759,0.6451472,0.7344699,0.74795985,0.036721207,-0.98652184,-1.4718367,-1.6447806,-1.2082593,-0.84485525,-0.6293691,-0.48757285,-0.17342576,0.533212,1.3221744,1.6099858,1.3546841,0.89876807,0.27553895,-0.31889302,-0.6588137,-0.9512576,-1.2961309,-1.5650618,-1.907721,-1.7290573,-1.3198861,-1.71698,-2.05891,-1.9941382,-1.8511317,-1.7365847,-1.6987789,-1.5151384,-1.4704115,-1.5612531,-1.4698638,-1.3320277,-1.0520525,-0.29446363,1.2262309,1.9121733,1.2496638,0.371821,-1.0596914,-2.053575,-2.278918,-2.1767578,-2.0924604,-1.9793057,-1.7361056,-1.5843651,-1.4060849,-1.4138695,-1.558035,-1.6572608,-1.6154828,-1.5247855,-1.3699665,-1.432485,-1.0813298,-0.42979196,0.397392,0.7876861,0.8926144,0.73666155,0.17242846,-0.35982853,-0.5670918,-0.511232,-0.61308134,-0.7978695,-0.96660435,-1.150666,-1.4786167,-1.8459187,-1.9968104,-2.0514596,-2.1217976,-2.2007031,-2.0974507,-1.8883331,-1.7363188,-1.7366241,-1.7502878,-1.6819929,-1.6418085,-1.586903,-1.5768116,-1.5351274,-1.5182973,-1.2670046,-0.77148736,0.53478354,2.7802107,5.1837416,7.2756877,8.586344,9.177661,9.410694,9.52781,9.71237,9.806823,9.861718,9.81362,9.808537,9.789667,9.789209,9.894721,9.852119,9.723325,9.460485,8.953592,8.265053,6.7287455,5.1191483,3.6529424,2.8214684,2.059283,1.506928,0.91392934,0.614918,0.43142754,0.025012165,-0.31223112,-0.41213733,-0.45965117,-0.7261101,-0.8479456,-1.0843877,-1.3556271,-1.4290123,-1.5019481,-1.3406359,-1.054328,-0.6645581,-0.7032586,-0.8931738,-0.89672226,-0.7261652,-0.8611908,-1.7815385,-1.7819422,-1.7818794
-2.7999072,-2.7291384,-2.714853,-2.1266918,-2.0867095,-2.1176014,-2.137966,-2.1027546,-2.0346186,-2.2014506,-2.537179,-2.559483,-2.4395406,-2.3957608,-2.2770734,-2.1999187,-2.141512,-2.1563241,-2.1723506,-2.22425,-2.107553,-1.9632114,-1.701649,-1.0954361,-0.32036272,-0.33411503,-0.97537327,-1.5220336,-1.8373516,-2.027269,-2.1106586,-2.1923633,-2.2492406,-2.2815113,-2.2746692,-2.2965643,-2.4389796,-2.7570505,-3.1456847,-3.5071807,-3.4018445,-2.8000445,-2.0168352,-1.7499943,-1.6494722,-1.6515956,-1.6680405,-1.6771007,-1.6863985,-1.7455568,-1.8114684,-1.8543067,-2.0419695,-2.635951,-2.817566,-3.0478659,-3.5782924,-3.8372684,-3.5695493,-2.8185856,-2.0071368,-1.5007753,-1.3713282,-1.4036427,-1.3816409,-1.4360489,-1.5371125,-1.6518478,-1.8157896,-2.042872,-2.3687568,-2.73424,-2.5776417,-2.3531957,-2.4264395,-2.568547,-2.7024627,-2.721301,-2.7855859,-2.837376,-2.7519808,-2.8584,-2.999949,-3.1564069,-3.364386,-3.507228,-3.4390948,-3.3800812,-3.398649,-3.5349364,-3.6315708,-3.37013,-2.8760843,-2.3650174,-1.5525408,-0.85104513,-0.47971997,-0.34256274,-0.2780239,-0.43781537,-0.9664994,-2.042665,-3.7330036,-3.9666643,-3.4662173,-2.7525644,-2.3294902,-2.1072905,-2.1465838,-2.2434697,-2.3619757,-2.4079008,-2.3150961,-2.2816427,-2.3280325,-2.1162355,-2.0543256,-2.0358646,-2.3848784,-3.1444874,-3.5791392,-3.2709205,-2.9639964,-2.8011684,-2.736904,-2.6474042,-2.6293764,-2.5011835,-2.3724484,-2.2106698,-2.070101,-1.9307264,-1.8911595,-1.6486293,-1.1706258,-0.81602013,-0.6965785,-0.5881171,-0.64965236,-0.88208556,-1.1281153,-1.2297242,-1.0400171,-0.49080956,0.09976208,0.4886283,0.43258226,0.07795729,-0.7861973,-2.0336223,-2.7573128,-3.0115101,-3.0190532,-2.8336692,-2.616498,-2.2386293,-2.0462961,-1.922157,-1.8039625,-1.7207443,-1.5957711,-1.5914235,-1.6229018,-1.6506109,-1.6817884,-1.7262264,-1.7259796,-1.8748226,-1.9587712,-2.0046148,-2.0771255,-2.1939294,-2.297775,-2.511726,-2.4921336,-2.447836,-2.4591258,-2.5492167,-2.6928172,-2.7378135,-2.7909002,-2.8819942,-2.9323297,-2.9705198,-2.9850056,-2.9892745,-2.9869313,-3.0547085,-3.223888,-3.4900208,-4.1106567,-4.3330235,-4.3395076,-4.1947355,-4.0509467,-4.065013,-4.130863,-4.132518,-3.7029557,-3.36569,-2.9851031,-2.7966497,-2.7428536,-2.5878317,-2.5210633,-2.4473279,-2.3669112,-2.1223946,-2.0012097,-2.0774481,-2.2794056,-2.5497472,-2.5241256,-2.4564457,-2.489597,-2.5931401,-2.5402126,-2.81716,-2.817656,-2.8176517
-0.4046899,-0.5014317,-0.52960855,-2.21763,-2.0539393,-1.996659,-2.0246694,-1.9454439,-1.414194,-0.6488482,-0.31438094,-0.030340254,0.01768756,0.1548876,0.108379096,-0.07711712,0.019068778,0.12487883,0.059186645,-0.12357936,-0.8015647,-0.90177256,-0.8294363,-0.4749039,-0.411441,-0.9502589,-1.4463689,-1.5826288,-1.494625,-1.4588684,-1.4190128,-1.4005275,-1.3252087,-1.125298,-0.6516852,-0.21167344,0.23219311,0.5445489,0.35009953,0.5573412,1.0830386,0.8910381,0.4841941,0.32795253,0.2722636,0.31936222,0.3551262,0.3532728,0.31685704,0.30804223,0.3400612,0.27655566,0.2545485,0.35574967,0.34084404,0.3262676,0.14653784,-0.6620517,-1.0470796,-1.6244311,-1.9952321,-2.1536736,-2.1506302,-2.0731506,-2.0433116,-2.0142658,-1.949189,-2.0143025,-2.022487,-1.7701211,-1.5228324,-1.2904443,-0.811093,-0.36220324,-0.53182316,-0.8552933,-1.0122657,-0.96951026,-0.92939484,-0.8510768,-0.59572273,-0.42862755,-0.3444522,-0.24656022,0.016786076,0.33469164,0.50182164,0.51310325,0.44839394,0.18666162,-0.34592095,-0.9762743,-1.3424072,-1.4537631,-1.5387027,-1.5375644,-1.6678855,-1.8374592,-2.0478327,-2.028006,-1.8990172,-1.6893952,-1.4822339,-0.91172147,-0.6264194,-0.974869,-1.316822,-1.6137891,-1.8375013,-1.840292,-1.4634448,-0.9011463,-0.51005316,-0.30502254,-0.5589609,-0.76753175,-0.83866954,-0.9320309,-0.445134,-0.24216968,-0.9848171,-1.7087666,-1.708365,-1.6314106,-1.4319135,-1.4906092,-1.6890318,-1.6370887,-1.4602547,-1.3335285,-1.2740602,-1.1855767,-1.0998211,-1.0806359,-1.2920473,-1.2630217,-1.0044682,-0.91075665,-0.56796575,-0.25926268,-0.30006483,-0.8241643,-1.0774925,-1.0331637,-0.9802495,-0.80625737,-0.31553933,0.3388439,0.90281725,1.2556913,1.8405964,2.5092936,2.8960762,2.921195,2.5747023,2.3451858,2.141842,1.9775655,1.8936052,1.8728561,1.8959744,1.7657769,1.7474482,1.7542584,1.7352521,1.7741256,1.7819344,1.7807992,1.6946106,1.5636373,0.943035,0.2779115,-0.40644023,-0.834895,-0.75539064,-0.48849574,-0.24322744,-0.2916956,-0.40242034,-0.46716654,-0.5807584,-0.4971527,-0.45820892,-0.5002714,-0.79889894,-1.0615178,-0.9898019,-0.6115321,0.09895328,0.8080387,1.2990991,1.3292885,0.743132,0.53758967,0.5524382,0.3806867,-0.11959071,-0.41197255,-1.1693182,-1.4579222,-1.5234761,-1.4769874,-1.3787973,-1.0703253,-0.97003645,-0.70503116,-0.5332508,-0.4634112,-0.5127591,-0.6588546,-0.692829,-0.70909697,-0.80696666,-0.701981,-0.6282723,-0.47045898,-0.3746313,-0.3832725,-0.38356838,-0.38349712
-4.0170097,-4.0163403,-4.0168734,-3.8977923,-3.8007188,-3.759564,-3.7695425,-3.7574396,-3.7969744,-3.9395719,-3.7892494,-3.3479185,-3.1107101,-2.9464552,-2.6299286,-2.4267383,-2.4122415,-2.4560082,-2.3496518,-2.0926943,-1.2946851,-0.89093035,-0.79609555,-0.72754,-0.8736331,-1.4530699,-2.3820457,-2.9916043,-3.3233361,-3.6093044,-3.7565675,-3.8867884,-3.9902992,-4.1293583,-4.333062,-4.484754,-4.6325936,-4.8087482,-4.6976843,-4.432176,-4.089876,-3.6629915,-3.2823942,-3.2765496,-3.2618103,-3.2126346,-3.1522238,-3.1475763,-3.150918,-3.1574686,-3.1964743,-3.1985343,-3.2599697,-3.2786455,-3.2646852,-3.1968231,-2.9136913,-2.1441653,-1.8562734,-1.7805567,-1.5275978,-1.4374437,-1.431833,-1.5256175,-1.6154244,-1.6776899,-1.7677281,-1.8213651,-1.8754535,-1.9792101,-2.26553,-2.930996,-3.2714727,-3.4345322,-3.4784067,-3.4346478,-3.4154634,-3.4713469,-3.4630375,-3.4629593,-3.457602,-3.3174968,-3.1330376,-2.942216,-2.7885394,-2.3556724,-2.0480132,-1.8640065,-1.6626059,-1.3919785,-1.0276142,-0.509058,-0.1633622,0.06629735,0.45470005,0.89161146,0.9958093,1.0055809,0.84378445,0.6568531,0.41655606,-0.4978835,-1.2714398,-1.8409405,-2.080361,-2.1199398,-2.327491,-2.676217,-3.3812327,-3.6655788,-3.8878388,-4.049135,-4.1085434,-4.0735116,-3.665948,-2.9439397,-2.0739007,-2.0021164,-2.234392,-2.4935706,-2.647658,-3.0158594,-3.1787078,-3.1146452,-2.8198261,-2.6422827,-2.496786,-2.284317,-1.8875246,-1.6608003,-1.6321055,-1.5745052,-1.5655427,-1.5187404,-1.1708634,-1.0165405,-1.0257293,-1.1203963,-1.5452471,-1.7092967,-1.6465797,-1.3187596,-1.0727198,-0.8297535,-0.39989412,-0.17156261,-0.27078325,-0.7552401,-1.3449187,-1.863567,-2.4634724,-3.0177903,-3.2103431,-3.240979,-3.2371118,-3.1089926,-2.9975686,-2.9447603,-2.9129972,-2.897475,-2.8941994,-3.0101297,-3.141313,-3.1933203,-3.1924334,-3.2111015,-3.2748728,-3.5312605,-3.7605443,-3.749436,-3.544488,-3.1567185,-3.2390952,-3.774745,-4.236519,-4.4948626,-4.7055435,-4.7311954,-4.678696,-4.65095,-4.6855392,-4.804617,-4.838221,-4.8449526,-4.707494,-4.545328,-4.471828,-4.4565663,-4.6466084,-4.619692,-4.1628885,-3.7858992,-3.7163568,-3.6468782,-3.577715,-3.555483,-3.28163,-3.0325518,-2.3339043,-2.402923,-2.4611316,-2.6217976,-2.744543,-2.9698668,-3.055392,-3.216395,-3.4128494,-3.5986671,-3.7762966,-3.7338147,-3.7129722,-3.7160735,-3.714873,-3.8618312,-3.840837,-3.8420973,-3.8880467,-4.016021,-4.0160847,-4.0160627
-2.343783,-2.3441312,-2.35392,-1.4464685,-1.2877795,-1.3081645,-1.3509203,-1.2877735,-1.2288414,-1.6765873,-2.0509412,-2.0524244,-1.8268306,-1.7055105,-1.4445844,-1.2193176,-1.2798179,-1.4187472,-1.3440477,-1.2462469,-0.7421587,-0.04016248,0.08246663,0.17571497,0.45282593,0.39542034,-0.036171354,-0.1672535,-0.33172926,-0.66306984,-0.78389806,-0.905071,-0.92445874,-0.8921535,-0.74782395,-0.6563632,-0.7180382,-0.9812328,-1.2850044,-1.6563048,-2.089892,-2.6153078,-3.2362895,-3.3617468,-3.397287,-3.3616524,-3.2921622,-3.222858,-3.1611896,-3.1684856,-3.1895206,-3.1285882,-3.123363,-3.1660779,-3.17454,-3.066145,-2.914721,-2.198051,-1.3671963,-0.45267004,0.09709558,0.3130678,0.2706704,0.15210035,0.051549762,-0.0270316,-0.16434275,-0.29646188,-0.37172917,-0.48965216,-0.80717903,-1.322396,-1.4573054,-1.4776554,-1.4810576,-1.3987728,-1.3223306,-1.2580767,-1.1097629,-0.93726486,-0.804539,-0.84510255,-0.97402656,-1.3719287,-1.6792545,-2.0792985,-2.1040294,-2.0721684,-2.0530653,-2.0694036,-1.8704243,-1.3317738,-0.77435,-0.344275,0.24915412,0.78773,1.0707934,1.1986787,1.2076566,1.2382643,0.91750085,0.099027425,-1.473741,-2.376256,-2.486117,-2.246298,-2.134964,-2.2115967,-2.7348177,-3.2017913,-3.4003487,-3.1496644,-2.6367946,-2.4905007,-2.1297555,-1.6879876,-0.6125761,-0.0552599,-0.36024743,-1.3199186,-2.246651,-2.4307022,-2.3906646,-2.339541,-2.209588,-2.049055,-1.9159908,-1.7179296,-1.3587899,-1.0156622,-0.83084106,-0.70663244,-0.80596304,-0.78556067,-0.19193491,0.44632614,1.0097785,1.6447802,1.7454711,1.6164923,1.6127806,2.1396418,2.803187,3.4925272,3.9518518,4.0143833,3.7231867,2.9613047,1.9673061,0.8128956,-0.44346255,-1.4119041,-1.8221569,-2.087182,-2.2575188,-2.1963027,-2.067382,-2.0486767,-2.1161618,-2.1953986,-2.1745565,-2.2454731,-2.2999918,-2.2988982,-2.2849617,-2.2964263,-2.3269935,-2.587274,-2.8133798,-2.8314168,-2.7519429,-2.4367535,-2.3859177,-2.4684799,-2.383209,-2.2990837,-2.3309777,-2.2989504,-2.29705,-2.227725,-2.162776,-2.239635,-2.2745275,-2.2992766,-2.2470388,-2.0607934,-1.7705716,-1.4909441,-1.4441171,-1.4116101,-1.4728326,-1.5533333,-1.771956,-1.7865089,-1.7585932,-1.7738001,-1.825012,-1.7324593,-0.80630916,-0.3527283,0.08857235,0.3277853,0.4207016,0.6142294,0.7434447,0.81030357,0.69290715,0.6900803,0.53143,0.52135044,0.49819314,0.4974077,0.540761,0.33139825,0.26398903,0.22115779,0.15530062,-2.3453553,-2.3463688,-2.3462844
-4.121245,-4.0662427,-4.0468545,-2.6108103,-2.4082243,-2.2960398,-2.3224301,-2.2853236,-2.035741,-1.838135,-1.5923185,-1.3591893,-1.152251,-1.1527225,-0.9509683,-0.8789949,-0.97434247,-1.2010632,-1.5140661,-1.7153897,-1.1418434,-0.21082242,0.097948745,0.052571982,0.030633643,0.10991496,0.30951408,0.2601279,-0.12761974,-0.3926013,-0.50064594,-0.55725074,-0.5962059,-0.623351,-0.7498499,-0.9194014,-1.2315629,-1.7812185,-2.5967634,-3.3189,-3.544266,-3.5393987,-3.4829566,-3.43891,-3.4127297,-3.3864207,-3.340218,-3.309628,-3.2844005,-3.3239093,-3.3465452,-3.3012397,-3.3389628,-3.7168736,-3.901227,-4.035216,-4.145134,-3.1981258,-2.0754435,-1.0468706,-0.18240634,0.32018983,0.43315777,0.35334745,0.3411885,0.27219522,0.12617165,0.04041326,-0.101772904,-0.50090903,-1.1306503,-1.6817821,-1.7741916,-1.9328867,-2.0787,-2.1885138,-2.355102,-2.4284694,-2.5329833,-2.6370223,-2.6603813,-2.7449875,-2.7888265,-3.028059,-3.3379016,-3.324482,-3.1558437,-3.0627112,-3.0293434,-3.006559,-2.7980547,-1.9924958,-1.1610231,-0.5239644,0.22017166,0.77400756,1.0385051,1.134376,1.0603082,0.87362057,0.35580748,-1.040689,-2.391723,-2.7508063,-2.3952389,-1.7375665,-1.5285442,-1.5241859,-1.9891365,-2.5078144,-2.8583763,-2.9109523,-2.7133565,-2.415965,-1.9519718,-1.3264186,-0.7816069,-1.0621712,-1.702755,-2.5523546,-2.5486343,-2.0035641,-1.6772125,-1.3797059,-1.1178393,-0.98702264,-0.9547899,-0.85175145,-0.85962534,-0.7695113,-0.68772197,-0.68782234,-0.8512564,-0.7011518,0.14020267,0.6778929,0.6331117,0.47703898,-0.15894052,-0.3769296,0.19009128,1.2465268,1.8675616,2.3023913,2.8013778,3.223356,3.1388135,2.454324,1.1375487,-0.49694997,-1.5704815,-2.112835,-2.1648068,-2.0218318,-2.0139334,-2.0528615,-2.0901234,-2.2871494,-2.391106,-2.4023125,-2.283187,-2.29672,-2.3406184,-2.3624573,-2.3626106,-2.3977556,-2.4108546,-2.5687463,-2.6764061,-2.721738,-2.4434474,-1.9720445,-1.2167541,-0.5494903,-0.23557445,-0.28354177,-0.45598972,-0.57074094,-0.6338074,-0.6549714,-0.7588406,-0.9321012,-0.97976035,-0.98297167,-0.87258977,-0.7349463,-0.68451434,-0.6325065,-0.7637715,-1.0064516,-1.6786183,-2.0749855,-2.4608438,-2.5259674,-2.6602786,-2.8953876,-2.815198,-2.6307738,-1.750649,-1.6232483,-1.5038995,-1.6030784,-1.6923724,-1.8662577,-1.9362941,-2.162487,-2.3691518,-2.224741,-2.3068602,-2.2386947,-2.3808026,-2.627068,-2.5909722,-2.59838,-2.70721,-2.8860326,-2.9057941,-4.132348,-4.132171,-4.132203
-0.035582557,-0.11422309,-0.15619873,-1.5202682,-1.4850348,-1.5142862,-1.574354,-1.6480743,-1.6565261,-1.4902588,-1.5398424,-1.5740368,-1.4629339,-1.429245,-1.3899679,-1.2998972,-1.3398604,-1.433483,-1.5982647,-1.7117805,-1.6279616,-0.8607105,-0.4671849,-0.19847023,-0.3019787,-0.9954783,-1.2589236,-1.2291815,-1.177498,-1.5096984,-1.676328,-1.8009325,-1.7939229,-1.7162123,-1.7100646,-1.7654676,-1.9311292,-2.1892226,-2.3360066,-2.3585808,-2.4466257,-2.4094129,-2.0037007,-1.9032844,-1.8808392,-1.8931981,-1.9123454,-1.9366453,-1.9417515,-1.9733315,-2.0014472,-1.9969571,-2.0338464,-2.5036182,-2.8526568,-3.0438013,-2.788618,-1.3576349,-0.2918817,0.5678591,1.0641437,1.0494328,0.9104326,0.7742401,0.4331107,0.18876727,-0.04740259,-0.45137438,-0.76972187,-0.92326885,-0.98773646,-0.8698673,-0.7762463,-0.79655695,-0.76294184,-0.9403827,-1.0445093,-1.0860397,-1.0054002,-0.8850117,-1.021778,-1.2927163,-1.5323267,-1.6866297,-1.7734016,-1.8644607,-1.831723,-1.8687835,-1.9381728,-1.9281156,-1.5647783,-0.7899156,-0.17406566,-0.0047457516,-0.1925455,-0.29951262,-0.26174033,-0.25648794,-0.30044198,-0.38597438,-0.5786414,-0.7278839,-1.3140054,-1.9669383,-1.9684678,-1.5835038,-1.5635237,-1.6050761,-1.781723,-1.6345198,-1.241063,-1.0461928,-1.0832558,-1.667824,-1.8051406,-1.0638638,0.26081517,1.0080041,0.88244677,0.046878785,-0.9547122,-1.5631539,-1.751534,-1.8922526,-1.9621093,-1.8956372,-1.8428972,-1.8097816,-1.6699862,-1.5358988,-1.4974034,-1.493472,-1.5124149,-1.4989539,-1.3498765,-1.1008247,-0.86999667,-0.6757258,-0.7907096,-0.78797317,-0.46753532,0.09562573,0.22960459,0.011635698,-0.08042694,-0.2010375,-0.35145414,-0.7272404,-0.9998163,-1.172304,-1.598387,-2.076779,-2.1557307,-2.1796775,-2.2188854,-2.2230444,-2.154526,-1.9915658,-1.8171381,-1.8339999,-2.0631864,-2.289723,-2.3949,-2.4391346,-2.4808805,-2.533372,-2.5643585,-2.6405153,-2.7289836,-2.6205878,-2.030089,-1.1360991,-0.341225,0.18141986,0.16136831,0.027492076,-0.2986723,-0.9090733,-1.3335068,-1.5043993,-1.8280344,-2.0821743,-2.1923847,-2.2650409,-2.2359953,-2.1881273,-2.0832458,-1.876314,-1.5306711,-0.9411081,-0.64105606,-0.8022434,-1.1701816,-1.3073647,-1.6463802,-2.05149,-2.1347632,-1.8917248,-0.59579694,0.31115928,0.8961184,0.9876205,1.0909395,1.3721638,1.6392055,1.9466422,2.1240826,1.9657815,1.729223,1.7639666,1.6034334,1.2965766,1.2579564,1.355869,1.4423038,1.2441595,1.1134546,-0.015333757,-0.016296588,-0.01618211
2.217958,2.2947092,2.3206148,1.0978596,0.9127151,0.87958944,0.9162209,0.82438254,0.36373594,-0.2841941,-0.5425563,-0.6417773,-0.7517295,-0.8158134,-0.88893235,-1.0887327,-1.0568852,-0.92372584,-1.0835791,-1.475133,-2.1667051,-2.2803216,-2.2530932,-1.8968742,-1.0197012,-0.6604861,-0.80709535,-0.67123324,-0.55412346,-0.6481898,-0.7315032,-0.81223583,-0.9699316,-1.1608038,-1.5443009,-1.8802584,-2.217753,-2.519906,-2.8736548,-2.412366,-1.7176737,-1.0131527,-0.7563656,-0.8640853,-0.95968986,-0.94521224,-0.9088727,-0.90739405,-0.9257492,-0.95960563,-0.96039724,-0.974916,-0.8926962,-0.53320664,-0.2629651,-0.032853294,-0.19915012,-1.4403837,-1.7843277,-1.6192911,-1.5773079,-1.4580896,-1.4023902,-1.3811176,-1.3527673,-1.3177686,-1.2705876,-1.178824,-1.204112,-1.3394153,-1.3796992,-0.9949995,-0.084498964,0.67934656,0.8125143,0.58676946,0.23156658,0.05101931,-0.2359514,-0.5390614,-0.6553509,-0.58224803,-0.47392955,-0.21893427,0.13775161,0.599779,0.8487385,1.0513707,1.2073479,1.1290574,0.5077805,-0.4775364,-1.0363591,-1.1371484,-1.0596409,-1.0905828,-1.133969,-1.2635444,-1.4792204,-1.7285798,-2.004687,-2.3514407,-2.1921096,-1.5001559,-0.7475,-0.49000597,-0.46470666,-0.56979823,-0.81338084,-1.0228627,-1.0367863,-0.9380617,-0.75576043,-0.3099057,-0.044879206,-0.67732906,-1.1494589,-1.4979947,-1.5790795,-1.5439696,-1.1392585,-0.21550822,0.51579726,0.9304904,1.1808218,0.9691222,0.7649931,0.66256785,0.25992915,-0.038791686,-0.19754104,-0.44712073,-0.76216584,-1.1745762,-1.924627,-2.2913609,-2.5307221,-2.5569978,-2.2857122,-2.0965903,-1.980488,-2.0108192,-1.943481,-1.9874775,-2.1177616,-2.4276311,-2.7496219,-3.1720443,-3.3503194,-3.2357392,-2.6207542,-2.179275,-2.0342216,-2.0033898,-1.9476426,-1.7771558,-1.7708626,-1.7870477,-1.5189657,-0.94593775,-0.42879844,-0.19413689,-0.14817992,-0.15857758,-0.20589255,-0.18520959,-0.1262831,0.0121351145,0.05900117,-0.009409223,-0.6422416,-1.5221401,-2.2872102,-2.4462934,-2.155055,-2.0119722,-1.8510866,-1.6222309,-1.5135227,-1.5011349,-1.4747757,-1.3981988,-1.3477758,-1.2804246,-1.203962,-1.2987709,-1.5386558,-2.0356977,-2.578226,-2.8964574,-2.871305,-2.600935,-2.1674962,-1.9101673,-1.6806402,-1.3099172,-0.7832434,-0.69305867,-0.9668666,-1.3225306,-1.587114,-1.7432207,-1.7689271,-1.5895109,-1.4544355,-1.0576569,-0.5950099,-0.21779431,0.5958529,0.75489306,0.82519794,0.8977783,0.86078405,1.0175207,1.1064543,1.1073298,1.3303895,2.200925,2.201127,2.2010827
1.1378613,1.0776827,1.0533046,-1.1623442,-1.3640175,-1.3922246,-1.3563126,-1.4462804,-1.3824034,-1.1424028,-1.331748,-1.492738,-1.6490209,-1.5510035,-1.494107,-1.4291313,-1.3945496,-1.3619355,-1.2290503,-0.82833785,-0.7945818,-1.6838977,-1.93225,-1.9946585,-2.1513424,-2.216362,-1.9408097,-1.1284729,-0.03788966,0.64108515,0.8930669,1.0355861,1.1903894,1.4555907,2.5673618,3.784328,5.200339,6.5988765,7.820212,8.709227,9.493177,9.79579,8.84047,7.8676023,7.1734056,7.0215673,6.7609844,6.519959,6.5515947,6.5124354,6.431414,6.23371,5.8757496,4.3276277,3.6660476,3.387175,3.1058683,1.9600382,1.1355095,0.19557062,-0.7463229,-1.6349003,-1.853766,-1.912632,-1.9124093,-1.8470969,-1.7306514,-1.6792903,-1.6323717,-1.492594,-1.1865999,-0.72922474,-0.3468948,-0.048033684,-0.1447013,-0.30512387,-0.39008886,-0.37478727,-0.39621666,-0.25513536,0.08512892,0.6567458,0.866466,1.0605779,1.3353151,1.0169982,0.7804784,0.74557316,0.4726179,-0.059373148,-0.58770347,-0.9704346,-1.3172835,-1.5296228,-1.884261,-2.2815557,-2.4919176,-2.634683,-2.6598713,-2.3982854,-1.7711802,-0.84370553,0.00558158,1.8303889,2.870661,2.9785588,2.9939976,2.974078,2.8906178,2.8047752,2.7449791,2.3711898,1.799928,1.0604172,0.122775406,-0.7949907,-2.3147788,-2.7628617,-2.1901245,-1.4516556,-1.0417868,-1.1460813,-1.3587724,-1.5637465,-1.5839975,-1.5439672,-1.5565495,-1.5652086,-1.4734778,-1.4873004,-1.5507033,-1.57745,-1.4356515,-1.4231181,-1.573298,-1.7386882,-1.9349711,-2.2721572,-2.1971698,-1.8515277,-1.7508693,-1.8349476,-1.7951949,-1.7797177,-1.8096309,-1.7407887,-1.5299814,-1.1656073,-0.69984984,-0.3169431,0.3889168,1.0061854,1.547999,1.916583,2.2291956,2.6030197,2.8167813,3.204887,3.7857785,4.156964,4.198877,4.158251,3.8874197,3.7439628,3.7781405,3.7984612,3.876401,3.812539,3.4441335,2.6297064,1.5372161,0.55885935,-0.11855419,-1.018949,-1.4339528,-1.4137459,-1.3239172,-1.3500146,-1.3090432,-1.2648916,-1.1614755,-0.9658641,-0.9131611,-0.8509697,-1.0097113,-1.1188707,-1.1695142,-1.1481972,-0.8644742,-0.5798367,-0.23327434,-0.04932131,0.3066163,0.5378704,0.8396193,1.2336366,1.3833477,1.3681343,0.63389045,0.5631492,0.24275437,0.12008896,0.024575934,-0.08849165,-0.1925855,-0.18559042,0.0041009486,0.21803597,0.3626593,0.040908925,0.0044988394,0.20153937,0.16446194,0.2896179,0.16132835,0.13816966,0.13806005,1.1537144,1.1540638,1.1540275
1.9968524,2.0298014,2.0550652,1.2077125,1.0938424,1.062633,1.1028044,1.1257632,0.8105613,0.49394786,0.51760995,0.76204765,0.8607857,0.82154244,0.8577014,0.90554714,1.049999,1.307105,1.947457,2.0380387,1.6646279,0.6725558,0.07387936,-0.40703753,-0.8289896,-1.1077133,-1.4411728,-1.6628417,-1.8267736,-1.8837874,-1.942774,-2.0754504,-2.2553859,-2.4530027,-2.711903,-2.8013556,-2.5939212,-2.1322105,-1.3971679,-1.0721782,-0.8580451,-0.30714554,0.12291298,0.16635549,0.21431506,0.2593884,0.28209972,0.3115281,0.3192417,0.3008111,0.2842106,0.2556532,0.25148827,0.6105008,0.85540926,0.86570346,0.27840918,-1.1449933,-1.7289608,-2.4391735,-2.8456879,-2.9954925,-2.872383,-2.7800732,-2.5824604,-2.4653363,-2.3397713,-2.0838656,-1.7673905,-1.283134,-0.3999874,0.67769897,0.7062806,-0.033502176,-0.8654489,-1.1515323,-1.2805824,-1.4660163,-1.7037262,-1.8514683,-1.7749802,-1.7923045,-1.7956371,-1.636094,-1.2716863,-0.9275601,-0.93367374,-0.9440502,-1.0235608,-1.2681168,-1.7760339,-2.404788,-2.6794734,-2.7293806,-2.713442,-2.7791991,-2.8316674,-2.8159451,-2.7097316,-2.626649,-2.3014567,-1.6708274,-1.26,-0.51835406,-0.20582128,-0.20285119,-0.16305177,-0.13089257,0.36508796,0.72567177,0.55492246,0.27348047,0.05566725,0.65299594,0.98872864,0.5670166,-0.04401113,0.8311718,2.1949966,4.7389417,6.7153206,7.893544,8.907239,9.563418,10.038598,10.176396,9.985534,10.052355,10.127394,10.01396,9.877167,9.645843,9.27454,8.743913,7.4269485,5.719825,3.9913332,2.8467984,1.8502178,1.1082025,-0.5061922,-1.7234212,-1.9211109,-1.8509334,-1.9330294,-2.1460366,-2.2675009,-2.2505188,-2.1418529,-2.0622053,-2.2072656,-2.0994153,-2.1986494,-2.199739,-2.0900435,-2.0789037,-2.1713557,-2.115194,-1.8370516,-1.4643843,-0.8741817,-0.4802686,-0.3304853,-0.2512575,-0.22336991,-0.2447347,-0.1864751,-0.056508154,0.032677397,-0.23998171,-0.80482394,-1.4670911,-1.8907053,-2.2016323,-2.5170672,-2.6720986,-2.600927,-2.34449,-2.1093278,-2.0480561,-2.012082,-1.9540806,-1.9535445,-1.9690995,-1.9339576,-1.9383978,-2.0385623,-2.1999776,-2.4536362,-2.6270523,-2.7013612,-2.4155421,-1.9362123,-1.83966,-1.6895192,-1.3089155,-1.0865266,-1.0703329,-1.5523969,-1.5331335,-1.4821613,-1.374863,-1.2887713,-1.0071254,-0.7845459,-0.29227132,-0.03790175,-0.15651727,0.11994527,0.1782238,0.19281635,0.4523652,0.35554472,0.24061665,0.27421752,0.4928198,0.6067255,1.9881082,1.9883854,1.988348
-1.9345864,-1.9508474,-1.9503226,-1.8989727,-2.011016,-2.0644767,-2.0467894,-2.0069652,-2.121249,-1.8777341,-1.5887997,-1.253071,-1.1947503,-1.2304521,-1.131717,-1.2535112,-1.2922504,-1.3152796,-1.4065522,-1.5034779,-1.7113786,-2.2716026,-2.5862193,-3.0157413,-3.6192312,-4.0093713,-4.0496144,-3.7797112,-3.6487267,-3.509829,-3.4669614,-3.424509,-3.428784,-3.5237033,-3.6545725,-3.6472483,-3.4577093,-3.1112852,-2.3201542,-1.4797683,-0.93016636,-0.18129879,0.5981052,0.84685415,1.0062084,1.0667067,1.14449,1.1887826,1.214923,1.2249498,1.241242,1.2397368,1.2460148,1.4428912,1.4451871,1.2634262,0.6061014,-0.8602147,-1.8601704,-2.5049295,-2.9425683,-3.2954924,-3.2729902,-3.238431,-3.13761,-3.0461884,-2.9097672,-2.7416785,-2.6501913,-2.5356185,-2.3363068,-2.1346729,-2.0438583,-2.1812162,-2.24681,-2.2655106,-2.22845,-2.1000032,-1.9584037,-1.7582757,-1.331129,-0.68456066,-0.36625266,0.13057356,0.80884343,1.2775668,1.264674,1.2511373,1.0583992,0.65655166,0.1547966,-0.43327394,-0.80536777,-0.95323765,-1.1150701,-1.5338144,-2.0806186,-2.5058742,-2.9207978,-3.074397,-2.8707967,-2.042184,-1.187047,-0.09584752,0.39647102,0.33970195,0.17761463,0.014929265,0.112075984,0.26825106,0.02094917,-0.37515175,-0.7326491,-0.86269957,-1.1539004,-1.8890405,-2.7170353,-2.9099026,-2.2504995,-1.0496986,0.02320522,0.15190127,0.3504855,0.55645907,0.68529403,0.65902984,0.5012442,0.4990076,0.4826217,0.2251181,-0.051643882,-0.37429866,-0.57577723,-0.68170565,-1.1430113,-1.7073624,-2.1499777,-2.507699,-2.7559445,-2.7426567,-2.9914336,-3.2561507,-3.3054829,-3.3704996,-3.6076717,-3.9389658,-3.9627075,-3.7041883,-3.2251148,-2.9368148,-3.0084248,-3.098239,-3.4020145,-3.512252,-3.129536,-2.4991815,-2.211765,-1.8102443,-1.3495828,-0.9103334,-0.44834867,-0.21964942,-0.17990525,-0.154159,-0.13423684,-0.12930599,-0.05819562,-0.024061263,-0.08690138,-0.35191604,-0.935174,-1.4784034,-1.9073558,-2.2944438,-2.5717454,-2.6092577,-2.4780023,-2.3119082,-2.181258,-2.1534152,-2.1480658,-2.108012,-2.1295033,-2.122006,-2.1343,-2.2147868,-2.3425896,-2.4892566,-2.6708548,-2.953844,-3.5000172,-3.7156153,-3.7703733,-3.8081932,-3.7971785,-3.7201548,-3.639967,-3.653302,-3.944385,-3.8826406,-3.8873446,-3.843657,-3.7826257,-3.6315093,-3.5915055,-3.5637796,-3.5345955,-3.6294127,-3.4664254,-3.4294617,-3.3739495,-3.2438087,-3.254849,-3.2329392,-3.1995482,-3.0993218,-2.9905915,-1.9332309,-1.9329029,-1.9329346
-1.625334,-1.6488657,-1.6497447,-2.354754,-2.3040366,-2.2693903,-2.278113,-2.2666044,-2.2056608,-2.554432,-2.5742908,-2.277781,-2.235374,-2.2776704,-2.337542,-2.54572,-2.461154,-2.328139,-2.1733088,-2.077518,-2.1277447,-1.4773722,-0.9520304,0.37510714,2.0067742,1.7994156,0.9177439,-0.09162372,-1.4355896,-2.0900218,-2.2382376,-2.3666735,-2.4437418,-2.4745085,-2.5513966,-2.6657286,-2.7975311,-2.864893,-3.1150992,-3.209614,-3.0043175,-2.728787,-2.8087533,-2.92729,-2.930252,-2.9426835,-2.954843,-2.9755409,-2.998672,-2.9721746,-2.9244266,-2.8503501,-2.720093,-2.0948484,-1.6224942,-1.1810441,-1.0614866,-1.9347936,-2.6186075,-2.7158499,-2.9490597,-3.004469,-3.0123806,-3.0159116,-3.006444,-3.0179543,-3.0287218,-3.065456,-3.040596,-2.880031,-2.4051385,-1.58477,-1.241842,-1.0188191,-1.2799762,-1.5523839,-1.8226259,-1.9220927,-2.0220675,-2.0880463,-1.932607,-2.142455,-2.2430077,-2.2836823,-2.3751855,-1.9748333,-1.6102982,-1.3896009,-1.1189735,-0.87930566,-0.9690196,-1.3879576,-1.5326457,-1.470897,-1.2928681,-1.0090952,-0.9572062,-0.96597624,-1.2803942,-1.7359402,-2.2735493,-2.900312,-2.4462922,-2.0790524,-1.9419817,-2.303308,-2.5843015,-2.6806495,-2.7603598,-2.8091488,-2.9676418,-2.8410397,-2.1562421,-0.60819525,0.05098194,-0.26810795,-1.1702478,-2.9046376,-3.771525,-3.9140356,-2.6682725,-1.6698523,-1.2355571,-1.0128495,-0.78569406,-0.815909,-0.9140972,-0.90100056,-0.91639507,-0.8093921,-0.72626835,-0.61932,-0.4134326,-0.3111594,-0.7880451,-0.90683645,-0.4403773,0.056778073,0.5451082,0.6358331,0.22063074,-0.27218962,-0.6537981,-0.83681536,-0.9807766,-1.4654703,-1.7983245,-2.007285,-1.8136667,-1.3790507,-0.9341584,-1.103608,-1.4199917,-1.8293234,-2.105287,-2.2321732,-2.3312352,-2.4965434,-2.5157962,-2.3720942,-2.238944,-2.206891,-2.2032611,-2.1594052,-2.166685,-2.1512747,-2.1367447,-1.9800332,-1.8061138,-1.4217006,-1.3233501,-1.6053445,-2.3734417,-2.9292114,-3.2032943,-3.332766,-3.30627,-3.2790914,-3.3209932,-3.336279,-3.2452831,-3.1456015,-3.044084,-3.0411227,-3.1736293,-3.3300123,-3.3859103,-3.3241029,-3.198326,-3.1199672,-2.7496896,-2.3157787,-1.8980653,-1.6813304,-1.4751536,-1.3511955,-1.214611,-1.3419542,-1.744961,-2.2382004,-2.5146182,-2.7123117,-2.8185716,-2.8941264,-2.866312,-2.7424164,-2.554593,-2.5658712,-2.641513,-2.687728,-2.7188864,-2.8923697,-2.8163643,-2.8168411,-2.8033004,-2.9350533,-2.899634,-1.6219974,-1.621414,-1.6214665
-3.0677228,-3.092135,-3.1039984,-2.2911513,-2.2664561,-2.234858,-2.2195919,-2.230307,-2.1952848,-2.076655,-1.961286,-1.9131964,-1.8070431,-1.8510853,-1.805398,-1.8023269,-1.8116815,-1.8974836,-1.9800003,-2.0785885,-1.6172504,-1.3887081,-1.4152901,-1.7238193,-1.5626078,0.12672603,2.8110101,5.2581615,6.305794,6.581025,6.614567,6.730877,6.811452,6.7725983,6.517619,6.185051,5.683013,4.985011,3.535961,1.4007785,-0.36068273,-1.9502375,-2.6396039,-2.5594404,-2.4850106,-2.48335,-2.4608343,-2.406373,-2.3651845,-2.3462517,-2.3637404,-2.3485374,-2.3996356,-2.6971445,-2.932732,-3.2735264,-3.3490882,-1.0842097,2.073134,4.831337,6.1743593,7.0330486,7.2894363,7.3927765,7.581641,7.6051254,7.5912943,7.5259676,7.0292606,6.14225,5.008793,3.2771316,1.5596571,0.34395427,0.12305248,0.47808325,0.8143044,0.4961249,0.4541443,0.35510826,-0.33345503,-1.3263221,-1.926293,-2.245296,-2.123681,-2.232409,-2.222084,-2.2165437,-2.2337918,-2.2388086,-2.1234994,-1.9095134,-1.7502432,-1.6654919,-1.5219562,-1.4122849,-1.3872455,-1.4598367,-1.591907,-1.7566464,-2.080532,-2.0951087,-2.2436259,-3.0492659,-3.2133408,-2.7543242,-2.2656677,-1.9904897,-1.7916179,-1.7093475,-1.8087307,-1.810399,-1.5818034,-1.7411292,-1.7989954,-1.5595696,-1.1056951,-0.8155246,-1.3161576,-2.1362143,-2.548078,-2.5348587,-2.4521086,-2.2042356,-2.1158834,-2.1622584,-2.1863668,-2.1397552,-2.1193838,-2.1532311,-2.1635323,-2.1112194,-2.003758,-1.7614,-1.1673095,-0.8811431,-0.82049614,-0.69073796,-0.55967355,-0.7067833,-0.8348412,-0.82216275,-0.8736278,-0.8153486,-0.526985,-0.116762556,-0.039642632,-0.10204764,-0.44603872,-1.246238,-1.8524384,-2.2143414,-2.3462813,-2.3925395,-2.372504,-2.305441,-2.2128258,-2.269545,-2.5501313,-2.7941222,-2.7935238,-2.7581832,-2.7155588,-2.6707788,-2.6695943,-2.66404,-2.6430438,-2.6379428,-2.5317833,-2.3090425,-1.8078707,-0.95253575,0.52706856,2.094399,3.032345,3.3270462,3.4102397,3.5441282,3.567106,3.6104403,3.6121235,3.4879773,3.415968,3.3901446,3.5778704,3.7332377,3.7495873,3.5971518,3.1795247,2.5267024,1.2798697,0.28600365,-0.41957253,-0.71978915,-1.0654621,-1.4026561,-1.6131117,-1.7651334,-1.8462297,-1.9532237,-2.030736,-1.9628699,-1.8772725,-1.9207942,-1.9826279,-2.1031036,-2.2304301,-2.2015908,-2.1109648,-2.0085971,-1.949148,-1.9181772,-1.9112062,-1.9354107,-1.9817369,-1.998063,-2.0640283,-3.0625978,-3.0630507,-3.0629916
-4.352316,-4.4138193,-4.4290094,-5.3477755,-5.2467976,-5.184217,-5.1489387,-5.0840473,-4.9386525,-4.802842,-4.5324726,-3.9295797,-3.8143225,-3.7520216,-3.493009,-3.4625785,-3.355949,-3.2818964,-3.1359663,-2.9267302,-2.7381663,-3.6354723,-3.9070754,-4.186556,-4.6166916,-4.93919,-4.863227,-3.955273,-3.46755,-3.2642622,-3.223204,-3.179686,-3.1357799,-3.1203012,-2.885737,-2.5510406,-2.1666017,-1.889475,-1.63325,-1.3481268,-1.0318074,-0.6896646,-0.42661083,-0.5311365,-0.6013824,-0.58062196,-0.5650538,-0.585531,-0.5740353,-0.58672893,-0.63464284,-0.7103052,-0.82447255,-1.0434359,-1.1867473,-1.389397,-2.0781467,-3.53271,-4.070121,-4.2136345,-4.380033,-4.4972944,-4.4070525,-4.3205748,-4.1730013,-4.045477,-3.8846211,-3.6699662,-3.461602,-3.1943955,-2.9880886,-2.993577,-2.711853,-2.3759885,-2.3854902,-2.4792671,-2.5305088,-2.4359467,-2.2465684,-1.927691,-1.3523315,-0.2887548,0.11844924,0.7095697,1.9063407,2.62454,2.8387048,3.0628052,3.1476884,3.0088773,2.705844,2.0698872,1.3684634,0.8815413,-0.004001081,-1.4744505,-2.643196,-3.5875673,-4.6314707,-5.127974,-5.3325424,-5.0187664,-4.1886945,-2.8463926,-2.146348,-2.2552547,-2.4376063,-2.7383604,-3.1557994,-3.2551246,-3.418307,-3.6304178,-3.6982758,-3.6858015,-3.8944147,-4.293086,-4.8511214,-5.4986367,-5.537998,-5.3879013,-5.129323,-4.879975,-4.531258,-4.2930984,-3.907547,-3.8100665,-3.937266,-3.7962682,-3.518165,-3.455819,-3.5283623,-3.5189683,-3.3763752,-3.2671862,-3.5763273,-4.0029993,-4.116942,-4.1441464,-3.973455,-3.764163,-3.8668919,-4.063532,-4.0282326,-3.9242508,-3.839735,-3.8628082,-3.663437,-3.3540275,-2.9940171,-3.0152912,-3.0947323,-3.190015,-3.2193935,-3.0711036,-2.6699007,-2.0390766,-1.7622306,-1.480988,-1.1617376,-0.9532028,-0.72860956,-0.6311756,-0.7189637,-0.736187,-0.7081057,-0.6796373,-0.5943389,-0.6061281,-0.748561,-0.94161,-1.3585206,-1.8355587,-2.5091,-3.3533194,-3.7223659,-3.7833233,-3.7390146,-3.6994607,-3.6474185,-3.6459289,-3.6789622,-3.659334,-3.6755853,-3.6617625,-3.696774,-3.7842157,-3.8561444,-3.8764126,-3.8949683,-4.023068,-4.3235865,-4.5167685,-4.626491,-4.668117,-4.648375,-4.6373644,-4.6625047,-4.7425394,-5.0349445,-5.160494,-5.3451777,-5.414114,-5.4582615,-5.573921,-5.63512,-5.6877546,-5.628813,-5.642155,-5.5596437,-5.6415987,-5.643504,-5.5905333,-5.5445056,-5.489847,-5.503583,-5.4857297,-5.4208727,-4.3399353,-4.339553,-4.339567
-0.3597568,-0.32263225,-0.30177552,0.23635876,0.16359848,0.109214365,0.12298453,0.13585716,0.065595746,0.51889247,1.1778128,1.513483,1.4951844,1.4412549,1.307694,1.0736585,1.0151291,1.0940229,1.1541471,1.106387,0.29393762,-0.13558087,-0.37968552,-0.62334406,-1.1144439,-1.424889,-1.4475808,-1.2173121,-0.68397605,-0.49447227,-0.39676237,-0.38807917,-0.38854,-0.35570878,-0.15852688,0.05525078,0.36548656,0.8858336,1.4293727,1.6008065,1.9363738,2.7576323,3.7905135,4.0162454,4.0880566,4.0025225,3.7654057,3.5763826,3.4983172,3.5762343,3.5882077,3.5433302,3.5664024,3.6151438,3.7532203,3.7759233,3.389901,1.6294558,-0.12696685,-1.1606356,-1.623575,-1.5994103,-1.5029008,-1.3180729,-1.2201557,-1.1790758,-1.1044295,-1.1592023,-1.191361,-1.0608454,-0.62925553,-0.17021641,-0.26802504,-0.724212,-1.1265106,-1.2235339,-1.2305815,-1.2068834,-1.1753067,-1.0550157,-0.5902219,0.16129407,0.63849115,1.3199284,1.7931919,2.276261,2.2392216,2.152495,1.9269459,1.5064058,0.792793,-0.111798085,-0.60958844,-0.9267619,-1.4103607,-1.7765983,-1.9501058,-1.9548836,-1.7192974,-1.5074356,-1.2438576,-1.1260624,-0.7552444,0.80824775,1.7704241,2.5380502,3.3875933,4.3399715,6.804827,8.901117,10.118162,10.30208,9.7942,7.8976784,5.8501673,4.0376425,2.0987496,1.3230851,1.7470062,1.7827096,0.7702646,0.4608934,0.76061153,1.0332533,1.201088,0.9950098,0.7160694,0.5172174,0.33531886,0.26435435,0.29130557,0.43642995,0.58889216,0.6369347,0.39831695,0.16202451,-0.111881755,-0.46390212,-0.43130022,-0.47990778,-0.90299547,-1.615642,-2.030909,-2.3928769,-2.7740004,-2.8974924,-2.6107209,-1.8696218,-1.164403,-0.36277223,0.19447747,0.6866491,0.5360342,-0.05212207,-0.24907821,-0.41829795,-0.50420105,-0.54348326,-0.6182758,-0.50453323,-0.31345624,-0.08951451,0.027979992,0.07774931,0.08445624,0.11336759,0.2005327,0.40237945,0.63461936,0.6733196,0.37234688,-0.041968912,-0.41987216,-0.7348359,-0.92363924,-0.8095867,-0.5797436,-0.58970714,-0.7125593,-0.75251496,-0.79441434,-0.70011646,-0.71312743,-0.7323316,-0.87447906,-1.1122079,-1.2662265,-1.4009748,-1.3963174,-1.3181828,-1.2611641,-1.3178506,-1.0999635,-1.1704746,-1.1735467,-1.1427803,-1.4983019,-1.8043838,-2.692089,-2.5668745,-2.3967566,-2.2256203,-2.1127663,-1.8486662,-1.7681909,-1.6070147,-1.4679964,-1.3031272,-1.024967,-1.0431595,-1.0209321,-1.0572006,-1.1228871,-1.0061713,-0.95545936,-0.83016896,-0.6653068,-0.36778218,-0.36699125,-0.3670881
-2.880908,-2.9191198,-2.9411306,-1.9124027,-2.00244,-2.147428,-2.2348847,-2.2511046,-1.8374239,-1.1370804,-0.90261227,-0.69303787,-0.50146013,-0.49441665,-0.3119288,-0.027753472,-0.12252003,-0.4240512,-0.9450696,-1.4075868,-1.1730996,-0.5557022,-0.19050948,0.28603825,1.5987176,2.9334402,2.9447353,2.8995452,3.411192,3.6590009,3.6393862,3.6755214,3.7140472,3.7946448,3.7967727,3.7223964,3.5658603,3.16585,2.303511,0.85453033,-0.28500623,-1.3707856,-1.7494695,-1.5330241,-1.3989985,-1.3797408,-1.3434228,-1.2991184,-1.2827141,-1.317893,-1.3660761,-1.3335378,-1.2730267,-1.4609017,-1.6678708,-1.8241634,-1.537411,0.265955,1.7423835,2.5642173,3.3171368,3.7734976,3.7885318,3.6291401,3.497548,3.352452,3.1291747,2.9274948,2.6733594,2.254327,1.4806771,0.33172876,-0.39226255,-0.5490068,-0.35348248,-0.02682782,0.22121803,0.0035820007,-0.07453367,-0.27337682,-1.0026808,-1.4292008,-1.6087303,-1.7869112,-2.0236523,-2.2616725,-2.3285756,-2.2905173,-2.0660298,-1.4711254,-0.2514398,1.7037916,3.2092044,3.9707515,4.7350707,5.373493,5.5933733,5.4355736,5.251871,5.1862597,5.017518,4.621981,2.9588592,0.8599342,-0.03672816,-0.095075384,-0.1621037,-0.3333131,-0.7676158,-0.9837017,-0.80508244,-0.6228028,-0.49592918,-0.8764316,-0.94227594,-0.4587363,0.38916337,0.3118102,-0.3882965,-1.3436289,-1.5582949,-1.1558812,-0.92672735,-0.48889646,-0.0589865,0.11864717,0.2633917,0.3682628,0.2935472,0.093737766,-0.07892233,-0.42652416,-0.863443,-1.0079324,-0.762763,-0.78590286,-1.1297085,-1.4049699,-1.4521909,-1.1856184,-0.469521,0.23623978,0.61610484,0.8089862,1.0586666,1.126627,0.8667463,0.45984787,-0.2706744,-1.392154,-1.9723375,-1.8074298,-1.3221684,-0.8231524,-0.5749128,-0.41898572,-0.2675931,-0.32440507,-0.577594,-1.0185789,-1.3311325,-1.4849089,-1.5599519,-1.6535575,-1.6681086,-1.7081263,-1.7194948,-1.8810421,-1.9294925,-1.9103638,-1.5648122,-0.90844315,0.049263984,0.9427151,1.5878476,1.7827111,1.7068874,1.7738807,1.7822177,1.7739397,1.7454066,1.5589643,1.4859021,1.5227296,1.7984215,2.080212,2.1906486,2.1529634,1.8414091,1.3358809,0.18756583,-0.5318363,-1.174311,-1.3338377,-1.5361868,-1.8556188,-1.9940102,-1.9865592,-1.9372677,-2.0011458,-1.9127645,-1.8617108,-1.7600985,-1.6159337,-1.4276769,-1.3960555,-1.3915693,-1.3590093,-1.25962,-1.2790073,-1.2442429,-1.2228551,-1.1178424,-1.1798971,-1.2857262,-1.4568357,-1.5536402,-2.8694563,-2.8701804,-2.8701077
-2.3064914,-2.3851275,-2.4058423,-2.9527516,-2.941008,-2.984565,-3.0012603,-2.9556484,-2.7441921,-2.4229531,-2.1425955,-1.7120767,-1.6017883,-1.5589122,-1.4598609,-1.5139129,-1.391889,-1.2122382,-0.91987336,-0.53298694,-0.30111796,-1.393484,-1.518981,-1.7839155,-2.509142,-2.7943616,-2.2238731,-1.1880107,-0.74584657,-0.64990044,-0.6387808,-0.63092947,-0.6826322,-0.8502808,-1.1806166,-1.4975278,-1.830828,-2.1303253,-2.3015542,-2.2247214,-2.3010297,-2.2949119,-2.0261028,-1.836618,-1.6807086,-1.6377981,-1.554118,-1.5282403,-1.5684993,-1.5389304,-1.5472693,-1.5462804,-1.5828851,-1.4595565,-1.2918541,-1.2319585,-1.4007301,-1.8904109,-2.2931466,-2.2898717,-2.41816,-2.3742867,-2.3326845,-2.2429223,-2.1468897,-2.0475073,-1.9246728,-1.7754154,-1.6060386,-1.4218916,-1.2667663,-1.2858058,-1.0459263,-0.50639236,-0.1256863,0.15675816,0.2710396,0.29655594,0.35701597,0.28197187,-0.069026746,-0.20174661,-0.22585957,0.2225594,0.9330673,1.359042,1.7066257,1.9252837,2.1920002,2.4179425,2.0545301,0.97345626,0.0787238,-0.37569675,-0.5975195,-0.87894875,-1.2933767,-1.7109547,-2.282357,-2.7828188,-3.2867517,-3.524654,-2.955305,-2.3476727,-2.1376953,-2.257202,-2.4125562,-2.6834297,-3.038831,-2.9595394,-2.6988363,-2.4314897,-2.1813223,-2.121434,-2.1910226,-2.7972379,-3.0295768,-3.0809436,-3.2774932,-3.4083982,-3.0210423,-2.5271823,-1.9952848,-1.695461,-1.465848,-1.4732805,-1.486663,-1.4530439,-1.48306,-1.5552521,-1.658648,-1.6448858,-1.4188949,-1.2735453,-1.68995,-2.2109928,-2.1616309,-1.8221521,-1.1589272,-0.7048905,-0.6712669,-1.0480189,-1.3495433,-1.6245517,-1.8384079,-2.1129837,-2.2776392,-2.3794055,-2.3985128,-2.4521208,-2.1858873,-1.860265,-1.7219601,-1.6183312,-1.5201023,-1.4222763,-1.4085054,-1.4307117,-1.4680738,-1.528496,-1.5968416,-1.5810853,-1.598346,-1.5806615,-1.5716763,-1.5203586,-1.4542382,-1.3616424,-1.2613008,-0.93142945,-0.6373391,-0.60338116,-1.0334092,-1.3344518,-1.2244986,-1.1777363,-1.1131256,-0.96846884,-0.8135754,-0.7676175,-0.71499205,-0.6615982,-0.6095354,-0.5597471,-0.45522362,-0.4803327,-0.66947204,-1.0366997,-1.4975346,-1.8113978,-1.9125354,-1.925711,-1.7011825,-1.6182152,-1.5771638,-1.5858167,-1.4842181,-1.552793,-1.8974566,-2.4855628,-2.9099615,-3.0456285,-3.0586786,-3.0820339,-3.0190482,-2.8904405,-2.6487453,-2.6217885,-2.486199,-2.5481358,-2.4380207,-2.384653,-2.2935376,-2.3233376,-2.3373265,-2.3538673,-2.2820544,-2.2881837,-2.2880847,-2.2880497
1.2469704,1.1382293,1.0929044,-0.804162,-0.6178107,-0.483125,-0.48400036,-0.47757736,-0.31656963,-0.12899908,-0.0045126826,0.027474433,0.021054983,0.092314586,0.4597259,0.8270257,0.9539467,1.0390965,1.4295565,1.8304234,2.649033,3.2325068,3.3223712,2.6904688,1.9710062,1.4918249,1.0067849,0.63188934,1.0374192,1.2639779,1.2808678,1.3320603,1.409215,1.4940879,1.5134189,1.4617774,1.3166604,1.2431726,1.7073551,1.8975073,1.508713,0.78892064,0.24589336,0.10255094,0.024889916,-0.0042555034,0.0033176094,0.018891424,0.057327002,0.0076967627,-0.078666,-0.087440714,-0.042383105,-0.29583478,-0.31619138,-0.07614645,0.9505631,2.082788,1.1847473,0.89718497,1.2702105,1.5175635,1.4932458,1.411546,1.3460909,1.3446903,1.3126761,1.3132279,1.2553263,0.9714344,0.58027786,0.113839984,0.29974985,0.741225,1.185853,1.5308146,1.6001034,1.6073493,1.6811926,1.6791601,1.153734,0.60018337,0.28143328,-0.2239594,-0.16981621,-0.07192135,-0.1336194,-0.1961011,-0.03317052,0.6220711,2.1102343,4.4873185,6.097163,6.969863,7.7898397,8.482769,8.848656,8.971246,8.950407,8.815174,8.502544,7.719677,6.7012424,4.6213818,3.2391677,2.820915,2.6163108,2.4029398,1.5738227,0.9435351,0.86811215,0.9575982,1.0014437,1.827324,3.5075603,6.723439,9.37822,10.3067875,10.0525055,9.120269,7.4519534,5.317418,3.5408373,2.9378293,2.835771,3.0171528,3.6277118,3.838787,4.2549763,4.6018014,4.7032213,4.7027264,4.678248,4.7019234,5.1174984,5.141624,4.844265,4.4268703,3.5000668,3.497931,4.792835,6.851705,8.146129,8.719505,9.025733,9.18783,9.149951,8.671136,7.9492598,6.7224894,4.359102,1.9867346,0.7723901,0.012792632,-0.36639768,-0.5410996,-0.39860773,-0.25889108,-0.1565764,-0.15320162,-0.1468844,-0.27606514,-0.3845396,-0.4741635,-0.57205415,-0.6371809,-0.7516313,-0.84441525,-0.91967034,-0.73134106,-0.03455828,0.62755173,0.98537076,1.0830505,1.2996027,1.2794985,1.1630324,1.2180834,1.3410025,1.378309,1.3858938,1.3010662,1.3103982,1.3937116,1.5552619,1.8433995,2.0058022,1.9992542,1.771317,1.7010787,1.5206429,1.3826591,0.66061354,0.36061984,0.10519835,-0.011120081,0.3698195,0.932711,2.359733,2.6814861,2.896597,2.922263,3.0004556,3.0707726,3.1869118,3.217888,3.0627618,2.9461389,2.6920488,2.6884162,2.6471038,2.7022276,2.6901722,2.4832337,2.389018,2.2874725,2.074764,1.2690969,1.2686851,1.2687824
-0.8426419,-0.8218775,-0.79410845,-1.0699449,-0.73004293,-0.53674734,-0.5524906,-0.49282277,0.10512181,0.7338917,1.4188331,2.0051506,1.9161482,1.9457968,1.9400837,1.693539,1.8027732,1.9550385,2.0287812,1.9795368,1.5627178,1.126883,1.0683185,1.3503253,0.8193979,0.0026963055,-0.50254524,-1.0525633,-1.9641343,-2.471098,-2.5681417,-2.645977,-2.661038,-2.6124103,-2.4442155,-2.2145123,-1.9661815,-1.7958019,-2.2745717,-2.677826,-2.407458,-2.1510766,-2.4225774,-2.7198868,-2.7947235,-2.8036735,-2.8382459,-2.9097028,-2.950221,-2.9212465,-2.8713775,-2.8244808,-2.7350988,-2.1885605,-1.97531,-1.8546742,-1.9454131,-2.311784,-2.1193407,-2.3319402,-2.7072155,-3.173581,-3.2031033,-3.198517,-3.1559563,-3.137838,-3.1103673,-3.1051564,-3.142794,-3.0872214,-2.9119148,-2.7979493,-2.5171065,-2.0653954,-2.2819872,-2.5185199,-2.6525378,-2.5771575,-2.6226988,-2.6841717,-2.4344735,-2.0914955,-1.8820653,-1.8316216,-1.7872629,-1.3119515,-0.98103034,-0.81807446,-0.60743546,-0.47877434,-0.6610696,-1.0834923,-1.2469614,-1.1850604,-1.3425405,-1.702421,-2.0099432,-2.2240677,-2.586532,-2.8169732,-2.9549668,-2.9252298,-2.067736,-1.76494,-1.723331,-2.0477529,-2.2036028,-2.1226559,-1.6455703,-1.4379475,-1.378637,-1.3206298,-1.3226207,-1.1296402,-1.2197742,-1.3258722,-2.0467763,-3.1609092,-3.5125418,-3.302929,-3.02703,-2.7313967,-2.67605,-2.519818,-2.3329918,-2.4942775,-2.7171032,-2.686803,-2.6122088,-2.443399,-2.305906,-2.0197773,-1.6631126,-1.5137112,-1.7141201,-1.7853405,-1.4980001,-1.1656582,-0.5690833,-0.35827374,-0.38737783,-0.7839102,-0.9199836,-0.75839686,-0.14548731,1.0091292,2.8385253,5.3463635,7.441287,8.869568,9.809889,9.8483305,9.445946,8.599535,7.9375076,7.0537186,6.550794,5.6288204,3.9785666,2.105247,0.5681895,0.14023358,0.1525557,0.12678605,0.13711137,0.21356955,0.17290482,0.22873753,0.21312329,0.18531135,-0.109033376,-0.57058847,-1.1900294,-1.652145,-1.9705949,-2.0663424,-2.0441842,-2.0174,-2.0062537,-1.986635,-1.9093053,-1.7969692,-1.6983473,-1.751862,-1.8872566,-1.9951991,-1.9287078,-1.605786,-1.0953436,-0.48538435,0.5081445,0.9193665,0.7041316,0.67305374,0.8236275,0.72681946,0.2778318,-0.10743609,-0.8489538,-1.3395799,-1.5560002,-1.6824005,-1.8015049,-2.0236657,-2.124339,-2.3228016,-2.5290203,-2.7329717,-3.22908,-3.2996368,-3.3355026,-3.6190078,-3.535954,-3.5247526,-3.5369925,-3.6218138,-3.6016974,-0.8488121,-0.84751654,-0.84761715
1.364334,1.7290106,1.8930551,6.530982,6.9406137,7.081993,7.044242,7.1881466,8.079875,9.167648,9.868561,10.354694,10.453832,10.4766,10.569296,10.485819,10.4662895,10.430836,10.163374,9.660862,8.104304,5.0194964,3.6615858,2.1996293,0.076236844,-0.7869662,-0.98504806,-0.814948,-1.1574845,-1.6246796,-1.781839,-1.9910543,-2.182643,-2.3294635,-2.4980001,-2.540059,-2.4299498,-2.123339,-1.5778503,-1.2786684,-0.99768907,-0.6778098,-0.8145569,-1.0015326,-1.0454026,-1.032921,-1.0436767,-1.0470016,-1.0673258,-1.04129,-0.98783875,-1.0030068,-0.9569339,-0.45760617,-0.27988046,-0.2573297,-0.6631475,-1.3604836,-1.433885,-1.948127,-2.3213835,-2.5405493,-2.4294252,-2.347939,-2.2349484,-2.190455,-2.1544573,-2.0983577,-2.1372547,-2.2561746,-2.4392247,-2.6937141,-2.8214145,-3.0834613,-3.4107728,-3.4487004,-3.363635,-3.3174179,-3.3303585,-3.3536162,-3.2303486,-2.9377937,-2.902276,-2.9628358,-2.844631,-2.5314445,-2.5062156,-2.5161686,-2.5455055,-2.6604664,-2.957632,-3.4364457,-3.589342,-3.5390515,-3.5864067,-3.6890898,-3.663096,-3.5330973,-3.2139463,-2.9228797,-2.39678,-1.8395164,-1.6442132,-1.6146386,-1.6390386,-1.864168,-1.8491478,-1.6056385,-0.7734324,-0.24546625,-0.15614423,-0.25437143,-0.5033004,-0.4112721,-0.46528256,-0.83091164,-1.6888304,-2.1845162,-2.0758862,-1.3960917,-1.4394901,-1.4548548,-1.2557116,-1.0709743,-0.89748573,-1.0785279,-1.3688164,-1.2882414,-1.0132776,-0.6789216,-0.41486135,-0.01870589,0.36837703,0.6971016,0.28790674,-0.58012295,-1.2818451,-1.5898405,-1.778033,-1.9313262,-2.2781136,-2.439289,-1.9548512,-1.4739503,-1.2466624,-1.1248674,-0.75405407,-0.19459042,0.36951205,1.0355499,1.0724984,1.3183858,1.06471,0.93990904,1.2290126,1.6095493,1.7035525,1.6839516,1.310699,0.6997572,0.1565283,0.12514052,0.34079093,0.4114812,0.48353508,0.5298886,0.50424194,0.549691,0.6042362,0.42131364,-0.062763944,-0.7238556,-1.2772129,-1.6339386,-1.8434558,-1.8204029,-1.6189871,-1.3590543,-1.1814723,-1.1416166,-1.1507912,-1.0454288,-1.0489998,-1.1433456,-1.2824419,-1.5210812,-1.7224299,-1.8882148,-1.9195685,-1.947849,-1.7653635,-1.5165609,-1.0908873,-0.9661942,-0.69068944,-0.30826432,-0.2502961,-0.5186788,-1.4850305,-1.7263085,-1.8375092,-1.9611285,-2.064886,-2.1290755,-2.0911212,-2.130404,-2.272108,-2.4486673,-2.6635814,-2.5490048,-2.4859946,-2.6003816,-2.6130023,-2.6394677,-2.5856867,-2.5528097,-2.4928756,1.2797384,1.2824244,1.2820647
-0.9935295,-0.9985236,-0.98791236,-1.4192193,-1.4048637,-1.3900912,-1.3577235,-1.2667652,-1.139224,-0.8081472,-0.48441243,-0.19660023,-0.26864138,-0.27453998,-0.3797121,-0.5601858,-0.56132555,-0.5357089,-0.60216343,-0.59642315,-1.1223001,-2.2013025,-2.6640673,-2.9724967,-2.8705108,-2.9751878,-2.98468,-2.663239,-2.638856,-2.490049,-2.4695854,-2.4761205,-2.557379,-2.622984,-2.6885107,-2.5345676,-2.0892015,-1.3765284,-0.23894432,0.79048896,1.5757495,2.1393769,2.3227463,2.2020621,1.9839118,1.9977132,1.9940076,2.0110977,1.9797509,1.95115,1.9743683,1.8517408,1.8838067,2.3538277,2.560927,2.8971522,3.0525923,1.6185336,0.6004624,-0.7356951,-1.8269122,-2.6651607,-2.8127131,-2.8380544,-2.84449,-2.8178525,-2.7459443,-2.7237415,-2.6065402,-2.2828639,-1.9476007,-1.8208568,-1.9259255,-1.9873309,-2.1571188,-2.4148529,-2.5606139,-2.5017557,-2.4405863,-2.2674952,-1.8014354,-1.0904608,-0.7716602,-0.5123639,-0.22107634,0.09634915,0.16814122,0.20851585,0.11985168,-0.19702345,-0.8308915,-1.6820394,-2.2915063,-2.5941176,-2.9863622,-3.355805,-3.5341759,-3.6116304,-3.5207486,-3.2665112,-2.6106179,-1.306098,-0.73195446,0.00067070127,0.37159842,0.1597367,-0.0642114,-0.26012957,-0.31678858,-0.3113205,-0.12882507,0.33887747,0.93348455,1.2115963,1.0869439,0.6737913,-0.38980147,-1.4659231,-1.4041159,-1.2619824,-1.576015,-2.0482728,-2.0158641,-1.875196,-1.6903074,-1.7502444,-1.9294567,-1.999373,-2.1364179,-2.2774227,-2.3634634,-2.3483553,-2.1867118,-2.0242684,-2.0010042,-2.3167648,-2.849583,-3.4071968,-3.7195497,-3.719077,-3.8231754,-4.0791817,-3.9985437,-3.7697005,-3.544323,-3.519847,-3.4686525,-3.0798767,-2.3131194,-1.3305409,-0.18710092,1.2382709,2.4983244,4.5251846,5.9436545,7.1246376,7.547082,7.939598,8.491492,8.988891,9.354012,9.490603,9.577835,9.6480665,9.629458,9.570505,9.489014,9.400489,9.450165,9.71461,9.676588,9.2186775,8.119506,6.2060943,4.027362,2.6342828,1.6737784,0.7127135,0.34345764,-0.02901715,-0.79155636,-0.86302257,-0.94243664,-0.97741276,-1.2164515,-1.7107813,-2.2213182,-2.528676,-2.4371986,-2.2480462,-2.0242035,-1.7768737,-1.5286703,-1.4149816,-1.1697621,-0.86877865,-0.83147025,-0.9241395,-1.6813136,-1.8552821,-2.0724196,-2.1953905,-2.2719877,-2.4316792,-2.5626426,-2.7892604,-2.9308622,-2.9941912,-2.9977741,-3.018272,-2.9999375,-2.9153914,-2.968421,-2.9402456,-2.8805366,-2.7362137,-2.675251,-0.9892243,-0.98869467,-0.9887471
-0.5365828,-0.5953364,-0.593372,-2.3311858,-2.206543,-2.0961602,-2.135486,-2.0574703,-1.1911693,-0.37717336,-0.6257276,-0.53965,-0.57844436,-0.69496673,-1.002966,-1.4594632,-1.5465612,-1.5644386,-1.906988,-2.1639977,-2.7001877,-2.4193635,-2.2011945,-1.8390368,-1.533656,-1.4474531,-1.0696166,-0.64138556,-1.1372137,-1.7176943,-1.8643919,-2.0346508,-2.1408765,-2.12689,-2.05641,-1.9278657,-1.7250869,-1.5063772,-1.805412,-1.6911869,-1.1866715,-0.858448,-0.9006048,-1.0607778,-1.1435719,-1.1451395,-1.1298662,-1.1341256,-1.1729274,-1.1988294,-1.1963453,-1.2340921,-1.1940802,-0.76035005,-0.44427943,-0.058256246,0.19668633,-0.7651415,-1.2137852,-1.5527036,-2.1450021,-2.6461968,-2.8151865,-2.85761,-2.9114425,-2.9381557,-2.9103596,-3.0159898,-3.0648603,-2.8383775,-2.4033642,-1.8876121,-1.5005009,-0.9830249,-1.1447314,-1.6363466,-2.0811272,-2.1556928,-2.2687905,-2.2319112,-1.8227937,-1.3571903,-0.96936125,-0.7297043,-0.85575247,-0.6740957,-0.32091254,-0.05247891,0.1909515,0.28759483,-0.06282103,-0.6454541,-1.0544945,-1.2861451,-1.6960756,-2.1670585,-2.5144458,-2.843206,-3.1784155,-3.2659013,-3.141583,-2.5590599,-1.8966117,-1.414978,-1.1138824,-1.244288,-1.4459808,-1.5225486,-1.342458,-0.7423947,1.1268814,3.5254002,6.5132313,9.808741,10.433575,9.816504,7.06404,2.7297437,1.0107588,-0.59545076,-0.9300008,-0.62878644,-0.47032535,-0.2893018,-0.05282236,-0.47859347,-0.86065125,-1.1152735,-1.6667736,-2.0182607,-2.1927402,-2.294297,-2.235927,-2.253811,-2.4565773,-2.365304,-2.2821205,-2.4890063,-2.270551,-2.043649,-1.8188293,-2.2527392,-2.5691035,-2.529785,-2.3799896,-2.507235,-2.5721738,-2.314467,-1.6723232,-0.90626717,0.074887455,1.0017476,1.5917573,2.2344017,2.427249,2.5214906,2.3940709,2.0989852,2.3945136,2.9266229,2.964644,2.9062886,2.8940916,2.8933587,2.8085923,2.8321128,2.8230445,3.170989,3.544283,3.9857833,3.7503653,3.0092015,2.4482737,2.3174522,1.8683418,1.2945704,0.70923734,-0.11665054,-0.49292922,-0.8209797,-1.3300406,-1.2446498,-1.1587231,-1.1025331,-1.3776704,-1.8713968,-2.241401,-2.3775973,-2.1005664,-1.8424957,-1.3201995,-0.89112055,-0.6053157,-0.5052686,-0.24382645,-0.14526528,-0.30517313,-0.51908976,-1.2219515,-1.7516117,-1.9104384,-1.9983923,-1.9896001,-1.9415765,-1.9051127,-1.8362527,-1.7119062,-1.7821198,-1.8659956,-2.0090961,-2.0487447,-2.1343741,-2.116942,-2.0429697,-1.9680163,-1.9617083,-1.8712547,-0.5217585,-0.5208434,-0.5208769
-2.854754,-2.8069398,-2.784622,-1.3145267,-1.1001408,-0.99314725,-1.0073875,-0.99421394,-0.8886763,-1.0821575,-1.0656948,-0.87646717,-0.64168847,-0.54288256,-0.30967963,-0.15741193,-0.21868229,-0.38070744,-0.46762124,-0.485009,0.28474385,1.02572,1.1634448,0.8100109,0.31681338,0.08208354,-0.14150035,-0.4069278,-1.1951883,-1.680254,-1.8116887,-1.898001,-1.9773276,-2.0773258,-2.2432795,-2.3888078,-2.5862393,-2.8641982,-3.1483955,-3.242856,-3.1088037,-2.955048,-2.8965416,-2.8110237,-2.7467427,-2.7142723,-2.6554968,-2.634355,-2.63856,-2.6627462,-2.6816483,-2.6439695,-2.7171597,-2.9786286,-3.0412183,-3.013035,-2.8397055,-1.673483,-0.75342315,-0.21285598,0.16277012,0.3018452,0.23244503,0.05771862,-0.010864317,-0.10722769,-0.25773355,-0.31728747,-0.20581302,-0.22663975,-0.61033726,-1.189352,-1.6890851,-2.1829414,-2.453578,-2.5009243,-2.5022216,-2.543283,-2.55904,-2.6113584,-2.781312,-3.1906757,-3.3468065,-3.5526848,-3.9081604,-3.8358965,-3.6624322,-3.5676715,-3.5494556,-3.6441033,-3.6842425,-3.3201876,-2.8151436,-2.289834,-1.3450272,-0.17273694,0.5289825,1.0325397,1.375227,1.3248048,0.8822112,-0.2792744,-1.6157701,-1.8924005,-1.6110466,-1.2165518,-1.1369687,-1.2421775,-1.8683709,-2.5984182,-3.272615,-3.5245068,-3.2455869,-2.5294933,-2.0385087,-1.763272,-1.3488398,-1.8252051,-2.369802,-3.398922,-3.4763348,-3.1411934,-2.9635546,-2.8628,-2.7281737,-2.6317081,-2.5465183,-2.3888037,-2.1190581,-1.7727991,-1.5391157,-1.2407286,-1.0273362,-0.5714428,0.6416889,1.3887286,1.5659978,1.6971431,1.3339934,1.1043795,1.0547637,1.3982385,1.577254,1.876586,2.1328094,2.1988776,1.8053068,0.9160161,-0.122896336,-1.078774,-1.6095643,-1.9610095,-1.9489365,-1.7984154,-1.8463886,-1.9562995,-2.0068572,-2.152751,-2.260918,-2.2212112,-2.0217893,-1.9915309,-2.013655,-1.9812051,-1.961448,-1.9855065,-2.0294285,-2.2569396,-2.3361886,-2.2278318,-1.9762719,-1.559988,-1.2242079,-1.3285501,-1.7494826,-2.1449094,-2.4942007,-2.692774,-2.7506769,-2.7848136,-2.926392,-3.0642245,-3.0909688,-3.087709,-2.9953494,-2.879121,-2.876051,-2.8733435,-2.911427,-2.9740179,-3.0599046,-2.9914656,-2.9164517,-2.7859247,-2.7079043,-2.6425319,-2.3131576,-2.1071112,-1.2970306,-1.3276608,-1.5272377,-1.8235745,-2.031149,-2.389484,-2.6302488,-2.9355974,-3.0405505,-2.9679797,-3.0265422,-2.9801605,-3.0390494,-3.2905052,-3.307233,-3.3207684,-3.3127704,-3.3586907,-3.3513389,-2.8643289,-2.8635564,-2.8636541
-1.9626828,-2.070679,-2.0975103,-3.588196,-3.3963826,-3.2868614,-3.2636502,-3.163983,-3.0265467,-2.920724,-2.4534547,-1.674306,-1.4710598,-1.4333947,-1.3262866,-1.4029063,-1.2548232,-1.1015363,-0.8485631,-0.94552845,-1.2778236,-1.3854163,-1.4160209,-1.4081922,-1.5626221,-1.9619274,-2.28336,-2.2731347,-2.345475,-2.3254638,-2.3258216,-2.351561,-2.3460114,-2.2966282,-2.121562,-1.8717834,-1.5273197,-1.2447249,-1.3031472,-1.5894499,-1.5843854,-1.4121547,-1.3636827,-1.5039253,-1.5409781,-1.5306202,-1.5736969,-1.636448,-1.651052,-1.6334844,-1.6223221,-1.5692651,-1.4868894,-1.130757,-0.9830187,-0.9789686,-1.384114,-2.6519156,-3.0840893,-3.5137627,-3.7213593,-3.7409997,-3.579951,-3.394785,-3.1790855,-3.01818,-2.8242846,-2.517587,-1.9667797,-1.0741487,0.17135663,1.419694,1.9167526,1.9674072,1.4087843,0.95023143,0.6865361,0.6437154,0.65614647,0.80487937,1.1969033,1.6460898,1.8925505,2.2308292,2.6866918,3.1265903,3.435555,3.57381,3.7043839,3.6238108,3.1298094,2.2759476,1.4974992,0.92236114,0.11002451,-0.99489015,-1.8532506,-2.52449,-3.344091,-3.7317588,-4.0469356,-3.9598324,-2.997124,-2.0902762,-1.8979053,-2.3003926,-2.5618682,-2.7491066,-2.6865752,-2.69043,-2.7623448,-2.673039,-2.6185684,-2.5043344,-2.3419333,-2.4555569,-2.2861078,-2.2229009,-1.7856464,-1.1268204,-0.22684416,0.5164683,1.1005564,1.5150334,1.9886667,2.1437001,2.0008776,2.0987406,2.145306,2.0282915,1.974855,1.9286802,1.811804,1.6058533,1.224579,1.2028787,1.3099945,1.3863959,1.3543646,0.96855867,-0.06889391,-1.2202204,-1.7576187,-1.8415676,-1.7151692,-1.4668847,-1.0203537,-0.42166507,-0.03452474,0.15702659,0.537411,0.80685693,1.117688,1.3037617,1.2957771,1.1780455,0.9827522,0.7085304,0.4189553,0.07955101,-0.20682201,-0.20753953,-0.21558821,-0.20807514,-0.20658737,-0.1640619,-0.087161124,0.041330487,0.019566417,-0.15902597,-0.5753387,-1.1117033,-1.7087833,-2.2412033,-2.509861,-2.5377584,-2.4734495,-2.4621334,-2.4730966,-2.4643126,-2.373818,-2.3028178,-2.24541,-2.281926,-2.3698425,-2.394658,-2.303196,-2.0221124,-1.6743339,-1.2716379,-0.6292074,-0.4029552,-0.28276724,-0.3444905,-0.36328363,-0.45334405,-0.7548264,-0.9388196,-1.3689113,-1.7236962,-1.9389865,-1.9287734,-1.9627453,-2.0323126,-2.0159397,-1.8536699,-1.7449342,-1.8643699,-2.0090518,-2.170865,-2.2917857,-2.28987,-2.2541237,-2.3010921,-2.3461256,-2.2758975,-2.2572346,-1.9383107,-1.9382558,-1.9382174
0.38963845,0.3127228,0.2914239,-0.7323163,-0.6319934,-0.62650585,-0.62611675,-0.59944546,-0.48207182,-0.39616942,-0.11741593,0.3022598,0.42866868,0.42934346,0.5559713,0.92370784,1.4668211,2.206809,3.9518037,5.5594707,8.375196,10.125768,10.3690405,10.4691925,10.285179,10.148625,9.836033,8.1839485,5.5826893,3.7912257,3.2932918,2.629765,2.0526037,1.6971803,1.4989638,1.2814175,0.976631,0.6742407,0.32199985,-0.29786232,-0.93911105,-1.1901762,-1.1719873,-1.1340468,-1.0861063,-1.081557,-1.1331522,-1.214518,-1.2694734,-1.223063,-1.2826267,-1.3227623,-1.4882436,-1.4425635,-1.1534,-0.7813933,-0.24007672,-0.03164339,-0.7650359,-0.7369481,-0.34098342,0.23888141,0.28354216,0.2818732,0.24888536,0.17705098,0.089288905,-0.14087392,-0.38115886,-0.52119976,-0.55421823,-0.53258085,-0.98664945,-1.4329921,-1.9709744,-2.199344,-2.2920995,-2.353602,-2.363707,-2.288909,-2.112112,-1.6987677,-1.1817751,-0.71489495,-0.76184833,-1.1674494,-1.1730387,-1.144706,-1.1634909,-1.2853565,-1.4905798,-1.8579586,-2.339533,-2.7056355,-2.9200442,-2.6007004,-2.152312,-1.7034354,-1.3476472,-1.3523455,-1.6410675,-1.3709925,-1.1650263,-1.4137838,-1.549071,-1.6581995,-1.7388585,-1.9158762,-2.0547135,-1.6674914,-1.0647278,-0.7631627,-0.61983967,-0.44927895,-0.33050966,-0.30586028,-0.9500309,-1.4746966,-1.9386061,-1.942688,-1.4573343,-1.1097088,-0.7749725,-0.40968037,-0.1324753,-0.1417004,-0.04474996,0.12560344,0.68754876,1.6158445,2.3902948,3.7374988,5.1935973,6.6350384,8.457188,9.418284,9.909716,10.0378475,10.329502,10.585876,10.730589,10.126309,9.138059,8.076484,6.554083,4.3997865,2.594296,1.2842071,0.60304147,0.23501652,-0.32359225,-0.7871513,-1.0681134,-1.0886914,-1.1480367,-1.2380377,-1.2702644,-1.3496418,-1.5713767,-1.7751914,-1.9256128,-1.9397867,-1.9611489,-1.8830202,-1.908125,-1.8902894,-1.8975976,-1.9002986,-1.7455673,-1.3388656,-1.0676332,-0.79059356,-1.0805608,-1.5396771,-1.6243774,-1.6171937,-1.4896009,-1.5639567,-1.7450681,-1.7573872,-1.7223935,-1.5945337,-1.4795744,-1.4446472,-1.5638387,-1.6647495,-1.6557572,-1.6068988,-1.5784903,-1.4819002,-0.8385923,-0.2950327,0.014226317,0.13719615,0.285628,0.4253599,0.4728701,0.55973077,0.7047271,0.31425256,0.19773887,0.19761959,0.16439709,0.24667935,0.26671505,0.37092072,0.4034031,0.3826139,0.1088109,0.025494508,-0.14372699,-0.2856132,-0.27926883,-0.43716097,-0.39503038,-0.43959644,-0.5354674,0.40729415,0.40807855,0.40802786
-2.9781504,-3.0965872,-3.135312,-4.1609964,-4.0569763,-3.9648924,-3.926945,-3.8087778,-3.667015,-3.510509,-3.1983018,-2.568945,-2.409663,-2.3397517,-2.1494184,-2.2443311,-2.197564,-2.168052,-2.2779124,-2.3362694,-2.6546812,-3.2180915,-3.2930946,-3.38312,-3.6079493,-3.8739638,-4.023826,-3.7991312,-3.4550214,-3.1559768,-3.0414245,-2.9041696,-2.784626,-2.7188582,-2.5365846,-2.2734218,-1.9851178,-1.8124712,-1.8574401,-1.6792657,-1.3242676,-0.9747188,-0.6592838,-0.64310575,-0.5830194,-0.5476805,-0.5246141,-0.55306953,-0.5535056,-0.5071442,-0.46540558,-0.41171768,-0.31651926,-0.098201595,-0.19954121,-0.46454707,-1.1304245,-2.5542073,-3.0577903,-3.3570235,-3.6610804,-3.8657622,-3.7846408,-3.663475,-3.5187755,-3.3793085,-3.191039,-2.9445264,-2.650533,-2.253916,-1.8596023,-1.6181724,-1.1066401,-0.3543812,0.17173302,0.13401777,0.08095807,0.47361952,0.9608958,1.6587481,2.9877605,5.1478243,6.2413864,7.422263,8.574905,9.384774,9.705928,9.863958,9.928812,9.913043,9.81818,9.251293,8.265707,7.269987,5.4777355,2.8134887,0.7535629,-0.7793102,-2.4481726,-3.2406425,-3.6965208,-3.647911,-2.5294926,-1.2906265,-0.8703319,-1.1427369,-1.3869224,-1.5970328,-1.7222427,-1.8053888,-1.9784248,-2.0066242,-2.029427,-2.3205962,-2.6800418,-2.901124,-2.960697,-3.4083633,-3.3135653,-3.0457997,-2.6847196,-2.5254111,-2.3315291,-2.1038723,-1.7876691,-1.6937065,-1.7966858,-1.7884581,-1.8286952,-2.0487797,-2.256651,-2.4186206,-2.4691586,-2.5785139,-3.075817,-3.3643632,-3.3223166,-3.2736983,-2.9806967,-2.6789422,-2.576286,-2.754477,-2.8465865,-2.923208,-2.9624486,-2.8975034,-2.493282,-1.7764162,-0.94708395,-0.4399793,-0.06371109,0.1421741,0.26986006,0.21562646,0.339272,0.6087967,0.6894377,0.6341115,0.4835243,0.3321457,0.13880281,0.032196805,-0.0695557,-0.1168153,-0.1114099,-0.05526486,0.008597612,0.01783079,-0.16250218,-0.48995343,-1.0136268,-1.4897797,-2.0007799,-2.354326,-2.4775395,-2.4316368,-2.347981,-2.3086262,-2.2712874,-2.246823,-2.1971016,-2.144011,-2.118497,-2.1041768,-2.1217175,-2.1489809,-2.136189,-2.008226,-1.7947161,-1.6269178,-1.4494734,-1.6296028,-1.7815878,-1.8652699,-1.8983874,-2.0033863,-2.2069623,-2.3494465,-2.6712816,-2.86231,-3.0470848,-3.07302,-3.0898366,-3.2207117,-3.3413446,-3.4983425,-3.5726159,-3.639402,-3.6216326,-3.704269,-3.7031422,-3.7097278,-3.621162,-3.4999223,-3.5028026,-3.4695516,-3.3502698,-2.9536338,-2.9537063,-2.953658
-5.6093554,-5.6265087,-5.622495,-3.7411115,-3.6453993,-3.6277819,-3.6096992,-3.5508883,-3.5463662,-3.7328906,-3.5723748,-3.0657687,-2.7878778,-2.686835,-2.4874148,-2.4726715,-2.443607,-2.445872,-2.2416847,-1.8432347,-1.0346911,-1.2098712,-1.2320265,-1.2785406,-1.428751,-1.5248395,-1.4696844,-1.057661,-1.4037063,-1.5449829,-1.5498965,-1.5407884,-1.5103327,-1.5206623,-1.5519474,-1.5362127,-1.5074049,-1.5115471,-1.5044013,-1.7972068,-2.2618258,-2.764926,-3.1935318,-3.2815473,-3.2993565,-3.2556849,-3.1958864,-3.1514435,-3.1390023,-3.1283114,-3.118853,-3.0863764,-3.0769525,-2.8336859,-2.7353106,-2.5882525,-2.5421867,-2.1300628,-1.6341513,-1.4963393,-1.4525826,-1.4174713,-1.3766578,-1.3533378,-1.3129117,-1.2556098,-1.1862518,-1.0605053,-0.8169663,-0.4834226,-0.3456383,-0.78884196,-1.4968877,-2.1292396,-2.3955112,-2.3174505,-2.171612,-2.1896398,-2.0780678,-1.9827377,-1.9899669,-2.1861424,-2.4451542,-2.5630133,-2.321629,-2.1081169,-1.8850796,-1.731581,-1.6365608,-1.6232898,-1.7164624,-2.086781,-2.5379822,-2.876505,-3.130978,-3.2966506,-3.4540403,-3.6308458,-3.9383314,-4.144355,-4.453091,-4.421734,-3.872171,-3.4334288,-3.0814183,-2.9520774,-3.0295124,-3.2175167,-3.6243012,-3.9285529,-4.3699307,-4.5301685,-4.294811,-4.0099583,-3.8552914,-4.010034,-3.7004445,-3.944357,-4.344262,-5.166914,-5.4533415,-5.2908735,-4.857836,-4.5211816,-4.1925235,-4.074352,-4.1487193,-4.0110784,-3.7172236,-3.5339127,-3.4809704,-3.3518255,-3.1680696,-2.8753347,-2.4665124,-2.2008052,-1.7823842,-1.3414448,-1.1173863,-1.0190912,-1.0731161,-1.0769467,-1.1958041,-1.2246919,-1.2915692,-1.6957908,-2.2136137,-2.788092,-3.0143769,-3.126925,-3.1401455,-3.1697168,-3.1808164,-3.1653135,-3.1342385,-2.9699879,-2.8619142,-2.7576985,-2.6903136,-2.657717,-2.5120826,-2.4674401,-2.4690485,-2.397899,-2.3477726,-2.3350828,-2.3297343,-2.4117792,-2.4441395,-2.2099993,-1.9057574,-1.4474365,-1.3545359,-1.5000875,-1.6882423,-1.815713,-1.9278195,-1.957878,-1.9291372,-1.9117112,-1.9659847,-2.0468943,-2.0940592,-2.1241791,-2.1015413,-2.0832198,-2.02845,-1.9102316,-1.8239844,-1.9356724,-2.239153,-2.495573,-2.803854,-2.9381151,-3.03794,-3.1767852,-3.2926288,-3.408072,-3.3163042,-3.5520196,-3.760258,-3.8745508,-3.9548907,-4.1803317,-4.3081875,-4.4436593,-4.5060873,-4.5542617,-4.606842,-4.5835333,-4.585783,-4.6288877,-4.6222095,-4.617351,-4.620089,-4.6239824,-4.6221375,-5.6045766,-5.604412,-5.6044154
-1.9225187,-1.9580766,-1.9694624,-2.99212,-3.1155639,-3.1635327,-3.1385403,-3.1637166,-3.2630703,-3.1971066,-3.0605512,-2.9080303,-2.9128728,-2.9508188,-2.8302896,-2.7864432,-2.728445,-2.7202091,-2.634252,-2.438746,-1.9082917,-2.1820343,-2.422153,-2.6486402,-2.828906,-2.7350888,-2.6785135,-2.8489022,-3.28615,-3.2769039,-3.2678976,-3.2248387,-3.2729743,-3.433471,-3.5764074,-3.5255694,-3.3071733,-2.9155376,-1.977118,-0.7388963,0.1947045,1.082606,2.0081606,2.2706962,2.4000697,2.4401603,2.522049,2.5538166,2.553294,2.5427341,2.4755049,2.3414245,2.1757865,2.0524297,1.9365036,1.6630775,1.128973,0.12776741,-0.5032268,-1.0488884,-1.7267178,-2.5275137,-2.643259,-2.7143579,-2.672534,-2.6127532,-2.5261312,-2.4234507,-2.481508,-2.5850883,-2.6918426,-2.932629,-3.0819845,-3.2684627,-3.4211802,-3.4673934,-3.451777,-3.377796,-3.3584356,-3.3283343,-3.0116074,-2.3071384,-1.8638966,-1.2255323,-0.2831291,0.47773612,0.58430886,0.72925985,0.64665645,0.2141543,-0.48035204,-1.241745,-1.7062733,-1.7634444,-1.7564278,-2.0575545,-2.4428842,-2.7334275,-3.0205808,-3.107693,-2.7118604,-1.5201085,-0.18470252,1.1564255,1.6517875,1.5466204,1.4182326,1.1831516,1.0548897,1.293384,1.1609027,0.41123277,-0.39004517,-0.88063973,-1.4002057,-2.012032,-2.8374186,-3.2622755,-3.0057812,-2.4311543,-1.7990161,-1.6075479,-1.6113806,-1.7659556,-1.9338624,-2.017095,-2.1114826,-2.1479359,-2.1295128,-2.2551327,-2.4339507,-2.5112145,-2.356395,-2.116364,-1.9892795,-2.1525772,-2.3550534,-2.62817,-2.7172728,-2.6859694,-2.911706,-3.2335916,-3.328752,-3.38207,-3.5001698,-3.6046731,-3.449605,-3.0756123,-2.6096969,-2.5713415,-2.753831,-2.8217473,-2.8911808,-2.6542234,-2.1161387,-1.3939297,-1.073518,-0.59833777,-0.07051085,0.36973745,0.7600273,0.9187707,0.89943707,0.8899472,0.9074829,0.9160522,0.9785886,0.96281856,0.8597915,0.56959134,0.07979569,-0.4096692,-0.8683567,-1.4474317,-2.064069,-2.4257848,-2.5526874,-2.4988713,-2.3674786,-2.3535964,-2.3766675,-2.3461504,-2.349025,-2.2987251,-2.2568636,-2.2770767,-2.422579,-2.540729,-2.6628466,-2.8893037,-3.2175322,-3.284945,-3.3529677,-3.3429542,-3.2671094,-3.0480204,-2.741125,-2.6083148,-2.715139,-2.514164,-2.5395222,-2.5848215,-2.6232138,-2.8289447,-3.0390668,-3.4023874,-3.626741,-3.8102775,-3.824547,-3.829461,-3.75549,-3.672861,-3.6443753,-3.633697,-3.631894,-3.6038551,-3.5687213,-1.9154587,-1.9153578,-1.9153551
-0.058555722,-0.124284774,-0.15593913,-1.9230303,-2.0354302,-2.087259,-2.0944543,-2.085572,-1.9442925,-1.0950644,0.02608627,0.84200376,1.1316274,1.3730698,1.4331434,1.2447295,1.1896434,1.1663946,0.8908507,0.7632702,-0.06531623,-0.4108338,-0.5845536,-0.7243112,-1.2433321,-1.3980231,-1.1286527,-0.6773349,0.04127997,0.18988946,0.22664282,0.18341103,0.16966993,0.2740452,0.7716989,1.305317,1.793888,2.202229,2.2639074,2.1505623,2.2633204,2.3306398,2.3098934,1.9994545,1.8273253,1.7071493,1.4304268,1.1482565,1.0224594,1.1126698,1.129716,1.0836396,1.0471672,0.7287823,0.5444327,0.24170807,-0.15293784,-0.806957,-1.2626512,-1.6047014,-1.6372701,-1.3976455,-1.2776484,-1.0956533,-1.0396256,-1.0230361,-0.9545625,-1.0132254,-1.0278717,-0.8675364,-0.5557524,-0.22294196,0.02404572,0.34212968,0.16553192,-0.11239323,-0.3131833,-0.29887992,-0.43372536,-0.5265666,-0.009252872,0.5097626,0.8659705,1.4020967,1.7152834,2.1885967,2.4195035,2.488065,2.4518485,2.2322896,1.5461168,0.5661496,-0.048017554,-0.42789403,-0.90018785,-1.5546585,-2.0463958,-2.433067,-2.8124328,-2.8834379,-2.8585508,-2.674715,-1.8493042,-0.87542355,-0.6367432,-0.76528764,-0.56184787,-0.2583236,0.6597516,1.440526,2.6177714,3.578616,3.7262683,2.5909553,1.5809364,1.0993826,0.5393538,0.16049127,0.27224872,0.27789167,-0.016091913,-0.48043382,-0.7545946,-0.5259024,-0.17160204,-0.29708397,-0.48659074,-0.6262319,-0.8118967,-0.93562186,-1.0154973,-0.97066426,-0.88074243,-0.97089493,-1.3480389,-1.2996777,-1.2316389,-1.4270371,-1.212769,-1.1732197,-1.2117668,-1.8120928,-2.123441,-2.1824675,-2.2210524,-2.0048218,-1.618998,-0.9560206,-0.3667722,0.28733024,1.2147148,2.2582495,2.8470068,3.0349362,3.0477448,3.0763574,3.0332034,3.0843563,3.2151947,3.2784388,2.5860355,2.197312,2.03335,1.908118,1.8164119,1.8694082,1.8606269,1.8509037,1.7122648,1.3990715,0.87093705,0.32011387,-0.114913404,-0.16040462,-0.1180473,-0.010101527,0.09430668,-0.11115274,-0.34963024,-0.42802685,-0.47673547,-0.40023613,-0.3622952,-0.38257778,-0.5684761,-0.7947297,-0.8232522,-0.65021384,-0.14756867,0.5215878,1.9337356,2.4478078,3.2881591,3.4879348,3.6800299,3.767673,3.218474,2.8231714,1.7750785,1.4905235,1.4260824,1.4535012,1.4283592,1.279038,1.1009111,0.85455686,0.5099745,0.41594636,0.14942805,0.08718738,0.09849244,-0.1482068,-0.14459059,-0.022628218,-0.03434506,-0.05648905,-0.038199663,-0.04220146,-0.04254517,-0.042476624
-1.0008146,-1.0587782,-1.0939689,-1.7365191,-1.805886,-1.9197458,-1.9652557,-1.9851536,-2.017259,-1.9865423,-1.994756,-1.9679723,-1.7770829,-1.7823958,-1.7987709,-1.8219974,-1.818451,-1.9041297,-2.0489795,-2.1968274,-2.6437426,-2.3459003,-1.9666704,-1.2884117,-0.16640845,0.5667397,0.654081,0.94911265,1.2741766,1.5717249,1.62831,1.6845587,1.7060612,1.6589918,1.4219079,1.0998313,0.64851403,0.15529463,-0.31936407,-0.9851594,-1.6059393,-2.0349772,-2.5239756,-2.7160165,-2.8318624,-2.8269243,-2.8391142,-2.8045192,-2.782823,-2.8436759,-2.8892806,-2.861949,-2.835474,-2.7519727,-2.783093,-2.8034885,-2.667529,-1.2620966,-0.0978694,0.6532508,1.1937793,1.3924537,1.4149312,1.3429968,1.3343604,1.3439918,1.3105305,1.3171238,1.2498701,0.9936929,0.47135422,-0.28157043,-0.71495557,-0.8952018,-0.76870906,-0.5115653,-0.4073237,-0.5390893,-0.63097155,-0.8719176,-1.5002415,-2.3040948,-2.8220565,-3.2770019,-3.1509519,-3.0588424,-2.975452,-2.8933334,-2.8560143,-2.8621464,-2.8372655,-2.5782456,-2.3874578,-2.335918,-2.153503,-1.8469331,-1.5034245,-1.3188746,-1.0874296,-0.99516654,-1.2096113,-1.4996622,-2.2838974,-2.8651266,-2.52695,-1.6564484,-1.2010349,-0.98422796,-1.1702518,-1.5239782,-1.9714475,-2.2293682,-2.1188903,-2.1124117,-1.6974792,-1.2330369,-0.5460515,-0.038085252,-0.36465138,-1.3292177,-1.6521606,-1.4023257,-0.9982616,-0.5048135,-0.34695995,-0.21879283,-0.1676336,-0.20139182,-0.5319214,-0.82247406,-0.9488304,-1.2055025,-1.4907217,-1.4842945,-1.2331281,-0.83703804,-0.6967594,-0.74120206,-1.0567954,-1.1776811,-0.86606216,-0.23870705,-0.03271198,0.010582633,-0.14219354,-0.4904616,-1.1761259,-1.9617448,-2.5943167,-3.383709,-3.590127,-3.4107332,-3.1422863,-2.8249416,-2.6077135,-2.2306504,-2.0105631,-1.9181806,-1.7689865,-1.5403862,-1.3741293,-1.3762304,-1.3853968,-1.3998238,-1.4196074,-1.4568455,-1.4807901,-1.6037557,-1.7163484,-1.788527,-1.6030278,-1.1718206,-0.26289216,0.7640271,1.5633216,1.8384682,1.8992562,1.9882934,1.9964693,2.0041652,2.026211,1.8800428,1.8160436,1.8414936,1.9685695,2.1298327,2.256985,2.2735043,1.9230068,1.3128461,0.14669742,-0.4717383,-0.9093168,-1.0188555,-1.2003415,-1.3744688,-1.392602,-1.3668109,-0.92513335,-0.4811715,0.09751725,0.47345078,0.6952133,0.90627813,0.95538425,0.9774841,0.90990883,1.0829101,1.0863531,1.1234735,0.99578357,0.77365273,0.861109,0.8935078,0.71096283,0.45643896,0.38398397,-0.98523325,-0.9864069,-0.9862577
0.4821159,0.51657355,0.5345596,0.68605,0.38144755,0.22306094,0.23503572,0.18762559,0.110799156,0.2568916,0.046561457,-0.31328544,-0.6570026,-0.6660532,-0.54426396,-0.31428337,-0.27901426,-0.27070868,-0.12013125,0.12871595,0.22224304,-0.98635477,-1.4786716,-1.837702,-1.9160379,-1.737393,-1.3899181,-1.0496457,-1.2250857,-1.2500095,-1.2285098,-1.2464356,-1.3211622,-1.4780688,-1.4879932,-1.2315757,-0.5888513,0.6275549,3.6406822,6.507999,7.669178,8.658261,9.709733,10.180041,10.38067,10.426426,10.512912,10.5784,10.611739,10.597687,10.60391,10.699034,10.757399,10.813507,10.705399,10.619386,10.33738,9.228999,7.5637474,5.2188077,2.8195024,0.033871457,-0.71961653,-1.205966,-1.4351987,-1.4932184,-1.5329176,-1.6204875,-1.8247485,-1.9540089,-1.8919023,-1.6770594,-1.6594839,-1.8261294,-2.0035403,-2.105145,-2.1686153,-2.1476474,-2.24949,-2.2594519,-2.030407,-1.3134736,-0.864177,-0.36083525,-0.00551977,0.2005022,0.11262634,0.12093219,-0.062323555,-0.49162534,-0.87669814,-1.2200124,-1.641238,-1.9705296,-2.4335299,-2.5261126,-2.2962263,-1.9198463,-0.93284136,0.37570274,2.4945388,6.538657,9.288366,10.969215,11.542076,11.803269,11.855976,11.883311,11.45012,10.359003,8.426214,6.3786473,4.806013,3.2114046,1.9942856,0.6559495,-1.0842185,-1.7047822,-1.0712812,-0.08656338,0.6675429,0.26725787,0.061380647,0.11962458,0.027249083,0.07653419,0.076958194,0.012702845,0.052920863,-0.083250836,-0.241013,-0.36299774,-0.2913387,-0.3334559,-0.5268557,-0.83347595,-1.1763879,-1.5680536,-1.721,-1.5421872,-1.4546938,-1.432051,-1.3282933,-1.4446454,-1.7578573,-2.0374527,-2.086025,-1.9122875,-1.4253957,-0.8750289,-0.59672356,-0.3296448,0.010477945,0.71703315,1.597328,2.5545084,3.0515518,4.0088096,4.8814564,5.079842,4.8231373,4.7964697,4.6613336,4.544666,4.6272335,4.5918016,4.6427245,4.4938126,4.2646475,3.7526107,3.1146207,2.475717,2.0184386,0.66875976,-0.5790891,-1.0812542,-1.238173,-1.2761974,-1.1667699,-1.1400808,-1.1171315,-0.9689987,-0.9326247,-0.8562542,-0.9072646,-1.0137621,-1.212981,-1.3959758,-1.4317906,-1.4555264,-1.5925374,-1.5483776,-1.5647418,-1.4377778,-1.2230638,-0.88511014,-0.62613434,-0.6086542,-1.216353,-0.9912442,-1.05153,-1.0990322,-1.1193336,-1.0869402,-1.1310214,-1.1334981,-0.91598207,-0.7571281,-0.43822098,-0.675158,-0.63050663,-0.30385727,-0.40819016,-0.3326564,-0.38015392,-0.35873318,-0.33939797,0.478195,0.47877178,0.4786808
-2.8435965,-2.6783,-2.6193879,0.2206313,-0.17483202,-0.45632744,-0.48075986,-0.506093,-0.9236219,-1.0766532,-0.7669779,-0.6922662,-0.67203945,-0.5329662,-0.36508018,-0.023332998,-0.1163692,-0.33827946,-0.85001993,-1.1366632,-0.8475976,-0.41982993,-0.320706,-0.6253353,-0.44941342,0.41287524,0.44433114,0.44529036,1.6335347,2.4231405,2.6270247,2.8386104,3.0232706,3.1551178,3.1431859,2.9819746,2.6823957,2.2910218,1.908395,1.432001,0.9397073,0.41171956,0.120875105,0.04717329,-0.017048419,-0.047229797,-0.048017055,-0.027427599,-0.024697125,-0.021790713,-0.045502678,-0.06890346,-0.013360813,0.20795372,0.37842026,0.86539674,2.9882324,7.5547695,8.600509,8.619734,8.835676,8.931546,8.885423,8.882691,8.827204,8.871561,8.959292,9.067517,9.178207,9.073176,8.586422,6.760441,4.7498918,3.6890001,3.759451,4.3424773,4.785962,4.2858353,3.9042063,3.2166452,1.76927,0.08686856,-0.5270057,-0.9585849,-1.3440198,-1.6429307,-1.6464446,-1.5847378,-1.2218888,-0.324138,0.9425681,2.0158005,2.4777918,2.6428535,3.2328181,3.9410224,4.1284776,4.097582,4.0274863,4.068823,3.9950442,3.6562734,3.272626,2.0545118,0.9807706,0.7396349,0.6348605,0.54519737,0.09852718,-0.25061205,-0.4563552,-0.56929743,-0.70814747,-1.022331,-0.6950217,-0.33259052,0.5700028,1.2070867,0.8725997,0.49374473,0.081385165,-0.38513333,-0.74014664,-0.49319223,-0.21764287,-0.021398664,0.30611768,0.48705328,0.7962084,0.7360201,0.4450983,-0.00026090443,-0.3845358,-0.6368756,-0.30310568,-0.16416109,-0.1978689,-0.45531085,-0.7840534,-0.7993421,-0.50168574,-0.32943857,-0.58666027,-1.0022084,-1.2048506,-1.2631454,-1.3113041,-1.5156206,-1.7411659,-1.5653812,-1.5462005,-1.5083749,-1.2115476,-1.0261408,-1.2040813,-1.3684598,-1.2905288,-1.2491033,-1.226501,-1.3583308,-1.4602648,-1.558456,-1.6670957,-1.7582185,-1.7796378,-1.8057649,-1.87311,-1.9375997,-1.9203143,-1.4970909,-0.60762095,0.43031242,1.2983385,1.6862663,2.0655553,2.3841913,2.4920118,2.6537347,2.695651,2.7164073,2.7212148,2.5731273,2.4945655,2.481646,2.6930645,2.8684907,2.9121041,2.6617966,2.103243,1.7038862,1.402272,1.0476145,0.23907524,-0.18677971,-0.6779078,-1.2236892,-1.4366608,-1.4435225,-1.4307951,-1.9658935,-2.2025738,-2.272431,-2.300389,-2.320197,-2.1931167,-1.993066,-1.9697597,-1.9910898,-1.6904218,-1.5532871,-1.3544244,-0.8842434,-0.866802,-1.0652075,-1.0849926,-0.9609066,-0.94481295,-2.879301,-2.8797474,-2.8797543
-0.9282203,-0.9944166,-1.0224955,0.10825713,0.19402763,0.1491389,0.13249284,0.27938125,0.8495852,2.6663132,4.474911,5.3187647,5.4054685,5.4589,5.6200733,5.615917,5.531659,5.329374,4.817146,4.2715697,3.8365788,4.9896164,5.3577785,5.5313416,5.153145,4.4653406,3.7960224,3.011613,3.2817407,3.6673992,3.7221527,3.8040843,3.846218,3.7801046,3.4629467,3.1138496,2.7135074,2.343485,2.2916043,2.8185287,3.2796566,3.4932818,3.8308892,4.3235035,4.6728115,4.7756567,4.965406,5.119012,5.142888,5.1558595,5.189005,5.3135667,5.4089026,5.45397,5.3200264,5.129161,4.708621,3.8653002,3.5255556,3.5224276,3.5316079,3.406496,3.3842094,3.3499527,3.3271098,3.401413,3.4462466,3.5719824,3.7034538,3.623321,3.4933429,3.7109575,4.0769343,3.9032412,3.4716856,3.3698707,3.3125796,3.217567,3.0498822,2.9160266,2.7841363,2.3261604,2.0561645,2.2669034,2.8262749,3.2279007,3.464734,3.5596657,3.573157,3.463118,3.2349086,2.6880171,1.9832032,1.4598033,1.1246121,1.3521881,1.5487607,1.7477126,1.864557,1.8609784,1.7667098,1.828536,2.7432427,4.1542087,4.6984825,4.7084713,4.5590267,4.294206,3.675706,3.0959198,2.914089,2.8237352,2.2308083,1.1642857,0.8062341,0.48273063,0.5660324,1.3905437,1.450582,1.232904,1.1673983,1.5701523,2.5348907,3.4371216,3.9659562,4.1069508,3.9869287,4.1294594,4.342258,4.2823987,4.1208653,3.8814197,3.5504313,3.2179852,3.3124268,4.030307,4.691076,5.0068803,5.266151,5.354147,5.270301,4.5903273,4.080351,4.0391364,4.1855254,4.3349113,4.1541357,3.5848975,3.202545,3.4918542,4.382862,4.6903715,4.496557,3.745839,3.2495456,3.0063143,2.9321241,2.944848,3.210391,3.521896,3.7907727,3.8574128,3.85537,3.9102294,3.9628522,3.993482,4.0623474,4.0405807,4.094578,4.129348,3.8989477,3.4330034,3.0554512,3.2431016,3.9941154,4.438881,4.807727,5.0967474,5.2154403,5.323597,5.381683,5.341862,5.3022285,5.279569,5.351041,5.3620195,5.2922597,5.090627,4.673564,4.3424416,4.4066133,4.7799654,5.0705853,5.2195406,5.2267084,5.057151,4.895696,4.6880264,4.159314,3.506423,3.043167,2.664167,2.3724015,1.9865189,1.89501,1.6951846,1.4768258,1.4084167,1.2436715,1.2185645,1.2087402,1.3606982,1.4275372,1.2864456,1.157114,1.190815,1.2250006,-0.91147727,-0.91246927,-0.9123739
-4.861018,-4.86975,-4.8613596,-5.15898,-5.083002,-5.01389,-4.9962916,-4.9744186,-4.9103503,-5.121229,-5.196981,-4.727545,-4.545635,-4.497369,-4.3300867,-4.3612366,-4.292345,-4.2384205,-4.080163,-3.8628755,-3.5010524,-4.2769365,-4.5577807,-4.738204,-4.8980727,-5.0219374,-4.8892603,-4.2353935,-4.453751,-4.694226,-4.760377,-4.8226995,-4.8686614,-4.906672,-4.815918,-4.6047792,-4.3261642,-4.117007,-3.9893992,-4.0178556,-3.9220695,-3.5748777,-3.2643964,-3.3444414,-3.3958793,-3.3742778,-3.380174,-3.41349,-3.4302514,-3.4449053,-3.4713032,-3.5245492,-3.6183004,-3.5440116,-3.5044796,-3.535798,-3.9557357,-4.531685,-4.501236,-4.5610204,-4.6106653,-4.681921,-4.617933,-4.560939,-4.459381,-4.4182014,-4.340392,-4.2702518,-4.1460695,-3.8310938,-3.6193738,-3.8083515,-4.050944,-4.134564,-4.2974634,-4.4083967,-4.4387927,-4.416615,-4.370248,-4.2873206,-3.9231217,-3.3435817,-3.1077085,-2.9033597,-2.6622393,-2.5217605,-2.410314,-2.287473,-2.282526,-2.5205412,-2.9604754,-3.4757094,-3.7503107,-3.8333607,-3.9689164,-4.3981295,-4.8045764,-5.1816115,-5.5783195,-5.699486,-5.6452675,-5.2456822,-4.9641876,-4.4572663,-3.9845033,-3.8867633,-3.941118,-4.0618944,-4.180436,-4.2044296,-4.4756365,-4.7070665,-4.6174297,-4.3883915,-4.5121036,-4.8253164,-5.343752,-6.2379875,-6.4780955,-6.5585575,-6.3053913,-6.055805,-5.833757,-5.6997437,-5.4315333,-5.390838,-5.5649734,-5.4904633,-5.357374,-5.298664,-5.280487,-5.150325,-4.898609,-4.578274,-4.49221,-4.7475853,-4.9389367,-5.0224495,-4.9444146,-4.8458376,-4.9437604,-5.015542,-4.918413,-4.799064,-4.7553363,-4.906432,-4.9427414,-4.8344173,-4.716196,-4.8734713,-4.9367495,-4.7339735,-4.542951,-4.0806375,-3.5772634,-3.0067894,-2.7928662,-2.6263967,-2.5448766,-2.5616255,-2.558637,-2.5487792,-2.593638,-2.5931563,-2.5675266,-2.5669045,-2.5513117,-2.6426241,-2.768636,-2.8593633,-3.0749164,-3.188536,-3.443545,-4.0852804,-4.6971164,-4.91781,-4.970299,-5.0190306,-5.051779,-5.0957975,-5.1290984,-5.1140738,-5.11084,-5.120103,-5.2199197,-5.3452005,-5.3860364,-5.3012676,-5.150494,-5.1574106,-5.3673687,-5.524108,-5.577408,-5.590804,-5.5337524,-5.552229,-5.703237,-5.865054,-6.0865974,-6.124284,-6.14363,-6.120941,-6.119199,-6.1972275,-6.296441,-6.4414225,-6.4770575,-6.55309,-6.631525,-6.6799283,-6.7106028,-6.82837,-6.817439,-6.735898,-6.6938868,-6.7226815,-6.707344,-4.859202,-4.858286,-4.8583536
