0,1,2,3,4,5,6,7,8,9,10,11,12,13,14,15,16,17,18,19,20,21,22,23,24,25,26,27,28,29,30,31,32,33,34,35,36,37,38,39,40,41,42,43,44,45,46,47,48,49,50,51,52,53,54,55,56,57,58,59,60,61,62,63,64,65,66,67,68,69,70,71,72,73,74,75,76,77,78,79,80,81,82,83,84,85,86,87,88,89,90,91,92,93,94,95,96,97,98,99,100,101,102,103,104,105,106,107,108,109,110,111,112,113,114,115,116,117,118,119,120,121,122,123,124,125,126,127,128,129,130,131,132,133,134,135,136,137,138,139,140,141,142,143,144,145,146,147,148,149,150,151,152,153,154,155,156,157,158,159,160,161,162,163,164,165,166,167,168,169,170,171,172,173,174,175,176,177,178,179,180,181,182,183,184,185,186,187,188,189,190,191,192,193,194,195,196,197,198,199,200,201,202,203,204,205,206,207,208,209,210,211,212,213,214,215
12.020956,11.755701,11.516659,10.797698,10.233122,10.287325,10.002865,9.526309,8.119304,6.311371,3.6057267,2.1806877,1.1091814,0.6202219,0.6296057,0.96994406,1.0661597,1.0491989,0.94556224,0.833091,0.8954302,1.2156368,1.4274153,1.3671182,2.3112297,2.7191665,2.604051,2.265854,1.1498258,0.5410656,0.33153203,-0.48894268,-1.1289347,-1.423971,-1.7264392,-1.9658664,-2.1739118,-2.270643,-2.2169623,-2.0905442,-2.0351686,-1.8616549,-1.4475336,-0.767375,-0.27088434,0.051913828,0.07612194,-0.010734558,-0.100443766,-0.023519248,0.030768007,0.19015,0.4964476,0.7974564,0.93620443,1.0659486,1.3719804,2.069965,3.5540676,4.7142286,4.927918,4.782936,4.112827,2.7052727,1.2953668,0.41121757,-0.5059768,-0.1666345,0.033825718,0.20013711,0.07794817,-0.1119866,-0.28805497,0.5251906,1.8742032,1.2096734,0.43883458,0.525705,0.9132764,0.58475274,0.24323204,0.018905729,0.082689255,1.0714478,1.945668,1.6167631,1.0781808,0.95758516,0.73674494,0.14798057,-0.10221627,-0.4035225,-0.62100685,-0.7526948,-0.6775019,-0.5123937,-0.08604073,0.17443871,0.3924954,0.6471913,0.71182823,0.7102517,0.97798383,1.2177954,1.7726964,2.174111,2.1147301,2.0589385,1.6291368,0.7528609,0.14564106,0.4563176,0.90168464,1.214617,1.4525347,1.5372448,1.6908203,1.7377219,1.8494891,2.028104,2.0784812,2.052512,1.9568224,2.0565774,2.1978333,2.232306,2.3274693,2.2278001,2.385489,1.977515,1.8176379,1.560401,1.4604497,1.4371288,1.3960418,1.3219352,1.3013122,1.02438,0.6551564,0.36112267,0.36950433,0.37553138,0.5141721,0.6142509,0.79118115,0.90327966,1.0252624,1.0949893,1.4086227,1.8572896,2.1241841,1.9110935,1.7475432,1.9512165,2.2476778,2.611736,2.8434267,3.099069,3.0431798,2.4958186,2.0890627,1.8466926,1.9122852,1.3676509,1.4944558,1.9739741,1.9475143,1.5868344,1.8214296,1.4714105,0.8927709,0.6643327,0.61906654,0.8833329,1.6599483,2.296764,2.6718006,2.7105145,2.801179,3.138482,3.7112145,3.8225045,3.4816246,3.628518,3.5076823,3.240989,3.8730426,4.469985,4.619746,4.5962467,4.4371514,4.629038,4.649301,4.812383,5.298593,5.5648913,5.8674946,6.306781,6.4325476,6.863774,7.2407627,8.577225,9.644566,9.9939575,9.8494,9.938313,10.119883,10.356157,10.546835,10.548738,9.796772,9.781271,9.77953,9.779899,9.779419,9.779413
-1.9384469,-1.8517795,-1.8050052,-1.8000154,-1.6892312,-1.6517338,-1.7197906,-1.8086632,-1.7463391,-1.8009276,-2.014499,-1.985188,-2.0714722,-2.0548992,-2.1570065,-2.2539866,-2.2562764,-2.2538621,-2.2409885,-2.091799,-1.7667075,-1.298158,-1.1100048,-1.3530227,-0.6325621,-0.17090458,-0.21958712,-0.4974612,-0.5003493,-0.53873694,-0.595245,-0.34825844,0.053331867,0.25439495,0.28733632,0.16644482,-0.06782471,-0.4948355,-0.873153,-1.1076035,-1.1717241,-1.1815668,-1.3191464,-1.3786832,-1.3952211,-1.647069,-1.8272009,-1.9551315,-2.0750952,-2.2138302,-2.3771043,-2.6412053,-2.9713197,-3.1723425,-3.2100356,-3.1357415,-2.9461932,-2.7909687,-2.6129298,-2.31019,-1.9766699,-1.714834,-1.3846186,-0.9317621,-0.48219606,-0.44988358,-1.1573566,-1.5527229,-1.6673361,-1.7461541,-1.7757775,-1.6355028,-1.0885366,-0.5795207,-0.5938158,-1.1082641,-1.316474,-1.0821197,-0.59080696,-0.36217806,-0.02882871,0.15424058,0.59217465,0.32909828,-0.057271704,-0.5155308,-0.7428354,-0.92717856,-1.1566077,-0.94547594,-0.65463734,-0.44621176,-0.18704562,-0.17844762,-0.27323985,-0.47948492,-0.80675614,-1.0351658,-1.2095593,-1.3444363,-1.5053424,-1.8062321,-2.1547713,-2.3511033,-2.5168915,-2.76184,-2.8849263,-3.0685596,-2.9497147,-2.770323,-2.5806093,-2.4256978,-2.657391,-3.1277108,-3.5360434,-3.6187022,-3.663884,-3.6346037,-3.5769281,-3.515757,-3.4997125,-3.440908,-3.3242502,-3.2719512,-3.2351866,-3.2807322,-3.2415035,-3.2109265,-3.2005363,-3.161488,-3.1735208,-3.0852842,-2.9710493,-2.8349214,-2.7703428,-2.813836,-2.8421426,-2.7985806,-2.7265816,-2.611679,-2.3912446,-2.183539,-2.087799,-1.6519213,-0.58633405,-0.3418523,-0.58047307,-1.2236059,-1.9980543,-2.4598813,-2.6187305,-2.416175,-2.126144,-1.8575927,-1.8406631,-2.0922537,-2.0275471,-1.8729095,-1.6600606,-1.7480979,-1.889606,-1.8580469,-1.1680621,-0.039669134,-0.09058924,-0.45216697,-0.48122275,-0.57721615,-0.7949142,-0.86191684,-0.84543383,-0.9156939,-0.9657153,-0.8190479,-1.0538727,-1.235616,-1.279539,-1.2076877,-1.1255882,-1.213027,-0.936513,-0.78457505,-0.83693504,-1.1318032,-1.370577,-1.4047796,-1.6835783,-1.9201345,-2.0347981,-2.149133,-2.0886416,-2.0111384,-2.0302408,-2.0405035,-2.060758,-2.1007118,-2.141476,-2.1584756,-2.2158556,-2.2405019,-2.2019713,-2.0918908,-2.4328318,-2.4358401,-2.4019156,-2.361309,-2.376542,-2.2937827,-2.2339227,-2.2504196,-1.0148095,-0.9858432,-0.9839773,-0.98434067,-0.9838551,-0.98385555
-1.0059258,-1.0226828,-1.0488148,-1.2199061,-1.2924517,-1.2297684,-1.1626098,-1.2698638,-1.4534394,-1.5521638,-1.4863182,-1.3904738,-1.1036868,-0.88678753,-0.941802,-1.4273572,-1.8453102,-1.9382321,-1.9716659,-2.0073154,-2.0755107,-2.0830371,-1.767291,-1.4559841,-1.2514968,-1.5233908,-1.9308426,-2.309732,-2.6794646,-2.8146827,-2.948143,-2.879635,-2.4813757,-2.3875432,-2.4261003,-2.4693618,-2.5388377,-2.6212132,-2.5893402,-2.442133,-2.285113,-2.1577766,-1.9691224,-1.7451382,-1.6723821,-1.7101157,-1.7871802,-1.884893,-1.9883763,-2.07765,-2.1785963,-2.299765,-2.4150028,-2.4957576,-2.6153889,-2.7385197,-2.7969446,-2.5695512,-1.6119726,-0.85774755,-0.8791169,-1.0979995,-1.1629457,-1.1878028,-1.2126248,-1.5753057,-1.557616,-2.060306,-2.3821347,-2.645781,-2.968441,-2.9116619,-2.4251943,-1.8574984,-1.6799313,-2.2429404,-2.8812113,-3.2179205,-2.7239215,-2.500269,-2.5864844,-2.4528322,-2.138051,-1.5755011,-1.5494255,-1.2399882,-1.0423477,-1.4678223,-1.6268768,-1.6716439,-2.0255709,-2.301719,-2.4162288,-2.4980555,-2.540431,-2.5475361,-2.573543,-2.5338683,-2.4756355,-2.4219003,-2.4042773,-2.4616976,-2.5596185,-2.558222,-2.4908664,-2.0483146,-1.4150324,-0.67490023,-0.48362616,-0.5902811,-0.41301465,-0.25760877,-0.17276888,-0.2654993,-0.68607605,-0.9602753,-1.1658885,-1.2503524,-1.363342,-1.4367077,-1.4630578,-1.5783141,-1.7048991,-1.8026775,-1.9067008,-1.955549,-1.9667537,-2.0775323,-2.2163587,-2.1529722,-2.2473898,-2.20259,-2.0726285,-2.0382526,-1.9986415,-1.9830574,-2.0442924,-2.2466364,-2.3400562,-2.1422668,-1.7308751,-1.2160597,-1.0172882,-1.1010373,-1.2404255,-1.2744324,-1.2580732,-0.88667065,-0.8230226,-0.94073105,-0.9886312,-0.9574178,-0.9902935,-1.1868417,-1.5930963,-1.9536225,-2.1080132,-2.0367708,-1.8900349,-1.71641,-1.7040225,-1.971113,-2.2826483,-2.2906764,-1.75616,-1.8371081,-2.0318322,-2.0626433,-2.1101089,-2.2508605,-2.0616436,-1.679868,-1.5703448,-1.5252795,-1.0801917,-0.4725901,0.27860194,0.83296853,1.44228,1.8481795,3.0833247,4.8953543,7.6356397,8.736259,10.301832,11.478297,12.109415,12.383177,12.498205,12.502784,12.608273,12.626797,12.648159,12.621193,12.503278,12.390358,12.2330885,11.982052,11.8708725,11.612053,11.379112,10.451807,8.622974,8.0843115,8.167652,8.090403,7.7724614,7.64705,7.5788016,7.796633,6.3058753,6.214135,6.2085094,6.209915,6.208177,6.2081637
-2.2985902,-2.0327082,-1.8789706,-1.6753137,-1.4881129,-1.4149932,-1.4267203,-1.3408167,-1.2895437,-1.5197554,-1.6559441,-1.5683317,-1.4448676,-1.1223506,-0.4469838,-0.39848897,-0.6788721,-0.9582716,-1.147108,-1.2546196,-1.3431176,-1.4020941,-1.1071028,-0.5470585,-0.030350536,-0.15745734,-0.3273086,-0.46574318,-0.34486058,-0.34950754,-0.3508631,-0.33353508,-0.2517244,-0.23324332,-0.28782356,-0.29628637,-0.27871096,-0.4997462,-0.8193593,-0.99101967,-1.0562081,-1.2009997,-1.4334409,-1.6390958,-1.6535189,-1.8011808,-1.8688837,-1.8750994,-1.8482937,-1.8108156,-1.8053668,-1.906436,-2.0881896,-2.2059045,-2.2215502,-2.0987926,-1.7192954,-1.4333396,-1.1259575,-1.3675004,-1.5459628,-1.4450358,-0.97478485,-0.7594984,-0.6338218,-0.60060406,-1.075223,-1.3581076,-1.6097069,-1.8841114,-2.0245545,-1.7764664,-1.195884,-0.37416625,0.5844438,1.6183939,2.5019815,2.7659419,2.997403,3.7021818,4.514769,5.417644,6.6425734,7.9303865,9.808338,11.715729,12.115807,12.324947,11.050462,8.703115,6.1768003,4.647587,4.3356276,4.1429634,3.9416826,3.0687642,1.5737503,0.6240269,0.07118341,-0.29877844,-0.841079,-1.443325,-1.7851195,-2.0479107,-1.9466848,-1.692277,-1.3801061,-1.2924846,-1.1560525,-1.2281976,-1.5400571,-1.3521352,-1.0595477,-0.95556486,-1.0511874,-1.136295,-1.0923383,-0.9581342,-0.86685836,-0.84805286,-0.83615804,-0.8323649,-0.82927793,-0.80786973,-0.81992567,-0.81923956,-0.7650181,-0.682241,-0.68116975,-0.6837365,-0.73284185,-0.64955735,-0.5019842,-0.36668742,-0.26934755,-0.3161574,-0.5153037,-0.9786783,-1.3838564,-1.8153908,-1.7458544,-1.4797007,-1.3982488,-1.4932722,-1.3993514,-1.1912292,-1.3369848,-1.8055024,-1.962648,-2.0660732,-1.714104,-1.003438,-0.91185105,-1.4508448,-2.091894,-2.4777722,-2.3901303,-2.1587534,-1.9281877,-1.7330287,-1.5772209,-1.7719152,-1.6349021,-1.0415261,-0.84575737,-1.4735909,-1.5145478,-1.9167984,-2.511277,-2.4017692,-1.8983979,-1.1373379,-0.43591315,-0.25799292,-0.39829963,-0.45255822,-0.31609988,-0.12538701,0.21824867,0.04027711,0.40584522,0.6848375,0.7786397,0.3613406,-0.70266175,-1.0662225,-1.7453871,-2.2004337,-2.408577,-2.4986413,-2.468056,-2.431529,-2.3944793,-2.3770971,-2.3806908,-2.4909263,-2.605184,-2.643367,-2.5839176,-2.3460252,-2.0843258,-1.7815217,-1.8753809,-1.6966003,-1.6945924,-1.5861173,-1.6182213,-1.5988117,-1.5592911,-1.4504942,-0.19831116,-0.17099322,-0.16926706,-0.16982757,-0.16919643,-0.16920692
1.2962946,1.1454355,0.9849347,0.77390945,0.51188636,0.35025853,0.49900195,0.58994824,0.5230658,0.60315514,1.0267249,0.9793458,0.74280894,0.8926381,1.2018389,1.5982189,2.016985,2.1522992,2.300926,2.4021657,2.2228367,1.5064952,0.78318244,-0.30317992,-1.1442301,-0.6269431,0.044259757,0.4968636,0.53363025,0.6833071,0.86730474,0.86698574,0.8183457,0.83272535,0.8871118,1.0356009,1.2373328,1.6411766,1.9556613,1.893395,1.6060827,1.2613904,0.93325734,0.49783337,0.19249326,0.23318973,0.33412218,0.50954735,0.66531616,0.81841934,0.9174441,1.0709695,1.1484594,1.1806781,1.2701948,1.3065324,0.9539634,0.54689974,-0.35222507,-1.019237,-1.2106991,-1.2866931,-1.538698,-1.8657649,-1.8544786,-1.571176,-1.6487291,-1.5289707,-1.1393951,-0.77008986,-0.3724385,-0.045638315,0.123798035,0.03251782,-0.30551225,-0.16065623,0.29684398,0.47249615,-0.3693063,-0.60472476,-0.71146333,-0.82082534,-0.98147804,-1.1682205,-0.88983154,-0.56809187,-0.5394628,-0.1920825,-0.0015890896,0.5796211,1.3934214,1.8006539,1.6295867,1.5122992,1.490395,1.6426013,1.9284405,1.9131621,1.6498997,1.4129249,1.5836753,1.6205451,1.060989,1.0131361,0.31030378,-0.18163142,-0.2900734,-0.2894823,-0.32936963,-0.15974298,0.043201085,-0.21305047,-0.578283,-0.772489,-0.6997553,-0.49770123,-0.3840267,-0.31785265,-0.2825307,-0.3512153,-0.3527961,-0.2975319,-0.1972425,-0.14615008,-0.0551759,-0.024341613,0.026814938,0.12217751,0.35657778,0.32011914,0.46657482,0.38799098,0.07789776,-0.033132106,-0.118168175,-0.074156284,-0.08382362,0.05217752,0.23867233,0.14546934,-0.14072365,-0.46828812,-0.5816997,-0.562909,-0.953285,-1.1857867,-1.350496,-1.2638884,-0.93801296,-0.45698676,-0.08866732,-0.26275837,-0.4972114,-0.7183258,-0.51496065,-0.042527586,0.32068205,0.45058578,0.5479133,0.52719945,0.29731923,0.09254509,-0.60141796,-1.258975,-1.2004476,-0.53214777,-0.4307157,0.17424423,0.24766183,0.48846936,0.4991803,0.48309934,0.3861424,0.2180826,0.29549706,0.4925924,0.5628205,0.518363,0.3396964,0.47049552,0.36751387,0.31230778,0.24809474,0.3494156,0.19915436,-0.46387422,-0.70609987,-0.76051533,-0.72781885,-0.69620156,-0.818877,-0.80270934,-0.75873303,-0.69025016,-0.5841141,-0.5449029,-0.4022637,-0.2283883,-0.12544891,-0.106057614,-0.18290418,-0.06324439,0.30673394,0.23430556,0.5362846,0.7271218,0.5301078,0.40408996,0.42239597,0.50769204,1.3415786,1.3023742,1.2998871,1.3005153,1.2997099,1.2996955
-3.5152977,-3.6687653,-3.6954212,-3.3491542,-3.1867447,-3.0510964,-2.9854822,-2.5605547,-2.1897266,-2.1027722,-1.9413481,-1.9494807,-2.0195293,-1.9724101,-1.5833263,-0.8959738,-0.59471154,-0.5475801,-0.5247051,-0.5155775,-0.6101692,-0.88854337,-1.2039516,-1.2709199,-0.6033657,-0.37893736,-0.5463281,-0.67968965,-0.58657646,-0.5902686,-0.9134313,-1.0962065,-0.86697763,-0.6164972,-0.43162122,-0.38925642,-0.37194508,-0.5024591,-0.7209722,-0.8964674,-0.9405587,-1.0027986,-1.0279522,-0.8340662,-0.5854086,-0.72400403,-0.7535801,-0.7956717,-0.8085643,-0.8569912,-0.8939368,-0.95714116,-0.972758,-0.973389,-0.90186787,-0.8622991,-0.91887856,-1.4174385,-2.4618769,-2.9249473,-2.8249197,-2.482956,-2.012784,-1.3249047,-0.8742886,-0.5592445,-1.0745976,-1.5985632,-1.4203957,-1.1634434,-0.8814384,-1.1191211,-1.3977323,-1.7457613,-2.25646,-1.9842908,-2.2590756,-2.413587,-2.2145734,-2.0573263,-1.8509282,-1.6673845,-1.4899777,-1.2523129,-1.1967527,-0.37290695,0.35929468,0.96823055,0.30152068,0.5302968,0.53611743,0.1638653,-0.048573285,-0.08269948,-0.17489561,-0.40433416,-0.6254273,-0.6409188,-0.71589017,-0.84685266,-0.80895334,-0.80477726,-0.9940485,-0.9496222,-0.748466,-0.37796023,-0.4881317,-0.45182723,0.35168898,0.71116376,0.34040758,0.43682748,0.67791855,0.6935633,0.69589186,0.55192703,0.15529884,-0.069273025,-0.20847046,-0.39607292,-0.43914485,-0.66538686,-0.6958543,-0.85024285,-0.89428556,-0.9362417,-0.9295549,-0.7764957,-0.8225431,-0.4594687,-0.23745814,0.06528364,0.3217789,0.4042794,0.34191757,0.34615076,0.5252502,0.90270144,0.9810297,0.8690835,0.6961693,0.3041084,-0.4047495,-1.286154,-1.9545884,-1.7113028,-0.78492427,-0.07059768,0.19040024,-0.2991801,-1.2482679,-1.2941449,-1.2055329,-1.0845857,-0.9290392,-0.7793976,-0.7743977,-0.78079665,-0.7402735,-0.5258552,-0.46558845,-0.4938241,-0.7804611,-1.1514726,-1.2957046,-1.3356886,-1.3167274,-0.95897394,-1.1196542,-1.5697131,-1.9832404,-2.5822508,-2.7699203,-2.3348527,-2.1574173,-2.276569,-2.4547372,-2.5235925,-2.7722113,-2.849998,-3.1927311,-3.543491,-3.643459,-3.4041338,-2.735877,-2.1155243,-1.8033324,-1.6312835,-1.5741558,-1.6237788,-1.5714625,-1.4872897,-1.3424908,-1.3102925,-1.3412895,-1.3621042,-1.5024126,-1.5844399,-1.5987964,-1.5045483,-1.2065079,-1.248979,-1.6280159,-1.699005,-1.8075235,-2.0107334,-1.734134,-1.6905473,-1.7342839,-1.8683312,-1.1683109,-1.1359892,-1.1330457,-1.1336343,-1.1328208,-1.132791
-2.9178088,-3.0491085,-3.0776522,-3.0269995,-2.9701138,-2.9135365,-2.9844275,-2.9462519,-3.052363,-3.1511781,-3.0150464,-2.985093,-2.9082215,-2.792512,-2.2540696,-1.3786514,-1.072375,-1.030285,-1.0503495,-1.0784382,-1.1289072,-1.2491909,-1.312392,-0.90976214,-0.024935313,0.17391112,0.02707079,-0.085341096,0.21084338,0.45820326,0.93682635,2.2548594,2.7754898,2.5567446,2.5175254,2.5840144,2.8026495,3.07365,3.080795,3.0581398,2.9292603,2.6605692,2.3376968,1.9108893,1.7907523,1.5970054,1.4751697,1.3417401,1.2197578,1.032219,0.8913924,0.67088914,0.43410268,0.331963,0.33638766,0.3654053,0.20542091,-0.3479211,-0.9330007,-0.8797988,-0.5825489,-0.46238035,-0.83867115,-1.063536,-0.94064635,-0.4355746,0.8108159,1.2654634,1.3539939,1.363574,1.3514006,1.0710459,0.8100033,-0.1345051,-1.3469225,-0.94705755,-0.4236629,0.03308943,0.13507701,0.23820397,0.434778,0.42044717,0.2157027,-0.4635316,-1.3736373,-1.8759873,-1.9452724,-1.6834793,-1.3128767,-1.00424,-0.7030987,-0.5575988,-0.47045416,-0.37534243,-0.26126024,-0.22981258,-0.20854512,0.24963757,1.040689,1.5387542,2.0789154,2.576895,2.8583558,3.08468,2.8800466,1.4956453,0.113957345,-0.5416346,-0.3506754,0.0609674,0.57088816,0.10866493,-0.7464848,-1.3213046,-1.4639063,-1.4511873,-1.4877274,-1.523838,-1.5243137,-1.5221624,-1.5484536,-1.5069236,-1.4847895,-1.5151576,-1.5375346,-1.5630212,-1.5967859,-1.5446013,-1.5649347,-1.4350682,-1.4115399,-1.3041389,-1.2538382,-1.2273518,-1.2869056,-1.3323282,-1.367123,-1.3204334,-1.3591678,-1.6039493,-1.8837692,-2.2414973,-2.5462453,-2.3741376,-1.5343661,-1.4544407,-1.2496334,-1.2001133,-1.6585695,-1.9105995,-1.9190044,-1.7184794,-1.5285003,-1.3897841,-1.5644336,-1.8963029,-2.0948663,-2.0902274,-1.9420178,-1.5900261,-1.3499534,-1.1398222,-1.0922954,-0.63875777,-0.1890656,-0.18340114,-0.16133317,-0.1705854,-0.41892856,-0.40452522,-0.11576775,-0.11191833,-0.0069795847,-0.09218064,-0.28197962,-0.46901414,-0.6439919,-0.6367466,-0.6766504,-0.56306195,-0.61580515,-0.60282755,-0.4837073,-0.45263973,-0.89155126,-1.5377879,-2.2167134,-2.7474518,-2.9890242,-3.0951161,-3.1125803,-3.1168456,-3.051723,-3.013968,-3.0233984,-3.033691,-3.0262635,-3.0185213,-3.1021984,-3.2330046,-3.2686148,-3.1553392,-2.8576427,-2.8028073,-2.7343526,-2.787452,-2.8822718,-3.0290117,-3.047705,-3.1462727,-2.413741,-2.3786042,-2.3762069,-2.3768156,-2.3760765,-2.3760588
-0.94374835,-0.9346868,-0.94420815,-0.97218937,-0.8872424,-0.96510106,-1.1391487,-1.0158337,-0.65685344,-0.3276922,0.2574947,0.61855245,0.7360481,0.9666032,0.9135386,0.46176302,0.40879518,0.6644508,1.002197,1.5801754,2.7839572,5.246885,7.2050757,9.499512,11.207324,11.5287285,11.713945,11.754842,11.800954,11.719524,11.860374,11.2984085,9.7380295,8.710496,7.6229644,6.6040616,5.3626995,3.3577278,1.736766,0.77141273,0.35588706,0.016264915,-0.50956404,-1.0902286,-1.2181811,-1.3197095,-1.4140741,-1.4269795,-1.4287839,-1.4533372,-1.436513,-1.4056005,-1.3350174,-1.2372878,-1.039781,-0.6987623,0.062253833,0.5360092,0.26849696,-0.25049686,-0.39643574,-0.4213709,-0.14369595,0.18854249,0.55912423,1.0061376,0.7586626,0.21552345,-0.031148538,-0.15087017,0.24366838,1.359024,2.573851,4.0997734,5.8592753,6.775635,7.4907665,7.9563255,7.780716,7.792207,8.020897,8.146643,8.562187,8.358037,6.8205757,3.6725135,2.584468,2.1441932,1.6684234,2.366259,3.3343189,3.835241,4.5440006,4.811571,4.677392,4.2047167,3.264408,2.7015722,2.383528,2.0744526,1.6514288,1.1981268,0.9174166,0.80408984,0.80308604,0.34453586,-0.29305062,-0.7884315,-0.51383466,-0.052597657,0.09059685,0.23596355,0.029756427,-0.38225055,-0.7480482,-0.85905814,-0.7841743,-0.62037164,-0.57362235,-0.60699815,-0.6433336,-0.59715986,-0.5614151,-0.5360631,-0.52921796,-0.55017596,-0.51309854,-0.5019278,-0.46200395,-0.4649222,-0.5101356,-0.46603417,-0.3085342,-0.082123876,0.101377785,0.16027519,0.2938183,0.33955723,0.30953595,0.07601738,-0.014397681,0.08213875,0.23204762,0.4962386,1.165432,1.3524449,1.060028,0.046062082,-0.67654455,-1.003737,-0.8830981,-0.02150511,0.76149356,1.1043484,0.9650339,0.58643657,0.32923916,0.17062035,-0.015902326,-0.2989354,-0.072728366,0.7890794,2.6606367,6.79152,9.448723,10.277548,10.053926,11.332863,11.507248,11.412724,11.250166,10.493162,9.1668215,7.502922,5.331382,4.1088104,3.4446597,3.2032506,3.2262275,2.3228395,1.9893166,1.5989591,0.8550934,0.31368527,-0.13384348,-0.49023482,-1.2046485,-1.7943493,-2.174531,-2.3087993,-2.3115768,-2.220887,-2.1283097,-2.0264618,-1.9828798,-2.060529,-2.1929998,-2.1828203,-2.0618212,-1.7395744,-1.5223866,-1.4522457,-1.5894856,-1.6293143,-1.5232887,-1.4851351,-1.4910655,-1.4697225,-1.462042,-1.4445987,-0.7452273,-0.66309816,-0.6569352,-0.65866506,-0.6566094,-0.65659446
-1.549891,-1.5770655,-1.4765565,-1.3734965,-1.3421516,-1.2907532,-1.3192397,-1.3203123,-1.2616954,-1.128078,-0.9109025,-0.6956955,-0.73356116,-0.9654604,-1.0843177,-0.8063574,-0.41741905,-0.20921236,-0.030956239,0.22088933,0.4995596,0.80132806,0.9720122,0.66375285,-0.10768573,-0.09189708,0.16299629,0.359857,0.1592988,-0.17081541,-0.5147251,-0.9941993,-1.2597492,-1.306831,-1.189762,-1.2101208,-1.3100778,-1.304635,-1.3249907,-1.3146393,-1.244704,-1.1270412,-1.0450977,-0.7532996,-0.55025446,-0.60839003,-0.5849618,-0.5463813,-0.52062845,-0.5445009,-0.5399144,-0.52829075,-0.43648666,-0.20338124,0.12941152,0.49251953,0.73051476,0.7533706,0.08482137,-0.76763546,-1.0005593,-1.0728799,-1.0286324,-0.5382133,0.037972286,0.9105461,1.3300414,1.4972756,1.7584736,1.9459846,2.0179536,1.4712989,0.95014083,0.6127484,-0.041459844,-0.10351525,0.7401371,1.5725023,1.8753648,1.9717467,1.9782146,1.868125,1.474854,0.8043523,0.55606145,0.5068227,0.6512266,1.7852733,6.8683887,9.738911,10.6205435,10.767825,10.579965,10.398401,10.380832,10.49185,10.582239,10.330037,9.946551,9.518782,8.67203,7.773159,6.5142646,4.692125,2.7030735,0.45701525,-1.1743907,-2.068594,-2.1010952,-1.7088962,-1.394167,-1.5198075,-1.578342,-1.4678793,-1.2465098,-1.128113,-1.0840003,-1.0997492,-1.0033138,-0.84407496,-0.787647,-0.69758844,-0.59501153,-0.52491814,-0.5294691,-0.534226,-0.57262754,-0.6645924,-0.7119725,-0.74966,-0.7673836,-0.8450749,-0.8447964,-0.8894056,-0.935478,-0.92280704,-0.8346206,-0.7079396,-0.5539558,-0.26655963,-0.3521879,-0.6999612,-1.0604153,-1.3403656,-1.1527038,-0.9862057,-1.0935231,-1.1643105,-0.43236133,0.92775035,3.6758041,7.455882,9.436635,10.629557,11.243706,11.127979,10.565412,9.874311,9.36536,8.5234,7.0915585,4.948248,3.82182,2.6492672,1.1635327,0.77282023,1.3141415,1.0011097,0.4505689,0.35843092,-0.37169066,-1.2323413,-1.4936309,-1.4614856,-1.473669,-1.5934281,-1.6905866,-1.7386495,-1.7849696,-1.8344519,-1.7963834,-1.6081537,-1.1432086,-0.9232542,-0.85833263,-1.0216905,-1.3578647,-1.592661,-1.6801702,-1.6622518,-1.6099827,-1.4856851,-1.2926537,-1.2452706,-1.2574315,-1.3365043,-1.4155283,-1.4074982,-1.4278021,-1.3431461,-1.2255985,-1.4793438,-1.8003644,-1.6973333,-1.577163,-1.5590614,-1.7272034,-1.7837055,-1.7609702,-1.8486595,-1.9853489,-1.9927651,-1.9934027,-1.9933112,-1.9934713,-1.993473
-2.8320217,-2.518893,-2.276551,-1.8483552,-1.6867294,-1.7159508,-1.5179081,-1.2936032,-0.67786217,-0.06614587,0.61567044,0.68139416,0.58461106,0.43336812,0.7615789,1.5982785,2.0054545,2.1005583,2.004088,1.785615,1.4994144,1.0395752,0.3268074,-0.8039049,-2.103813,-2.3140576,-2.5771472,-2.56886,-2.0160863,-1.4507713,-0.52501136,1.663028,3.4874744,4.1890845,4.6488028,5.012311,5.3267665,5.6941857,5.8445444,5.739168,5.582703,5.407022,5.210108,4.855258,4.468414,4.094222,3.9582024,3.93924,3.9033751,3.8329015,3.7426834,3.5420232,3.2015762,2.8266048,2.552248,2.2923498,1.8585898,0.96969444,-0.5603011,-1.9941211,-2.401895,-2.3792453,-2.4632921,-2.5684066,-2.5580883,-2.641809,-2.3216019,-1.8640531,-1.6572754,-1.4761938,-1.3272282,-1.7436371,-2.6658244,-4.008601,-4.406149,-3.2323284,-2.3537126,-2.0170994,-2.4225883,-2.4765005,-2.396234,-2.4033537,-2.6554704,-2.9698834,-2.9660933,-2.489418,-2.0839832,-1.8137046,-2.1433594,-2.1730494,-1.7223926,-1.5427568,-1.6457188,-1.6965244,-1.7665428,-1.9172857,-2.0545697,-2.1376443,-2.170123,-2.1962118,-2.1380181,-2.0767756,-2.2775354,-2.284919,-2.2227855,-1.8687336,-1.5654156,-1.4140728,-1.2020147,-0.67383015,0.19426502,0.24413584,-0.047167346,-0.42180866,-0.6394688,-0.6563234,-0.68676394,-0.68329126,-0.6692552,-0.7248043,-0.75174034,-0.7258939,-0.6885336,-0.6661467,-0.5773302,-0.5088008,-0.4008918,-0.20821725,-0.100054234,-0.09672819,0.00066553056,-0.013108313,-0.15737398,-0.1765137,-0.20657343,-0.26938245,-0.4976074,-0.89005864,-1.210511,-1.7340903,-1.899615,-1.6990957,-1.3194475,-0.86572576,-0.31720334,-0.35561538,-0.2217471,-0.13563785,-0.16064309,-0.14166564,-0.45864135,-1.2489785,-1.751047,-1.9999194,-2.1729426,-2.4083426,-2.6573074,-2.8900127,-3.0295439,-3.1682687,-3.2725587,-2.8510404,-2.7224245,-2.6713462,-3.1193657,-3.1811943,-3.1920173,-2.8224456,-2.4548788,-2.1433647,-1.5809121,-0.93253475,-0.42824155,-0.060654372,0.1771447,0.21185902,0.15506113,0.11653308,0.011369683,-0.09974223,-0.48775914,-0.8208715,-1.4753797,-1.7923372,-2.1244822,-2.4266958,-2.356152,-2.0364895,-1.7350545,-1.6304533,-1.5515288,-1.5111951,-1.5224605,-1.5139138,-1.5318421,-1.5451621,-1.4857799,-1.4712049,-1.4591613,-1.6274043,-1.9435444,-2.1466222,-1.9882667,-2.0515745,-1.9202352,-1.9172736,-1.962709,-2.2216537,-2.3309703,-2.30544,-2.9404821,-2.9560542,-2.95757,-2.9570956,-2.9576514,-2.9576368
-1.2838196,-1.2207631,-1.3733195,-1.8282938,-2.0404754,-2.1419022,-2.314484,-2.2889316,-2.0368369,-1.8886719,-1.829318,-1.7958541,-1.4812772,-1.2909602,-1.3761013,-1.7165241,-2.0609775,-2.153153,-2.1456761,-2.1903682,-2.322268,-2.2305472,-1.840676,-0.9974836,-0.09979391,-0.048640728,-0.13118504,-0.22704148,-0.2359757,-0.3238831,-0.5844939,-0.8631523,-1.0202901,-1.1226355,-1.1720986,-1.1243552,-1.0320755,-0.92029,-0.7915508,-0.6374624,-0.4605805,-0.36610797,-0.3099112,-0.32317126,-0.27963376,-0.38971895,-0.5828632,-0.78033245,-0.9493512,-1.0588503,-1.1425688,-1.2300392,-1.3703897,-1.4880596,-1.5974307,-1.6462586,-1.4173313,-0.99575716,-0.34416124,-0.013824791,0.21599221,0.24311993,0.07217166,-0.32664692,-0.898939,-1.4837128,-0.9650542,-0.87377167,-1.2005339,-1.5438294,-1.7629194,-1.2625606,-0.6543946,-0.2722655,-0.2501187,-0.63757443,-1.0427133,-1.4765708,-1.5920799,-1.5235101,-1.4629385,-1.3696728,-1.3751736,-1.3964221,-1.5127448,-1.2378392,-1.0220251,-1.453232,-1.7285196,-1.2933557,-1.3529689,-1.4547141,-1.4257867,-1.4246256,-1.5026083,-1.7353474,-2.0803294,-2.1405716,-2.0382338,-1.8999329,-1.7261825,-1.5838747,-1.4927188,-1.3330256,-1.0210662,-0.81981266,-0.48994255,-0.13876396,-0.083858535,-0.43542042,-0.7289757,-0.71766794,-0.6722702,-0.6640556,-0.82447636,-0.96557677,-1.0366068,-1.064645,-1.1654575,-1.2554601,-1.3415761,-1.374023,-1.4924376,-1.5990223,-1.6730697,-1.7670146,-1.7758367,-1.7738733,-1.8116734,-1.8097396,-1.8349438,-1.7740519,-1.6645408,-1.6256133,-1.5811374,-1.6075114,-1.7689158,-1.9469278,-1.9747648,-1.9309844,-1.7029846,-1.2771554,-0.94006014,-0.6163145,0.047161445,0.37461236,0.7554343,1.0900103,0.6006721,-0.18192068,-0.9894632,-1.1821917,-1.1432308,-1.1482167,-1.2671487,-1.4533789,-1.5631313,-1.6173339,-1.7528316,-1.8289436,-1.9498322,-2.3351603,-2.2884765,-1.5907389,-0.80488706,-0.76644546,-0.99175906,-0.7578854,-0.39126042,-0.53142416,-0.76536214,-0.896698,-1.1245708,-1.2012687,-0.92160773,-0.63399136,-0.26430762,0.0071154535,0.26476458,0.04796827,0.40717483,1.0473069,0.64112926,-0.13547382,-0.58951545,-0.030227557,0.33892465,0.5715703,0.60573393,0.56395125,0.7716399,0.79890007,0.7294586,0.61578715,0.40400124,0.23202352,0.09805679,-0.1664263,-0.32993677,-0.65232086,-0.8795595,-1.3834624,-2.0060604,-2.0078008,-2.2240665,-2.277392,-2.1414173,-2.0192394,-2.0033202,-1.9593849,-1.8914757,-1.8464125,-1.8432014,-1.8441288,-1.842991,-1.8429799
-4.1406474,-4.132329,-4.0592313,-3.677508,-3.3910134,-3.498898,-3.450895,-3.1573124,-2.825365,-2.3624732,-1.8693223,-1.787878,-1.7558814,-1.9069865,-1.7543933,-1.5010768,-1.376918,-1.3978753,-1.4801058,-1.628363,-1.956627,-2.539884,-3.0016904,-3.4612358,-3.70257,-3.8717122,-4.0392065,-3.8287292,-3.1872528,-2.6711514,-1.7478534,-0.29344374,0.23135637,0.07460186,-0.013421267,0.044327453,0.21472906,0.484221,0.6859041,0.7855001,0.7070266,0.53423095,0.30532292,-0.08650456,-0.38413495,-0.5249545,-0.50260603,-0.4463817,-0.38182843,-0.3655126,-0.37088364,-0.3517049,-0.31011155,-0.2389425,-0.21694309,-0.33012295,-0.5389209,-0.806708,-1.1268237,-1.4487753,-1.6759421,-1.942108,-2.2327156,-2.0611928,-1.5562974,-0.96035147,-0.03765863,0.12346634,0.1894415,0.3094935,0.7196521,1.3257272,1.5306501,0.10196786,-1.6997304,-1.7018864,-1.7425852,-2.0044122,-2.5757153,-2.9551778,-3.0857134,-3.307902,-3.639151,-3.9902287,-4.0544605,-3.3320603,-2.9596813,-2.7452977,-2.3599558,-2.8476837,-3.5554867,-3.7168808,-3.90008,-3.971061,-3.9264507,-3.8336637,-3.709739,-3.5934882,-3.4233012,-3.248848,-2.824732,-2.2185676,-1.7137089,-1.3086017,-1.2655547,-1.2962785,-1.6865661,-1.9690762,-1.7866671,-1.1830351,-0.20115426,0.14551145,0.20397191,0.13022807,0.09006125,0.058955222,-0.07586995,-0.20098189,-0.28002384,-0.38145763,-0.4158574,-0.41522098,-0.37976995,-0.42669672,-0.4188533,-0.40890488,-0.44789654,-0.3426346,-0.3252114,-0.20522332,-0.07993263,0.021716535,-0.024427235,-0.07622495,-0.16437823,-0.20527363,-0.21763578,-0.06947482,0.039056182,-0.038352445,-0.07374737,-0.10418543,-0.045571625,0.17296079,0.20220493,-0.05443745,-0.028792322,0.18698749,0.25018537,0.19288772,0.013248563,-0.8511723,-1.6306839,-2.226988,-2.5407386,-2.6650467,-2.7681472,-2.8433332,-2.8402343,-2.8210964,-3.0596297,-3.148634,-3.350156,-3.3554068,-2.94176,-2.8372319,-2.8276389,-3.1319563,-3.2761507,-2.8172078,-1.8935986,-1.0146296,-0.2409373,-0.037798364,-0.10407317,-0.29621887,-0.5577298,-0.53263175,-0.5919816,-0.029009823,0.0511458,-0.047246307,-0.103002325,-0.21171653,-0.9015112,-1.4498892,-1.916584,-2.2133234,-2.3287568,-2.3908622,-2.4440117,-2.560726,-2.5788171,-2.6207914,-2.7163682,-2.746054,-2.7315905,-2.7673733,-2.8216279,-3.0364084,-3.2162545,-3.1681504,-3.021366,-2.995337,-3.0033865,-3.0402946,-3.080956,-3.1901715,-3.245116,-3.345603,-3.1262252,-3.1108334,-3.1101084,-3.1101627,-3.1100626,-3.1100578
-2.7812762,-2.577919,-2.377843,-1.9278567,-1.6169009,-1.6366146,-1.4270903,-1.1549435,-0.5132826,0.1175268,0.69967365,0.68595874,0.6966653,0.49465927,0.676799,1.4246962,1.6975378,1.8216515,1.7505124,1.5277307,1.2011323,0.9117676,0.3512017,-0.49167216,-1.322124,-1.1390808,-1.1366167,-1.0000494,-0.26087174,0.5422752,2.045224,5.946629,8.706818,9.640369,10.28886,10.766032,11.252002,11.728441,11.919857,12.039494,12.065372,11.952768,11.690269,10.959987,10.308713,9.694123,9.354462,9.015924,8.670844,8.29091,7.9437723,7.367356,6.5367174,5.843013,5.2263384,4.5183415,3.62444,2.6054606,0.60152364,-1.0867568,-1.2961047,-1.2414279,-1.4205098,-1.678649,-1.6767879,-1.6301063,-1.826432,-1.3842952,-0.94549096,-0.67559737,-0.5977446,-1.1723306,-1.8353256,-2.5659437,-3.0695899,-2.888999,-2.5519328,-2.2648213,-2.2080626,-2.045852,-1.7626305,-1.6962163,-1.8112303,-2.1056557,-2.1164763,-2.0752182,-1.9897718,-1.6781427,-1.2446074,-1.0364281,-1.0531707,-1.0325539,-1.1111231,-1.1754123,-1.2570043,-1.4566146,-1.6881605,-1.838363,-1.8946699,-1.9857845,-2.226687,-2.2288551,-2.0804489,-1.8632504,-1.5433075,-1.5568546,-1.7926799,-1.9508326,-1.8352411,-1.6019976,-1.2809527,-1.4042765,-1.4612224,-1.3420312,-0.9814321,-0.7853817,-0.603072,-0.5513704,-0.5050908,-0.49187067,-0.5331286,-0.42712647,-0.37636554,-0.29982576,-0.19352305,-0.09029105,-0.0027558208,0.26384094,0.34248418,0.4254827,0.52084327,0.5719534,0.48964798,0.49137688,0.48097658,0.38401073,0.14039725,0.023890018,0.050591946,0.04117471,0.15503573,0.3559909,0.587453,1.0762173,1.6906937,1.3497264,0.9917506,0.70531946,0.6578777,0.83312285,0.8277354,0.2003608,-0.37099314,-0.8707764,-1.0980654,-1.1089207,-1.2732878,-1.6239136,-1.922026,-1.986521,-1.9518781,-1.8632718,-1.9470229,-2.0568635,-2.1494136,-1.9701884,-1.9927387,-1.5822663,-1.455898,-1.3877137,-1.0775921,-0.6233926,0.07285309,0.59951997,0.69116163,0.48219317,0.15657796,-0.056924194,-0.2986626,-0.5382344,-1.2440193,-1.3946606,-1.4185597,-1.2750803,-1.4558048,-1.7055922,-1.9791121,-2.0179367,-1.9792418,-2.020283,-1.9484843,-1.9479315,-1.931253,-1.9476709,-1.9987458,-2.0118752,-1.9805484,-1.9916497,-2.0305603,-2.1974695,-2.3623946,-2.7110865,-2.6776464,-2.6903944,-2.630782,-2.623133,-2.6882915,-2.9696496,-3.1140873,-3.1590736,-4.3665214,-4.372567,-4.3740473,-4.373579,-4.3741918,-4.3741956
-1.597698,-1.3646704,-1.1745566,-0.5025985,-0.018991008,-0.004999995,0.31419936,0.65166414,1.0751575,1.6170794,2.1537614,2.2446396,2.1362677,1.9949373,1.6379976,1.1662208,1.2274055,1.229451,1.2098192,1.1501493,1.0840769,0.9120948,0.46903026,-0.3731143,-1.8072866,-2.0233612,-2.124377,-2.0658696,-1.8036335,-1.3904004,-0.556119,0.8033015,1.7150297,2.115241,2.483334,2.8214147,3.0930989,3.33327,3.3861246,3.1945746,2.853949,2.5083895,2.1799078,1.5160322,0.92472184,0.6408147,0.5633985,0.5974501,0.64032495,0.6753082,0.64802927,0.71644044,0.7297455,0.70610744,0.61718976,0.38142914,0.054234028,-0.19103557,-1.0846856,-1.7705979,-2.0833857,-2.2513552,-2.389895,-2.4942217,-2.245849,-2.1605911,-1.8970482,-1.3415247,-0.93831027,-0.62828827,-0.44203877,-0.59231114,-0.85347927,-1.6572403,-2.2639678,-1.7145908,-1.2264977,-1.2275449,-2.176777,-2.3918557,-2.2718508,-2.1736674,-2.132061,-2.0163405,-1.5742494,-0.8365685,-0.53052133,-0.20060673,-0.039016906,-0.22372356,-0.30379286,-0.36836463,-0.62049043,-0.7741868,-0.84457695,-0.8740819,-0.8472104,-1.0026723,-1.2278502,-1.4433411,-1.7225215,-2.0175164,-2.4147778,-2.379455,-2.2097926,-1.7958698,-1.4851446,-1.5534221,-1.543639,-1.2351167,-0.7456839,-0.7081392,-0.76604414,-0.6134705,-0.1965036,0.010305047,0.15848793,0.21922597,0.2945928,0.30677322,0.33708015,0.3561074,0.42635998,0.46048927,0.5222218,0.57467365,0.6563133,0.8193501,1.008075,1.1435761,1.3178327,1.3710377,1.1709597,1.0637666,1.0024573,0.9744427,0.8435184,0.73398703,0.7003374,0.5346998,0.44884416,0.44044667,0.6528095,0.84345436,0.28066742,-0.2984795,-0.8092315,-0.98359156,-0.82583624,-0.6226359,-0.4881124,-0.5541226,-0.78148246,-0.969205,-0.8494828,-0.5983474,-0.5070026,-0.53528833,-0.48375773,-0.3953597,-0.28466368,-0.012690976,-0.23548359,-0.70054555,-1.1968071,-1.3373985,-1.456991,-1.3623664,-1.340303,-1.1968337,-0.7783143,0.023343861,0.79707694,1.1612793,1.4133109,1.5196617,1.4518874,1.3892777,1.3000546,1.4989587,1.2711053,1.0201306,0.37333536,0.12213671,-0.22847322,-0.6850133,-0.8460213,-0.8222085,-0.7178337,-0.67586017,-0.72899055,-0.75146395,-0.73544323,-0.7292893,-0.6687302,-0.6217525,-0.5611091,-0.46033165,-0.46428764,-0.5184783,-0.5462359,-0.11240423,0.91415036,0.8283431,0.9613074,0.9183786,0.96815634,0.6375984,0.43993732,0.32351306,-1.4204137,-1.4755173,-1.4795883,-1.4785018,-1.4798405,-1.4798455
-1.0476178,-1.0553219,-0.9887805,-0.8513115,-0.9329578,-0.9685199,-1.1789293,-0.80804104,-0.44696778,-0.05069658,0.19226316,0.09644863,-0.13866144,-0.6870543,-0.5972457,-0.18761206,-0.07939568,-0.111815006,-0.1464301,-0.21669352,-0.43604293,-0.8737328,-1.2585002,-1.578471,-1.5843401,-1.5603896,-1.7752361,-1.7187824,-1.5201206,-1.5668802,-1.5620918,-1.1182967,-1.0750506,-1.3110882,-1.5322521,-1.6355528,-1.6456734,-1.6438096,-1.5405645,-1.5628464,-1.5362933,-1.4715354,-1.3785493,-0.8061094,-0.23989168,0.11380762,0.38418067,0.5933719,0.7728299,0.8833326,0.918399,0.9781555,1.0381906,1.0782459,1.1565486,1.0766306,0.7270463,-0.012703776,-1.3692131,-2.2834368,-2.2750165,-1.8769464,-1.7652774,-1.7579831,-1.9381686,-1.8706777,-1.6304536,-1.6128762,-1.2750391,-0.9837246,-0.75861675,-0.8972863,-1.1421746,-1.5609769,-1.7076912,-0.86151457,-1.0681615,-1.7002301,-2.1889489,-2.1527956,-2.035375,-1.9901521,-2.0322132,-2.0976026,-2.1358767,-2.2382104,-2.0611064,-1.6292834,-1.5900676,-0.88040197,-0.90114415,-1.4731413,-1.926676,-2.0044453,-2.063494,-2.4266367,-2.7565377,-2.9165554,-3.0893912,-3.2316725,-3.1468334,-2.7349586,-2.3084357,-1.8255363,-1.0174288,0.51143926,0.53891253,0.47427124,1.2105253,2.608068,5.606812,7.98487,9.696834,10.702648,11.726911,12.018611,12.139052,12.132814,12.093196,12.032176,11.995098,11.921383,11.889151,11.786865,11.713304,11.69106,11.669177,11.683342,11.542877,11.68791,11.6361475,11.722519,11.856356,11.871115,11.825087,11.803715,11.771074,11.671524,11.339459,10.735742,10.330322,9.63072,8.304929,5.8756943,2.3890688,1.6631596,1.5151114,0.87522656,0.7366198,0.35702136,-0.36914366,-0.54411924,-0.12636915,0.7642078,1.4516118,2.0654113,2.1881294,2.0390115,1.4880238,0.92782855,0.20102164,-0.22452518,-0.6846902,-1.1630385,-0.8478095,-0.6782314,-0.6386873,-0.6639,-0.7798193,-1.0938314,-0.94097865,-1.0106055,-0.7151207,-0.47247902,-0.36796916,-0.43414164,-0.5570361,-0.49390078,-0.58471495,-0.22401395,-0.06356266,-0.17657298,-0.14221248,-0.1908221,-0.43774855,-0.7182133,-1.064493,-1.2910538,-1.3911797,-1.4507849,-1.4625986,-1.3322219,-1.1171304,-0.9750818,-0.8487657,-0.81579036,-0.8977129,-0.78796595,-0.67981553,-0.6011817,-0.5048848,-0.2581128,-0.36821342,-0.24886367,-0.34685072,-0.62015224,-0.41048282,-0.4746612,-0.5502879,-0.7697333,-0.118012205,-0.0766125,-0.07492943,-0.07539719,-0.07486117,-0.07488282
0.89697844,0.79450035,0.72781533,0.9415648,1.0344416,1.0015613,1.1173801,1.2232696,1.3044667,1.729989,2.3511543,2.701009,2.7510085,2.417127,1.7817521,1.114841,0.6923148,0.5606658,0.51816136,0.43632522,0.19073905,-0.23843372,-0.58046603,-0.7440137,-0.11945716,0.34989476,0.6772311,0.9561384,1.0667919,0.962978,0.47813925,-0.31816858,-0.50952476,-0.4952028,-0.46124652,-0.4680737,-0.63620824,-0.8151095,-0.9871646,-1.1742231,-1.3300048,-1.4063804,-1.3294185,-1.1139045,-0.7704889,-0.089552656,0.23955849,0.4946273,0.69480515,0.9354529,1.1383206,1.458106,1.6756593,1.5641913,1.2081454,0.8129387,-0.14804564,-0.8226203,-1.2645715,-0.99495536,-0.9194791,-0.91190034,-0.7809913,-0.15800568,0.56485105,0.9046483,0.79796743,0.666857,0.6352807,0.49556237,0.20226586,-0.19180863,-0.41853338,-0.47725067,-0.06661707,0.0445199,-0.66293925,-1.125773,-1.103504,-1.1967247,-1.3434887,-1.3251716,-1.3012892,-1.5512643,-1.9140023,-1.4404348,-0.61712587,-0.3212786,-0.12046158,-0.20296437,-0.1364213,-0.16547838,-0.27518082,-0.3116091,-0.2439465,-0.030912668,0.13392903,0.2340476,0.3571475,0.5138479,1.11237,2.210654,3.8598557,5.3835773,6.73503,8.75966,10.081011,11.082775,11.766119,12.082874,11.637898,10.444991,8.905219,7.373988,4.9006,3.6027699,2.0262847,1.0469018,0.4208523,-0.015406087,-0.19852032,-0.33890808,-0.48894542,-0.5807055,-0.6297751,-0.68528044,-0.6061926,-0.65644336,-0.65069556,-0.6671261,-0.8017876,-0.80360717,-0.79983324,-0.773475,-0.7586352,-0.6747323,-0.5757333,-0.62132215,-0.7656497,-0.98653567,-1.0909622,-1.1740708,-1.2569821,-1.2683082,-0.9270699,-0.6938272,-0.46484554,-0.1573337,0.3175477,0.60657084,0.5762653,0.06908522,-0.2664165,-0.51969826,-0.6078057,-0.6519412,-0.667109,-0.6091003,-0.45833212,-0.18138003,0.16507536,0.30634293,-0.14798184,-0.7274635,-0.45850983,-0.0028457046,-0.039963126,0.19180077,0.43625087,0.69471294,0.4790625,-0.38768134,-1.0776067,-1.5043843,-1.6519955,-1.6255727,-1.5739164,-1.5194154,-1.4763068,-1.4186349,-1.3921157,-1.6305833,-1.6926342,-1.4473468,-0.8046658,-0.46012503,0.3315672,1.0669241,1.4330442,1.5990636,1.6001439,1.6257874,1.6412251,1.6582654,1.603795,1.5327494,1.5933951,1.5833311,1.5520334,1.3520612,1.0600986,0.8367901,1.2700098,1.3320341,1.2304765,1.2943367,1.4088988,1.444524,1.5030577,1.492088,1.3888344,1.3898389,1.3908118,1.3906512,1.3909023,1.3909246
0.72026145,0.6453577,0.5532975,-0.19889449,-0.5977158,-0.40448314,-0.6152045,-1.1159517,-1.365375,-1.478214,-1.5481784,-1.4347954,-1.0253407,-0.92946494,-1.4535378,-1.8900061,-2.040461,-2.0526395,-2.0515785,-2.091128,-2.0827878,-1.7517989,-1.2998396,-0.7822964,-1.0723212,-1.3406641,-1.3204435,-1.0576228,-0.8850447,-0.84982586,-0.9126492,-1.192359,-1.5338756,-1.6192114,-1.6019976,-1.5180242,-1.4311638,-1.3381767,-1.2702423,-1.2064266,-1.1348362,-1.0917222,-1.0375551,-1.0436848,-0.95365554,-0.8662228,-0.87319195,-0.9502434,-1.0344847,-1.1210934,-1.1671379,-1.2695708,-1.3739505,-1.4205782,-1.4723618,-1.4971094,-1.1782405,-0.57392466,0.16421443,0.4256915,0.5344119,0.45723757,0.55202967,0.66691804,0.6026794,0.5212401,0.21351865,-0.35174862,-0.66966915,-0.88383484,-1.0352488,-0.70667404,-0.049196765,0.8263595,0.8115511,-0.033495545,-0.9222865,-1.1595491,-0.7828807,-0.92034054,-1.2850604,-1.464997,-1.3738229,-1.0267676,-1.2022382,-1.4553812,-1.5566496,-1.9623079,-2.4199767,-2.5057778,-2.5273879,-2.5364404,-2.4376094,-2.40589,-2.4264123,-2.4679055,-2.5492177,-2.5369284,-2.421743,-2.2461267,-2.1106,-1.9233108,-1.5362146,-1.2242707,-0.8653519,-0.66204286,-0.34786746,-0.07528381,-0.16942412,-0.478677,-0.8512295,-0.9513994,-0.9249033,-0.85862696,-0.8278962,-0.7884066,-0.6450881,-0.5059745,-0.43506593,-0.3664499,-0.3190413,-0.3364215,-0.4107644,-0.42445946,-0.51786876,-0.55618286,-0.6797933,-0.77238905,-0.9361851,-1.0032655,-1.0779779,-1.1824232,-1.1629747,-1.2537284,-1.3092072,-1.3470267,-1.4205041,-1.6713297,-1.9430102,-2.0278304,-1.970825,-1.8368607,-1.6566677,-1.5391934,-1.3757752,-1.2131867,-1.0323299,-0.7232219,-0.79205304,-1.0838325,-1.391642,-1.6095006,-1.5093739,-1.3586447,-1.4218383,-1.5831816,-1.6602763,-1.6342878,-1.6657546,-1.7422482,-1.7645986,-1.7900825,-1.403759,-1.1633435,-1.2549412,-1.0239614,-0.89138156,-1.1628035,-0.6720411,-0.23994389,-0.104857266,-0.04662943,-0.7474289,-1.6485603,-2.2067194,-2.3633657,-2.396425,-2.4435396,-2.417268,-2.5942307,-2.6263075,-2.4660797,-2.3467958,-2.4076703,-2.1777668,-1.6299677,-1.1857743,-0.7980133,-0.51428634,-0.41320443,-0.34063953,-0.4853118,-0.621498,-0.6946943,-0.77264,-0.74930966,-0.7568708,-0.942531,-1.0663853,-1.1885023,-1.2107549,-1.3848741,-1.9990191,-2.1794548,-2.117868,-2.0183556,-2.053194,-1.8871069,-1.7723792,-1.5749552,-0.26951313,-0.21801856,-0.21328756,-0.21450424,-0.21294248,-0.2129114
-0.004757464,-0.18526022,-0.33258188,-0.5012959,-0.57263577,-0.4157495,-0.31584334,-0.58796984,-0.91038,-0.7748177,-0.40641624,-0.13103905,0.049243927,0.18776429,-0.06771029,-0.5490128,-0.8329249,-0.9632066,-1.0639837,-1.1397332,-1.1582401,-1.2275909,-1.1649096,-1.2219756,-1.3191454,-1.4622184,-1.6663388,-1.8457941,-1.8846706,-1.8778081,-2.2172434,-2.4291651,-1.9840463,-1.657557,-1.5149887,-1.4817214,-1.5048304,-1.4792941,-1.4349136,-1.3286139,-1.3272784,-1.3196406,-1.2100997,-1.0343664,-0.9391317,-0.8531302,-0.8481077,-0.8947232,-0.9727769,-1.0486543,-1.1122231,-1.2415761,-1.3950367,-1.579956,-1.8001442,-2.0510008,-2.3869338,-2.291999,-1.4880217,-0.6930058,-0.4977491,-0.44630286,-0.2374979,-0.33786333,-0.5564955,-1.1645361,-1.6801953,-1.998533,-2.0530398,-2.030927,-2.0948758,-2.2466404,-2.2558925,-1.9269122,-1.3349801,-1.7381482,-2.458816,-2.5763726,-1.663265,-1.3177418,-1.3925073,-1.2352322,-0.95775115,-0.6727499,-0.45771962,-0.06437674,0.08994721,-0.5073025,-1.3197241,-1.7777319,-1.9332969,-2.0668526,-2.1000001,-2.1103475,-2.0760713,-1.966766,-1.8187966,-1.7540383,-1.7069043,-1.6180838,-1.4355489,-1.3868561,-1.4423008,-1.6836011,-1.8522038,-1.5662489,-0.66339725,0.033308,-0.00360775,-0.27460343,-0.2854293,-0.37028936,-0.47016364,-0.6608573,-1.0081017,-1.1522125,-1.348305,-1.496902,-1.5636961,-1.5151587,-1.4548271,-1.5240362,-1.4637042,-1.4320313,-1.3923843,-1.3812065,-1.3576423,-1.5069566,-1.5825897,-1.5939949,-1.7327487,-1.7761889,-1.7935674,-1.8760599,-1.9054781,-1.8375046,-1.793505,-1.9499893,-2.1737483,-2.197567,-1.9091854,-1.5076573,-1.2255021,-0.8764755,-0.4969093,-0.37123165,-0.27957648,0.006950557,0.022097886,-0.10195038,-0.34315807,-0.7641413,-0.9769032,-1.0731002,-1.3064313,-1.5185058,-1.4814196,-1.3127971,-1.0576794,-0.7832414,-0.69267684,-0.9270935,-1.1550763,-1.3931441,-1.2330291,-1.3180624,-1.4369166,-1.2217772,-1.005293,-0.9228853,-0.9996171,-1.0680397,-1.1742365,-1.0354264,-0.8875975,-0.749889,-0.5988182,-0.5899495,-0.5003407,-0.500759,-0.42580152,-0.4549821,-0.11765071,0.015215257,0.3535056,0.6794511,1.23114,1.5323098,1.662597,1.6680999,1.6436023,1.540755,1.3045284,1.243055,1.2240311,1.3397173,1.4871051,1.5532942,1.5520849,1.342984,1.0264859,0.69063395,0.5216112,0.6192534,0.6484519,0.6328883,0.43421975,0.55043733,0.65370774,0.6624355,1.0458436,1.0576453,1.058234,1.0582337,1.0583051,1.0583105
-2.6141968,-2.4838712,-2.4147196,-2.5267396,-2.5474405,-2.4703217,-2.3530228,-2.430562,-2.3742952,-2.142106,-1.9278793,-1.6736119,-1.439239,-1.3047808,-1.6420882,-2.223562,-2.4288764,-2.4088256,-2.3910065,-2.3677406,-2.3401864,-2.2827575,-2.0646524,-1.92961,-2.2957602,-2.7985592,-3.1876636,-3.29068,-3.0095751,-2.8695912,-2.9475367,-2.5087833,-1.7375104,-1.4404737,-1.3744773,-1.4173098,-1.5323476,-1.7260187,-1.8398154,-1.8396194,-1.7985188,-1.7474151,-1.727664,-1.6783117,-1.6827074,-1.798094,-1.9243107,-2.0281901,-2.1262116,-2.2505288,-2.3681974,-2.5374622,-2.7060723,-2.8500562,-2.9893942,-3.1633844,-3.3175406,-3.2212784,-2.6122782,-2.1635282,-2.3061278,-2.6520748,-2.698544,-2.50493,-2.373001,-2.5179043,-2.2856014,-2.6243448,-2.8444035,-3.0069911,-3.2280345,-3.4369452,-3.4161794,-3.6759312,-3.7591815,-4.178738,-4.1881657,-3.9423728,-3.2833567,-2.9435685,-2.923352,-2.771793,-2.6004527,-2.4017556,-2.1731935,-2.3401709,-2.5468292,-2.897823,-2.5934048,-2.2295055,-2.2988307,-2.3657436,-2.3020399,-2.231874,-2.196797,-2.182891,-2.2414362,-2.1999075,-2.1821408,-2.2144651,-2.2864308,-2.4002316,-2.4362302,-2.5441828,-2.3849037,-2.0651097,-1.732465,-1.2927257,-1.3470938,-1.3985119,-1.1705385,-1.0321234,-1.234488,-1.7076248,-2.3559427,-2.6150231,-2.7962124,-2.8729692,-2.935336,-2.9076135,-2.8705983,-2.9282238,-2.9289603,-2.9538648,-3.0151436,-3.0179315,-2.9979022,-3.1098504,-3.2360344,-3.1324978,-3.2367287,-3.2202423,-3.1620436,-3.1528692,-3.134624,-3.0944498,-3.0476017,-3.0318117,-2.967991,-2.4187555,-1.8955133,-1.474914,-1.3534935,-1.568488,-1.9581537,-2.073141,-2.130081,-2.0112336,-2.2830005,-2.518771,-2.4017928,-1.9807014,-1.7784104,-1.9267755,-2.3879035,-2.8790288,-3.1464677,-3.262743,-3.1847596,-2.885551,-2.596099,-2.4990363,-2.5011392,-2.4276252,-2.5397344,-2.903425,-2.8858469,-3.082919,-3.2267437,-3.272595,-3.207552,-3.0363681,-2.8305829,-2.832743,-2.8911033,-2.8606641,-2.772499,-2.6968217,-2.552122,-2.452178,-2.2387059,-2.0527422,-1.8448768,-1.9455338,-2.0224452,-1.9746065,-1.7561754,-1.6282501,-1.4820597,-1.3719215,-1.3197247,-1.4031224,-1.5256171,-1.6508462,-1.7744138,-1.743527,-1.7255049,-1.7404189,-1.7775099,-1.8392072,-1.9429724,-1.7177675,-1.4042882,-1.3894173,-1.2814673,-1.2427648,-1.3463361,-1.3117161,-1.339416,-1.4440408,-2.2202125,-2.2420793,-2.2433481,-2.24305,-2.2434072,-2.2434072
-2.6455448,-2.473582,-2.4130764,-1.9804264,-1.5127324,-1.519818,-1.4482316,-1.0214602,-0.7501534,-0.82342577,-0.8392927,-0.51561964,-0.36526382,-0.30365598,0.041430503,-0.24470955,-0.78647995,-1.1558704,-1.3633612,-1.5019832,-1.6251658,-1.9142075,-1.8671947,-1.3057985,-0.20799425,0.18660393,0.466452,0.51442116,0.60991657,0.5420759,0.19035925,-0.603006,-1.2434101,-1.5565777,-1.706372,-1.6996305,-1.6203423,-1.5554566,-1.5234289,-1.4187219,-1.2819626,-1.0842471,-0.8953293,-0.67136323,-0.5050812,-0.47536713,-0.6122328,-0.788326,-0.95948875,-1.1442875,-1.2916468,-1.4937959,-1.6575752,-1.7766366,-1.8458145,-1.879143,-2.03359,-2.4967775,-2.8858633,-2.4993534,-2.1450517,-1.6728272,-1.2123508,-0.6911191,-0.40411222,-0.5503375,-1.1475202,-1.6188785,-1.9916146,-2.2563028,-2.4175203,-2.4133818,-2.2442892,-1.7771989,-0.89296913,-0.13295685,-0.45636922,-1.1960843,-1.4844409,-1.5704277,-1.6052499,-1.6337156,-1.780988,-1.7439473,-1.72069,-0.8635501,-0.43619698,-0.9029774,-1.8500364,-2.3099048,-2.7423732,-2.8737288,-2.6360104,-2.480454,-2.4318032,-2.3423605,-2.3040984,-2.1488276,-1.8693861,-1.6218226,-1.1994286,-0.81377834,-0.48013148,-0.48139572,-0.58409667,-0.42829975,-0.10508584,0.37635958,0.9088038,1.190547,0.8503394,0.46765074,0.08391146,-0.25033808,-0.8440867,-1.1631551,-1.3978336,-1.4835378,-1.430855,-1.3257793,-1.286016,-1.2946758,-1.3229078,-1.3087416,-1.3351907,-1.3278394,-1.2520735,-1.2028298,-1.2590058,-1.1629732,-1.3332198,-1.2327046,-1.1301413,-1.0018317,-0.8591782,-0.8319052,-0.8591678,-1.0724404,-1.3720404,-1.8213586,-1.9684038,-1.9763117,-1.8917844,-1.4049996,-0.41602105,0.006072752,0.23872206,0.093451396,-0.5592083,-1.4421927,-2.2230392,-2.1529016,-1.8420494,-1.6669759,-1.3156757,-1.0215833,-1.0186646,-1.1683165,-1.2205701,-1.204677,-1.2924948,-1.5536532,-2.1429722,-2.4275177,-1.6271544,-1.2468534,-1.3589936,-0.49054694,0.04349429,0.02662879,-0.22296718,-0.6148931,-0.9476578,-1.6891851,-2.2322965,-2.4431393,-2.5244668,-2.5132942,-2.5035634,-2.3588672,-2.2819686,-2.3936152,-2.3578272,-2.1887627,-1.8620993,-1.5756466,-1.3806789,-1.3405643,-1.3263545,-1.2567216,-1.1878266,-1.1913462,-1.1219063,-1.116376,-1.2145925,-1.3678777,-1.4962741,-1.5986115,-1.6085967,-1.5136008,-1.4016511,-1.6082561,-1.2055283,-1.03794,-1.0863894,-1.0673134,-0.9368079,-0.99122417,-1.0557923,-1.150996,-0.9793581,-1.0175176,-1.0190147,-1.0184984,-1.0190573,-1.0190802
-1.7923659,-1.8468318,-1.8453007,-1.7581266,-1.7395904,-1.7375352,-1.6005286,-1.4870499,-1.2940692,-0.8837498,-0.3593895,-0.28737026,-0.4198357,-0.48207897,-0.44184119,-0.020044565,0.4304586,0.67520535,0.85520613,0.9853686,0.92614913,0.6385688,0.20046628,-0.62535095,-2.1674027,-2.1529994,-1.6971389,-1.5010731,-1.6636167,-1.8767374,-2.0783575,-1.8328906,-1.0996526,-0.6989778,-0.39492726,-0.29096368,-0.20074506,0.023967117,0.185167,0.19957528,0.22949761,0.23744617,0.10752368,-0.31640595,-0.66495246,-0.7229632,-0.5917846,-0.3750458,-0.14191791,0.054822892,0.23353854,0.45816547,0.7781681,1.1117438,1.3866197,1.5472531,1.2930425,0.795431,-0.37410426,-1.433733,-1.8306273,-1.8259388,-1.6493049,-1.2855148,-0.8248722,-0.41413373,-0.32202688,0.056792483,0.4398743,0.6913589,0.8025286,0.2940847,-0.46391773,-1.3022711,-2.3218155,-2.2565691,-1.3011122,-0.91979927,-1.3292437,-1.223573,-1.013731,-0.822665,-0.7935471,-0.9538362,-0.73625594,-0.47007823,-0.6647227,-0.18963118,1.0071863,2.3988082,3.4767504,3.8101845,3.5231988,3.2814996,3.126711,3.0763087,3.1267285,2.7551057,2.258345,1.8345921,1.0007851,0.24321356,-0.4019468,-0.9141089,-1.5335503,-2.0931835,-2.2830503,-2.4126813,-2.4561048,-2.2832038,-2.1544833,-2.2277246,-2.2497616,-1.9875432,-1.4663852,-1.1276482,-0.8697019,-0.74814785,-0.61987126,-0.49809885,-0.4511943,-0.35505918,-0.17908813,-0.098721154,-0.028322116,0.031554773,0.04367,0.04977274,0.095525414,0.054568365,0.070511684,0.03265761,-0.088252544,-0.1647919,-0.24509409,-0.2317368,-0.21464619,-0.13498998,-0.0065577626,0.061429158,-0.35304683,-0.9343921,-1.5257914,-2.0691156,-2.345196,-2.5523174,-2.9893632,-3.2015462,-2.9274273,-2.1073563,-0.7964025,0.33809698,0.6750746,0.55447686,0.18710805,-0.4436067,-0.8863809,-1.1237998,-1.1527567,-0.96657175,-0.75453234,-0.60337174,-0.9003898,-1.5741327,-2.5047283,-2.5795786,-2.2736344,-1.6877713,-1.886322,-2.100633,-2.5833735,-2.8710883,-2.6806216,-2.3058798,-2.0047927,-1.9575709,-1.9671223,-2.030713,-2.2281756,-2.2708492,-2.3288784,-2.197868,-1.8807832,-1.6799269,-1.5848708,-1.7927198,-1.9180851,-1.9039626,-1.7513193,-1.6698575,-1.5725439,-1.385808,-1.2874496,-1.2672098,-1.2223474,-1.217737,-1.1960886,-1.1335874,-1.1122781,-1.0937109,-1.0097189,-0.99986863,-1.0163696,-1.1686399,-1.1105022,-1.0737717,-1.144954,-1.1948198,-1.2665539,-1.3021597,-2.2859547,-2.3215644,-2.3251839,-2.3241334,-2.3254445,-2.3254576
-5.167851,-5.077626,-5.097392,-5.361697,-5.454337,-5.45213,-5.4505553,-5.52536,-5.3001714,-4.8873987,-4.3554115,-3.9664497,-3.5911014,-3.613716,-4.0390067,-4.3581753,-4.4164453,-4.3854485,-4.355543,-4.355475,-4.445567,-4.4527235,-4.2569566,-3.8877172,-3.9996274,-4.0645447,-3.9309788,-3.7341087,-3.2151537,-3.0510092,-3.0842931,-2.6467721,-2.0377834,-1.9112493,-1.8853604,-1.8417487,-1.7835573,-1.7286351,-1.6872838,-1.6785423,-1.6747888,-1.7056103,-1.824276,-2.2076805,-2.4796798,-2.6551356,-2.7351792,-2.7998261,-2.862939,-2.9772954,-3.0833344,-3.2465634,-3.4871879,-3.687664,-3.8207028,-3.9772263,-4.1963444,-4.321993,-4.335732,-4.4885054,-4.501417,-4.4637113,-4.2419534,-3.8275123,-3.5800066,-3.7937744,-3.609223,-3.8449516,-4.0803523,-4.2571898,-4.4151955,-4.4621644,-4.293419,-4.619298,-4.8689623,-4.679754,-4.6652865,-4.911895,-4.8363686,-4.7051907,-4.7572384,-4.7364736,-4.7733374,-4.917225,-5.2405453,-5.1344814,-4.8788166,-4.974121,-4.60083,-3.997475,-3.9660437,-4.080151,-4.2713485,-4.3932533,-4.459627,-4.5785813,-4.803411,-4.9765143,-5.027129,-5.0473013,-4.9904337,-4.821763,-4.5391946,-4.4270186,-4.240755,-3.7542534,-3.3013396,-2.7296882,-2.4615893,-2.2067897,-1.8355895,-1.7151368,-1.8958275,-2.219911,-2.6611097,-2.8282566,-2.9859052,-3.074616,-3.1053412,-3.0648623,-3.0354953,-3.0392075,-3.0038495,-3.01051,-3.0448542,-3.0248685,-3.0050955,-3.0327919,-3.1393783,-3.1149187,-3.2252207,-3.2104845,-3.1964412,-3.2262692,-3.2132916,-3.1814027,-3.1832004,-3.2757864,-3.3543391,-3.162521,-2.9328287,-2.6745176,-2.5866241,-2.5752406,-2.431834,-2.4493458,-2.615231,-2.7991796,-3.2299514,-3.554606,-3.6256804,-3.410501,-3.211108,-3.3681123,-3.9080396,-4.7636576,-5.298449,-5.536841,-5.4856544,-5.2893076,-5.255767,-5.223959,-5.171358,-4.7810497,-4.5442667,-4.5459642,-4.509979,-4.069431,-3.5030246,-3.1584103,-2.9385571,-3.0183482,-3.3177364,-3.9194117,-4.4194613,-4.601595,-4.629976,-4.610709,-4.5650454,-4.562025,-4.4817486,-4.366413,-4.2341437,-4.4174256,-4.4189334,-4.2140713,-3.9565363,-3.733078,-3.5042515,-3.4080951,-3.2734714,-3.3723483,-3.5169637,-3.6834793,-3.919907,-4.0050874,-4.0568886,-4.2601485,-4.4226975,-4.70847,-4.899191,-4.9667463,-4.9200864,-4.964871,-4.95499,-4.8847694,-4.9559402,-4.8736577,-4.86883,-4.9187407,-4.498784,-4.488818,-4.4876375,-4.487845,-4.4875164,-4.487503
0.3033536,0.024710625,-0.23367786,-0.5545157,-0.65850854,-0.69412374,-0.7978753,-0.9658025,-1.2289379,-1.2970346,-0.98427397,-0.5978632,-0.13380535,0.22515912,0.08374092,-0.40283036,-0.5345869,-0.355519,-0.2099507,-0.12732813,0.031352602,0.40612954,0.67016304,0.8383244,0.9598351,0.7860349,0.75437486,0.7936225,0.78755194,0.62712204,0.036625233,-0.5870451,-0.48276058,-0.022525504,0.24066012,0.27675474,0.17808612,-0.06041941,-0.2111787,-0.18383534,-0.019564249,0.10704977,0.1868459,0.22129261,0.1363531,0.050332785,-0.07345572,-0.20803595,-0.3458517,-0.47050977,-0.5292184,-0.5902655,-0.6100184,-0.6656423,-0.73251325,-0.68923986,-0.20247555,0.22000444,0.5231273,0.39248583,0.33052114,0.5656062,0.8831805,0.9728533,0.7251162,0.09186995,0.3424018,0.29341313,-0.021516502,-0.24360502,-0.32154766,-0.0006297827,0.037431747,0.22188687,0.8971447,0.68066883,0.82806826,2.1713073,5.140995,5.7285604,5.5456905,5.6597958,5.9770484,6.4912386,5.8620434,3.7148986,2.492258,0.800869,-0.5265681,-0.46757507,0.030497402,0.6034981,1.5159056,2.217012,2.5720696,2.9572887,3.3042874,4.1127157,5.058878,5.935773,7.0050106,7.857854,8.536718,8.610362,8.786595,8.522164,7.9677577,6.6415033,4.544435,3.0672426,2.0352013,1.299982,0.8051356,0.37774622,-0.1401664,-0.3283498,-0.3895762,-0.34847197,-0.453642,-0.5631884,-0.6697265,-0.7177067,-0.79306227,-0.9198695,-0.99417377,-1.1064873,-1.1504177,-1.2472364,-1.3263514,-1.3886988,-1.423478,-1.4769918,-1.3796965,-1.2911313,-1.1994367,-1.1280084,-1.1115175,-1.007139,-0.84934574,-0.6241864,-0.6039413,-0.44675198,-0.11494456,0.33799627,0.45279008,0.45999014,0.61520433,0.6994145,0.27950218,-0.27382505,-0.6613691,-0.573726,-0.2863361,0.027299762,0.2964309,0.6478021,0.8520767,0.7423666,0.25653046,-0.12337637,-0.116770566,0.08826646,0.43673277,0.697177,0.42296195,0.022161826,-0.15482923,-0.08827075,-0.03931226,-0.20501684,-0.68050575,-0.8315475,-0.8245447,-0.72855836,-0.81977326,-0.8449506,-0.76767343,-0.7249618,-0.6759068,-0.8425565,-0.8047621,-0.7786883,-0.8582591,-0.96113497,-0.52465785,0.18240038,0.8385062,1.060329,1.139136,1.2624621,1.2097647,1.1342514,1.0367268,1.0060395,0.9618696,1.0520853,1.1323562,1.2125986,1.3420837,1.4033033,1.1967642,0.87427086,0.7915972,0.7912645,0.648099,0.5834712,0.6434314,0.7482718,0.73738605,0.6727811,-0.087184414,-0.08147305,-0.07982391,-0.08051728,-0.079698324,-0.07969171
-1.499027,-1.7025673,-1.870357,-2.0362277,-2.2125173,-2.1753335,-1.9807044,-1.8520428,-1.6524351,-1.3696302,-0.9578159,-0.99454826,-1.2159897,-1.2427044,-0.79914623,-0.09355322,0.3362573,0.37695897,0.41527203,0.5087762,0.60793906,0.5012881,0.12601382,-0.052712776,-1.5209084,-1.6328793,-1.0889797,-0.6540456,-0.43580246,-0.184994,-0.022069518,-0.0937935,-0.28581893,-0.31980404,-0.2583456,-0.14135414,0.012738094,0.35676748,0.59340054,0.4830934,0.1626804,-0.10085695,-0.35293174,-0.758407,-0.91764003,-0.62830186,-0.24188383,0.15086757,0.45586658,0.7031915,0.8840629,1.0681118,1.1514475,1.0963815,0.979762,0.74246883,0.04929033,-0.41571623,-1.0853227,-1.3613003,-1.4215564,-1.2591891,-1.0984693,-1.1406417,-1.0592232,-0.854964,-0.9259869,-0.6113766,-0.08544545,0.31675455,0.60909307,0.29028267,-0.14786714,-0.68179566,-1.2691938,-1.2457598,-0.73522973,-0.75488234,-1.3502414,-1.180413,-0.96198535,-0.8563706,-0.91165614,-1.306807,-1.303963,-0.8009313,-0.37871784,0.40409377,1.132742,1.9510639,2.9180615,3.328244,3.0489335,2.8807435,2.901227,3.1099231,3.3847668,3.278561,2.8722076,2.439867,1.9876674,1.3340968,0.3833896,-0.116582125,-0.622095,-0.69521976,-0.5386338,-0.23572537,0.12703964,0.6932334,1.0854003,0.6019517,0.07513502,-0.06630415,0.12230915,0.33447063,0.38895282,0.39191675,0.4029358,0.3948642,0.42249748,0.45640236,0.5540963,0.6092727,0.70109946,0.82342887,0.88503027,1.0221813,1.1430117,1.1793247,1.2854382,1.3010249,1.1148713,1.0106413,0.9277638,0.9742118,0.97901154,1.0077469,1.0864639,1.1102211,0.8390392,0.35160676,-0.06667201,-0.6281952,-1.5872407,-1.9370098,-2.2944052,-2.2782187,-1.5768712,-0.76281464,-0.5958794,-1.0880241,-1.3098646,-1.194247,-0.7867254,-0.2860595,0.23070127,0.7505533,1.5816538,2.4115412,2.6470985,2.6213908,2.1668818,1.3093278,0.5305685,0.30536065,0.2951509,0.25270152,-0.1944505,-0.5105978,-0.88873446,-1.1453408,-1.0379331,-0.5660328,-0.17900762,-0.056330487,-0.10708088,-0.2212596,-0.455289,-0.38297433,-0.7525527,-0.95835346,-1.0597967,-0.98148775,-0.885283,-1.3114052,-1.523625,-1.5678893,-1.6180518,-1.6537106,-1.7228951,-1.7188306,-1.7340437,-1.7821034,-1.7847675,-1.7675512,-1.7398341,-1.6957304,-1.6388958,-1.7454907,-1.9790714,-2.1550038,-2.0788507,-2.0942323,-2.0086472,-1.9895022,-2.1194284,-2.2214165,-2.2268562,-2.1414883,-2.0144384,-2.0232897,-2.0241153,-2.0238,-2.0241642,-2.0241697
-2.6980386,-2.8004575,-2.8894644,-2.9884639,-2.9603257,-2.9104862,-2.8877873,-2.8711956,-2.61091,-2.2774224,-1.8846822,-1.5519705,-1.4108808,-1.4409511,-1.4946909,-1.5233117,-1.5461813,-1.5457134,-1.5035584,-1.4151214,-1.338545,-1.2719082,-1.164189,-0.67738414,-0.6069369,-0.38072512,0.27215934,1.0082437,1.5454903,1.471313,0.8235617,0.041905925,0.030547157,0.07572314,0.1353237,0.10891843,0.059869964,-0.018495288,-0.1738427,-0.36749166,-0.56498694,-0.7338027,-0.89723337,-1.199177,-1.3979325,-1.5319757,-1.5645008,-1.545919,-1.529308,-1.5341377,-1.5311538,-1.4683416,-1.2998325,-1.1014735,-0.9392581,-0.8249029,-0.8611709,-1.0123177,-1.3252337,-1.6824447,-1.8292587,-1.8025286,-1.644083,-1.3357594,-1.0964596,-1.2292442,-1.4648162,-1.71245,-1.8841802,-1.9532733,-1.8827395,-1.951016,-2.0768507,-2.711612,-2.6576324,-1.6981928,-1.0068651,-0.76931524,-0.4157316,-0.18322873,-0.15997756,-0.1711896,-0.4952546,-0.8879932,-1.3317008,-1.1386273,-1.0258716,-1.1267792,-0.8511286,-0.56118,-0.5117163,-0.45397246,-0.524005,-0.51695764,-0.41143858,-0.21225023,-0.090266615,-0.08140895,-0.06516439,-0.2481243,-0.42480898,-0.53220487,-0.5925845,-0.74631226,-0.9842627,-0.99614084,-1.011406,-0.52699316,0.20648633,0.8349395,0.61200416,-0.035982177,-0.67244065,-1.1185809,-1.5783801,-1.7391751,-1.8211745,-1.8176494,-1.7140632,-1.5555475,-1.4627635,-1.3992517,-1.3146899,-1.2338778,-1.2179064,-1.2148951,-1.1532259,-1.1751338,-1.2206067,-1.236362,-1.3412647,-1.3451635,-1.346201,-1.3124671,-1.2035847,-1.1220385,-0.9839049,-0.85130835,-0.70419073,-0.36734983,-0.1417847,-0.106401354,-0.29333556,-0.5075443,-0.44633064,-0.3100889,-0.76013625,-1.5704017,-2.25648,-2.655854,-2.5073495,-1.6167588,-0.82716435,-0.39228556,-0.57251775,-1.3629696,-1.9845557,-2.3139358,-2.347323,-2.2003963,-1.9276619,-1.6845067,-1.6355362,-1.30588,-0.9782148,-0.93685794,-0.5665022,-0.28160948,0.07012078,0.3880428,-0.213831,-1.3673064,-2.0602283,-2.600365,-3.0455103,-3.3192706,-3.50985,-3.554836,-3.5459943,-3.3815691,-3.1969771,-3.0878887,-2.7086327,-2.4912462,-2.2724874,-2.2937207,-2.3559911,-2.4873343,-2.508864,-2.4731574,-2.399064,-2.3946834,-2.3446708,-2.3574204,-2.4336493,-2.519907,-2.6469252,-2.712675,-2.7386816,-2.6853986,-2.5118134,-2.5282376,-2.4420114,-2.4049244,-2.4970539,-2.5041184,-2.4520872,-2.3718953,-2.3898845,-2.4742908,-1.8593173,-1.8447764,-1.8436325,-1.8438289,-1.8435357,-1.8435327
-0.66655886,-0.4304457,-0.076647304,0.738986,1.1821747,0.9609103,0.98822165,1.4051527,1.9272004,2.281145,2.6701407,2.698977,2.5647113,2.513669,2.3382018,2.3361866,2.537671,2.639739,2.7029512,2.7037284,2.4046698,1.7759327,1.1634327,0.42960796,-0.36503336,-0.36695337,-0.15918839,0.0007367134,0.15842177,0.25536862,0.86384374,1.1577853,0.36107326,-0.13744298,-0.4084348,-0.46761718,-0.42517152,-0.2641678,-0.013464525,0.1279253,0.2533502,0.3857144,0.46079051,0.7329924,0.9654229,1.4069474,1.7197214,2.0026097,2.2625592,2.412156,2.4941115,2.6672537,2.7148113,2.7122922,2.7698271,2.7539372,2.2804813,1.4436013,0.42905092,0.18475887,0.38104776,0.49319625,-0.053632744,-0.7175747,-0.99328303,-0.38729894,0.86206234,1.8788027,2.5349565,2.9486012,3.1026716,3.0284843,3.0509784,3.5401402,4.2549953,6.689852,8.198893,8.202539,7.0259833,6.649975,6.450955,5.802663,4.159943,1.9626241,0.8166462,-0.066385746,-0.14928275,0.5872387,0.789677,0.6477297,0.9771939,1.4050915,1.5096923,1.5514518,1.5790039,1.7173163,1.9921776,2.0048122,1.8696737,1.6947649,1.5661263,1.435713,1.1647409,1.258894,0.96494186,0.5783148,0.23355424,-0.22612932,-0.39664632,-0.28279215,-0.23646435,-0.29306775,0.1452483,0.9238477,2.0605342,2.6049736,3.1189947,3.2766066,3.2277615,3.0581229,2.9632087,3.0508366,2.9809055,2.9140944,2.824357,2.8613153,2.6172118,2.5448284,2.5516636,2.5558295,2.7689018,2.740452,2.5597048,2.369838,2.270078,2.2273297,2.2159562,2.501309,2.8423142,2.756453,2.3214219,2.0126848,2.0298173,2.052227,1.1140063,0.64348745,0.41717464,0.4473472,0.5732307,0.5427423,0.06560582,-0.36617333,-0.42323372,-0.11152983,0.6987939,1.9063406,2.8818913,3.3675096,3.4787693,3.3350704,2.9549322,2.609352,2.0639884,1.0540118,0.38754916,0.4666655,0.47036073,0.3873852,1.2158375,2.501474,5.0283184,7.449811,9.333524,10.395575,10.949146,11.047409,11.040851,10.977028,10.774624,10.746502,10.242275,9.650182,8.819252,8.204515,7.1266747,5.9400625,4.22573,2.6603837,1.6742544,1.3694452,0.9312989,0.64311635,0.69996667,0.7040231,0.60097593,0.641875,0.59523743,0.5878298,0.60946524,0.49459752,0.3113068,-0.39650303,-0.3593859,-0.58827007,-0.5642983,-0.74522626,-0.82773376,-1.0879912,-1.2427485,-1.2947279,-1.2289939,-1.2097888,-1.2098378,-1.2098473,-1.2099059,-1.2099118
-2.2993417,-2.1643965,-2.1273112,-1.7506806,-1.4768623,-1.6719747,-1.7087348,-1.5750568,-1.2672458,-1.3299524,-1.4170454,-1.2739267,-0.9579108,-0.8619469,-0.83098495,-1.2351247,-1.6297116,-1.8709161,-1.983747,-2.1259685,-2.384039,-2.7038162,-2.7046318,-2.6236892,-2.188408,-1.9594815,-1.4862306,-1.3187733,-1.1477149,-1.2610593,-1.4244158,-1.8635472,-1.9070181,-1.8504555,-1.7857388,-1.6386281,-1.3992317,-1.1674497,-1.0685912,-0.98655903,-0.946725,-1.0352104,-1.1385777,-1.4913003,-1.7724442,-1.9543312,-2.071886,-2.1588373,-2.2315075,-2.2603233,-2.257955,-2.2738454,-2.3224976,-2.3794851,-2.3443575,-2.1979835,-1.8115864,-1.5139638,-1.503494,-1.7436558,-1.7725999,-1.4450201,-0.69079155,-0.22823328,-0.5369531,-1.083528,-1.340142,-1.5249362,-1.9110434,-2.2372386,-2.373689,-1.9309721,-1.6882617,-1.5961347,-1.2158093,-0.8245548,-0.8584806,-1.1249523,-1.1956328,-1.2278914,-1.2855321,-1.3803371,-1.4635797,-1.4025851,-1.3537592,-0.30820125,0.2750485,-0.11884457,-0.3701654,-0.69334996,-1.5001986,-1.8653876,-1.935225,-1.9740655,-2.0002036,-2.0637317,-2.2154822,-2.3481915,-2.3776193,-2.315914,-2.285531,-2.350546,-2.392847,-2.4869404,-2.5219007,-2.152614,-1.5856128,-1.3514931,-1.4586904,-1.9083447,-2.278415,-1.9929037,-1.4593908,-1.1228956,-1.0527437,-1.0976405,-1.1217884,-1.108271,-1.1155025,-1.1010127,-1.1170288,-1.1542991,-1.2040863,-1.2693725,-1.3384047,-1.3776413,-1.370795,-1.3587091,-1.3331649,-1.3594453,-1.3746198,-1.351183,-1.282387,-1.27803,-1.2476376,-1.2317691,-1.2925553,-1.4658697,-1.6227232,-1.8020058,-1.8480632,-1.7379875,-1.583345,-1.2747622,-0.41901568,0.20276877,0.6206513,0.61810654,0.011205405,-0.8562797,-1.5313789,-1.5534582,-1.6114099,-2.058495,-2.3065917,-2.4055495,-2.3005626,-2.2449105,-2.3049698,-2.613574,-2.9628427,-3.2411969,-3.3434541,-3.224814,-2.804787,-2.949738,-3.040569,-2.587558,-1.9576595,-1.7046887,-1.5762411,-1.4606645,-1.5809982,-1.8514576,-1.9395461,-1.8613517,-1.7116054,-1.5787728,-1.4155033,-1.42221,-1.2316954,-1.2521374,-1.4745716,-1.634855,-1.5859084,-1.0996501,-0.79223895,-0.8141494,-0.93292737,-0.9677433,-0.8626828,-0.87405044,-0.8794712,-0.96632,-1.1363153,-1.3135061,-1.471812,-1.6162469,-1.6124778,-1.4835163,-1.3749905,-1.4501325,-1.5337782,-1.3998888,-1.4021066,-1.336658,-1.3316827,-1.292984,-1.3134377,-1.1618795,-0.18340884,-0.19910645,-0.1992416,-0.19924563,-0.19918655,-0.19919723
-2.7418394,-2.8639238,-2.908316,-2.7002962,-2.4972858,-2.4009852,-2.1998644,-2.214715,-2.4671118,-2.6441097,-2.5138834,-2.308959,-2.0741217,-1.9432292,-2.167342,-2.637435,-2.8926036,-2.909318,-2.8819718,-2.8679297,-2.8558745,-2.8191874,-2.6345112,-2.7282968,-2.650401,-2.6068733,-2.4064252,-2.360522,-2.100927,-2.0516043,-2.279577,-2.3065968,-1.8811121,-1.6227484,-1.573336,-1.5480399,-1.5079988,-1.510013,-1.4994537,-1.4360213,-1.421782,-1.5218163,-1.5734351,-1.7410655,-1.9308273,-2.1115453,-2.2436528,-2.3495083,-2.4454596,-2.511609,-2.5782216,-2.686857,-2.8939996,-3.119391,-3.3327608,-3.5187633,-3.659428,-3.4197707,-2.7775328,-2.068387,-1.9552889,-1.7423756,-1.0418143,-0.6886401,-0.8301944,-1.2405069,-1.8682091,-2.5022833,-2.7157402,-2.7870965,-2.7466722,-2.3969402,-1.9575844,-1.3434138,-0.9745431,-1.6098397,-2.1858792,-2.2608318,-1.6244636,-1.4855738,-1.5742954,-1.4632568,-1.0219703,-0.3250977,-0.21887156,-0.08768353,0.14343832,-0.40201953,-0.7585072,-0.814751,-1.1636002,-1.4703441,-1.5780189,-1.6160539,-1.624947,-1.6512386,-1.7149179,-1.7520878,-1.7133112,-1.6180902,-1.582837,-1.6965742,-1.9052782,-2.1581838,-2.199542,-1.6188188,-0.6715212,0.06282529,0.07053292,-0.28511307,-0.23592097,-0.23832315,-0.30286986,-0.46816507,-0.8114402,-0.96811754,-1.1013948,-1.1564806,-1.206587,-1.2445278,-1.2394154,-1.3322281,-1.3941932,-1.4336054,-1.4713981,-1.5458114,-1.5263982,-1.634793,-1.6712043,-1.6658716,-1.7714362,-1.7862713,-1.7711424,-1.7795374,-1.8105726,-1.8131163,-1.9673109,-2.236857,-2.3573434,-2.1905785,-1.8435144,-1.4073799,-1.1885974,-1.2282245,-1.3030403,-1.23564,-1.2714849,-1.2475274,-1.2616768,-1.3343301,-1.3556464,-1.2580969,-1.2746899,-1.6697624,-2.1641798,-2.5327847,-2.5669672,-2.5533185,-2.5546777,-2.3671467,-2.0390835,-1.9866434,-2.1337283,-2.3506272,-2.3279006,-2.5878372,-2.6957655,-2.5779638,-2.182936,-1.9889002,-1.7087734,-1.4385611,-1.3929331,-1.5238142,-1.4977009,-1.2807863,-1.0160708,-0.83546555,-0.5430196,-0.55280733,-0.29907203,-0.039635897,0.29457706,0.1504851,-0.21596582,-0.26043513,-0.0713401,-0.056961685,-0.0805632,-0.16162534,-0.13884857,-0.13416338,-0.29960364,-0.3643103,-0.32531622,-0.25276026,-0.13826025,-0.10112572,-0.09068911,-0.15622868,-0.25656098,0.23324107,0.90276194,1.1615906,0.94291365,0.8793385,1.0385317,0.98905563,0.97248435,1.0028336,0.05583582,0.031583834,0.03008011,0.030460063,0.030001547,0.030001782
-1.2787976,-1.2050081,-1.2071426,-1.4949896,-1.7354168,-1.6684115,-1.7616656,-2.0570319,-2.3817225,-2.4915175,-2.3616345,-2.146709,-1.6401684,-1.3113286,-1.6720086,-2.3727374,-2.7982566,-2.8882596,-2.9381635,-2.9959803,-3.0287695,-3.0900276,-2.8658671,-2.372698,-1.6430242,-1.5586402,-1.5348223,-1.5156242,-1.3021659,-1.1337847,-1.475529,-1.9293804,-1.9487385,-1.8745247,-1.8248261,-1.7370044,-1.6515236,-1.5720054,-1.4694345,-1.2856594,-1.1376598,-1.0553198,-0.9759776,-1.0839617,-1.3330553,-1.6472387,-1.8288677,-1.9882576,-2.1254592,-2.2116084,-2.2626834,-2.3709917,-2.5399072,-2.7455602,-2.9650517,-3.1556761,-3.309926,-3.150191,-1.9859881,-0.81824994,-0.646103,-0.6943728,-0.53933966,-0.1693204,-0.043458104,-0.4870151,-1.0942502,-2.152614,-2.7495975,-3.1469798,-3.4588165,-3.2267504,-2.5669498,-2.0497591,-1.9265006,-3.051611,-3.9597132,-4.4479284,-3.8797185,-3.4907918,-3.3921008,-3.0216448,-2.5843096,-1.9918599,-1.4410828,-1.0847895,-1.0951772,-1.6424873,-2.2224708,-2.3086386,-2.6357026,-2.9522629,-3.0152926,-3.0780325,-3.1364942,-3.253107,-3.4027338,-3.3656352,-3.2397516,-3.0720842,-2.9165947,-2.7938929,-2.5412173,-2.4009714,-2.2944703,-2.2221594,-1.7813368,-1.1483738,-0.88786364,-0.92571527,-1.1293936,-1.067105,-1.0742457,-1.2751138,-1.7954514,-2.0561812,-2.2339017,-2.297603,-2.3252213,-2.2991977,-2.2609932,-2.307063,-2.3439393,-2.3795304,-2.4371884,-2.4543605,-2.4391987,-2.5324686,-2.6085167,-2.586481,-2.620757,-2.6046338,-2.560834,-2.544591,-2.4780724,-2.44721,-2.4662201,-2.6523685,-2.7328935,-2.551985,-2.259749,-1.8472629,-1.650131,-1.6107075,-1.7271333,-1.8649806,-1.9696414,-1.8387678,-1.9301362,-2.1014497,-2.0863183,-1.7875506,-1.4149778,-1.2913774,-1.6852083,-2.4070363,-2.978767,-3.2222493,-3.2588723,-3.0709,-2.7938282,-2.6385307,-2.5731435,-2.1970012,-1.91712,-2.1276262,-2.2645626,-2.2708335,-1.9760112,-1.9939156,-2.3084984,-2.9549332,-3.4429631,-3.4520004,-3.3056436,-3.068679,-2.777523,-2.5871778,-2.324232,-2.3509173,-2.0846095,-1.6342118,-0.9793276,-0.9129898,-0.74101007,-0.2221309,0.28975594,0.81418025,1.2356791,1.3639107,1.4923918,1.3825641,1.1670034,1.0311205,0.983233,1.0042207,1.0346725,0.79677385,0.6012726,0.1716029,-0.115488164,-0.01684238,-0.41528475,-0.6012792,-0.6867775,-0.71076035,-0.63597953,-0.54897046,-0.51753545,-0.46481436,-0.51768994,-0.5057579,-0.5045227,-0.5047759,-0.50441444,-0.50440156
-1.3108926,-0.95706254,-0.8907014,-1.0242146,-0.9878347,-1.2568002,-1.5222274,-1.4325725,-1.1471956,-0.9714943,-0.74615484,-0.42574206,0.035575613,0.40888715,0.11402632,-0.95763373,-1.7047706,-2.0545437,-2.2115457,-2.322763,-2.42725,-2.577193,-2.373695,-1.6006771,-0.44358796,0.087381124,0.87085015,1.6526761,2.5881815,2.8866434,2.5558116,1.0194967,-0.46309206,-0.95642614,-1.1996809,-1.2476475,-1.2904141,-1.3856263,-1.4777244,-1.4693981,-1.4571927,-1.456333,-1.4168211,-1.5490899,-1.7162782,-1.7835804,-1.8753148,-1.9624256,-2.0120432,-1.9718434,-1.8973624,-1.8324177,-1.8069147,-1.9305892,-2.0976398,-2.1746843,-2.1359138,-2.0605085,-1.6935943,-1.001654,-0.5784203,-0.10514029,0.22700237,0.7098621,0.7292443,0.38257307,-0.03857088,-0.84123003,-1.5315521,-2.0499382,-2.3152556,-1.7516475,-0.9848156,-0.29939154,0.19379896,0.45022795,0.157493,-0.6082485,-1.094034,-0.9837069,-0.8524525,-0.62685037,-0.7710345,-1.0448031,-0.34780824,0.99348205,1.5304071,1.2144113,0.022839606,-0.37217823,-0.74688405,-0.9622601,-0.87860835,-0.8443925,-0.86600244,-1.0123398,-1.4597645,-1.7752572,-1.8884704,-1.8706985,-1.660152,-1.4215646,-1.0208502,-0.8610491,-0.75984687,-0.72238594,-0.29706913,0.42609942,1.0773809,1.2550435,0.9206486,0.9385679,0.99464875,0.943409,0.54341984,0.25166774,-0.0020795986,-0.11177261,-0.13352636,-0.13586184,-0.12168196,-0.17321794,-0.3410979,-0.43522862,-0.5754919,-0.5483798,-0.56015307,-0.61033416,-0.6345748,-0.6749246,-0.7326646,-0.763798,-0.8070713,-0.78627706,-0.59917796,-0.47963154,-0.40764886,-0.71875036,-1.0468758,-1.2681488,-1.2496549,-0.97408843,-0.66130364,-0.32216197,0.046734862,0.4346382,0.7243119,0.8285558,0.62812805,0.027840897,-0.34388033,-0.12196539,0.32130346,0.4356699,0.27630484,0.07554123,-0.21918625,-0.54313946,-0.81287384,-0.966435,-1.014118,-1.1920544,-1.3210136,-0.83328336,0.0069954842,0.16165657,-0.07322229,0.580846,1.4404578,1.7785469,1.5161133,0.47359413,-0.3956222,-1.1026442,-1.7637606,-1.9882455,-2.0882387,-2.102902,-1.9314992,-2.185073,-2.3645606,-2.4832308,-1.9602783,-1.4269938,-0.63741213,-0.120376244,0.2598295,0.17405555,0.06240102,0.0980052,0.24511504,0.1751636,0.28426483,0.2813999,0.14805885,-0.055126652,-0.35844082,-0.5759101,-0.63121223,-0.48855072,-0.41457972,-0.97001874,-1.4008297,-1.6055293,-1.6555717,-1.6785014,-1.603323,-1.4671662,-1.4278455,-1.2401202,-0.5411292,-0.54518056,-0.5444503,-0.54455304,-0.54435223,-0.54435647
-2.323099,-2.2687676,-2.1897154,-1.9453733,-1.7752693,-1.7022964,-1.5565171,-1.3913007,-1.3739362,-1.0395997,-0.38562325,-0.21202908,-0.2502625,-0.4178536,-0.35542062,-0.15860084,0.03858395,0.10838148,0.031110376,-0.092730895,-0.11976161,-0.12046194,-0.5333352,-1.4796724,-2.4663482,-2.398209,-2.3787153,-2.2576241,-1.8152763,-1.3909001,-0.8337751,-0.042238653,0.7048097,1.1661831,1.6307707,2.0377665,2.4195313,2.8256092,3.103716,3.142283,3.073524,2.9555538,2.8354063,2.2389252,1.5537286,0.9937407,0.90249103,0.91030765,0.9481405,0.97926635,0.9533104,0.89144826,0.72113603,0.58709633,0.44542867,0.21822931,-0.017387524,-0.40671852,-1.294507,-1.972326,-2.1710246,-2.2148156,-2.3848047,-2.5549085,-2.418047,-2.387176,-2.585925,-2.1956167,-1.825858,-1.4878285,-1.1787591,-1.3409305,-1.6679431,-2.6048927,-3.3072984,-2.7202377,-2.1220856,-2.094748,-2.4721365,-2.6589708,-2.602558,-2.6386142,-2.6956375,-2.30166,-1.8318536,-1.2299625,-1.0264349,-0.9942334,-0.8945055,-1.3445163,-2.0278988,-2.2695484,-2.4786072,-2.5704708,-2.5823472,-2.542602,-2.4209642,-2.3557103,-2.2912555,-2.2250297,-2.0222588,-1.9629474,-2.2480404,-2.4972854,-2.4416258,-2.0968418,-1.828893,-1.7933419,-1.6083319,-1.0960374,-0.1447218,0.063118376,-0.0012964755,-0.053235546,-0.05334679,-0.038063884,-0.10013696,-0.1554185,-0.103818595,-0.07325459,-0.058324054,0.009652225,0.093404666,0.18182725,0.33764008,0.44027042,0.50025684,0.69640255,0.78157294,0.79591256,0.841784,0.88980156,0.7199505,0.65073824,0.5848441,0.49036002,0.28005525,0.18926154,0.25841492,0.3109397,0.4277122,0.5518324,0.66275465,0.7976778,0.53190124,0.05391728,-0.42999524,-0.7167538,-0.8920589,-0.7321619,-0.3098728,-0.23167959,-0.46527255,-0.79708606,-0.9490162,-1.0260831,-1.0864031,-1.0847778,-0.90896523,-0.7052715,-0.6789144,-0.5026087,-0.62595195,-1.0173395,-1.5111264,-1.5404319,-1.5943978,-1.4161925,-1.5307195,-1.7427127,-1.8635209,-1.7107818,-1.1862696,-0.684299,-0.3247301,-0.21737252,-0.25439972,-0.2701733,-0.36844063,-0.11826032,-0.15986562,0.04901323,-0.08491231,-0.08460364,-0.54772896,-0.94657177,-1.1537641,-1.1265832,-1.022898,-1.0101862,-1.0319631,-1.0683897,-1.0513159,-1.0472187,-0.99177635,-0.9380674,-0.8902197,-0.8657044,-0.87858146,-0.9133042,-0.87292004,-0.316357,0.4588266,0.45499974,0.27689117,0.19133277,0.39988703,0.25703514,0.17762715,0.06593026,-0.64244354,-0.67568463,-0.678475,-0.67763495,-0.67868125,-0.6786984
-1.4047742,-1.3019433,-1.3666654,-1.5188012,-1.6598995,-1.6722678,-1.7286543,-1.956763,-1.7006822,-1.2601916,-1.0094194,-0.8533687,-0.66128665,-0.7136491,-1.1606414,-1.6932092,-1.9953138,-2.1646428,-2.233069,-2.2945328,-2.3489208,-2.4401176,-2.3178306,-1.7526298,-0.8061316,-0.59636813,-0.5998684,-0.7165182,-0.9299214,-1.0703343,-1.3778315,-1.5156101,-1.2168424,-1.1231948,-1.0451514,-0.9798719,-0.89984006,-0.8396921,-0.90636706,-0.91545534,-0.9266242,-0.98841906,-1.0786356,-1.3037869,-1.4061633,-1.4660114,-1.5500689,-1.6587645,-1.7768804,-1.8787695,-1.9358938,-2.0115335,-2.042099,-2.060928,-2.0724733,-2.101204,-2.0612679,-1.9183375,-1.5589864,-1.304322,-1.0593888,-0.9325326,-0.58947206,-0.38252744,-0.42246535,-0.8853457,-1.0889742,-1.2876842,-1.6798468,-2.0023396,-2.13643,-1.7171443,-1.3367391,-1.4158825,-1.42519,-1.5308086,-1.7940366,-2.383329,-2.6875522,-2.6557593,-2.6267092,-2.5888164,-2.5790584,-2.5791068,-2.5245411,-1.888536,-1.654539,-2.0024717,-2.5702167,-2.9344854,-3.3496027,-3.4404364,-3.3995247,-3.4185328,-3.495119,-3.6507018,-3.854664,-3.9780478,-3.9373074,-3.8242934,-3.5849967,-3.3514614,-3.179325,-3.1602707,-3.2890296,-3.1120515,-2.6226192,-2.3340986,-2.2821639,-2.4439945,-2.6537483,-2.2363966,-1.776587,-1.5793185,-1.5209637,-1.5251224,-1.5930138,-1.6864139,-1.702322,-1.6136744,-1.5834506,-1.5666378,-1.5022534,-1.4906714,-1.4916453,-1.5498976,-1.520822,-1.5443053,-1.5431452,-1.5889372,-1.6676347,-1.6518036,-1.600785,-1.6001348,-1.5401609,-1.4842802,-1.3721465,-1.3256787,-1.4249905,-1.475299,-1.4756927,-1.523729,-1.6733307,-1.5158589,-0.6904094,-0.2928657,-0.062264413,-0.038783535,-0.5250187,-1.109287,-1.6577091,-1.9889729,-2.0709782,-2.103754,-2.2639203,-2.7577615,-3.0234566,-3.0474873,-2.9322777,-2.9637039,-3.1954265,-3.496735,-3.35892,-2.5345173,-1.548171,-1.3026174,-1.3088163,-0.901199,-0.44605693,-0.54080063,-0.99019027,-1.4770893,-2.091173,-2.5580277,-2.9460263,-3.1150236,-3.1657238,-3.1898599,-3.1412668,-3.2721028,-3.1837263,-3.2851465,-3.2192974,-3.1798034,-2.758906,-2.241809,-1.9110594,-1.876573,-1.8843389,-1.8459198,-1.67477,-1.6914291,-1.7514647,-1.819087,-1.9662819,-2.074942,-2.2124388,-2.3579729,-2.429732,-2.4820251,-2.4333296,-2.8410053,-3.444336,-3.4812262,-3.436558,-3.4091609,-3.482717,-3.3669186,-3.3497124,-3.3263962,-2.1811006,-2.173464,-2.1721709,-2.1723802,-2.1720252,-2.1720266
-2.3825116,-2.170937,-1.9510944,-1.3068284,-0.9559478,-0.9238591,-0.81533146,-0.7818224,-0.8762237,-1.2202187,-1.4391123,-1.242141,-0.9877145,-0.7235538,-0.26930907,0.12991989,0.054521292,-0.13474685,-0.2431036,-0.33371642,-0.44658467,-0.69611543,-0.94338834,-1.1384776,-0.94587374,-0.71151245,-0.6128493,-0.64142144,-0.3196681,-0.009999573,0.1221976,0.04138705,0.009130523,0.05133666,0.093679935,0.07212583,0.08655928,0.14252883,0.23783842,0.43221253,0.56410116,0.7884364,1.0381912,1.4038961,1.4641237,1.1050075,0.81329834,0.5165018,0.3352702,0.1442048,-0.018927991,-0.18934278,-0.30462474,-0.2855032,-0.1356631,0.11898674,0.45226043,0.38644555,0.08777699,-0.4701677,-0.7556294,-1.0113208,-0.85475934,-0.4843987,-0.111685574,0.054111063,-0.46377197,-0.93570995,-0.88181716,-0.6867546,-0.39976507,-0.46730554,-0.6015571,-0.67290604,-1.1081953,-1.1760939,-0.72360134,-0.5335408,-0.72934234,-0.87146074,-0.8326746,-0.973936,-1.108125,-1.287359,-1.4492371,-0.7160699,-0.27142084,-0.42046016,-1.0155011,-1.8544362,-2.4283633,-2.3450143,-2.1283345,-1.9762329,-1.9757727,-1.9803958,-1.9560966,-1.7959174,-1.6482875,-1.5504735,-1.1492581,-0.55772823,0.059066407,0.32141605,0.3962538,-0.27377036,-0.644214,-0.9302288,-0.71091306,-0.29270262,-0.18313241,-0.35431594,-0.42888793,-0.27525565,-0.053794216,-0.03179649,0.116914906,0.19424376,0.2251151,0.19022481,0.19082735,0.22115016,0.18478158,0.17591925,0.17156753,0.22474307,0.2725331,0.4763127,0.34950054,0.59450465,0.5789411,0.78235084,1.0097195,1.3174173,1.6144941,1.6086886,1.8700821,2.9242375,4.3171587,6.048539,7.256115,8.565939,9.806844,11.191758,12.329943,12.42969,12.472092,12.569138,12.644083,12.661022,12.332306,11.034651,9.464127,7.725853,6.0305324,4.0453744,1.9276178,0.69464546,0.16566937,0.10692389,0.067217276,0.07957873,0.32948822,0.74346614,1.090243,1.3496163,1.1725614,0.78411615,0.5140999,0.31793177,0.16809577,-0.042677253,-0.6692879,-1.1332039,-1.4889793,-1.7155682,-1.8494539,-1.8676796,-1.8228419,-1.9071718,-2.1581388,-2.2090826,-1.6844836,-1.2016732,-0.7714979,-0.7970897,-1.259148,-1.5257374,-1.5444868,-1.5464585,-1.445034,-1.4730874,-1.4344863,-1.3831424,-1.3975062,-1.4852343,-1.571443,-1.6123928,-1.6132762,-1.5366246,-1.240388,-1.4363903,-1.6362442,-1.5095865,-1.6327308,-1.5308146,-1.3565937,-1.2733351,-1.2449813,-1.2304636,-0.06902772,-0.05867639,-0.058172286,-0.05823019,-0.05817169,-0.058188766
-2.1131067,-1.9852221,-2.0386198,-2.3977456,-2.5361443,-2.6512675,-2.7217,-2.7777255,-2.3818574,-1.8856974,-1.6618538,-1.4862776,-1.2811947,-1.3257082,-1.8531173,-2.4941778,-2.6986332,-2.7114272,-2.6841621,-2.6750665,-2.692915,-2.617601,-2.3767934,-2.039727,-2.0404515,-2.2530909,-2.242553,-2.122361,-1.9721388,-1.9981668,-1.9519807,-1.4327496,-0.8301033,-0.6408272,-0.62814164,-0.7495548,-0.95962393,-1.3022366,-1.6012185,-1.7750958,-1.822176,-1.8615029,-1.9795316,-2.3267965,-2.5286798,-2.6491199,-2.7541387,-2.830003,-2.8813853,-2.9165134,-2.9168963,-2.8822556,-2.772437,-2.673211,-2.6261423,-2.607034,-2.305499,-1.7937429,-1.0110176,-0.8061223,-0.94394124,-1.1791587,-1.1554903,-1.0512948,-1.0745511,-1.4037361,-0.99619734,-0.91764593,-1.3318946,-1.7194207,-1.945263,-1.6199304,-1.232557,-1.4493217,-1.8283218,-2.246338,-2.3276465,-2.658547,-2.9212866,-2.9490523,-3.020368,-3.0304413,-3.012597,-2.9964662,-2.9570599,-2.9500542,-2.9602776,-2.9923968,-2.621385,-2.3167129,-2.4111247,-2.4028606,-2.3955917,-2.4072647,-2.4275322,-2.5428529,-2.8397686,-3.0153794,-3.0946407,-3.1640081,-3.2060742,-3.1115675,-2.7465909,-2.5272224,-2.2195802,-1.9319032,-1.7612678,-1.8322061,-2.2737277,-2.6378708,-2.8821456,-2.550997,-2.2354295,-2.263402,-2.468025,-2.5795705,-2.6709375,-2.7352138,-2.777143,-2.7242327,-2.7016432,-2.7143073,-2.6964445,-2.7362123,-2.818963,-2.8542004,-2.826944,-2.878364,-2.930853,-2.9129584,-2.9832287,-2.9613085,-2.8747375,-2.8635755,-2.8261073,-2.7572927,-2.5701046,-2.3734467,-2.2891726,-2.062326,-1.9656141,-1.9903603,-2.1731768,-2.3799253,-2.1742435,-1.9744612,-1.8133743,-1.6386054,-1.8893263,-2.1708527,-2.2103136,-2.055567,-2.0186422,-2.2494273,-2.6704593,-3.3127236,-3.6582398,-3.7112963,-3.5379238,-3.3192272,-3.2021894,-3.1498241,-2.895786,-2.3244274,-2.3905344,-2.7791579,-2.6907248,-2.7624636,-2.5054603,-2.4038365,-2.334899,-2.2300196,-2.1288657,-2.352521,-2.6847773,-2.8264613,-2.8365254,-2.8218012,-2.7736235,-2.7928338,-2.6343298,-2.538399,-2.593595,-2.831143,-2.7590053,-2.4721336,-2.1815395,-2.0992916,-2.0937057,-2.0393772,-1.9470984,-1.9869648,-2.034452,-2.180266,-2.3997335,-2.5131955,-2.6368232,-2.7645082,-2.8360605,-2.8449202,-2.8032193,-2.7677252,-2.8505898,-2.9531274,-2.8925877,-2.8307927,-2.9613142,-2.8777652,-2.873489,-2.877384,-2.948163,-2.9458935,-2.9450157,-2.9452555,-2.9449213,-2.9449122
-3.3928924,-3.306819,-3.2681334,-3.173511,-3.02299,-2.9916449,-2.916304,-2.8551197,-2.8251996,-2.6171632,-2.218861,-1.9797902,-1.798261,-1.7663784,-1.5915929,-1.331034,-1.206596,-1.1155138,-1.0990802,-1.0968375,-1.1340284,-1.1506425,-1.1727426,-0.92278546,-1.3411335,-1.7357041,-2.027645,-2.164863,-1.9343339,-1.8014905,-1.7790363,-1.1358128,-0.48714805,-0.28891754,-0.10437879,0.056147277,0.26450068,0.49150032,0.74724424,1.0369031,1.4277258,1.782844,1.9787827,2.0026357,1.7804266,1.4106791,1.1843466,0.97814065,0.8250141,0.6416208,0.48794103,0.2493759,0.029008985,-0.03668642,-0.09217268,-0.25581107,-0.48814636,-0.74336356,-1.171595,-1.9629359,-2.4452782,-2.9073722,-2.9811592,-2.6976223,-2.312529,-2.3135943,-2.5123115,-2.3608472,-2.3431606,-2.34058,-2.3710744,-2.6689003,-2.7916355,-3.5054033,-4.5385504,-4.932336,-4.5838947,-4.433984,-4.2877784,-4.1047077,-3.916685,-3.7951295,-3.6106765,-3.4015565,-3.366086,-3.2468839,-3.241657,-3.2694976,-2.723968,-2.288304,-2.6272368,-2.740104,-2.8968627,-3.002198,-3.079196,-3.1913009,-3.3295796,-3.4331899,-3.4704962,-3.5306225,-3.587284,-3.547432,-3.482109,-3.6107333,-3.6924305,-3.7624714,-3.7096615,-3.5546284,-3.4326582,-3.2790358,-3.1465077,-3.0909574,-3.1656075,-3.2104485,-3.216266,-3.2028604,-3.2514687,-3.3082037,-3.271364,-3.182445,-3.1427183,-3.084597,-2.9803338,-2.912737,-2.8670735,-2.8159668,-2.753571,-2.6576574,-2.6934311,-2.5695229,-2.5722852,-2.4707131,-2.433485,-2.389935,-2.3684072,-2.3849854,-2.4155202,-2.2597556,-2.065804,-1.8636749,-1.8217423,-1.8860345,-2.0310402,-2.1023731,-1.7355139,-1.710283,-1.7568016,-1.820447,-2.0167475,-1.9505894,-1.4102466,-1.0149155,-1.1215439,-1.623772,-2.0497208,-2.5881553,-3.1134431,-3.584937,-3.8338592,-3.9271073,-3.977884,-3.8217604,-3.6133494,-3.1373997,-2.9801126,-2.9064908,-2.8310459,-2.544735,-2.6101072,-2.871909,-3.2718732,-3.5974832,-3.6254907,-3.7888596,-4.081912,-4.3679075,-4.629289,-4.766874,-4.9084234,-4.957049,-5.1098037,-4.962254,-4.6434183,-4.54343,-4.4201856,-4.1779695,-4.0058923,-3.7621136,-3.5620408,-3.5520756,-3.4147897,-3.4141824,-3.4843502,-3.6002142,-3.7408404,-3.7890363,-3.8136787,-3.9524055,-4.095714,-4.292326,-4.356152,-4.2857504,-3.95644,-3.9257016,-3.9898393,-3.9935539,-3.8908052,-3.9127192,-3.961813,-4.0628896,-4.958143,-4.9861226,-4.9884367,-4.987714,-4.9885926,-4.9886065
-2.0717554,-1.9569352,-1.9661779,-2.2219036,-2.408386,-2.4806209,-2.483912,-2.5606928,-2.4218152,-2.2444139,-2.0445704,-1.8993313,-1.6620204,-1.6355978,-1.8162556,-2.0274715,-2.1442327,-2.1626482,-2.200094,-2.2923512,-2.4031453,-2.350182,-2.1049252,-1.7616531,-2.2331471,-2.7505908,-3.1503766,-3.267579,-3.0905828,-2.958932,-2.8285642,-2.1966345,-1.4015195,-1.2116894,-1.2246227,-1.2706162,-1.3661311,-1.479671,-1.5248402,-1.537864,-1.5795691,-1.6022173,-1.6195464,-1.7357587,-1.8534441,-1.8756717,-1.8578413,-1.8417237,-1.8348312,-1.8555837,-1.8691634,-1.9042866,-1.9624145,-2.0520442,-2.17978,-2.3632035,-2.521835,-2.4135485,-1.8133059,-1.6453435,-1.9165349,-2.2217479,-2.249246,-2.0120797,-1.8509823,-2.0072129,-1.7612066,-2.1598337,-2.5050995,-2.744351,-2.9694366,-3.0513084,-3.0130515,-3.3386278,-3.353517,-3.367962,-3.364621,-3.3252048,-2.8993948,-2.774428,-2.9380727,-2.9342241,-2.8687913,-2.7143793,-2.6439238,-2.6522443,-2.5600054,-2.5602052,-1.629281,-1.5470593,-2.0542922,-2.387818,-2.6005478,-2.7095728,-2.7238321,-2.7176082,-2.7928548,-2.9021974,-2.9965389,-3.027124,-3.0863965,-3.105113,-2.9684694,-3.0221043,-2.8414757,-2.4468472,-2.1578693,-1.7944479,-1.7730802,-1.6071353,-1.2162786,-0.96930724,-1.0105926,-1.2996774,-1.8171407,-2.0247073,-2.1653738,-2.2155714,-2.258146,-2.2474356,-2.2055967,-2.2677965,-2.2616892,-2.276339,-2.303368,-2.2390697,-2.2321513,-2.307632,-2.389674,-2.3990693,-2.4638457,-2.5096457,-2.5079443,-2.5320208,-2.5124507,-2.4603477,-2.3736596,-2.4394546,-2.4758432,-2.0450494,-1.622915,-1.1668459,-0.90444565,-0.9818677,-1.1540112,-1.2481041,-1.3493612,-1.2424141,-1.1514006,-0.98477817,-0.522229,-0.2880489,-0.5514167,-1.2163768,-2.0048518,-2.8571758,-3.4479015,-3.6930537,-3.6307158,-3.389029,-3.1800153,-2.9405713,-2.8127093,-2.6090617,-2.5661855,-2.8557434,-2.8143034,-3.0927954,-3.2437325,-3.1376135,-2.8777575,-2.670238,-2.6739366,-2.8661952,-2.9826517,-2.96719,-2.8847027,-2.8359363,-2.7498941,-2.5708818,-2.342928,-2.1305902,-1.8031715,-1.7457554,-1.6624963,-1.5199484,-1.2677467,-0.9727738,-0.6332171,-0.41719592,-0.36042956,-0.4667236,-0.58521986,-0.709557,-0.84246534,-0.8080543,-0.7898698,-0.8547875,-0.8712896,-0.847605,-0.8523303,-0.5020844,-0.13064396,-0.107948005,-0.032551378,0.09027541,-0.07555345,0.11023295,0.08150044,-0.07582632,-0.03553167,-0.062176734,-0.06404522,-0.06349978,-0.06413069,-0.064133644
0.17434981,0.15038964,0.0504826,0.08934972,0.0806202,-0.20415772,-0.4516945,-0.39658475,0.012934744,0.5907709,1.283085,1.6046901,2.114018,2.2637372,1.8563054,1.0841119,0.6704539,0.62622285,0.6506938,0.5626627,0.4505628,0.42497852,0.50024813,0.9077308,2.1737723,2.1406085,2.061387,1.9622812,1.5417404,1.0624193,0.7393629,0.0070360303,-0.4391758,-0.21265236,0.004193455,0.05153644,-0.022027522,-0.2994146,-0.61735296,-0.8378795,-0.9429138,-1.1123933,-1.317534,-1.717334,-1.8567146,-1.5857596,-1.3908234,-1.2156348,-1.0434065,-0.8015691,-0.4971339,0.023196898,0.8557143,1.5920163,2.0456579,2.548925,4.363245,6.59178,9.077747,10.327792,10.688302,11.051357,11.514251,12.088387,12.13932,11.398345,9.067989,6.339136,4.4485383,3.2290306,3.3179903,5.943781,8.227313,9.8566265,10.303404,8.724641,6.494391,4.861023,3.2016904,2.0932777,1.6911385,1.4273883,1.5075369,1.8603544,1.9056242,1.615425,1.3299295,0.8867645,-0.06510493,-0.5130216,-0.37231898,-0.07196717,0.3699716,0.58140814,0.57386625,0.42834118,0.104016334,0.11676175,0.39196074,0.7560557,1.1956832,1.6933861,2.3207493,2.5672803,2.616517,2.3318002,2.007102,1.6005287,1.3054082,0.9823485,0.6247349,0.5331465,0.424368,0.25623327,0.11020166,0.07405597,0.20281237,0.369716,0.36302185,0.30148268,0.22440371,0.1825872,0.09380666,-0.07679149,-0.22257102,-0.4049495,-0.48111844,-0.56270576,-0.57558286,-0.6401187,-0.59702164,-0.62112427,-0.46309328,-0.3895087,-0.35640168,-0.31238753,-0.17298448,-0.13057828,-0.22844255,-0.45367402,-0.6767832,-0.7319313,-0.6987178,-0.65524876,-0.40335587,-0.18144548,0.075187564,0.24204183,0.13550043,-0.22817367,-0.42064843,-0.2987882,-0.058343828,0.07096118,-0.049544334,-0.48916507,-1.0098584,-1.329753,-1.6954441,-1.9772284,-1.9313443,-1.6284888,-1.0549991,-0.033194736,0.42423475,0.252247,0.102804266,0.16618526,0.22417028,-0.011524636,-0.33645266,-0.45393884,-0.63804436,-0.83404815,-1.3581722,-1.686825,-1.8071113,-1.8925374,-1.9665892,-2.395052,-2.4879742,-2.5849717,-2.78376,-2.763815,-2.1481009,-1.4619925,-1.0660074,-1.0526284,-1.1773967,-1.1174617,-1.0706528,-1.0322263,-0.8987317,-0.89513767,-1.0466322,-1.1883484,-1.3840764,-1.4760408,-1.3601037,-1.0505636,-0.7198713,-0.7024217,-1.1836994,-1.328938,-1.4622455,-1.5177318,-1.3704417,-1.168995,-1.1811485,-1.2439361,-0.18582466,-0.11423245,-0.10831942,-0.10995567,-0.10793577,-0.10790782
4.185669,4.9645367,5.574738,6.9533978,7.661654,7.7364516,8.111456,8.575021,9.451248,10.26622,10.974007,11.152365,11.189318,11.22993,11.597602,11.837915,11.927746,11.924353,11.899458,11.883318,11.7528,11.16099,10.378486,8.45667,4.3104362,2.364744,0.68277526,-0.25655216,-0.7371024,-0.7411947,-0.7424947,-0.40577602,-0.13969699,0.14431877,0.47925866,0.77653575,1.0028051,1.4096313,1.9605236,2.528111,3.3076377,4.257463,5.1303663,6.5726814,7.475622,8.176203,8.515635,8.809525,9.06312,9.274443,9.397085,9.539545,9.749655,9.929962,10.110158,10.285412,10.215736,9.643654,7.8634286,4.9210157,2.9443712,1.1978755,0.51468134,0.32833314,0.49175763,0.6452553,0.6480431,1.1142067,1.3374512,1.5090559,1.5544827,0.9699779,0.026985899,-1.1697433,-2.1274128,-2.1905284,-1.6608067,-1.3246307,-1.8652437,-1.7910326,-1.5598178,-1.32728,-1.113306,-1.3054142,-0.95716923,-0.2203426,0.031591065,0.70103014,0.91206294,1.0700155,1.1454234,1.2735136,1.030626,0.88174474,0.8425544,0.8575988,0.9376706,0.79590964,0.4382126,0.014784537,-0.6059293,-1.1814284,-1.8062899,-2.0913866,-2.3532808,-2.2774196,-2.2543113,-2.2470458,-2.3199492,-2.3749614,-2.2049494,-1.8627212,-1.4683726,-1.0987394,-0.72707117,-0.64718103,-0.7605717,-0.8461442,-0.82553804,-0.7917109,-0.7589605,-0.7138969,-0.63881564,-0.5607661,-0.4990061,-0.44318038,-0.350973,-0.28848934,-0.24733967,-0.21298376,-0.11741706,-0.13036823,-0.2571349,-0.29233193,-0.30677667,-0.29338717,-0.36650375,-0.39439237,-0.38586515,-0.58038145,-0.8195913,-1.0065694,-1.0915256,-1.2445112,-1.1660322,-1.0924885,-0.7648349,-0.1361362,0.6248916,1.2255478,1.3622807,0.6637541,0.06828448,-0.21722709,-0.13301826,0.20536472,0.33252114,0.15619943,-0.13200831,-0.5055668,-0.8169248,-0.7181181,-0.6760757,-1.0673065,-1.6254442,-1.5325848,-1.3835231,-1.4709156,-1.5230534,-1.6486397,-1.7951741,-1.6556256,-1.514645,-1.3481522,-1.1113348,-1.064753,-1.1726838,-1.2815369,-1.4534689,-1.4127989,-1.5974131,-1.5210375,-1.1855767,-0.94381624,-0.7366624,-0.75656927,-0.504164,-0.20032966,-0.04299503,-0.056891643,-0.11556799,-0.12229452,-0.13685092,-0.14940721,-0.1372566,-0.05229431,0.040483978,0.116009384,0.12494917,0.059384633,-0.11068159,-0.022512577,0.9828474,1.053808,1.224484,1.1600435,1.3911083,1.1673924,0.94222564,0.7272042,0.34009337,0.31461892,0.31141186,0.31239358,0.3111733,0.31117496
1.0672909,1.0602162,1.1311601,0.4132294,-0.15544035,0.07108818,-0.07802594,-0.8766849,-1.5236204,-1.8623927,-2.1888742,-2.2521,-1.9627545,-1.9966183,-2.4548936,-2.8701987,-3.0603666,-3.164772,-3.2691977,-3.3495088,-3.2539718,-2.6591332,-1.8426235,-0.61562014,-0.45881772,-0.99753755,-1.5464654,-1.7614777,-1.8021083,-1.6857023,-1.6982048,-1.5581317,-1.3802108,-1.4031473,-1.4150976,-1.3477129,-1.2501963,-1.130128,-1.0403085,-0.9930372,-1.0123937,-0.9926742,-0.91591644,-0.88444483,-0.8819417,-0.9340866,-0.9778291,-1.0952936,-1.2322873,-1.409363,-1.5436443,-1.8426555,-2.2254708,-2.561173,-2.8463018,-3.0337706,-3.032002,-2.5791087,-1.2557904,-0.17988755,0.052424416,-0.28427315,-0.58422697,-0.7296578,-0.92545456,-0.86634743,-0.77787143,-1.4071232,-1.6571167,-1.7969294,-2.056548,-2.3802316,-2.3026905,-1.7142662,-1.5616113,-2.0530844,-2.5193481,-2.4256444,-1.5105402,-1.4755205,-1.8285433,-2.023912,-1.8455472,-1.5111029,-1.6995085,-2.2484689,-2.4072063,-2.7423615,-2.138503,-1.8742996,-2.3326616,-2.6764522,-2.6642506,-2.6162796,-2.5495179,-2.3358123,-2.0384128,-1.7798004,-1.6734376,-1.518825,-1.3586746,-1.1807772,-0.9016231,-0.8630508,-0.7772182,-0.79770005,-0.56227547,-0.4094934,-0.5671799,-0.6206723,-0.58330125,-0.49980044,-0.59422666,-0.75816,-1.0597503,-1.1775508,-1.196554,-1.1670451,-1.1576134,-1.1391711,-1.0795894,-1.1115767,-1.1719941,-1.1593599,-1.2289088,-1.1723208,-1.3181944,-1.4489192,-1.611557,-1.6915329,-1.8178416,-1.9382079,-1.9491885,-2.075787,-2.1830635,-2.2489214,-2.3621802,-2.521474,-2.522904,-2.0334501,-1.449785,-1.0124049,-0.9052051,-1.1643944,-1.5510908,-1.5773404,-1.4645408,-1.3316243,-1.2860342,-1.2775099,-1.0518472,-0.7725767,-0.6960796,-0.884488,-1.2465982,-1.3451186,-1.3802624,-1.373934,-1.4386301,-1.4588082,-1.4131387,-1.5819967,-1.3970561,-1.1124706,-0.73556685,-0.49918967,-0.55274546,-0.7368136,-1.0372095,-1.0497495,-0.9080162,-0.56834286,-0.54504883,-0.8717742,-1.1522899,-1.1862447,-1.2115707,-1.2677647,-1.2097431,-1.2710984,-1.4545208,-1.4191338,-0.9388194,-0.73638594,-0.5020831,-0.35008955,-0.4051299,-0.08263162,0.40422565,0.6788358,0.77949476,0.61708695,0.38932934,0.39212763,0.4763103,0.6273948,0.73961496,0.5824743,0.5156498,0.4174255,0.19937783,-0.023027629,-0.91392016,-1.1819857,-1.141892,-1.0938939,-1.1997967,-1.1228492,-0.99589497,-0.73179007,-0.7576213,-0.7678791,-0.76736224,-0.76753646,-0.767278,-0.767257
-0.15034288,-0.55545706,-0.7710969,-1.0124389,-0.95450455,-1.0381355,-0.88393605,-0.82852745,-0.8506051,-0.8575733,-0.770852,-0.6930984,-0.83596605,-0.7826182,-0.42705625,0.061590284,0.46671367,0.631581,0.7536739,1.0155637,1.2884723,1.3004974,1.0993948,0.8145109,-0.20642182,-0.7227155,-0.43522117,0.041214168,0.31978834,0.46051463,0.4929378,0.074876636,-0.77621293,-1.265712,-1.5020921,-1.7024047,-1.8305317,-1.7379335,-1.5500262,-1.4327704,-1.4459201,-1.5572877,-1.720638,-1.6597884,-1.6036068,-1.4452249,-1.2498782,-1.0264938,-0.8479899,-0.69653183,-0.53691363,-0.3756366,-0.24720505,-0.19717121,-0.15774152,-0.09865418,-0.26805142,-0.45755893,-0.36739427,-0.086120196,-0.031994,-0.112442195,-0.20312037,0.94115955,2.9326258,5.8724174,9.718496,11.144462,11.727908,11.951534,11.91754,11.242978,10.0606785,7.7946806,4.416925,2.989509,2.399203,1.9268019,1.032717,0.9824034,1.1175413,1.0400631,0.79511523,0.16098055,-0.1411717,-0.07090168,-0.114730716,0.8750706,2.1129901,1.8226863,2.237425,2.9013693,3.1906261,3.327919,3.3981252,3.6766515,4.115411,4.389044,4.451531,4.4414783,4.389927,4.1556954,3.6500719,3.3787827,2.542411,1.1483446,-0.05325633,-0.6997783,-0.56551564,-0.012484834,0.4970337,0.38635135,0.103467084,-0.012456141,0.12993339,0.28880668,0.37567818,0.4279933,0.44109768,0.4135298,0.38424173,0.50054723,0.5767163,0.65130496,0.68586093,0.72995865,0.59089595,0.6374468,0.63533974,0.688563,0.8523962,0.88396,0.80804104,0.73859394,0.7134789,0.7510977,0.9389663,1.5152301,2.100704,2.4920764,2.2145252,1.4939432,0.73292637,-0.12611037,-1.1212801,-1.2509309,-1.1977222,-0.9422327,-0.21896835,0.7047379,1.1945004,0.5564965,0.13132636,0.5526461,1.8425431,3.861887,5.930664,7.3626275,8.561162,9.756975,10.705894,11.371367,11.34594,10.515203,8.711599,7.113499,7.49308,4.5415316,1.9326446,1.6386287,1.452324,0.8430396,0.32869995,0.16912758,0.26898754,0.2056453,0.12041804,0.16588923,0.0471085,0.24916142,0.24922195,0.33523893,0.4956839,0.5324748,0.383917,-0.05374369,-0.6969829,-1.1155667,-1.3721008,-1.468504,-1.5181392,-1.4295714,-1.2600396,-1.1717848,-1.1245592,-1.1874144,-1.2011509,-1.113018,-1.0768535,-1.1221609,-1.1993005,-1.4117377,-1.5367162,-1.4122034,-1.2237132,-1.1794378,-1.5300441,-1.6644851,-1.6222209,-1.5525391,-2.0449085,-2.0833366,-2.0862122,-2.085547,-2.0864065,-2.0864456
-0.7036144,-0.76705325,-0.8480867,-0.935115,-0.9074677,-0.74946415,-0.5020804,-0.51965594,-0.19674233,0.1553884,0.5087011,0.6529497,0.7421253,0.9757496,1.2563535,1.6162565,1.750855,1.6956437,1.6842902,1.6902539,1.704268,1.2565607,0.8198949,0.72897214,1.4529976,1.7952827,1.8621972,1.5012194,1.2910476,1.3969797,1.2461009,0.6357658,0.25091338,0.28042215,0.4704694,0.7140599,1.093302,1.5796374,1.8311164,1.8307066,1.7041249,1.6017225,1.5495315,1.517928,1.4037659,1.1470351,1.075832,1.0563538,1.0665165,1.0229869,1.0109766,0.9535514,0.93909883,0.9886196,1.1896774,1.4097784,1.4481832,1.2952776,1.1873155,1.8260953,2.5348148,3.1963515,3.5954728,3.469392,2.9944563,1.9772127,1.1094602,1.837516,2.0954826,2.2091918,2.1247742,1.4333162,0.7183041,0.5231739,0.63024706,-0.23902701,-0.3090526,-0.12580846,-0.26077598,-0.024872333,0.31193045,0.63680685,1.1583965,1.3784759,1.579948,2.189643,2.3270395,2.0749407,0.92975986,0.22355369,0.370855,0.6012475,0.49905133,0.43036336,0.38587892,0.48633653,0.7912979,0.8159462,0.5703393,0.23239547,-0.29853058,-0.6210129,-0.7006149,-0.6340641,-0.43684566,-0.04272178,0.7131732,1.170254,1.2921237,0.9948068,-0.046298996,-0.4689976,-0.20889121,0.41436768,1.312321,1.6701539,2.046595,2.2921624,2.4184294,2.511078,2.6140022,2.617869,2.781258,2.8406503,2.843508,2.7613757,2.7467296,2.7446873,2.7164412,2.9871461,3.1371286,3.26761,3.4047818,3.446705,3.3872535,3.3984544,3.4032078,3.3719416,3.161214,2.807962,2.5005677,2.1150591,2.1230667,2.5924206,3.1111479,3.1561847,2.9510264,2.8343194,2.6678877,2.2974343,1.576319,0.8460409,0.59749043,0.68146324,0.6124394,0.27358127,0.014898635,-0.1263639,-0.07083914,0.45259213,1.4043999,2.3376007,2.593288,1.9774331,1.2899308,1.3401946,1.3129716,2.0162,2.123535,1.77706,1.2719942,1.1160386,0.87072784,1.0848649,1.3519087,1.3137972,1.1550531,1.0369548,0.93456125,0.8404812,0.37286335,-0.08346599,-0.53074634,-0.5724305,-0.27782235,0.5874652,1.0493188,1.4028599,1.6079056,1.6446688,1.8055513,1.7456417,1.5799811,1.4157057,1.1511793,1.0145681,0.9163689,0.6463121,0.5325814,0.22493345,0.09784092,-0.6614552,-1.8051455,-1.9294037,-1.7999475,-1.7770243,-1.9401653,-1.9539405,-1.9621596,-1.8734866,-1.821215,-1.8282992,-1.8291836,-1.8290321,-1.8292655,-1.8292722
-5.0827675,-4.897092,-4.8133435,-4.785376,-4.747917,-4.7552137,-4.750741,-4.7324286,-4.5837007,-4.2917175,-3.837971,-3.5363655,-3.2280736,-3.2188282,-3.3677754,-3.6871662,-3.8338068,-3.8691473,-3.9034338,-3.939615,-3.9825027,-3.8377585,-3.5675979,-3.2712286,-3.6695747,-3.942754,-4.100029,-4.0301213,-3.623681,-3.4217668,-3.2448292,-2.3107524,-1.2961532,-1.0280323,-0.93294495,-0.8823027,-0.87917703,-0.96344256,-1.0505115,-1.0802889,-1.0646714,-1.1049128,-1.25128,-1.6551332,-1.9542038,-2.1928005,-2.319568,-2.4110632,-2.4976387,-2.6047816,-2.7183304,-2.9029934,-3.147181,-3.3393779,-3.5188127,-3.7237988,-3.8607945,-3.8629708,-3.826776,-4.1996217,-4.550672,-4.846134,-4.7372317,-4.242785,-3.7724898,-3.6239486,-3.4534836,-4.0858536,-4.455641,-4.685974,-4.7455707,-4.482225,-4.065222,-4.5115504,-5.174254,-5.138909,-5.1544204,-5.403035,-5.480487,-5.41899,-5.407111,-5.344428,-5.2087417,-4.9749885,-4.8603916,-4.4700828,-4.2150664,-4.259511,-3.716268,-3.2397184,-3.57401,-3.8596947,-4.009665,-4.1218753,-4.2010026,-4.392208,-4.759217,-4.992336,-5.0624056,-5.070804,-4.9854054,-4.8943267,-4.864983,-4.969396,-5.010856,-4.8385916,-4.5757046,-4.1873636,-3.902845,-3.4373765,-2.525282,-2.096113,-2.2856421,-2.7746,-3.413576,-3.666574,-3.9210148,-4.064843,-4.1176143,-4.108414,-4.1018376,-4.1174755,-4.109519,-4.1338806,-4.1568327,-4.1230626,-4.059986,-4.0185246,-4.0751047,-4.0532913,-4.180486,-4.145956,-4.1370883,-4.1264653,-4.1043806,-4.109729,-4.179446,-4.2953687,-4.320268,-4.1051583,-3.7157538,-3.288445,-3.1748533,-3.2136912,-2.979011,-2.935946,-2.961723,-3.033956,-3.3209958,-3.470364,-3.2476592,-2.885675,-2.8300776,-3.2612677,-3.9406629,-4.754033,-5.28899,-5.5468216,-5.521504,-5.4945736,-5.6843014,-5.8355722,-5.726672,-4.885731,-4.3719273,-4.4647303,-4.4767237,-4.341938,-4.3078976,-4.247172,-4.2179785,-4.3089933,-4.3364415,-4.678208,-5.0973797,-5.2412486,-5.250781,-5.1977572,-5.1085687,-5.08879,-4.924329,-4.6383867,-4.253951,-4.3095884,-4.361062,-4.3878064,-4.271749,-4.0517497,-3.7925715,-3.6942184,-3.5449486,-3.5619948,-3.6383271,-3.7262285,-3.823165,-3.8703213,-3.88931,-3.9938807,-4.085525,-4.230282,-4.3861046,-4.202772,-3.912715,-3.9285798,-3.9492378,-3.907978,-3.895978,-3.8818104,-3.8838277,-3.9022217,-3.7108235,-3.7101855,-3.7095146,-3.7095656,-3.7094302,-3.7094202
