0,1,2,3,4,5,6,7,8,9,10,11,12,13,14,15,16,17,18,19,20,21,22,23,24,25,26,27,28,29,30,31,32,33,34,35,36,37,38,39,40,41,42,43,44,45,46,47,48,49,50,51,52,53,54,55,56,57,58,59,60,61,62,63,64,65,66,67,68,69,70,71,72,73,74,75,76,77,78,79,80,81,82,83,84,85,86,87,88,89,90,91,92,93,94,95,96,97,98,99,100,101,102,103,104,105,106,107,108,109,110,111,112,113,114,115,116,117,118,119,120,121,122,123,124,125,126,127,128,129,130,131,132,133,134,135,136,137,138,139,140,141,142,143,144,145,146,147,148,149,150,151,152,153,154,155,156,157,158,159,160,161,162,163,164,165,166,167,168,169,170,171,172,173,174,175,176,177,178,179,180,181,182,183,184,185,186,187,188,189,190,191,192,193,194,195,196,197,198,199,200,201,202,203,204,205
11.767441,11.721213,11.648273,11.51144,11.117868,11.3678055,11.173908,10.917648,10.476547,9.553898,8.043511,6.374194,5.05674,4.596426,4.4683642,4.218351,3.9874713,3.4030223,2.7633595,2.3593903,1.9739769,1.6944482,1.9856001,2.1130698,2.079036,1.7924455,1.6593664,1.337157,1.0015563,0.87288165,0.78077954,0.29599655,-0.85529566,-0.8537637,0.17035782,0.7477282,1.4773396,2.0252898,2.4831896,1.9966606,1.9192756,1.3964217,1.2591705,1.6828189,2.3217492,2.9591496,3.3590603,3.8887753,4.487666,5.1358705,5.8515086,5.270663,4.9041624,4.89688,4.8656898,4.4293246,3.3379807,2.5441232,1.3382972,0.2587513,-0.04059881,-0.066847466,-0.27438772,-0.48885792,-0.6257937,-0.6003106,-0.5157863,-0.40102375,-0.18276174,0.054011673,0.4252111,0.898844,1.6548295,2.3842647,2.7899718,3.0306928,3.0055628,2.6406565,2.207657,1.945343,2.2881656,3.1991274,3.8660169,4.38711,4.741836,4.911268,5.313168,5.981887,5.8705,4.7685156,4.8348417,4.2666826,3.8651404,3.399736,2.7840714,1.8810174,1.3272529,1.1996127,1.5572511,1.4619893,0.9508494,0.36805925,-0.0648056,-0.15282616,-0.13133273,0.03562069,-0.25580707,-1.0131173,-0.9710399,0.35675266,1.2391073,1.590726,2.1990438,2.7341018,2.657219,2.498839,2.0027616,1.6232785,1.4911345,1.5227079,1.8611231,2.6063015,3.114841,3.2945566,3.470299,3.8945537,4.638404,4.268213,1.7218103,0.6638901,0.79567724,0.9015339,1.3257201,1.8575675,2.2875876,2.3465915,2.4325094,1.9150957,1.2206361,1.1044251,0.9328611,0.88368595,0.88398665,0.77547896,0.7522758,0.72053707,0.652611,0.6071502,0.5624156,0.51224077,0.58250177,0.70440626,0.69158703,0.8693881,1.037132,1.1568599,1.4724902,2.1961403,2.9903011,4.121635,5.5888834,6.7194185,7.513281,8.171145,8.716936,9.022676,9.171788,9.354478,9.493268,9.646058,10.077335,10.4166765,11.00954,11.097934,11.245338,11.293988,11.392966,11.127937,11.402332,11.701796,11.958453,12.093548,12.093663,12.175929,12.168405,12.312545,12.580959,12.677595,12.736259,12.175907,12.17598,12.995217,13.033752,13.130607,12.176283,13.165824,13.275436,13.2752,13.270937,13.292664,13.252062,12.230637,12.176596,12.9165535,12.177645,12.176004
-2.3926208,-2.5019069,-2.563446,-2.4564383,-2.5046692,-2.371869,-2.31192,-2.4537735,-2.7151182,-3.1946163,-3.60998,-3.5616522,-3.41587,-3.4272687,-3.3195858,-3.2125409,-3.0479612,-2.795899,-2.6407588,-2.8219094,-2.8741503,-2.3719854,-2.155786,-2.051904,-2.049541,-2.08362,-2.0033338,-2.0781126,-2.18507,-1.8781695,-1.1089945,-0.45943147,0.3153596,0.47922948,0.6963692,0.5124905,-0.46928033,-1.5607145,-2.3307168,-2.31758,-2.2203603,-1.8356395,-1.94751,-1.8276197,-1.1439185,-0.82935685,-0.8112181,-1.0288893,-1.8229964,-2.5186758,-2.894598,-3.3665748,-3.4380865,-3.402801,-3.404868,-3.2419574,-2.9193559,-2.8035243,-2.6886864,-2.6212988,-2.4317088,-1.9943138,-1.7476506,-1.5896729,-1.5118006,-1.4953535,-1.4841398,-1.4974588,-1.4755633,-1.498633,-1.5244334,-1.5557965,-1.685226,-1.8200407,-1.7827796,-1.6695106,-1.6021335,-1.6479722,-1.7991698,-2.2398806,-2.5757766,-2.8599327,-2.9930265,-2.9834619,-3.080433,-3.3153877,-3.9203386,-4.316997,-4.2143784,-3.609467,-3.4373734,-3.2415442,-3.0373023,-2.7498808,-2.6694164,-2.6621208,-2.297719,-1.9969864,-1.9401994,-1.9522411,-1.8354545,-1.6444392,-1.575897,-1.7375501,-1.7528894,-1.3112218,-0.28273252,-0.2548236,-0.4468469,0.29474604,0.034552217,-0.869059,-1.7335626,-2.400186,-2.5417292,-2.4525342,-2.041131,-1.6989667,-1.9295361,-1.9396708,-1.2338804,-0.4760354,-0.102244675,-0.3371176,-0.8278724,-1.023054,-1.0357614,-0.97573423,-0.8769834,-0.78914094,-0.826593,-1.0745301,-1.429399,-1.653938,-1.9037224,-2.1037621,-2.3308346,-2.4790251,-2.4911213,-2.4610395,-2.2863338,-1.9569271,-1.7137499,-1.4549994,-1.2628477,-1.1394866,-1.0694048,-0.9464327,-0.8661126,-0.7613188,-0.6256573,-0.48023337,-0.39360428,-0.34180355,-0.32136166,-0.29636955,-0.34139508,-0.48494065,-0.6012547,-0.75855124,-0.8698715,-0.94839144,-0.9686276,-1.2113955,-1.5000004,-1.63255,-1.749351,-1.7888134,-1.8367345,-1.8609983,-2.0144932,-2.1242254,-2.3218274,-2.2338324,-2.3328657,-2.3079772,-2.3215227,-2.1866074,-2.2749512,-2.3597217,-2.3765419,-2.3936744,-2.3891757,-1.8619568,-2.3740017,-2.3562758,-2.355959,-2.3733444,-2.3799713,-1.8619308,-1.8619822,-2.3237906,-2.3103101,-2.2983217,-1.8621151,-2.3368888,-2.2459922,-2.2157059,-2.2245197,-2.2461348,-2.3148699,-1.8889462,-1.8623018,-2.2654262,-1.8628399,-1.8619264
-1.3987613,-1.4262364,-1.5455184,-1.7806451,-2.0122533,-2.005215,-2.0037394,-1.9076355,-1.8657783,-1.6881616,-1.3416604,-1.3879226,-1.8435385,-1.993261,-2.0359926,-2.0660098,-2.1481614,-2.5460975,-2.699027,-2.284784,-1.9504433,-2.105446,-2.117472,-1.8691136,-1.5420772,-1.0373422,-0.5456245,-0.45246196,-0.6218885,-0.8886033,-1.367526,-1.6677113,-1.8164152,-2.170839,-2.6014373,-2.737509,-2.6249032,-3.0434184,-2.9478714,-3.016141,-3.1236124,-3.3331857,-3.3352292,-2.995069,-2.713219,-2.4197996,-2.2514791,-2.088525,-2.0143921,-2.2408974,-2.575165,-2.3439345,-2.3356123,-2.3995378,-2.418165,-2.441293,-2.5643585,-2.8249633,-2.5443523,-2.315332,-2.7623668,-3.1909552,-3.243311,-3.2168193,-3.208086,-3.1984396,-3.1712584,-3.1272116,-2.9789314,-2.7705812,-2.5281496,-2.1417878,-1.5706762,-1.0934087,-1.0433681,-1.2096326,-1.4646561,-1.6054372,-1.6172614,-1.4723594,-1.4953941,-1.858577,-2.041104,-2.1667602,-2.176189,-2.000024,-2.2721565,-2.6761246,-2.6340885,-2.3583815,-2.2935722,-2.329443,-2.3254416,-2.4611654,-2.1599002,-1.6761386,-1.6780994,-1.8032786,-1.7109923,-1.1361908,-0.6146849,-0.24975003,-0.2937277,-0.44536734,-0.767835,-1.3233205,-1.7746654,-1.7884582,-1.9653888,-2.2717562,-2.4847267,-2.4582472,-2.8538249,-2.599138,-2.619939,-2.6702054,-2.9796736,-3.3010461,-3.2622046,-3.008307,-2.6259506,-2.0843933,-1.4910507,-1.0648302,-0.6191255,-0.22810906,0.45701042,1.2041047,0.49546596,-0.19592105,-0.40706196,-0.66779274,-1.0411094,-1.3531945,-1.5875077,-1.8184571,-2.2871935,-2.8569667,-2.683592,-2.5192955,-2.623815,-2.738821,-2.7758613,-2.7408679,-2.6683486,-2.6166131,-2.5710177,-2.501035,-2.463727,-2.4473324,-2.4622762,-2.4421299,-2.398069,-2.3626735,-2.3490195,-2.2933288,-2.2336102,-2.166365,-2.0559936,-1.9230679,-1.8872571,-1.8818505,-1.9642575,-2.1653786,-2.312909,-2.3556128,-2.3198857,-2.3157144,-2.267489,-2.2424204,-2.2482505,-2.290673,-2.3385086,-2.3387032,-2.2276154,-2.2165961,-2.141973,-2.1974216,-2.0962162,-2.0723307,-1.9480925,-1.8733208,-1.8699462,-1.711581,-1.8473413,-1.7939796,-1.6397841,-1.5733993,-1.55988,-1.7115414,-1.7115597,-1.3829405,-1.3622744,-1.3592974,-1.7115567,-1.319951,-1.2926362,-1.3498099,-1.3569604,-1.2831953,-1.345961,-1.7148612,-1.7116513,-1.5904648,-1.7118363,-1.7116487
-0.8701903,-0.9556732,-1.131106,-1.040125,-0.7813588,-0.64583814,-0.5444959,-0.6836185,-0.8187654,-0.9186722,-0.9373919,-0.78769124,-0.69345206,-0.71628743,-0.6930471,-0.6722499,-0.7184447,-0.62467396,-0.2240411,-0.019077182,0.0008543609,-0.0714606,-0.09149991,-0.07180003,-0.06708196,0.14254908,0.4002069,0.6260847,0.29319224,-0.2246863,-0.6790502,-0.5454197,0.34166628,0.9304339,0.9960628,1.0865792,0.49774802,-0.41554928,-1.0031914,-1.0904235,-1.0194178,-0.73540556,-0.69005704,-0.9345802,-1.215849,-1.136907,-0.9033325,-0.5741643,-0.1809174,-0.16703768,-0.44999903,-0.795617,-0.8091493,-0.81404954,-0.881649,-0.89723694,-0.6183163,-0.50054884,-0.5702709,-0.9997809,-1.044156,-1.1469762,-1.243294,-1.2597674,-1.2400181,-1.2567838,-1.2780489,-1.3333797,-1.4037657,-1.3564246,-1.3189234,-1.1774311,-1.0755839,-1.0332346,-1.0866857,-1.3244474,-1.5464393,-1.6441048,-1.6854446,-1.7630056,-1.8616748,-1.9365268,-1.9276218,-1.7219427,-1.4388243,-1.2974443,-0.93444866,-0.71968347,-0.70250267,-0.83972716,-0.9317091,-0.96351135,-0.92887723,-0.7802448,-0.2985546,-0.085458055,-0.14726642,-0.13224709,-0.050423853,0.11626531,0.3538443,0.7815095,1.0169326,0.8103102,0.16456959,-0.17739564,0.12976888,0.5809722,0.45588562,0.60957104,0.6070003,0.026409268,-0.63630986,-1.1029862,-1.2889636,-1.350153,-1.0847311,-0.81163603,-0.96455777,-1.1338772,-0.9686252,-0.7309922,-0.4822405,-0.24101445,-0.24407178,-0.13659012,-0.3054659,-0.7204373,-1.0983195,-1.2229075,-1.1995668,-1.1655843,-1.1512138,-1.1181202,-0.8063182,-0.43028975,-0.13866422,-0.13446054,-0.29648942,-0.38447803,-0.6205258,-0.7908,-0.85274446,-0.7814987,-0.7413885,-0.6681287,-0.60711324,-0.48450074,-0.39634353,-0.29976976,-0.12199059,0.16001081,0.27918804,0.39028317,0.47682497,0.45869717,0.46372724,0.33754578,0.06932911,-0.21108954,-0.50234526,-0.80424434,-0.9913543,-1.1567943,-1.3217009,-1.3808951,-1.4294658,-1.366466,-1.3732297,-1.385977,-1.4919251,-1.5407149,-1.4919839,-1.415812,-1.4281524,-1.403097,-1.4450849,-1.3940831,-1.4602225,-1.3811983,-1.3787931,-1.3376184,-1.3937225,-0.12800968,-1.325772,-1.3457888,-1.3041253,-1.2957447,-1.271724,-0.12793206,-0.12805705,-1.2169273,-1.1537008,-1.0886189,-0.12841056,-1.1643629,-1.1058767,-1.0815738,-1.0463088,-1.094022,-1.1553183,-0.20389467,-0.12870067,-1.187147,-0.13007338,-0.1278853
-0.18040684,-0.12815684,-0.37803975,-0.84732735,-1.2018783,-1.1058155,-1.0931202,-1.0364895,-0.89536667,-0.7961648,-0.90546405,-0.7883662,-0.1651857,-0.027692541,0.100476354,0.1990773,0.2485486,0.33999515,-0.19310154,-1.1300511,-1.7980161,-2.1941268,-2.1234567,-1.6785364,-1.3748355,-1.1263447,-1.1574175,-0.8402359,-0.07548009,0.67859447,1.3159814,1.4301602,1.0020299,0.28640813,0.13353261,0.008856416,0.42069426,0.7957177,0.17306735,-0.05430527,-0.2266918,-0.7379466,-0.65303034,-0.8592213,-0.9662099,-0.85400355,-0.9440358,-1.4907897,-1.8670783,-1.8985155,-1.6134226,-0.964563,-0.61672556,-0.46602374,-0.45056325,-0.6831833,-0.9803846,-1.1094158,-1.3783896,-1.3862505,-0.9128008,-0.25546396,0.11496365,0.28625184,0.36138487,0.3746344,0.32059497,0.24293187,0.15371546,0.121685624,-0.017591584,-0.3410427,-0.7629098,-1.120649,-1.2935264,-1.2338125,-1.0478228,-0.95552313,-0.8499199,-0.57538927,-0.44490123,-0.22949426,-0.29946128,-0.6003482,-1.1869615,-2.0010924,-2.7202668,-2.485403,-1.9224296,-0.3947028,-0.010566756,0.10893686,0.098492384,-0.09384009,-1.2920215,-1.9497163,-1.9484034,-1.7484869,-1.5293121,-1.2550313,-1.1409061,-1.3713447,-0.85984063,-0.017680466,0.9652996,1.6615727,1.6912972,0.7613503,-0.10051536,-0.5671648,-0.42840615,0.16456449,0.3902621,0.039013535,-0.06658228,-0.31845373,-0.6442528,-1.0554899,-1.0457448,-0.9964334,-0.88741153,-0.52114815,-0.37136537,-0.5783531,-0.6291771,-0.8137398,-0.9742418,-1.0080216,-0.7193384,-0.4264755,-0.21208103,-0.109044686,0.009859994,0.084571466,-0.23293781,-0.5954531,-0.8921821,-1.2538437,-1.1807355,-1.0846553,-0.7455856,-0.3671137,-0.18921058,-0.13415639,-0.16163646,-0.21068482,-0.25527653,-0.29958916,-0.3186221,-0.3291667,-0.43437454,-0.5642408,-0.71067584,-0.87775165,-0.95042473,-0.98236895,-0.98399925,-0.95656395,-0.94935274,-0.9283042,-0.81225705,-0.57869935,-0.14456907,0.25439095,0.56987214,0.70002943,0.8712538,0.8435905,0.8284251,0.7622774,0.7907755,0.74359894,0.6032518,0.4812213,0.33145037,0.21764427,0.14246312,0.12243956,0.1317361,0.02704376,-0.08730751,-0.14629906,-0.20163867,0.46648595,-0.2905048,-0.23562151,-0.4285112,-0.42017496,-0.40617257,0.466492,0.46648386,-0.56299603,-0.5535681,-0.6206407,0.46646947,-0.60872704,-0.6746904,-0.6490716,-0.62436295,-0.6149211,-0.6281543,0.45755574,0.46645132,-0.3034199,0.46624994,0.4665243
-2.3246307,-2.5512154,-2.8506942,-2.8862462,-2.7724037,-2.728035,-2.712201,-2.8521903,-2.9407551,-3.200262,-3.4257185,-3.5368838,-3.4444218,-3.3454342,-3.3418465,-3.2367873,-3.2951045,-3.1826482,-2.4948378,-1.6126469,-0.39241275,1.0122789,1.4829708,1.5779812,1.5488538,1.268472,0.9550586,0.53500473,-0.14868304,-0.72492933,-0.962468,-0.85648537,-0.22434118,0.5826318,0.22812146,-0.2135591,-1.0439042,-1.5163603,-1.6931897,-1.6243804,-1.6128533,-1.196065,-0.8904524,-1.1683152,-1.2755804,-1.4431012,-1.7301621,-1.9440415,-1.994535,-2.188163,-2.7739234,-2.9282227,-2.812985,-2.7988153,-2.7935297,-2.3740492,-1.3583851,-0.5380501,0.022349566,0.045092702,0.1594786,0.18699768,0.1383642,0.0791426,-0.037359983,-0.15471244,-0.22531232,-0.23609084,-0.07764754,0.16813001,0.30389208,0.23723552,-0.055089712,-0.21371666,0.016565263,0.6079656,2.2442207,3.4664729,4.8252993,7.0739822,8.431813,8.864567,8.901462,8.677201,8.106637,7.5245533,6.1119843,3.4267826,0.651542,-2.5710526,-3.021756,-3.0384097,-3.001039,-2.8643932,-1.7396772,-0.23682073,0.8697386,1.270209,1.2109782,1.1348985,1.0802557,1.2378812,1.0446138,0.60050666,-0.0033165663,-0.41627002,-0.46778098,-0.11539322,0.47307488,0.12863079,-0.58492815,-1.2033832,-1.7313201,-2.1293952,-2.2304251,-2.2171965,-1.7829707,-1.1073753,-1.0835536,-1.2453941,-1.3443102,-1.580571,-1.6579419,-1.3975859,-1.0688474,-0.6906688,-1.132101,0.44901177,5.4240274,8.386666,9.369692,10.142497,10.566034,10.719305,10.992356,11.248266,11.296664,10.408524,8.987272,7.2911615,4.6795454,2.3462956,1.2144667,0.55916137,0.061570525,-0.10815486,-0.20638937,-0.22526991,-0.14897239,-0.124387026,-0.03945732,0.1422174,0.24529997,0.36718988,0.42479262,0.25257644,-0.10875839,-0.4788453,-0.7419063,-0.80637425,-0.8372602,-0.9456154,-0.9038836,-0.8616909,-0.8092537,-0.70245445,-0.7349271,-0.67355597,-0.6943271,-0.74071,-0.6968599,-0.8193258,-1.0491221,-1.1445018,-1.0133637,-0.92556286,-0.7033884,-0.8793301,-0.9548484,-0.8831391,-0.97778714,-1.0188487,-0.95026743,-1.5818882,-0.95768213,-1.2826552,-1.4662229,-1.526654,-1.5853084,-1.5819374,-1.5819517,-1.7618845,-1.8021176,-1.9670413,-1.5821805,-1.9709442,-2.0132222,-2.108427,-2.1019287,-2.0569272,-2.0514235,-1.6118065,-1.5821942,-1.9363277,-1.5827518,-1.5818368
-2.0504954,-2.107159,-2.1458614,-2.2007763,-2.3178823,-2.451354,-2.418617,-2.3375123,-2.1454566,-1.8519869,-1.6250674,-1.6398774,-1.6290144,-1.6192269,-1.5945971,-1.5293324,-1.2888339,-0.8354911,-0.4701029,-0.045841977,0.266784,0.70074546,0.77707607,0.5181966,0.27940094,0.0012801886,-0.065585375,-0.082634255,-0.32331035,-0.45615107,-0.50692225,-0.69362736,-0.7524841,-0.064824834,0.30757102,-0.24436888,-0.69693166,-0.7072232,-0.9687423,-1.0993086,-1.0250307,-0.66025984,-0.34508902,-0.12799361,0.21879752,0.18359995,-0.26495698,-0.61961544,-0.7210487,-0.32140055,-0.24189901,-0.5540356,-0.74425906,-0.77280724,-0.8310576,-0.11548231,2.011559,4.9027123,8.720967,10.807411,11.278702,11.392302,11.394218,11.44233,11.467459,11.44116,11.383044,11.301381,11.179321,11.131971,11.033841,10.809133,10.288631,9.63054,9.052689,8.540573,7.7047844,7.160756,6.7346177,5.7105255,4.492162,2.8910313,1.6114448,0.23367019,-0.82084215,-1.3680754,-1.6682713,-1.4871101,-1.6606927,-1.7746043,-1.7753134,-1.5048221,-1.2443941,-0.7126441,-0.08421821,-0.1044299,0.03064479,0.18154313,0.1618699,0.058023706,0.18274382,0.5809742,0.84923023,0.6867739,0.2884838,-0.23736748,-0.86710757,-0.91883504,-0.24364613,0.21443203,-0.40447038,-0.77973104,-0.8105131,-1.36918,-1.3152843,-1.2839332,-0.89488834,-0.13180609,0.270755,0.25564843,0.47095582,0.4348117,0.16532493,0.34181678,0.23314582,0.07712898,-0.3224341,-0.9568447,-0.5371325,-0.38193336,-0.7732313,-1.047651,-0.7730572,-0.32382956,0.28362256,0.72798777,1.1331121,1.776793,1.5902312,0.75626296,-0.17583054,-0.7848956,-1.0459262,-1.2564672,-1.4649351,-1.5512533,-1.6083281,-1.6832268,-1.7129045,-1.6703718,-1.7021587,-1.8154562,-1.8473542,-1.8632646,-1.9380578,-2.0875697,-2.3585215,-2.5586777,-2.6529155,-2.711595,-2.6905193,-2.5895278,-2.5020452,-2.4687917,-2.4579313,-2.45096,-2.4855118,-2.5078864,-2.5282185,-2.4886851,-2.4486964,-2.3320708,-2.2755866,-2.2858057,-2.202631,-2.0759878,-2.0412297,-2.058342,-2.056045,-2.0073671,-1.9631927,-1.9645658,-1.9386797,-1.9861822,-1.9424238,-2.018983,-2.0432785,-2.0680034,-2.1049085,-1.9861367,-1.9861835,-2.1539268,-2.177988,-2.2510962,-1.9863381,-2.2281656,-2.2368953,-2.2435322,-2.2759113,-2.224155,-2.1817288,-2.0026236,-1.9865587,-2.1329968,-1.9867876,-1.9864355
-0.16682996,-0.34051272,-0.4516742,-0.35805652,-0.3443409,-0.1318158,-0.0017521717,-0.025805607,-0.22001424,-0.4543386,-0.84157026,-1.0044862,-1.0557181,-1.0211349,-0.8516204,-0.7511085,-0.52271974,-0.117566854,-0.11703931,-0.22154842,-0.3214307,-0.107033245,-0.24195711,-0.7351652,-1.0431433,-1.3483582,-1.4905754,-1.2668111,-0.9215585,-0.5306064,0.37669465,2.1628623,6.831276,10.734445,11.966665,11.816809,10.1563835,7.0246096,4.617963,3.9459217,3.7146883,3.605224,2.5776575,1.5285938,1.0749177,1.0961205,1.1898134,1.2332865,0.9517369,0.039697215,-0.3532057,-0.55080724,-0.66854525,-0.61015,-0.62470245,-0.23258372,0.56531864,1.0285484,0.9110452,0.671502,0.7781483,0.73128384,0.6135713,0.55961055,0.58514786,0.60556436,0.64117897,0.596352,0.36440188,0.06077736,-0.39484107,-1.0658025,-1.9044063,-2.434489,-2.4891322,-2.4241798,-2.3268118,-2.185537,-2.0544739,-2.0416589,-1.9510133,-1.3227808,-0.8608525,-0.14686185,0.4923211,0.2527876,-0.36490098,-0.666733,-0.39217496,-0.5066165,-0.6445531,-0.5500581,-0.3748768,-0.17197247,-0.2846433,-0.2463202,-0.05460535,0.009949312,-0.3455944,-0.81059355,-0.9953537,-0.8503178,-0.55940485,-0.2527027,0.2833082,1.5059773,5.312796,8.73057,10.724852,12.108038,11.806406,9.796978,6.553713,4.1984963,3.3246675,3.369938,3.741687,3.161898,2.142897,1.4364307,1.5190632,1.9202541,1.9647104,1.6293044,0.9342621,0.3147885,0.17668073,0.28717542,0.55982965,0.6928297,0.7994858,0.79388034,0.6695486,0.49705535,0.42973673,0.40719458,0.4059759,0.24062379,0.1806041,0.39682654,0.818893,1.0983258,1.2023345,1.3377931,1.3872757,1.4532685,1.4729106,1.5852312,1.7383143,1.8789015,2.0920434,2.3020148,2.3305879,2.3591447,2.4372964,2.4837472,2.483498,2.274395,1.9057662,1.4816236,0.92783046,0.29791647,0.10125064,-0.14612009,-0.4067036,-0.5447552,-0.68043464,-0.6091934,-0.68993795,-0.7994355,-0.99257994,-1.1969221,-1.4144244,-1.488664,-1.5146315,-1.5119715,-1.4853337,-1.3892562,-1.5008918,-1.4945829,-1.5735135,-1.5857557,-1.6250033,-0.8199408,-1.5861245,-1.5821661,-1.5617477,-1.572409,-1.5657626,-0.81981725,-0.819958,-1.4395957,-1.3922126,-1.3225951,-0.8203425,-1.3681366,-1.2580252,-1.2215278,-1.20174,-1.2159371,-1.3142198,-0.8684273,-0.82082325,-1.3885105,-0.8216646,-0.8202461
-0.57702535,-0.71269083,-0.64992774,-0.43216336,-0.15774181,-0.23056674,-0.15742964,-0.19323093,-0.47438237,-0.6599728,-1.0446188,-1.0852475,-1.0775838,-0.8969492,-0.7897074,-0.5738524,-0.19062889,0.18440059,0.42656976,0.46345615,0.12496859,0.030888692,-0.1520001,-0.4821254,-0.9276514,-1.3873186,-1.5473979,-1.4833463,-1.069219,-0.50608313,0.27202272,0.5615989,0.1369962,-0.0047705173,0.5727597,0.52437913,-0.1836539,0.14264402,0.3461194,1.2690344,2.0295625,5.2315216,8.172237,9.874053,11.136347,11.425236,11.466986,11.25445,10.367535,8.395016,6.0824347,2.6029758,0.88029987,0.4905968,0.3523057,0.84150946,0.1982399,0.08371651,0.38032258,0.54401004,0.5901141,0.89631176,1.000893,0.95850945,0.97311074,0.9993595,1.0718559,1.1946099,1.3775249,1.3027146,1.1486286,0.7094245,-0.09973557,-0.99666095,-1.483562,-1.7463498,-2.2471113,-2.4986138,-2.5784261,-2.44003,-1.8574232,-1.1779184,-0.7654071,-0.45593852,-0.52013975,-0.6511804,-1.1544781,-1.9157159,-1.8136767,-1.38133,-1.1234281,-0.6079006,-0.22322935,-0.011279047,0.2603044,-0.1736777,-0.4153313,-0.47110626,-0.63119876,-0.9663277,-1.5455594,-1.9352157,-1.7582412,-1.3270481,-0.75724244,-0.33215368,-0.2528065,-0.4069757,-0.12620577,0.5771302,0.51458126,-0.2545951,-0.11847541,-0.123945236,0.39462328,1.3874902,3.379702,6.6663694,8.490037,9.751919,10.778938,11.002663,10.770401,10.37157,9.662349,8.230569,5.6483855,2.007328,0.09371904,0.3964183,1.0108881,1.0625294,1.0447507,1.0039802,0.6562639,0.6386519,1.6451067,5.590479,8.426525,9.83198,10.956573,11.470135,11.664473,11.843594,11.988796,12.0850935,12.154614,12.24422,12.259387,12.308278,12.336675,12.376871,12.444263,12.493511,12.45876,12.372021,12.124135,11.924394,11.850917,11.679321,11.390896,11.0727215,10.686274,10.253176,9.765455,9.385273,9.208033,9.018763,8.863691,8.690528,8.136566,7.7175503,6.831316,6.810261,6.5497837,6.4794745,6.257835,6.756131,6.3154182,5.8102503,5.341947,5.1138945,5.001786,2.9176593,4.8593616,4.743506,4.241373,4.115215,3.9955463,2.9175162,2.9175982,3.4072738,3.320024,3.062051,2.9176588,3.0535512,2.7319696,2.5913293,2.5450308,2.5416489,2.5516424,2.9101744,2.9174724,3.1549225,2.9168503,2.917633
-2.7942195,-2.6196718,-2.5521681,-2.7224417,-2.9522371,-2.9997096,-3.0915518,-3.1746316,-3.0944471,-2.9641132,-2.948284,-2.8902917,-2.446512,-2.3239846,-2.2969403,-2.2919712,-2.2270267,-1.9446421,-1.5734409,-1.6534154,-1.6528796,-1.5472591,-1.6767138,-1.6904969,-1.4595422,-1.2281886,-0.9395008,-0.7141466,-0.7647008,-0.84570277,-0.99321246,-0.9914249,-1.0418925,-2.100173,-2.2560244,-2.7412999,-2.931848,-2.748138,-2.6393232,-2.399354,-2.2272449,-2.304461,-2.244376,-2.392695,-2.8736758,-3.237723,-3.3989894,-3.7002025,-3.9351134,-3.8339972,-3.4609737,-2.8348079,-2.4856212,-2.327652,-2.2964065,-2.2236907,-1.9777375,-1.7070117,-1.5521663,-1.239315,-0.5602897,0.1686002,0.53108376,0.70978475,0.73982674,0.64795256,0.5927937,0.5997677,0.744948,0.9722966,1.193552,1.4616477,1.5739422,1.4575963,1.2330427,1.0088071,0.76006395,0.6655462,0.5582228,0.5927386,0.26618335,-0.47566223,-1.2265193,-2.129822,-2.8591962,-3.36535,-3.5124235,-2.7909093,-2.6495852,-2.1971555,-2.172918,-2.2563488,-2.198395,-1.7581887,-1.5807205,-1.8205206,-1.7996094,-1.6477429,-1.7294377,-1.6443108,-1.2854241,-0.7230638,-0.21128595,-0.15129912,-0.32483834,-0.4987753,-0.80009985,-1.5542243,-2.5484579,-2.4933584,-2.7435126,-2.8208451,-2.7072816,-2.6626446,-2.3967664,-2.301351,-2.1743674,-2.1575975,-2.099257,-2.2431324,-2.8411093,-3.485831,-3.5254214,-2.955779,-2.4111853,-1.9779557,-2.2022815,-2.0475242,-1.1007544,-1.0112209,-1.4644914,-1.9347104,-2.3652394,-2.6185553,-2.8067,-2.788979,-2.7435133,-2.5176182,-2.0583167,-1.7747219,-1.7486506,-1.8085101,-1.8393099,-1.9028977,-2.0112717,-2.082195,-2.1217656,-2.22593,-2.3409202,-2.4556355,-2.6268737,-2.8339758,-2.9754307,-3.111665,-3.1701303,-3.2275715,-3.3590603,-3.5333064,-3.6627867,-3.724428,-3.68027,-3.4466038,-3.2601986,-2.9807873,-2.8417196,-2.8043795,-2.7689085,-2.6944065,-2.6483288,-2.6998363,-2.5480459,-2.5360274,-2.4280262,-2.474431,-2.3741307,-2.5880547,-2.5166264,-2.7042813,-2.51827,-2.4491115,-2.3708172,-2.2867122,-2.3445497,-2.5972674,-2.2651353,-2.211499,-2.2360744,-2.224872,-2.1919265,-2.5973577,-2.5972621,-2.2595675,-2.2510836,-2.2581973,-2.5970352,-2.2233248,-2.2636032,-2.226024,-2.1729674,-2.0925786,-2.0972638,-2.5542154,-2.5966885,-1.9572314,-2.5957658,-2.5971503
-2.662637,-2.722917,-2.8258433,-2.9262836,-2.921422,-2.7911313,-2.592521,-2.350967,-2.2681925,-2.1631925,-1.975533,-1.8673195,-1.972723,-2.0904865,-2.1545496,-2.1379225,-2.1827426,-2.2392426,-2.0567648,-1.6271496,-1.1225281,-0.99367064,-1.0542835,-1.156126,-1.2713196,-1.4539158,-1.9698226,-2.344717,-2.5294225,-2.538146,-2.4823434,-2.2053308,-1.2638559,-1.2379824,-1.1682413,-0.99883825,-1.4951651,-2.3454542,-2.2779295,-2.3115141,-2.3323557,-2.3326025,-2.4401407,-2.0884283,-1.8375424,-1.6707578,-1.5552483,-1.4461257,-1.6106024,-2.2504737,-2.4695785,-2.201698,-2.0404844,-2.1077168,-2.0641136,-1.9905148,-1.6693852,-1.6156391,-1.8072106,-1.9391093,-1.9720973,-2.1828184,-2.2264323,-2.1949806,-2.1298962,-2.0637882,-1.9801755,-1.8678325,-1.6224096,-1.4460028,-1.368918,-1.3180268,-1.2064571,-0.91319025,-0.81052387,-0.86654925,-1.0258427,-1.125462,-1.1649158,-1.3868035,-1.80894,-2.214873,-2.1583977,-1.8249052,-1.4446769,-1.2099535,-1.4033912,-1.9919224,-2.1205673,-2.1168754,-2.1224601,-2.1076345,-2.0515153,-1.9392605,-1.7396854,-1.247232,-0.9369308,-1.0538094,-1.2261932,-1.3132294,-1.1986356,-1.3412708,-1.7906941,-2.0035431,-2.130211,-2.0541642,-1.497864,-0.734794,-0.8913922,-1.1220798,-1.2540538,-1.8642728,-2.3567371,-2.1625624,-2.1941767,-2.296117,-2.4540946,-2.425672,-2.360659,-2.148056,-1.8211882,-1.6118186,-1.4308969,-1.3237584,-1.5731856,-2.1567836,-1.9519918,-0.9012848,-0.87408113,-1.3678141,-1.4489127,-1.0527748,-0.7407039,-0.6410178,-0.4006518,-0.2608263,-0.3959968,-0.66251254,-0.55414647,-0.40410945,-0.4184078,-0.5387168,-0.6206521,-0.64433235,-0.63986504,-0.58889914,-0.5621017,-0.51869977,-0.49586964,-0.4603965,-0.4416013,-0.376441,-0.3031299,-0.29036757,-0.30794227,-0.25325733,-0.2150566,-0.36743993,-0.5856638,-0.9333643,-1.420414,-1.8874387,-2.2283993,-2.525612,-2.77923,-2.8713696,-2.931747,-2.9332066,-2.9856005,-3.0682464,-3.2889762,-3.4398189,-3.6711261,-3.6063476,-3.55627,-3.565366,-3.5914845,-3.5716343,-3.5396495,-3.5427694,-3.4924798,-3.4726572,-3.5215151,-2.8664544,-3.463767,-3.4215794,-3.2690935,-3.2433717,-3.2077014,-2.8663697,-2.8664382,-3.0135195,-2.9763455,-2.8466141,-2.8665814,-2.9131355,-2.8523881,-2.8168936,-2.772066,-2.8114352,-2.8358433,-2.8918796,-2.8667665,-2.9396749,-2.8672454,-2.8665383
-3.9050062,-3.8401299,-3.8046045,-3.8638813,-3.9078732,-3.9951904,-4.0159698,-4.0648723,-3.9297655,-3.726399,-3.3626301,-3.1076882,-2.8582656,-2.7664967,-2.7329938,-2.6747937,-2.4794292,-2.1674824,-1.8228065,-1.9774516,-2.4628906,-2.6921124,-2.729078,-2.6657534,-2.606064,-2.4236732,-2.0376506,-1.7148967,-1.5102947,-1.5250425,-1.6139939,-1.8478214,-2.3976204,-3.1722918,-3.602354,-4.0619454,-4.2814794,-3.984456,-4.2185874,-4.259795,-4.2196116,-4.2224035,-3.8398752,-3.5424016,-3.1294289,-3.2070956,-3.4002614,-3.6293416,-3.6527827,-3.4920695,-3.6614368,-3.4929268,-3.368803,-3.2737153,-3.302258,-3.2494106,-2.8702016,-2.3764353,-1.5858674,-1.0465571,-0.88153434,-0.57466537,-0.3702944,-0.2517713,-0.23573339,-0.29115817,-0.3829972,-0.44115096,-0.37228638,-0.1672687,0.09591812,0.5248616,1.0557332,1.4061172,1.5178388,1.5641117,1.5810016,1.5803461,1.5581692,1.2764553,0.842478,-0.09259954,-0.91300786,-1.8230312,-2.721232,-3.065259,-3.0769253,-3.2119105,-3.5443597,-3.190402,-3.0452762,-2.8064568,-2.6497824,-2.2913952,-2.1545765,-2.6862204,-2.8639963,-2.9170551,-2.977278,-2.82828,-2.4131942,-2.0287147,-1.6387053,-1.6243637,-1.7180578,-2.0345924,-2.602104,-3.0317144,-3.4325013,-3.8173027,-4.3034544,-4.4019966,-4.1716948,-4.28453,-4.228442,-4.237355,-4.195221,-3.7786856,-3.460661,-3.414343,-3.5234938,-3.8103993,-4.0173864,-3.615767,-3.0594285,-2.5418782,-2.851373,-2.8309193,-1.92701,-1.4436902,-1.6612145,-2.1944559,-2.61391,-2.6243052,-2.6016436,-2.5559351,-2.5626345,-2.2542508,-2.3452868,-2.9229522,-3.5665383,-3.8440495,-3.8491073,-3.7866745,-3.693569,-3.613555,-3.5566945,-3.50274,-3.4853454,-3.4809208,-3.5748944,-3.7119966,-3.7433538,-3.7659242,-3.8280492,-3.947329,-4.1225014,-4.252588,-4.258712,-4.3057227,-4.2590528,-4.025831,-3.8489096,-3.708239,-3.6135678,-3.618875,-3.5665734,-3.5883155,-3.572291,-3.5103416,-3.4790838,-3.4270175,-3.5416522,-3.6090572,-3.5790522,-3.5309224,-3.458296,-3.4677866,-3.4535725,-3.4762158,-3.492726,-3.5012746,-3.505538,-4.070171,-3.5241396,-3.5856256,-3.6565373,-3.687186,-3.7178068,-4.0702057,-4.0701885,-3.8445592,-3.8714356,-3.960036,-4.070157,-3.964245,-3.9306896,-3.9423318,-3.9544663,-3.9564443,-3.9465275,-4.069484,-4.0701094,-3.861417,-4.070149,-4.0700936
-1.8861057,-1.8457571,-1.7564263,-1.6779853,-1.6232303,-1.6426401,-1.844063,-2.183425,-2.284435,-2.384359,-2.4605072,-2.556759,-2.3569603,-2.2117794,-2.1734357,-2.1860433,-2.1478937,-1.9085115,-1.5216738,-1.3951769,-1.3898145,-1.0879035,-0.99207914,-0.86875266,-0.7674617,-0.75174105,-0.65865743,-0.51657635,-0.34866956,-0.24621698,-0.21990572,-0.19917187,-0.23044458,-0.7344093,-0.9225296,-1.4632896,-2.0472682,-2.2141063,-2.3545713,-2.1472654,-2.0250204,-1.8071606,-1.8912077,-2.2077906,-2.166336,-2.4185643,-2.6923592,-2.9696865,-3.2471888,-2.9397619,-2.5735915,-2.3329449,-2.1276462,-1.9870396,-1.961555,-1.8314854,-1.3210908,-0.8366085,-0.7313271,-0.34116325,0.668192,1.6308526,2.0091095,2.1621656,2.1611443,2.0306826,1.9281504,1.8444831,1.83985,1.8667223,1.7563999,1.5902715,1.3647568,1.2248182,1.1180005,1.0291559,1.0433719,1.2955848,1.3943601,1.3503867,1.17291,0.7117477,0.2906772,-0.15877506,-0.77246964,-1.2848487,-1.7312808,-1.757131,-2.1243167,-2.372669,-2.3267577,-2.300192,-2.2791476,-2.1189878,-2.1196415,-2.2325115,-2.0473366,-1.8327954,-1.6700959,-1.6622646,-1.2663462,-0.8291329,-0.52204365,-0.53312266,-0.4925051,-0.42369938,-0.6260352,-0.8652723,-1.2567897,-1.3042822,-1.7932435,-2.274551,-2.4722295,-2.6994486,-2.5400224,-2.301715,-1.9045538,-1.5310446,-1.7071309,-2.0753195,-2.4607477,-2.756297,-2.7617803,-2.1785688,-1.8519237,-1.272499,-1.3799646,-1.6759858,-1.1312816,-0.83942,-1.0899408,-1.1144853,-0.8795948,-0.7578075,-0.8009988,-0.74560547,-0.6847503,-0.31709296,-0.18286605,-0.37699485,-0.57526755,-0.6788769,-0.7236726,-0.80088437,-0.881857,-0.92796993,-0.9700021,-1.0497819,-1.1161776,-1.1446035,-1.1948911,-1.2977281,-1.3171417,-1.3466637,-1.4108189,-1.4979465,-1.6474835,-1.8899803,-2.0513844,-2.2385619,-2.1612124,-1.967997,-2.0279322,-1.8790206,-1.7093413,-1.6869403,-1.7169709,-1.719229,-1.7617205,-1.7774204,-1.8241056,-1.7519084,-1.6155903,-1.5609363,-1.3728236,-1.408135,-1.3495412,-1.4258324,-1.3031517,-1.2374353,-1.1119057,-1.0814445,-1.026803,-2.1622627,-0.9435881,-0.96945137,-0.96122694,-1.0336745,-1.041745,-2.1623447,-2.1622372,-1.113284,-1.1131482,-1.1190236,-2.1619687,-1.1132944,-1.1295308,-1.0115061,-1.0258558,-1.0346282,-0.9358967,-2.1017349,-2.1615233,-0.74310905,-2.1601639,-2.16217
-2.279717,-2.1941817,-2.156046,-2.2456212,-2.3848534,-2.4354167,-2.5252833,-2.8184075,-2.7946677,-2.5730028,-2.2316246,-1.965286,-1.4937842,-1.3350852,-1.2544563,-1.2359619,-1.232663,-1.0380163,-0.87374437,-1.2949097,-1.5853709,-1.509678,-1.4314649,-1.0961943,-0.71838397,-0.4260223,-0.04533226,0.67591035,1.3798549,1.7788317,2.0050228,1.9136634,1.5363313,0.7664906,0.0985595,-0.5587057,-0.9673282,-1.2917222,-1.6935349,-1.6110005,-1.5179341,-1.5228446,-1.434736,-1.7328494,-1.8773324,-2.0335128,-2.2016525,-2.6231017,-3.2953548,-3.2727544,-2.9452791,-2.5346892,-2.162056,-2.006773,-1.9222983,-2.123478,-2.2093499,-2.1529388,-2.3779924,-2.142199,-1.4737743,-0.75851536,-0.47879976,-0.40601122,-0.46154124,-0.5901271,-0.7241348,-0.7978426,-0.70892185,-0.43999022,-0.057791144,0.49181062,1.0643489,1.5073373,1.9771439,2.4910982,2.9535818,2.9996428,2.9408643,3.0083609,2.3164866,1.0797129,-0.0382379,-1.3002602,-2.467497,-3.2407775,-3.2864866,-2.5046425,-2.2294192,-1.5353203,-1.3540087,-1.3691988,-1.2821882,-1.1567469,-1.6040453,-1.9981976,-1.9072388,-1.6738614,-1.5153105,-1.3201075,-1.1630816,-0.8739218,0.0420326,0.7212888,1.3483377,1.6543986,1.5480888,0.92513967,0.29100856,-0.47420007,-0.9825296,-1.2838836,-1.5490832,-1.7852535,-1.6837511,-1.6903732,-1.6813312,-1.5796286,-1.6280464,-1.7629262,-2.0586352,-2.2082736,-2.0077662,-1.847141,-1.6679804,-1.7466472,-2.0948203,-2.1470528,-1.1597598,-0.84538394,-1.0014534,-1.0592566,-1.269543,-1.5902216,-2.0895267,-2.342208,-2.5364833,-2.1930265,-1.5215287,-1.4436831,-1.5463243,-1.5688598,-1.5282619,-1.5301709,-1.6011558,-1.6938782,-1.7517341,-1.8779284,-1.9841268,-2.105576,-2.1799164,-2.274788,-2.2926779,-2.3042083,-2.3530865,-2.4304821,-2.6305666,-2.892209,-3.0238023,-2.9937625,-2.681697,-2.3273087,-2.163994,-1.867698,-1.551324,-1.4472969,-1.377912,-1.3634892,-1.3037491,-1.3143921,-1.2423122,-1.2734967,-1.2773157,-1.3461335,-1.3652232,-1.5297278,-1.5799046,-1.6833119,-1.6241221,-1.6872711,-1.72208,-1.7144694,-1.7745667,-2.2020173,-1.8127892,-1.7003564,-1.8188393,-1.8392104,-1.7964512,-2.2021413,-2.2020216,-2.03538,-1.9604223,-1.9160143,-2.2016919,-1.9826695,-2.0623667,-1.9675175,-1.8583736,-1.8991477,-1.8960407,-2.1487525,-2.201259,-1.6921372,-2.2002945,-2.2017303
-1.3436866,-1.5262132,-1.7363915,-1.9747493,-1.8566027,-1.7653043,-1.8885779,-2.1675694,-2.2070637,-2.1224768,-1.8893541,-1.8967468,-1.8463136,-1.8536882,-1.9725482,-1.9247441,-2.0006256,-2.0993273,-2.2083824,-2.1013498,-1.9207474,-1.5063972,-1.2167048,-0.88659996,-0.4854132,0.043855757,0.32797346,0.026838541,-0.32516658,-0.54461277,-0.7216555,-0.80399275,-1.0369325,-1.1351616,-1.371171,-1.7273949,-1.7900517,-1.2876924,-1.4862536,-1.6840377,-1.7904217,-1.9964055,-1.9377058,-1.8162336,-1.3972192,-1.5240886,-2.0224316,-2.434112,-2.5687392,-2.0291774,-1.9381261,-1.9686835,-1.8505687,-1.9509012,-1.9448435,-1.9415629,-1.9077117,-2.0337653,-2.3457265,-1.9834577,-1.455618,-1.086582,-1.0518606,-1.1311653,-1.2572919,-1.3557053,-1.4637194,-1.5489419,-1.6004691,-1.564604,-1.4796788,-1.3337855,-1.0413467,-0.26388377,0.75363535,1.9023691,3.6239886,4.4944763,5.2565274,6.254534,7.190996,7.9502816,8.191246,8.105837,7.639429,7.0634513,6.762129,5.890019,3.2900963,-0.43023568,-1.3075597,-1.6759171,-2.0076098,-2.4398863,-2.4787679,-2.082435,-1.6550972,-1.309726,-1.2148879,-1.0406553,-0.6412184,-0.059860885,-0.21192706,-0.46196935,-0.7384982,-1.0282755,-1.258022,-0.9625995,-0.7052348,-1.134228,-1.7206286,-1.6006215,-1.3476582,-1.6991017,-1.9334078,-2.0964055,-2.0632415,-1.8246152,-1.6985296,-1.6188197,-1.6258789,-1.7121441,-1.6398196,-1.3797662,-0.9788928,-0.73335356,-1.4381294,-2.0763333,-0.96305406,0.05818826,0.9271983,1.6850595,2.311604,2.6886377,3.1103492,3.3988433,3.4656239,3.299134,2.7778652,2.0743077,0.85409945,-0.45753324,-1.202987,-1.6890349,-2.0446868,-2.2197568,-2.330647,-2.4142983,-2.3998199,-2.389439,-2.372189,-2.333349,-2.3060856,-2.2671444,-2.246233,-2.3331432,-2.5097525,-2.7283292,-2.7748075,-2.6557727,-2.3386302,-2.080016,-1.9833889,-1.8417861,-1.7737145,-1.8033156,-1.8572283,-1.7933922,-1.7976744,-1.8044543,-1.6858017,-1.7279625,-1.7396894,-1.7676053,-1.7982761,-1.9081292,-1.8147961,-1.8836675,-1.8379831,-1.7036793,-1.7661841,-1.6840572,-1.7262032,-1.9701622,-1.61851,-1.6877671,-1.7458439,-1.7294589,-1.6739517,-1.9701866,-1.9701759,-1.5232544,-1.5296164,-1.5418696,-1.9702718,-1.623227,-1.6291668,-1.6290476,-1.594779,-1.6120067,-1.6116095,-1.9717731,-1.9701483,-1.5305223,-1.9700718,-1.9700758
0.72813016,0.73674846,0.67959297,0.62741005,0.36300904,0.5604659,0.618755,0.6128222,0.3531753,-0.08337577,-0.2253628,-0.23008077,-0.027501553,0.0017969087,0.11376923,0.15347822,0.18508753,0.21273093,0.28228754,0.43935513,1.0332255,1.3569672,1.067229,0.79976386,0.5701306,0.23541808,0.072740644,-0.17918903,-0.22411355,-0.06690627,0.10737765,-0.007829428,-0.7752245,-0.53593284,-0.06950285,0.5555246,0.54380333,-0.066509426,-0.2188782,0.011442468,0.17017978,-0.26148227,-0.88391507,-0.63271266,-0.4351613,-0.3319322,-0.2627298,-0.17336537,0.03625629,-0.05165849,-0.11511195,0.004426785,0.026140638,0.057116702,-0.08487239,-0.21537007,-0.3003188,-0.5239556,-1.2282205,-1.3622797,-1.4252994,-1.3680179,-1.2527311,-1.1125969,-0.9938686,-0.95077354,-0.91066027,-0.91544735,-0.96185815,-1.0422189,-1.1513876,-1.2406355,-1.240858,-1.196927,-1.2079781,-1.1931524,-1.098272,-1.0991273,-1.011492,-0.6966449,-0.45320362,-0.5224228,-0.7316917,-1.0313311,-1.1917809,-1.1524262,-0.9778094,-0.58063567,-0.44913822,-0.005793102,0.09429577,0.21085666,0.41060883,0.5610898,0.41900578,0.76863813,1.2176943,0.9242281,0.4822019,0.18742192,-0.028210342,-0.22630182,-0.4538858,-0.48572508,-0.3968718,-0.5331584,-0.94762415,-1.2606586,-0.95702076,-0.59038836,-0.07191226,-0.016051933,-0.31522372,-0.11014633,0.14301877,0.23950818,-0.033386234,-0.72936153,-0.73194176,-0.49471527,-0.43983644,-0.55791223,-0.72003067,-0.698975,-0.66242236,-1.0277045,-1.3903015,-1.0002251,-1.017082,-2.0107036,-2.545411,-2.5087817,-2.440157,-2.412693,-2.132905,-1.7469242,-1.3974869,-1.3387018,-1.4042602,-1.410919,-1.2026768,-0.8868715,-0.6358068,-0.45282447,-0.29527676,-0.17176634,-0.08331409,-0.012185246,-0.017737389,0.0114611685,-0.07229203,-0.18567091,-0.22638378,-0.21210086,-0.18402264,-0.19740245,-0.21837218,-0.14114164,-0.13077326,-0.28323954,-0.4981114,-0.41997084,-0.12492904,0.23363414,0.6369798,0.87194324,1.0895095,1.1014377,1.1867652,1.3093271,1.638298,1.8850291,2.17502,1.9977822,1.9729581,2.1115212,2.0302334,1.93705,1.980098,2.0299335,1.9846816,1.9975784,1.9704807,1.6524961,1.8118095,1.8192655,1.79382,1.8422909,1.8114843,1.6525189,1.652478,1.5919988,1.591732,1.4419031,1.6523061,1.4752089,1.4884081,1.4013894,1.4220142,1.4161823,1.3600161,1.6306982,1.6521882,1.2219434,1.651768,1.6524113
-2.4903738,-2.5502193,-2.5202775,-2.3411882,-2.3007112,-2.3575194,-2.1719923,-1.5162964,-1.2041206,-1.0964439,-1.3587164,-1.5707924,-1.7071407,-1.7904053,-1.9063385,-1.960738,-1.9697123,-1.9492271,-1.7648802,-1.4286523,-1.1924176,-1.2878178,-1.4450784,-1.663651,-1.7650033,-1.7608495,-1.7637632,-1.9470874,-2.472707,-2.745113,-2.9088087,-2.8328462,-2.2556212,-2.45391,-2.717008,-2.2432675,-1.3822036,-1.4602692,-1.6811588,-1.9327695,-2.074079,-2.004696,-2.090204,-2.1844535,-2.1122897,-1.8960009,-1.6296287,-1.1345196,-0.9259268,-1.2867477,-1.7345021,-1.9862107,-1.9612861,-2.0593448,-2.1112976,-2.453957,-2.5396485,-2.3732784,-1.9282732,-1.7901404,-2.0311766,-2.3345459,-2.4195733,-2.3671975,-2.2909608,-2.1816924,-2.0649943,-1.910145,-1.6182857,-1.3612938,-1.01598,-0.43755528,0.29784164,0.5183031,0.18856794,-0.10720767,-0.3192107,-0.35872084,-0.41732532,-0.5937365,-1.1218691,-1.6543865,-1.6955419,-1.590381,-1.1260104,-0.8770367,-1.0408608,-1.8081632,-2.1433802,-2.0517712,-1.8907468,-1.7909992,-1.7496912,-1.5459186,-0.85121894,-0.5133926,-0.6597741,-0.9038905,-1.1236017,-1.2892661,-1.510294,-1.5733197,-1.8297071,-1.9454556,-2.2495928,-2.4447203,-2.1270216,-1.4999499,-1.7798508,-2.1977203,-1.8535994,-1.2233872,-1.3749181,-1.2951872,-1.6587102,-1.7540805,-1.984554,-2.1063418,-2.0848722,-2.0706456,-1.8441057,-1.422095,-1.122711,-0.96913093,-0.9719267,-1.5005409,-1.2376261,-0.9956366,-1.0831703,-0.71417075,-0.5201245,-0.22276178,-0.38092825,-0.65384513,-0.6687729,-0.66050124,-0.61903596,-0.56173944,-0.593976,-0.5697373,-0.40353507,-0.29428005,-0.30146575,-0.3220947,-0.28633487,-0.263093,-0.24640803,-0.15955216,-0.07496758,-0.06604913,0.018336594,0.27186745,0.43407214,0.52275956,0.7408639,1.026322,1.5935802,1.9488794,2.1339817,2.1418693,1.7046593,1.1217989,0.6494834,-0.0381715,-0.60636604,-0.95406836,-1.1829419,-1.2333181,-1.3839087,-1.4775863,-1.694103,-1.8369416,-2.133355,-2.2784936,-2.3671336,-2.274757,-2.1948633,-2.181425,-2.3072658,-2.3714738,-2.4285557,-2.4104455,-2.3647342,-1.9861826,-2.527086,-2.545888,-2.5538669,-2.4663203,-2.541126,-1.9860923,-1.9861903,-2.5169246,-2.5176983,-2.5706205,-1.9864639,-2.4653647,-2.459992,-2.54848,-2.6392572,-2.54398,-2.5862286,-2.0359368,-1.9867513,-2.8251963,-1.9875674,-1.9863203
-0.007926993,0.029476032,-0.033342823,-0.08046579,-0.31068742,-0.24528524,-0.3015588,-0.2641726,-0.26395148,-0.3487515,-0.31847873,-0.21415675,-0.4181329,-0.624485,-0.6890873,-0.73416746,-0.92939204,-1.3281121,-1.5282178,-1.3129767,-1.1672206,-1.3813946,-1.4730942,-1.3023978,-1.0825608,-0.8159219,-0.34181857,-0.09052432,-0.07301822,-0.33394563,-0.7173107,-0.9250629,-1.2164149,-1.5717704,-2.0257192,-1.624773,-0.63222486,-0.25047997,-0.23066583,-0.6590941,-0.9335918,-1.4426284,-1.2756541,-0.83653283,-0.76907486,-0.71786666,-0.5924681,-0.33934614,0.37936008,0.5976118,0.16501087,-0.32767236,-0.5616557,-0.62510985,-0.6920724,-0.8653396,-1.1652303,-1.4473909,-1.0852144,-1.0759649,-1.6680658,-2.1124027,-2.1137733,-2.042976,-1.9685813,-1.8983431,-1.8510451,-1.8286746,-1.8486123,-1.9248598,-2.0234907,-2.0905206,-2.0545673,-2.002868,-1.9646282,-2.0184405,-2.0637987,-2.1147718,-2.1093814,-2.065609,-2.0293336,-2.080699,-2.0126145,-1.8118141,-1.2780187,-0.54012257,0.15298347,0.03391537,-0.1994559,-0.56749034,-0.63526356,-1.0333424,-1.2119796,-1.5411117,-1.4847972,-1.0055337,-1.0403838,-1.2372402,-1.3148855,-1.0637391,-0.82495123,-0.62564576,-0.37392443,-0.32797882,-0.52333117,-0.8415489,-1.1072187,-1.2566973,-1.5743821,-1.8657517,-1.4693071,-0.5148314,-0.30165857,-0.20003588,-0.50268,-0.82855034,-1.2697651,-1.5998663,-1.1803193,-0.8262603,-0.6737272,-0.6980906,-0.7471609,-0.7769712,-0.36092547,0.22023956,0.33462983,0.70545006,0.26222524,-0.4173157,-0.9181576,-1.5450857,-1.945381,-1.9967219,-1.8640916,-1.7004642,-1.6020052,-2.022824,-2.068405,-1.9617271,-1.9492784,-1.9977288,-2.0473902,-2.0743072,-2.0615318,-2.0835674,-2.0632944,-2.075915,-2.099134,-2.0823607,-2.101558,-2.073231,-1.9772809,-1.8826163,-1.87006,-1.6860762,-1.4460809,-1.1246002,-0.785236,-0.5026829,-0.45210472,-0.36240405,-0.46357486,-0.6431216,-0.94637144,-1.0145316,-0.9205382,-0.99263304,-0.9331869,-0.9216621,-0.8382948,-0.7184141,-0.46770832,-0.23348282,-0.24529484,-0.21954404,-0.32874292,-0.32459083,-0.2366779,-0.15921728,0.012707695,0.09774685,0.15819204,0.81337607,0.14189515,0.20320445,0.36706096,0.4035271,0.42953548,0.8134306,0.81338364,0.5590928,0.50053006,0.486907,0.8132725,0.48792443,0.6170588,0.5708595,0.5933039,0.57723844,0.5530211,0.7986045,0.8130717,0.3464535,0.81277287,0.8131794
-2.2814155,-2.246327,-2.2207243,-2.2755957,-2.238349,-2.333889,-2.2791796,-2.253158,-2.2131228,-2.046362,-1.6463063,-1.212759,-0.93901575,-0.8383218,-0.93405557,-0.86485,-0.9200056,-1.2366234,-1.3679266,-0.9872622,-0.97318643,-1.802812,-2.087377,-2.1446657,-2.021519,-1.7635055,-1.4991765,-1.4875207,-1.5255282,-1.6671903,-1.8914853,-1.9365549,-1.818652,-2.225387,-3.1791773,-3.1744082,-2.758109,-2.2104425,-1.3848815,-1.2342803,-1.3118162,-1.8810096,-2.293239,-2.4715343,-2.7723622,-2.6375928,-2.441998,-1.9788588,-1.2025307,-0.8213529,-1.0013831,-0.6985007,-0.62564194,-0.6132998,-0.554483,-0.6561886,-0.9331104,-1.305291,-1.1340548,-1.1411748,-1.695828,-2.1967585,-2.213846,-2.1140969,-1.994056,-1.9090134,-1.8786259,-1.8931217,-2.0216842,-2.221902,-2.4245787,-2.6263876,-2.713933,-2.7303948,-2.6622865,-2.6610634,-2.8247752,-2.9052513,-2.9614909,-3.0253477,-3.2040281,-3.3926668,-3.3104453,-2.9747143,-2.2218492,-1.2729123,-0.269513,-0.2990384,-0.33480728,-0.54236895,-0.47394478,-0.6888546,-0.8022959,-1.1568854,-0.88913965,-0.6242857,-1.2360681,-1.7906008,-2.0050716,-1.8498684,-1.7018995,-1.5239345,-1.6092999,-1.6988525,-1.8520687,-2.068139,-2.0591364,-1.8599727,-2.2898,-3.2177005,-3.1278799,-2.5628572,-2.169822,-1.2869163,-1.0194201,-1.1453483,-1.637727,-2.285318,-2.389533,-2.4413757,-2.4926682,-2.3849964,-2.1043742,-1.6744938,-1.093677,-0.4186589,-0.73525894,-0.7673261,-1.5182147,-1.8767525,-2.1499813,-2.5075314,-2.8423324,-2.9564753,-2.90936,-2.7780354,-2.6494293,-2.381248,-1.9906516,-1.8900013,-2.0137296,-2.225668,-2.376071,-2.4747086,-2.537632,-2.5779254,-2.5779386,-2.5797782,-2.59239,-2.6149306,-2.7274103,-2.8071303,-2.8053875,-2.8397536,-2.863644,-2.7958245,-2.7778764,-2.7558923,-2.709126,-2.7382097,-2.9939852,-3.2043977,-3.4000735,-3.6577494,-3.8614578,-3.9631996,-3.8602567,-3.8982153,-3.850628,-3.8482149,-3.8101754,-3.7804058,-3.7615435,-3.6230502,-3.5690098,-3.6054773,-3.630272,-3.6509395,-3.570969,-3.5151224,-3.365161,-3.2929118,-3.310209,-3.6478038,-3.2876854,-3.1929502,-3.0489707,-3.0037863,-2.9761899,-3.6477656,-3.6478014,-2.9072266,-2.9260702,-2.8744998,-3.6478262,-2.860485,-2.8352156,-2.8876364,-2.868867,-2.844236,-2.8715987,-3.6676366,-3.6480312,-3.1280751,-3.6483412,-3.6478815
-2.148964,-2.022055,-1.9715437,-1.8711773,-1.7485157,-1.7742593,-1.6453652,-1.5260669,-1.5131998,-1.5828056,-1.3466542,-0.92873836,-0.5403178,-0.58669347,-0.5475309,-0.41316485,0.17980075,1.860588,6.101257,8.966166,10.894277,12.0992565,12.087099,11.871851,11.476744,10.613755,8.989059,6.5660067,3.4893503,1.1984135,-0.4753395,-1.1605098,-1.7009338,-0.81478876,-0.046912283,0.28744408,0.035292417,-0.72431684,-1.1023765,-1.0702832,-1.007783,-1.2095165,-1.4101977,-1.5270727,-2.1630542,-2.188476,-2.0800552,-1.9440494,-1.6477996,-1.3491989,-1.2052221,-0.9112437,-0.87091064,-0.9097141,-1.0959628,-1.1604459,-1.0968862,-1.1834133,-1.4113641,-1.4737043,-1.4902756,-1.5260909,-1.5485613,-1.5191691,-1.4858766,-1.5576738,-1.6821095,-1.8333972,-2.0976412,-2.1678703,-2.095851,-1.8477719,-1.5210705,-1.23427,-1.1792245,-1.2851391,-1.2835276,-1.3493698,-1.353934,-1.1823447,-1.0217831,-1.3107957,-1.663217,-1.9530197,-2.084697,-1.7862684,-1.1596329,-0.7345417,-0.4660557,-0.1522192,-0.27337843,-0.035953164,0.7472912,3.4816372,8.305448,10.870375,12.003003,12.0854645,11.701854,11.082178,10.258137,8.612655,5.7596273,2.59091,0.6539441,-0.7234754,-1.5002115,-1.3898953,-0.87721133,-0.3043501,-0.2694071,-0.5425155,-1.0105168,-1.2792337,-1.260289,-1.4190242,-1.4497747,-1.6591301,-1.6908457,-1.5650518,-1.9933105,-2.3857505,-2.3522167,-2.1330342,-1.8842123,-1.8952725,-2.2093105,-2.0484345,-1.5009227,-1.9142435,-2.2245927,-2.3705878,-2.5468473,-2.7188003,-2.456381,-2.0702887,-1.9211264,-2.029053,-2.3095396,-2.851663,-3.347332,-3.476224,-3.3481603,-3.1053343,-2.864803,-2.6238222,-2.4472194,-2.2258534,-2.1129498,-1.9558747,-1.7642491,-1.4902105,-1.2820008,-1.0983427,-1.0861301,-1.2311769,-1.548458,-1.8784035,-2.180231,-2.5074482,-2.7159495,-2.63998,-2.5979419,-2.3750212,-2.094956,-1.9805446,-1.8139083,-1.6779156,-1.5747263,-1.5269763,-1.3319612,-1.2988315,-1.3122189,-1.3801327,-1.2637659,-1.239829,-1.1969712,-1.2583532,-1.2918038,-1.2782116,-1.3887647,-1.3796861,-1.4731919,-1.3848996,-1.4643993,-1.5379916,-1.6233146,-1.6144929,-1.6212268,-1.3848894,-1.3849528,-1.7560959,-1.750797,-1.7930071,-1.3851806,-1.8972058,-1.8961276,-1.8653028,-1.8343371,-1.8796818,-1.889193,-1.4253118,-1.3852373,-1.8017159,-1.3858995,-1.3847976
-1.734005,-1.737445,-1.6947777,-1.705428,-1.6825639,-1.7010715,-1.8083872,-1.9388348,-2.0648391,-2.1022522,-2.2365146,-2.1456265,-1.7501776,-1.5084019,-1.3995361,-1.3159119,-1.1171914,-0.79949695,-0.64270085,-0.6664153,-1.0837984,-1.3374786,-1.2503321,-1.1976534,-1.3718852,-1.55651,-1.6479397,-1.3591757,-0.7803778,-0.19992262,0.32336944,0.40615934,-0.37178016,-1.1950564,-1.2858856,-1.4977612,-1.7307774,-1.1247891,-1.23495,-1.0061859,-1.0099177,-0.9188105,-0.5878906,-0.36264437,0.4337796,0.61560357,0.41789111,-0.17777885,-0.74909747,-1.3647238,-1.714726,-1.8311194,-1.7787261,-1.7845249,-1.6688397,-1.5285994,-1.6923234,-1.5480121,-1.0955709,-0.611636,-0.048946887,0.66794,1.0000077,1.1096255,1.1406056,1.1204216,1.0869788,1.0449613,0.9919967,0.88767403,0.6934406,0.23311375,-0.47745013,-1.2503742,-1.740046,-2.0549436,-2.3933668,-2.495781,-2.6122668,-2.705964,-2.5522423,-2.1992788,-2.0688846,-2.1103961,-2.3746724,-2.6593828,-3.0154371,-2.8820915,-2.7412736,-1.963924,-1.7697836,-1.4130522,-1.1358414,-0.90457857,-0.682339,-1.1223013,-1.4303327,-1.321419,-1.2603527,-1.3608081,-1.6198871,-1.8583333,-1.5327203,-0.96647394,-0.3857999,-0.034540117,-0.55157065,-1.0890307,-1.2111987,-1.2386686,-1.4934602,-1.6426545,-1.2736875,-1.451359,-1.2651261,-1.1309574,-0.9815598,-0.87621,-0.7615631,-0.5500004,-0.1904174,0.102293536,0.1266962,-0.31933534,-0.6693418,-0.8804488,-1.3048819,-2.2841976,-2.1512866,-1.3360806,-0.690359,-0.31510806,-0.1856013,-0.3220374,-0.8647384,-1.2961444,-1.3117996,-0.12589434,0.9661445,1.4945412,2.0856686,2.5246515,2.7477798,2.8857377,2.92347,2.904555,2.8827941,2.8857496,2.9103568,2.9835463,2.9881988,2.8899777,2.7333064,2.501038,2.372551,2.3017058,2.1583686,1.8232248,1.5269771,1.3124267,1.4063227,1.3298694,1.3736551,1.4395658,1.6148105,1.7360526,1.6697004,1.6613197,1.6604111,1.6226015,1.487083,1.2199135,0.83344233,0.7760353,0.6586273,0.5287006,0.50628126,0.7989303,0.59269786,0.30734962,0.10208213,-0.06434584,-0.08034691,-1.5030099,-0.07725111,-0.1429224,-0.2995987,-0.3628504,-0.42623204,-1.5031734,-1.5030171,-0.6593917,-0.7038907,-0.74991095,-1.5026027,-0.7564333,-0.8554172,-0.91250634,-0.93188566,-0.93152505,-0.915945,-1.4522184,-1.502238,-0.71632123,-1.5015445,-1.5027149
-6.7982516,-6.727802,-6.6316633,-6.5310984,-6.3911266,-6.4275494,-6.1976624,-5.8835926,-5.724554,-5.5618653,-5.3730516,-4.968572,-4.5003223,-4.3658133,-4.380843,-4.30858,-4.146635,-3.9527714,-3.7505455,-3.7677364,-3.780261,-3.8476734,-3.7739043,-3.5427518,-3.3521729,-3.0553005,-2.6987205,-2.6699562,-2.9129443,-3.0103192,-2.9893932,-2.7663026,-2.394712,-3.2639437,-4.364156,-4.661582,-4.7655163,-4.6050115,-4.463475,-4.2289248,-4.169191,-4.4594927,-4.9216175,-4.959403,-4.8097677,-4.5727334,-4.5258446,-4.5409293,-4.7066875,-5.00842,-5.1988773,-4.661386,-4.4820285,-4.5573254,-4.533814,-4.5244575,-4.3896103,-4.245803,-3.799599,-3.4159422,-3.4407477,-3.3161697,-3.063862,-2.8386292,-2.6752465,-2.6101801,-2.6343987,-2.7145865,-2.9333644,-3.1711338,-3.4057586,-3.5542936,-3.5324883,-3.4452915,-3.4467103,-3.5071192,-3.639421,-3.7412043,-3.8654532,-4.112135,-4.4352903,-4.976547,-5.2251897,-5.3960276,-5.4486737,-5.291119,-5.217947,-5.463086,-5.215411,-4.491989,-4.386931,-4.259287,-4.0474405,-3.820453,-3.550767,-3.4409802,-3.4235725,-3.4150524,-3.2562695,-2.9023879,-2.5695176,-2.3253474,-2.4129224,-2.644722,-2.9340892,-3.1679888,-3.0309956,-2.7409043,-3.4511313,-4.614027,-5.0216064,-4.974482,-4.7060575,-4.3497076,-4.2408714,-4.2557817,-4.4236736,-4.758277,-4.8918924,-4.8938417,-4.8003697,-4.3969345,-3.8825562,-3.4504092,-3.1385188,-3.2215471,-3.6811433,-3.6674006,-3.5852904,-3.3235693,-3.2566223,-3.267108,-3.5971372,-3.887176,-4.029206,-4.0207195,-4.1038585,-4.0432973,-3.8815217,-4.013671,-4.1732044,-4.1961765,-4.158231,-4.08033,-4.007303,-3.9560022,-3.8921595,-3.8214056,-3.807736,-3.7606885,-3.7967832,-3.769848,-3.6751266,-3.6829674,-3.7057629,-3.6421418,-3.643546,-3.7551122,-3.8431084,-4.071353,-4.3957553,-4.5749,-4.727126,-4.9563513,-5.2032175,-5.4111137,-5.399932,-5.4661593,-5.5332756,-5.640522,-5.8268666,-6.006591,-6.3513794,-6.3469687,-6.3696184,-6.4149604,-6.438024,-6.346875,-6.385086,-6.50675,-6.5593524,-6.571747,-6.6275043,-6.6849566,-6.6656117,-6.6206274,-6.5969872,-6.5500765,-6.5648437,-6.6849303,-6.684985,-6.628559,-6.640462,-6.6524553,-6.6851206,-6.6242127,-6.571785,-6.601522,-6.6371994,-6.6241407,-6.6826544,-6.726554,-6.6853557,-6.819268,-6.686204,-6.6849356
6.2740016,6.364261,6.4457865,6.6450357,7.1662245,6.782034,7.203273,7.835185,8.470649,9.328485,10.175729,10.70603,11.079873,11.228625,11.325897,11.450462,11.412052,11.215544,10.275261,9.236372,7.418664,3.393198,1.275728,-0.390678,-1.1631602,-1.589159,-1.6304989,-1.5073377,-1.2762309,-1.191109,-1.214939,-1.0228205,-0.7051348,0.15337798,1.3446634,3.535259,7.3705087,9.994962,10.97568,11.116831,11.021249,10.22119,8.929717,7.1372566,3.8180006,2.5057313,2.6295362,3.8234577,6.1170692,7.9960055,9.187646,10.662191,11.032942,11.132845,11.153524,11.155149,11.059675,10.384736,8.731148,5.6116915,3.494268,1.487116,0.79607254,0.5928787,0.6274446,0.7961249,0.9934555,1.1933869,1.3512985,1.3207734,1.3405823,1.2239226,0.7655528,-0.03337922,-0.58430845,-0.88897467,-1.0533922,-1.0194335,-0.816684,-0.6562854,-0.6263951,-0.05531746,0.6751319,1.7947662,3.6960406,5.408964,6.9408045,8.309489,9.696394,10.702517,10.867803,11.127604,11.2217865,10.910174,9.542271,7.1794224,3.7356687,1.1856693,-0.26953584,-0.9882957,-1.3924809,-1.6914555,-1.800118,-1.6986247,-1.5488852,-1.3787072,-0.77754134,-0.23625275,0.29568836,1.6866169,4.4486494,8.36698,10.354964,11.145211,11.244673,11.209572,10.80893,9.665698,8.792562,7.413417,4.7930317,2.4041204,1.039802,0.2026161,-0.4472709,-1.1974177,-0.88632154,0.4232893,0.7134353,0.04626465,-0.7972233,-1.1369112,-1.1791435,-1.0189217,-0.8335629,-0.79034764,-0.79404753,-0.7565342,-0.26360342,0.65521336,1.331136,1.4427488,1.3303635,1.1913264,1.0702808,0.99306077,0.9457837,0.84944767,0.8117684,0.62079126,0.3790872,0.1565572,0.049625903,-0.0058135986,0.013689011,0.14811411,0.49052507,0.81157386,0.94735014,0.93162763,0.3346635,-0.18398541,-0.5373006,-0.8360735,-1.1270483,-1.1040903,-1.0984001,-1.0789316,-1.0314851,-0.9544985,-0.8488729,-0.76307595,-0.634503,-0.5524136,-0.48822623,-0.46111912,-0.47296166,-0.49474895,-0.46353233,-0.4459688,-0.44023204,-0.45224148,-0.38130718,-0.17471373,-0.40906888,-0.4182719,-0.3385263,-0.33634633,-0.3290071,-0.1745376,-0.17468476,-0.22934306,-0.32135546,-0.24755764,-0.17500764,-0.19219947,-0.13836187,-0.22771078,-0.21978426,-0.25915122,-0.22993338,-0.20399162,-0.17566213,-0.53591037,-0.17624512,-0.17543772
-2.345957,-2.391227,-2.4968305,-2.7025008,-2.6568727,-2.5149918,-2.6123617,-2.7332351,-2.5993643,-2.2698996,-1.929023,-1.5605562,-1.0625956,-0.84090555,-0.71772975,-0.70142746,-0.74876106,-0.5731275,-0.48238847,-0.4737093,-0.25925916,0.8391465,1.8690412,3.910397,5.5611978,7.5998325,9.247721,10.597142,11.643265,12.0441475,12.165298,12.214193,11.149765,7.595145,3.7077546,1.7633511,1.155216,1.1591198,0.8870399,0.9431037,0.9260955,1.1311314,1.5886312,1.5010083,1.7847037,1.7590884,1.3052037,0.482827,-0.73855007,-1.0696037,-1.0801553,-0.9853817,-0.80661666,-0.7895055,-0.64406574,-0.5586514,-0.5344453,-0.53673196,-0.5804542,-0.29364595,0.26768684,0.94874686,1.2669104,1.3311037,1.2833642,1.217494,1.1738838,1.1475191,1.0785093,0.8598958,0.4527396,-0.21647918,-0.9507671,-1.4393847,-1.6690247,-1.6718626,-1.3032163,-0.82381034,-0.30045608,0.63096446,1.486712,1.7415121,1.5114052,0.87624145,-0.12691289,-1.0511706,-1.3197694,-1.2468714,-1.2457683,-1.1057749,-1.0917511,-0.9766478,-0.8892876,-0.84581685,-0.64834535,-0.068037376,1.110729,2.7860703,4.535433,6.5602565,8.018655,9.340972,10.879202,11.879765,12.252109,12.258804,11.5612335,9.990438,7.502846,2.4281013,0.6582537,0.41599715,0.7116842,0.5236061,0.6634915,0.7381311,0.9640452,1.1971127,1.4662241,1.8010036,2.398909,2.826121,2.6589565,1.9115071,1.19338,0.34640047,-0.33669192,-1.213211,-0.8470968,-0.45898885,-0.17596118,-0.08278094,-0.049194008,-0.1270107,-0.5130031,-0.7188854,-0.59722424,-0.66792995,-0.70943964,-0.5036811,0.08729407,0.74763685,1.1191236,1.3215827,1.4134233,1.4450635,1.4586385,1.460336,1.4546981,1.5123265,1.4424558,1.2059052,0.9800262,0.7683807,0.6227358,0.47712192,0.23322427,-0.03872195,-0.24458793,-0.42785916,-0.3654006,-0.21565062,-0.113186836,0.21792656,0.4730151,0.651512,0.73516226,0.6499815,0.57823074,0.5013685,0.28772652,0.11826345,-0.13669029,-0.1060814,-0.25973943,-0.39050043,-0.63315177,-0.48708865,-0.6176243,-0.76695895,-0.9946529,-1.1203696,-1.1124384,-2.0854385,-1.138662,-1.2653078,-1.4636083,-1.5136257,-1.5284688,-2.0855064,-2.0854602,-1.710216,-1.7838614,-1.7699113,-2.0852888,-1.7502365,-1.9413143,-1.961786,-1.9823654,-1.957649,-1.8488946,-2.075428,-2.0852401,-1.7373042,-2.0853143,-2.0853233
-3.508967,-3.353635,-3.1535063,-3.0458703,-2.9388356,-3.0983095,-3.0246468,-3.0346904,-2.9684575,-2.7207496,-2.3393316,-1.9710667,-1.6779802,-1.6606941,-1.7289145,-1.7123637,-1.6056271,-1.5443299,-1.518448,-1.390305,-1.2495683,-1.107285,-0.9166482,-0.6539761,-0.70471835,-0.7644117,-0.7134329,-0.8732716,-0.9996946,-1.0114796,-0.99134666,-0.9143253,-0.9266313,-0.9501345,-1.463515,-1.7203033,-2.0675635,-2.0674405,-1.8333962,-1.3774654,-1.1250073,-0.8914176,-1.4363103,-1.4129009,-0.9824911,-0.61894315,-0.684984,-0.882136,-1.28242,-1.5682127,-1.7098813,-1.4726081,-1.4743575,-1.6026919,-1.599729,-1.2434089,-0.70341706,-0.017609,0.6863289,1.1791763,1.5015055,1.842906,2.0271263,2.2482,2.5187712,2.6883993,2.6786013,2.4784167,1.863939,1.2882485,0.83092546,0.37521642,0.0060264617,-0.07549331,0.04739666,0.015178293,-0.40108573,-0.71433926,-1.0707186,-1.6910148,-2.0547051,-2.510131,-2.7844539,-3.038315,-3.3682761,-3.43228,-3.1337357,-2.6921954,-2.0625458,-1.4905546,-1.6290305,-1.6466557,-1.4960788,-1.4025931,-1.0995821,-1.0761929,-0.897457,-0.79622865,-0.7083808,-0.50928664,-0.4807,-0.59220517,-0.8857291,-1.2008736,-1.3831267,-1.5300078,-1.5664942,-1.2500485,-1.1579942,-1.6416523,-2.0839725,-2.3480966,-2.076802,-1.7728776,-1.4661915,-1.3703538,-1.1885502,-1.082464,-1.3805668,-1.5100982,-0.9737532,-0.50742877,-0.278923,-0.25218567,-0.424756,-0.58670497,-0.7805859,-0.9607134,-0.8572339,-1.093737,-1.353542,-1.8858168,-2.5154424,-2.9207454,-3.2195399,-3.2212172,-3.0497756,-2.2978728,-1.8891779,-1.9897608,-2.0756552,-1.9532498,-1.792191,-1.6525823,-1.5580838,-1.5172526,-1.4534657,-1.4512696,-1.527314,-1.5437835,-1.5814357,-1.6464362,-1.6360292,-1.6861707,-1.7260582,-1.7562346,-1.8809623,-1.9218066,-1.9311277,-2.0838912,-2.1492443,-2.0857477,-2.1988282,-2.2677877,-2.3899114,-2.5195603,-2.4813838,-2.555903,-2.5843449,-2.6193986,-2.7459757,-2.870922,-3.0448236,-3.0018349,-3.0773473,-3.1285374,-3.1792428,-3.1105807,-3.1765723,-3.2763135,-3.3554153,-3.4210181,-3.4423714,-3.4706068,-3.3903883,-3.4066951,-3.3626816,-3.3759365,-3.359068,-3.4706016,-3.4706163,-3.318695,-3.2688313,-3.169047,-3.4706082,-3.2489412,-3.249196,-3.1738582,-3.1470375,-3.2158837,-3.218038,-3.485176,-3.4706838,-3.1791854,-3.4707897,-3.4705544
0.62999177,0.6668404,0.787845,0.60132706,0.4462532,0.46622032,0.32540753,0.19397539,0.29788178,0.66981745,1.1656823,1.3376391,1.4920158,1.4210639,1.4539703,1.5978267,1.7903295,1.9232107,1.4277633,0.810674,0.409332,0.85519856,1.1841271,1.0554967,0.9761819,1.0168571,0.6601631,0.8707041,1.6114266,2.1510372,2.356567,2.1569173,1.6688323,1.7853713,1.5887804,1.0612833,1.3056041,2.1694832,2.2280788,2.0902553,2.123929,2.3931196,2.3255937,1.9643748,2.229846,2.0070484,1.8562188,1.3852777,1.1540232,1.3696516,1.428291,1.0159111,1.201068,1.3097385,1.3435802,1.392781,1.5817645,1.6480799,1.2606143,1.3079691,1.5485163,1.7327569,1.704556,1.5311558,1.3463273,1.2356489,1.1790416,1.1933926,1.293719,1.4005649,1.4593935,1.4979519,1.459218,1.5209217,1.6829112,1.8131496,1.8840368,1.8298366,1.6632099,1.2000568,1.0891336,1.5062225,1.6883671,1.7983897,1.5595714,1.0532984,0.73170674,1.1097896,1.1269766,1.527461,1.5972054,1.8567164,1.8110942,1.5767798,0.407762,-0.1922912,0.18464053,0.93408597,1.424121,1.3970594,1.4168473,1.2041339,1.1559803,1.6406006,2.274281,2.6109705,2.1907616,1.957731,2.1295671,1.7315054,1.105166,1.301916,1.8149543,1.5302587,1.8252758,1.9810231,2.2805958,2.319359,1.9202018,1.7939675,1.9494047,1.6022236,1.1622437,0.73469985,0.45574582,0.20431268,0.023931146,-0.60329735,-0.406568,0.16396493,0.16709715,0.18463323,0.6488011,0.8811799,0.6693269,0.22883008,-0.6283951,-1.6444845,-1.6468134,-1.3769243,-0.86118597,-0.4125665,-0.22292066,-0.150612,-0.15195264,-0.21666801,-0.27768233,-0.3555697,-0.34756684,-0.3138777,-0.2786098,-0.27643505,-0.23208699,-0.13536114,-0.11192597,-0.2222724,-0.27834272,-0.3779838,-0.43919316,-0.57232535,-0.41515976,-0.36936015,-0.41680878,-0.30025357,-0.107359566,-0.081440285,-0.09898793,-0.16580686,-0.1396256,-0.13680224,-0.07081519,0.10652153,0.40777293,0.36900207,0.22102466,0.1536095,-0.01923186,0.083282314,0.062239625,0.03176864,-0.02374316,-0.031440698,-0.044451863,0.9389596,-0.08701037,0.087800145,0.060512517,0.04148583,0.08616733,0.9389583,0.9389699,0.08943692,0.16825731,0.25157878,0.9389941,0.1540865,0.14382347,0.25689304,0.23026271,0.16616482,0.18169764,0.94537044,0.9389957,0.33951086,0.9392152,0.9389179
-2.37468,-2.289239,-2.063878,-1.6920251,-1.3323853,-1.3750916,-1.1568658,-1.0797989,-1.104102,-1.0382478,-0.77455443,-0.31626374,-0.099179715,-0.20543677,-0.16760433,-0.10931608,0.016142309,0.110247254,0.059290357,-0.51256096,-0.7942574,-0.87890154,-0.8575711,-0.72365457,-0.6019837,-0.42663574,-0.406013,-0.5297053,-0.8942728,-1.324553,-1.823563,-1.9238205,-2.0349402,-2.4325702,-2.0617027,-1.3423285,-1.4620867,-2.1603217,-1.9309218,-1.6553526,-1.3921206,-1.1482294,-1.1191138,-0.7758414,-1.0126648,-1.1676046,-1.0080752,-0.91903067,-1.2137291,-1.6655728,-1.3581125,-0.613407,-0.5717075,-0.67576563,-0.6462594,-0.49760136,-0.50642866,-0.68112826,-0.94015276,-1.323253,-1.6392611,-2.205814,-2.4178576,-2.5055032,-2.514948,-2.4974096,-2.4897022,-2.5099983,-2.666907,-2.7869356,-2.9157076,-2.992356,-2.933436,-2.7164502,-2.675125,-2.890029,-3.1730747,-3.41969,-3.538867,-3.399913,-3.4158185,-3.7152958,-3.5906332,-3.2792504,-3.021232,-2.6059656,-2.0478282,-2.1973662,-1.5236633,-0.4110694,-0.3207841,-0.12812549,-0.014727831,0.10259341,-0.57788897,-0.71985704,-0.57695365,-0.6796956,-0.6320604,-0.44969535,-0.091480255,-0.023197114,-0.4202208,-0.976234,-1.4588848,-1.7963519,-1.7934775,-1.8406582,-2.3905106,-2.3362193,-1.6205468,-1.6829013,-1.9146216,-1.6382028,-1.5334346,-1.5125186,-1.2915955,-1.1579792,-1.146724,-1.0734138,-1.3697987,-1.8391471,-2.0887556,-2.2355905,-2.3826756,-2.510469,-2.238151,-1.2922351,-1.0158128,-1.2185094,-1.3067439,-1.3461937,-1.4628948,-1.4720721,-1.2169185,-0.9331075,-0.62570983,-0.07940066,0.31877002,0.3334912,-0.048258968,-0.32346222,-0.42707026,-0.42893445,-0.373187,-0.2982844,-0.22504888,-0.12810053,-0.056193285,0.015917815,0.07454367,0.21667163,0.3322833,0.35754278,0.287969,0.3024011,0.2697849,0.12772468,-0.07516907,-0.38350263,-0.7410557,-1.0073867,-1.1634624,-1.3136593,-1.4537107,-1.559625,-1.5528507,-1.546215,-1.6050291,-1.6875179,-1.9447988,-2.1146364,-2.3441114,-2.2375112,-2.264847,-2.2941785,-2.367241,-2.3546288,-2.4591827,-2.5072365,-2.5794568,-2.6136532,-2.6803281,-1.3239471,-2.6461265,-2.6438317,-2.6672668,-2.664658,-2.6397865,-1.3239114,-1.3239689,-2.7029197,-2.6602154,-2.5509758,-1.3241082,-2.6220222,-2.5751572,-2.5116105,-2.4693265,-2.5599797,-2.5943737,-1.3573571,-1.3241637,-2.511207,-1.3248241,-1.3237909
-0.2706604,-0.14051694,-0.14297068,-0.082159474,-0.1586807,-0.06608845,-0.04972446,0.038539857,0.08541976,0.09737229,0.16745758,0.46870738,0.06893873,-0.18447164,-0.3090487,-0.49911296,-0.84123,-1.2917929,-1.5214963,-1.2499841,-1.0677109,-1.8032377,-2.0663607,-1.917725,-1.719592,-1.4952006,-1.1989336,-0.9821595,-0.71959186,-0.585118,-0.65553886,-0.721016,-1.040956,-1.9980054,-2.5416298,-1.7014279,-0.48410985,-0.4790528,-0.5181155,-0.7193151,-0.84102213,-0.9549814,-0.77460706,-0.8315409,-1.2877634,-1.2306607,-0.9383134,-0.26593977,1.1718705,1.9446999,1.5287087,1.2073998,0.68271136,0.41607964,0.33448553,0.5039851,0.12878387,-0.44625083,-0.20303158,-0.8218794,-1.568006,-2.2053037,-2.310316,-2.296509,-2.2499409,-2.178693,-2.1214092,-2.0908382,-2.1059268,-2.1105185,-2.123733,-2.0539274,-1.8069458,-1.5209721,-1.3808022,-1.4614182,-1.5368947,-1.6350445,-1.6863612,-1.6215118,-1.8145255,-2.1464748,-2.1082594,-1.8892058,-1.4358938,-0.67492545,0.4141952,0.6302832,0.6655269,-0.09702616,-0.46990645,-0.88450134,-1.0649254,-1.4004235,-1.2577423,-0.6777921,-0.99274766,-1.7289462,-1.9004129,-1.6312919,-1.4220587,-1.311164,-1.1257076,-0.9919212,-0.9399372,-0.9725067,-0.8747238,-1.1933513,-2.1273522,-2.631011,-1.4177403,-0.15536357,-0.35635194,-0.48125964,-0.80062795,-1.1063567,-1.1488106,-1.1048069,-0.81234837,-0.8582795,-1.1792196,-1.2773588,-1.1748273,-0.96898913,-0.44142818,0.061928436,0.10496284,0.63965726,-0.120783344,-0.850822,-1.4190845,-1.8784087,-2.0479975,-1.9357721,-1.6222566,-1.3040558,-0.9882159,-0.92963356,-0.6267929,-0.39844316,-0.49844238,-0.7253347,-0.9070656,-1.0132108,-1.0813115,-1.1376433,-1.1449317,-1.1641166,-1.2033267,-1.2459772,-1.2967759,-1.2747005,-1.1758006,-1.0984123,-1.1037558,-0.8960546,-0.62114084,-0.3126359,-0.082632795,0.02912084,-0.14960688,-0.32211426,-0.44545865,-0.5269831,-0.74209714,-0.7524472,-0.6796536,-0.7105535,-0.6300445,-0.59246397,-0.61739486,-0.69094855,-0.7080515,-0.5700303,-0.48372132,-0.52855587,-0.37047184,-0.3493185,-0.22412865,-0.23238675,-0.092024595,-0.11043924,-0.07836899,-0.13760974,-0.05866784,-0.11957371,-0.0020111203,-0.032019973,-0.0485003,-0.13762236,-0.13761123,-0.025886834,-0.052140057,-0.06515035,-0.13758026,-0.15369889,-0.022135168,-0.038931906,-0.039556444,-0.099363714,-0.11414242,-0.12884092,-0.13755634,-0.2627055,-0.1375324,-0.13765696
-2.2685046,-2.194355,-2.216075,-2.2282462,-2.2965026,-2.3363173,-2.1743708,-1.7419357,-1.4920568,-1.276662,-1.254738,-1.2878431,-1.6091076,-1.6152319,-1.6784856,-1.717745,-1.9507781,-2.384091,-2.5778458,-1.9953809,-1.2034674,-1.2464478,-1.3659701,-1.3574238,-1.3352883,-1.2802936,-1.2289035,-1.3306894,-1.4082887,-1.5063503,-1.8030294,-1.9645877,-1.9012809,-1.848983,-2.4870503,-2.3194942,-1.7062166,-1.6961621,-1.535703,-1.5644882,-1.7073226,-1.7391884,-1.9551167,-2.060112,-2.4861825,-2.2574382,-2.0516272,-1.6051483,-1.6477693,-1.9174687,-2.208763,-1.7316345,-1.5881933,-1.5541046,-1.5188917,-1.5986631,-1.4923145,-1.531726,-1.2122574,-1.2507341,-1.8449734,-2.4903507,-2.6976683,-2.7148476,-2.6799583,-2.633533,-2.5958476,-2.5518746,-2.491579,-2.467032,-2.437727,-2.2716262,-1.9702334,-1.8042758,-1.8909626,-2.0970614,-2.3407655,-2.4010177,-2.4193707,-2.5147717,-2.8469324,-3.1964095,-3.240234,-3.0873947,-2.5156426,-1.9009134,-1.7679969,-1.9225172,-1.7793393,-1.867183,-1.8055878,-1.8428557,-1.9129884,-2.0658832,-1.4562237,-0.4241723,-0.34644848,-0.8577924,-1.1271944,-1.011947,-0.9558945,-1.0169755,-1.337869,-1.5274701,-1.6965585,-1.9469255,-2.1080818,-1.9379404,-2.0115924,-2.3512912,-2.1151237,-1.3873919,-1.3966688,-1.0662577,-1.2878,-1.4433658,-1.6906629,-1.7997794,-1.803443,-1.8106085,-1.5106245,-0.0074930936,2.4110594,5.0106983,6.9030433,8.4120865,9.918433,11.355254,10.7921715,8.978531,7.645524,6.289569,4.6965094,3.4487643,1.8622224,0.51019055,-0.95107937,-1.9785986,-2.0029328,-2.0346496,-2.2153783,-2.4040706,-2.5165265,-2.5847323,-2.612049,-2.619298,-2.6023574,-2.5890293,-2.612897,-2.633411,-2.6695757,-2.6437764,-2.5636985,-2.4807315,-2.4270506,-2.283613,-2.1272497,-1.9377437,-1.7455894,-1.5370431,-1.6567615,-1.8388658,-2.0105178,-2.251318,-2.477468,-2.5654233,-2.5903392,-2.644978,-2.6282692,-2.6078057,-2.649522,-2.703189,-2.8404033,-2.8990514,-2.9016697,-2.8347893,-2.7313614,-2.7756097,-2.7331438,-2.7377257,-2.6443071,-2.627186,-2.5940669,-2.4326138,-2.6414921,-2.649229,-2.5403976,-2.5069706,-2.5250683,-2.4326239,-2.4326286,-2.4330173,-2.4433637,-2.487292,-2.4326668,-2.4431272,-2.389524,-2.4553099,-2.4718058,-2.4422493,-2.467735,-2.4546576,-2.432733,-2.685205,-2.4333642,-2.4325297
-2.8021617,-2.5968862,-2.4504793,-2.1942475,-2.0181527,-2.010187,-1.5593451,-0.9463686,-0.59066856,-0.2943077,-0.13995174,0.16945967,0.5248463,0.41777438,0.18576358,0.0548969,-0.29482323,-0.69881403,-0.91362166,-0.82379603,-0.2379549,-0.1911282,-0.4742936,-0.7614174,-0.9250987,-0.6293211,-0.2871085,-0.2641248,-0.37047282,-0.6812349,-1.2294496,-1.4107969,-1.0257075,0.112457454,0.21364109,0.4885206,-0.3665852,-1.1557128,-0.9314693,-0.8386072,-0.9000564,-1.4072483,-1.7469962,-1.1092739,-1.6127691,-1.717257,-1.6170492,-1.4073187,-1.3793962,-1.2760344,-0.9825163,-0.19067812,0.18455459,0.13582617,-0.031051014,-0.44274515,-0.7003127,-1.1344358,-1.2299787,-0.75129676,-0.96995157,-1.622862,-1.9921567,-2.0968108,-2.0584297,-2.0353565,-2.0520284,-2.0895658,-2.1877024,-2.214292,-2.2218683,-2.13929,-2.0368507,-2.0547485,-2.3011742,-2.6688886,-2.947976,-2.9693723,-2.8676662,-2.6093845,-2.389336,-2.4923816,-2.5125394,-2.3276348,-1.9434779,-1.6267358,-0.98399377,-0.38870007,0.20979577,0.6293144,0.3779984,-0.039920643,-0.35975596,-0.7506535,-0.9482457,-0.2636591,0.15514135,-0.14908424,-0.6474036,-0.914567,-0.7798573,-0.46055096,-0.80687296,-1.2758558,-1.4459263,-1.4365447,-1.2564685,-0.53250694,0.04714766,0.031007081,0.21206594,-0.5451076,-0.95012975,-0.49962252,-0.56605697,-0.94851816,-1.5798652,-2.36743,-2.2018952,-1.320147,-1.001292,-0.7752767,-0.14755425,0.70579326,1.0888922,1.1428626,2.0147552,3.5267565,3.7749538,2.3279397,1.7173626,1.5950041,1.5866597,1.318003,0.853216,0.44539684,-0.22630894,-0.6332871,-0.6959374,-0.9146627,-1.1369615,-1.1761932,-1.1298479,-1.0663829,-0.9773233,-0.8446069,-0.7335329,-0.60948026,-0.5451895,-0.44865292,-0.4190534,-0.33572125,-0.28519127,-0.2518333,-0.2040582,-0.24137929,-0.27277577,-0.28928182,-0.50731885,-0.84823453,-1.4328849,-1.8237908,-2.020688,-2.0467877,-2.0385916,-2.1325488,-2.103962,-2.078043,-2.097793,-2.1923096,-2.3208127,-2.4370174,-2.5835583,-2.6012497,-2.7438092,-2.7627382,-2.897126,-2.8162937,-2.913199,-2.9297256,-3.0494304,-3.042624,-3.1350093,-1.7149295,-3.134895,-3.089182,-3.0611005,-3.0344648,-3.0217347,-1.7148528,-1.7149488,-2.907561,-2.8384273,-2.8030992,-1.7152879,-2.9463696,-2.87732,-2.8048472,-2.7324252,-2.8605645,-2.8818676,-1.7770151,-1.7154233,-2.8675673,-1.7166331,-1.7148039
-1.3917023,-1.2569547,-1.1752288,-1.0932487,-1.1533663,-1.2499886,-1.4978584,-1.8436391,-1.9481316,-1.9212359,-1.8158667,-1.8137472,-1.8810637,-1.8548735,-1.9046707,-2.002233,-2.1685765,-2.0941133,-1.4425377,-1.0088212,-0.46770942,0.27242923,0.5847123,1.0447803,0.99517244,0.44790062,0.18534997,0.15137753,0.060293116,-0.055520445,-0.068547465,-0.25657618,-0.23567352,-0.43255493,-0.45658752,-0.9677349,-1.3291149,-1.682828,-2.2145526,-2.3397017,-2.403983,-2.413887,-2.1679287,-2.241377,-2.5708632,-2.8199306,-3.0549538,-3.233487,-3.0092707,-2.2784743,-2.1282108,-2.354092,-2.3646984,-2.3319373,-2.3979673,-2.6302705,-2.8782039,-2.830255,-2.331695,-1.6502395,-1.072669,-0.5603836,-0.38439453,-0.3141843,-0.37464,-0.53630394,-0.71181715,-0.81315637,-0.5879195,0.06612544,1.1644195,2.8398767,4.6557665,6.074563,6.852126,7.284157,7.717391,7.8727646,7.7705736,7.2391224,5.978848,4.052842,2.6023042,1.1130425,-0.08888811,-0.6678097,-1.1514583,-1.2944111,-1.8298726,-2.0211494,-2.0640602,-2.2504802,-2.3079455,-2.0562406,-1.194319,-0.5380272,-0.05367413,0.29984748,0.37731802,0.23253107,-0.3073503,-0.7890787,-0.4625951,-0.31939366,-0.24771738,-0.2383614,-0.46539846,-0.7534878,-1.0802538,-1.0932003,-1.610696,-1.792748,-2.0096927,-2.4166396,-2.5010529,-2.5979292,-2.6518135,-2.3357399,-2.0060844,-1.9022686,-2.4429588,-2.9292135,-2.9317539,-2.4820232,-1.8829618,-1.5285648,-1.4908513,-1.607491,-0.6480657,-0.15484995,0.10681424,0.11337213,-0.17355067,-0.5703746,-1.1448979,-1.4919039,-1.6663554,-1.1384234,-0.89992106,-1.4659511,-2.270588,-2.6797462,-2.775341,-2.8208785,-2.8613994,-2.8978767,-2.9186318,-2.9702501,-3.0385373,-3.1568027,-3.2187233,-3.2738109,-3.2897403,-3.3078535,-3.3525612,-3.501625,-3.730524,-3.8879616,-3.890127,-3.7236857,-3.3558779,-2.855824,-2.483136,-2.1579118,-1.8111188,-1.610172,-1.5618321,-1.4491665,-1.3752425,-1.2508664,-0.9163083,-0.7725996,-0.5171366,-0.6823199,-0.50555617,-0.5482838,-0.3537665,-0.5616349,-0.4662342,-0.43526083,-0.4498736,-0.41452476,-0.4001909,-1.3342638,-0.4108241,-0.48840412,-0.60304487,-0.63210475,-0.6914717,-1.3343704,-1.3342806,-0.90843797,-0.86631316,-0.92738545,-1.334106,-0.9994848,-0.98292863,-0.9575384,-0.91932786,-0.95472234,-0.94228005,-1.2996825,-1.3337038,-0.82423854,-1.3329691,-1.3340535
-4.0537825,-4.042795,-3.9419756,-3.746664,-3.559237,-3.594884,-3.411961,-3.227139,-3.1865335,-3.2243502,-3.1844516,-2.9345574,-2.6866906,-2.676476,-2.7084727,-2.6059995,-2.3957276,-2.1746197,-2.0896707,-2.3802567,-2.3085976,-1.6688297,-1.4693801,-1.2360759,-1.0722613,-0.9863268,-0.87196374,-0.93572867,-1.3186512,-1.6702814,-1.9258947,-1.8681799,-1.8942775,-2.0718799,-2.2230203,-2.1952038,-2.6914287,-3.1672492,-2.9209251,-2.8901322,-2.8422046,-2.767017,-2.9386044,-2.7109776,-2.4235864,-2.30205,-2.3461938,-2.62072,-3.3903608,-4.003628,-3.5647802,-3.1079383,-3.0106978,-3.1183867,-3.0261106,-3.0162096,-2.9030423,-2.7612376,-2.6326861,-2.5114057,-2.3688812,-2.3476322,-2.2761343,-2.2143955,-2.1561742,-2.1322901,-2.1295362,-2.1460469,-2.2021782,-2.3212097,-2.4447136,-2.5094616,-2.536165,-2.5142727,-2.421875,-2.3276029,-2.4014294,-2.636414,-2.8334565,-3.1255953,-3.354099,-3.7099276,-3.7603076,-3.69042,-3.6782846,-3.5500112,-3.5349393,-3.8243484,-3.4553285,-2.853531,-2.6086726,-2.5213492,-2.4096968,-2.2577,-2.6341934,-2.4525073,-1.8200561,-1.3370808,-1.067163,-0.842093,-0.6702007,-0.5857042,-0.7042875,-1.0196365,-1.440529,-1.766824,-1.8065698,-1.7249614,-1.7815598,-2.1020536,-2.3750086,-2.7480094,-2.7857113,-2.6221066,-2.720625,-2.8127735,-2.8197594,-2.6281552,-2.7601779,-2.8765516,-2.7330122,-2.4245448,-2.1445346,-2.206826,-2.4906793,-2.6047325,-2.2145958,-1.1773946,-0.73974264,-0.7225827,-0.6323259,-0.44672817,-0.53981376,-0.6140063,-0.4512114,-0.23849422,-0.1762843,-0.58095235,-1.0446645,-1.622879,-2.0754259,-2.214371,-2.2002883,-2.126432,-2.0340493,-1.9757773,-1.9043946,-1.8419992,-1.8005612,-1.6916237,-1.5969703,-1.4335501,-1.2822605,-1.239634,-1.2772552,-1.1923414,-1.1609739,-1.2660991,-1.3777251,-1.5971625,-1.8519402,-2.0836115,-2.4775176,-2.8484452,-3.21604,-3.4004383,-3.4512472,-3.5129895,-3.5759792,-3.6547828,-3.8008761,-3.865199,-4.0038023,-3.8769383,-3.9384265,-3.9416533,-4.079856,-4.0542445,-4.0949583,-4.129891,-4.116554,-4.098634,-4.146962,-3.4387474,-4.1365404,-4.0604324,-4.033922,-4.0034103,-3.9454622,-3.438736,-3.4387665,-3.8969636,-3.8870053,-3.7801719,-3.4388123,-3.798587,-3.7353625,-3.660102,-3.6146753,-3.6539922,-3.706965,-3.464701,-3.438791,-3.6509187,-3.439154,-3.4385202
-2.0668366,-1.8483504,-1.6182736,-1.3607049,-1.084704,-1.2593944,-1.5456891,-1.6674725,-1.5318027,-1.4407095,-0.91173035,-0.54403675,-0.85886264,-1.03859,-1.303243,-1.633331,-1.9826632,-2.1584582,-1.7669849,-1.2902064,-0.6821244,0.17773749,0.32916838,0.34019262,0.4545962,0.50076616,0.16329786,-0.33135703,-0.97215825,-1.42269,-1.543053,-1.6456501,-1.0903227,-0.4043028,0.5076108,0.5953349,0.08895001,-0.92378795,-1.4232624,-1.6145718,-1.9437658,-2.1979759,-2.4666977,-2.8131933,-2.6782408,-2.4734948,-2.2841609,-2.0823312,-1.2417388,-0.42823943,-0.35344374,-0.7635955,-1.0402372,-1.1483684,-1.4676745,-1.5754958,-1.547561,-1.4079969,-1.5007124,-1.4429643,-1.2078214,-0.6440505,-0.45119995,-0.30129418,-0.22661766,-0.31286287,-0.39694494,-0.49007106,-0.5407331,-0.44496524,-0.24328873,0.26454398,0.8318849,1.3357127,1.3915663,1.1785445,1.2406723,1.3919706,1.3647575,1.1423423,0.8185702,0.45432287,0.008378625,-0.40216094,-0.5718858,-0.39146918,-0.46617228,-0.51231956,-0.7579965,-0.86889905,-1.3949405,-1.9276354,-2.2336996,-2.242005,-1.3820037,-0.2809717,0.59630245,1.0257941,0.95497376,0.9805981,1.2648342,1.1126145,0.4790189,-0.29590648,-0.9097603,-1.1707609,-1.2536297,-1.2164236,-0.61693096,0.44018105,0.6346848,0.19849798,-0.71280664,-1.4164529,-1.6790038,-2.063207,-2.5440612,-2.6863263,-2.7396042,-2.8240762,-2.7621782,-2.8105438,-3.0462508,-2.7538748,-2.4367085,-1.9978273,-1.881585,-1.8333462,-0.8944577,-0.26307064,0.39191398,0.5721609,0.044416606,-0.8355322,-1.2503467,-1.2030991,-1.3433017,-1.3667246,-1.4041499,-1.7979246,-2.2234864,-2.285114,-2.1407442,-1.8539112,-1.5294938,-1.2079489,-0.97989213,-0.6708279,-0.4899739,-0.24246731,0.10407618,0.4691274,0.62437826,0.7615864,0.7424072,0.42189068,-0.04307492,-0.45237914,-0.9398695,-1.4483154,-1.942064,-2.1678495,-2.1974585,-1.9897933,-1.6111424,-1.4063865,-1.4498312,-1.3420687,-1.3109459,-1.1909026,-0.9587084,-0.72926885,-0.29877645,-0.38265604,-0.17587177,-0.073903985,0.07714681,-0.0635716,-0.046404567,0.019765474,0.098046824,0.14080493,0.26681304,0.12970838,0.236646,0.051838897,0.025537781,-0.03496232,-0.19668853,0.12972003,0.1296885,-0.3181576,-0.3328625,-0.5254563,0.12951615,-0.5816563,-0.48240018,-0.4777003,-0.5944662,-0.6023759,-0.5431031,0.108716294,0.1295575,-0.5302456,0.12941962,0.12971024
-3.731415,-3.7321694,-3.677705,-3.616882,-3.4468842,-3.4666724,-3.1846752,-2.9727864,-2.9344592,-2.8570871,-2.676097,-2.2356582,-1.639878,-1.4585522,-1.4961863,-1.4089401,-1.2300076,-1.2046158,-1.3273494,-1.5767958,-2.0026877,-2.3611076,-2.3231354,-2.2268944,-2.1423235,-1.9357822,-1.7832549,-1.8186924,-1.8642578,-1.8891242,-1.8721652,-1.5549586,-1.1435993,-1.894494,-2.9129665,-3.0502682,-3.2474294,-2.778806,-1.83307,-1.5710461,-1.517806,-1.867707,-2.6299188,-2.856031,-2.7775369,-2.5664017,-2.483917,-2.4720573,-2.8672376,-3.2885306,-2.944886,-2.0054922,-1.6573118,-1.6920727,-1.6321515,-1.7603083,-1.7132864,-1.8051063,-1.9576579,-1.9036322,-2.0282888,-2.2931325,-2.278286,-2.197795,-2.0909898,-2.0127525,-1.982915,-2.003235,-2.1478305,-2.393665,-2.6945977,-3.0560122,-3.364237,-3.532394,-3.5288644,-3.5407975,-3.7695575,-3.971661,-4.137196,-4.345085,-4.410651,-4.4451933,-4.2302732,-3.8235655,-3.397084,-3.0169618,-2.848162,-3.1472478,-2.4510856,-1.4606018,-1.2204612,-1.1132393,-1.0192653,-1.0645907,-1.4053388,-1.7280567,-2.0450785,-1.9841517,-1.8362088,-1.6767054,-1.5794636,-1.4837816,-1.6297379,-1.6444931,-1.7126321,-1.7484801,-1.4205022,-1.2584441,-1.9195048,-3.1315198,-3.3398337,-3.3398552,-2.518081,-1.5134923,-1.2366309,-1.3159124,-1.5984707,-2.05161,-2.5735097,-2.8894,-2.852792,-2.4852219,-2.0992541,-1.9295921,-2.145958,-2.4959748,-2.4943078,-2.0066066,-2.040248,-1.9153702,-1.8691044,-1.7304058,-1.7809659,-1.7646161,-1.6075281,-1.4665438,-1.3158474,-1.1617193,-1.2133913,-1.4978864,-1.7117145,-1.7396508,-1.7234948,-1.7065406,-1.6840495,-1.674993,-1.6513414,-1.6301645,-1.6143484,-1.6009762,-1.6684655,-1.7094257,-1.7021551,-1.7778327,-1.8195112,-1.7755421,-1.7984967,-1.9531696,-2.1027217,-2.3455145,-2.6888766,-2.9858294,-3.2240999,-3.547268,-3.7877917,-3.9881377,-3.9809203,-4.0116024,-4.0761366,-4.1716805,-4.3690343,-4.553319,-4.905664,-4.868097,-4.8811007,-4.9051332,-4.9612556,-4.9000564,-4.926559,-4.9784765,-4.987375,-4.985806,-5.077588,-4.8658814,-5.0523543,-4.9514556,-4.856458,-4.8071127,-4.7563186,-4.865853,-4.865885,-4.69861,-4.685167,-4.55165,-4.865882,-4.519778,-4.483772,-4.4886208,-4.4571886,-4.4434924,-4.517644,-4.8928566,-4.866004,-4.6592937,-4.8664966,-4.865747
-4.2021823,-4.172928,-4.1227837,-3.9660926,-3.9201965,-3.9929676,-3.9834766,-3.991758,-4.048647,-4.199756,-4.356841,-4.3018866,-4.0048237,-3.801681,-3.7447853,-3.7031813,-3.4988217,-2.9888349,-2.0534964,-1.4128327,-1.1168004,-1.0501393,-0.99777484,-0.99059564,-1.1804354,-1.4234207,-1.5975826,-1.7106688,-1.8880761,-2.1112316,-2.32056,-2.3550036,-1.9939721,-2.0217814,-2.734453,-3.1444032,-3.279035,-2.9854183,-3.1056738,-2.991373,-3.0801582,-3.0958214,-3.3430564,-3.736641,-3.6750102,-3.6144886,-3.7564468,-3.908556,-3.9330435,-3.892711,-4.1904054,-4.2140493,-4.045294,-3.9824495,-3.9046407,-3.768795,-3.448053,-3.0246212,-2.5035882,-2.332349,-2.0569775,-1.7297299,-1.5613198,-1.4431853,-1.4071288,-1.4619582,-1.567854,-1.6991534,-1.8918066,-2.012751,-2.111025,-2.1405728,-2.0676732,-1.7901341,-1.5247588,-1.3853681,-1.2913978,-1.1736021,-1.0788476,-1.121088,-1.296268,-1.7754842,-2.1135488,-2.4114184,-2.734209,-2.7493727,-2.9134805,-3.5910645,-3.9990718,-4.0209837,-3.8923352,-3.6830113,-3.371709,-2.6169257,-1.1590855,-0.66846496,-0.6911516,-0.91108274,-1.071385,-1.2903028,-1.3368748,-1.3581713,-1.4162078,-1.5886666,-1.8163549,-2.098763,-2.3423543,-2.0439491,-1.9978698,-2.804397,-3.40542,-3.3773565,-3.1730652,-3.3764935,-3.3616223,-3.3681307,-3.2996655,-3.1603026,-3.2979605,-3.5675645,-3.6003265,-3.3783107,-3.059,-2.6439097,-2.2961402,-2.0133865,-2.5230284,-2.9184864,-2.357432,-1.7789209,-1.5354264,-1.4127711,-1.4530511,-1.6489732,-1.9098191,-2.0109656,-2.0006526,-1.6807479,-1.7904857,-2.3880236,-2.8331673,-2.9424734,-2.9198377,-2.855252,-2.8143542,-2.8048234,-2.7917004,-2.792731,-2.8235044,-2.8155818,-2.7799091,-2.7585263,-2.7128744,-2.7778509,-2.850294,-2.8971758,-3.0371914,-3.2570794,-3.385176,-3.516249,-3.552857,-3.5439358,-3.5808976,-3.6210973,-3.6328123,-3.6807632,-3.7496166,-3.724784,-3.7323728,-3.7480478,-3.786283,-3.8477697,-3.9574378,-3.9724574,-3.881051,-3.83526,-3.7159333,-3.6990323,-3.7048216,-3.7252808,-3.6829853,-3.7007957,-3.6883073,-5.315895,-3.6699648,-3.7395287,-3.7258325,-3.7532809,-3.8017085,-5.315957,-5.3159037,-3.8798833,-3.8790064,-3.9221478,-5.315755,-3.944668,-3.940702,-3.9313889,-3.9407876,-3.9452791,-3.9212804,-5.296393,-5.3156176,-3.8639846,-5.3152957,-5.3157845
-3.072178,-2.9628222,-2.796678,-2.7419527,-2.6736617,-2.8879006,-2.7684972,-2.5721529,-2.4522758,-2.2212548,-1.9359258,-1.8717158,-1.832153,-1.7506891,-1.8020024,-1.7581106,-1.7207112,-2.06705,-2.4374676,-2.634089,-3.0252013,-3.6385133,-3.6946125,-3.5463195,-3.2775133,-2.8079042,-2.1221285,-1.7188009,-1.626198,-1.7387354,-1.9638209,-1.9589916,-1.6431178,-2.207444,-3.099207,-3.4320116,-3.7499697,-3.7996926,-3.3657293,-3.0386162,-2.9563646,-3.2897103,-3.4523568,-3.1828208,-3.0265646,-2.846792,-2.6294947,-2.4112837,-2.078988,-2.193059,-2.5657735,-2.4681768,-2.4593036,-2.4331274,-2.3814585,-2.4979,-3.0250478,-3.3531635,-2.7988968,-2.1958861,-2.6090827,-2.8727434,-2.7874672,-2.671414,-2.5916584,-2.572105,-2.6050186,-2.6755657,-2.8060653,-2.903809,-2.9884372,-3.0271983,-2.8921423,-2.7439537,-2.6959035,-2.7471294,-2.9240174,-2.94173,-2.9711485,-3.0837297,-3.2465072,-3.5796537,-3.697237,-3.6971765,-3.5359411,-3.250967,-3.1498952,-3.3132951,-2.9900825,-2.318421,-2.0739017,-2.0008225,-1.9290911,-2.176891,-2.2395663,-2.4840925,-3.0055945,-3.3219857,-3.2865198,-2.805933,-2.2423663,-1.7677001,-1.5291038,-1.4845039,-1.7401052,-2.0870535,-2.1004224,-1.6937916,-2.2520573,-3.0271416,-3.3581944,-3.7105722,-3.834806,-3.1272054,-2.7968764,-2.621375,-2.9271019,-3.4547658,-3.41471,-3.1525548,-3.0711918,-3.0029578,-2.836029,-2.3775938,-1.7187245,-1.1213917,-1.5485651,-1.9664257,-2.4200363,-2.0175092,-1.7963517,-1.9056021,-2.3215818,-2.6147523,-2.8472805,-2.957153,-3.0992036,-3.095296,-2.9521418,-2.7445433,-2.6132896,-2.5258474,-2.4743912,-2.3890996,-2.2761486,-2.1972742,-2.1199195,-2.0143638,-1.9728973,-1.9587085,-2.0415168,-2.0745268,-2.077286,-2.1027474,-2.0953684,-2.0996318,-2.138233,-2.078713,-1.9594276,-1.8271601,-1.8267841,-1.774399,-1.6595333,-1.6986675,-1.7497032,-1.9024856,-1.8238032,-1.8471694,-1.8399043,-1.8815379,-1.9783409,-2.116572,-2.44001,-2.5017982,-2.4974344,-2.5400877,-2.5285482,-2.4850361,-2.5359573,-2.6468272,-2.6724806,-2.6963606,-2.7345977,-2.7987928,-2.7377553,-2.7597785,-2.7876797,-2.7502337,-2.7970319,-2.7987933,-2.7988153,-2.8741245,-2.8837464,-2.9927433,-2.79886,-2.917634,-2.904149,-3.0436988,-3.0564017,-2.994091,-3.069816,-2.8327641,-2.7990205,-3.205412,-2.7996988,-2.798713
-0.08485752,-0.18442985,-0.131931,0.047209233,0.43331972,0.2840384,0.46770716,0.64641404,0.6924399,0.9695583,1.3374264,1.618494,1.5692463,1.6017067,1.4750636,1.2429106,1.0279353,0.62793493,0.42596018,0.7002801,0.82952696,0.42425773,-0.21921948,-1.006388,-1.4731565,-2.027467,-2.522954,-2.6880324,-2.6649988,-2.6316128,-2.5265708,-1.9788954,-1.2344812,-0.82590926,0.71834385,1.7268574,0.5795789,-0.73418957,-0.32833818,-0.13635992,-0.035806507,0.06904942,0.15505368,0.99116015,0.7044154,0.33262324,0.52425176,0.91917527,1.0045564,0.65552837,1.0304931,1.6749103,1.7578299,1.5921797,1.454714,1.2689426,1.1816232,0.9989319,1.2582765,1.7192442,1.2375569,0.32548112,-0.07295731,-0.21078163,-0.21549317,-0.17859656,-0.14612359,-0.137482,-0.15341957,-0.12614077,-0.044181705,-0.023210645,-0.18394989,-0.74418,-1.2398214,-1.4557616,-1.7858596,-1.9975433,-2.0214596,-2.1092792,-2.0991254,-1.6125034,-0.9866734,-0.1590688,0.6027254,0.6976221,0.09797013,-0.34123817,0.41198438,1.4345796,1.4795332,1.6129314,1.365358,1.1177158,1.034128,1.1001883,0.68771756,-0.17107365,-1.0155762,-1.6291833,-1.8989854,-2.0399005,-2.1506562,-2.0721729,-1.9458507,-1.7064912,-0.8236278,-0.37260848,-0.102593996,1.7256322,2.5392928,0.7932452,-0.2038936,0.34234738,0.44900048,0.5353465,0.45136046,0.5692475,0.73267746,1.0549932,0.51973325,-0.36019757,-0.8639257,-0.7823451,-0.8404875,-0.54025745,0.7943824,2.0703156,2.1014566,1.1898828,0.5566147,0.33830696,0.14145939,0.23575732,0.6748594,1.0679233,1.554243,2.1112022,2.4045973,3.0219972,3.7019763,3.9496417,3.9565616,3.8923583,3.867846,3.8781114,3.867446,3.829532,3.8537633,3.6782975,3.4510107,3.2446887,3.0700798,2.833107,2.840179,3.0139122,3.395087,3.461051,3.1919384,2.7538302,1.8181334,0.9261089,0.44770914,-0.028913274,-0.40125346,-0.5147072,-0.61090446,-0.5987189,-0.66303974,-0.72425413,-0.8975129,-1.0840555,-1.3113501,-1.2694118,-1.3537619,-1.3554223,-1.3663081,-1.3660029,-1.4494629,-1.4681114,-1.5647491,-1.6481345,-1.7085903,-0.8220883,-1.6170387,-1.6628867,-1.7026924,-1.7373811,-1.6866733,-0.82203007,-0.8220895,-1.6685933,-1.681907,-1.565218,-0.82220423,-1.5205731,-1.5271869,-1.5493735,-1.4441925,-1.4802274,-1.4771831,-0.8549533,-0.82236123,-1.3952223,-0.8230295,-0.82207596
-1.0414468,-1.0234284,-1.052047,-1.0315669,-1.0133576,-1.002359,-1.1546619,-1.6549677,-1.9295601,-2.2285705,-2.4795132,-2.6137812,-2.180873,-1.9105709,-1.7763454,-1.658715,-1.47399,-1.0444851,-0.62006944,-0.5803225,-0.79626834,-0.7781023,-0.71697,-0.61036575,-0.2392366,0.54213065,1.2882926,1.9152203,2.2172346,2.1474342,1.7535263,1.4804279,0.57794344,-1.1869457,-1.998826,-2.571168,-2.603478,-1.7104422,-1.2721381,-0.8942828,-0.7782986,-0.7458495,-0.51483697,-0.4002871,0.008117839,-0.20535278,-0.54298013,-1.1686175,-2.3399296,-2.8875885,-2.9645977,-2.8769162,-2.4127965,-2.1826425,-2.0141165,-2.0000858,-1.9962097,-2.0405273,-2.2448394,-2.034217,-1.4384761,-0.8189406,-0.6126144,-0.5851685,-0.59366673,-0.6145383,-0.6630605,-0.7250956,-0.92939204,-1.1725305,-1.4546704,-1.8121471,-2.089224,-2.0916274,-2.0000558,-1.9312835,-1.9324169,-1.8359149,-1.5779617,-0.8695744,-0.117887706,0.32185185,0.2996736,0.09520227,-0.36477733,-0.8617118,-1.4914159,-1.8771882,-2.3194664,-2.0398245,-1.8057946,-1.5191004,-1.2567682,-0.73350835,-0.3601843,-0.7100983,-0.839298,-0.6031407,-0.39694643,-0.15884931,0.6150961,1.8285394,2.6778579,3.077833,2.9789443,2.6719475,1.8152933,0.24401243,-1.0083045,-2.0921485,-2.5742266,-2.4712694,-1.8254428,-1.633369,-1.2383163,-1.0058267,-0.7690041,-0.78384125,-0.6687562,-0.5116295,-0.25123733,-0.117537305,-0.16413301,-0.31816038,-0.53248537,-0.84829414,-1.4506218,-2.1547914,-1.72679,-1.5358605,-1.5644805,-1.3809191,-1.1846752,-1.0962172,-1.1856314,-1.1480933,-0.9211974,-1.1383879,-1.2298664,-1.1347487,-0.69429135,-0.30920967,-0.12789914,-0.058890015,-0.11276606,-0.23314345,-0.32097834,-0.5329823,-0.70911694,-0.8482522,-0.90774184,-1.0989686,-1.2314885,-1.3733351,-1.4863961,-1.519146,-1.628789,-1.805931,-1.9049377,-1.8602619,-1.5988421,-1.3416734,-1.3052402,-1.1417239,-1.0486865,-0.98014903,-1.0014033,-1.0093985,-0.95768327,-0.96631217,-0.9000808,-0.8595929,-0.68552446,-0.6014878,-0.53261375,-0.5818236,-0.63715357,-0.82106555,-0.7328525,-0.6675935,-0.5662536,-0.55456984,-0.5339736,-0.74418724,-0.469737,-0.4632072,-0.54846853,-0.593768,-0.52069414,-0.7443212,-0.7442074,-0.6331403,-0.58458996,-0.60459244,-0.7438797,-0.6179839,-0.7360304,-0.64758486,-0.5172024,-0.54157877,-0.47202253,-0.6991166,-0.74347377,-0.055075385,-0.742641,-0.74379635
-0.78079104,-0.785594,-0.6957854,-0.56334734,-0.6959014,-0.9115894,-0.9512054,-0.5855843,-0.39719853,-0.39832133,-0.49911338,-0.6631466,-1.0293255,-0.9587736,-0.98040533,-1.1169963,-1.3681275,-1.534337,-1.605979,-1.2892731,-1.1887015,-1.5504942,-1.6060742,-1.5875063,-1.4748211,-1.1636162,-0.93750095,-1.0403968,-1.5478213,-1.9695355,-2.5037465,-2.72863,-1.9305146,-1.6771278,-2.3584428,-2.7476888,-2.5005236,-2.005723,-1.4586737,-1.3705356,-1.4393784,-1.1898506,-0.5259819,-0.8655726,-1.602839,-1.8095173,-1.687654,-1.2776,-0.74921846,-0.8374855,-1.4574823,-1.7290658,-1.6658099,-1.568454,-1.5126381,-1.8971438,-2.2456882,-2.1767745,-1.0442508,-0.6794274,-1.1907432,-1.7792951,-1.9223878,-1.8983355,-1.8534184,-1.7562808,-1.6668284,-1.5909337,-1.5677404,-1.584452,-1.5432516,-1.3741198,-1.0629839,-0.9320377,-1.0210483,-1.0815566,-1.098503,-0.9853068,-0.9815104,-1.246475,-2.111166,-2.930056,-3.090532,-3.0268865,-2.2920418,-1.3719919,-0.73926216,-0.83098644,-1.262284,-1.5573246,-1.64099,-1.7734863,-1.8363082,-1.8901626,-1.4155205,-1.1040603,-1.3318834,-1.3400797,-1.1694062,-0.8190003,-0.65521693,-0.5593521,-0.76576126,-1.0280528,-1.6394542,-2.2064092,-2.2971387,-1.18661,-1.0370696,-1.6733537,-2.0796807,-1.8934608,-1.5679241,-0.96965224,-1.1475894,-0.9949992,-1.0033385,-0.85816604,-0.4269264,-0.59375507,-1.1892622,-1.4942001,-1.5431404,-1.2047713,-0.4001028,0.31264058,0.49077755,0.123584956,-0.62318325,-0.49034888,-0.6208124,-0.94763124,-1.4018387,-1.7231097,-1.997952,-2.1920757,-2.3193035,-2.2422826,-1.7866744,-1.2351347,-0.822089,-0.72969115,-0.7941457,-0.8638525,-0.87517035,-0.9116724,-0.9349208,-0.9527304,-0.98546284,-1.0855613,-1.1687214,-1.189935,-1.1971881,-1.2044661,-1.1388848,-1.0591369,-0.8447051,-0.4869918,-0.15292968,0.23249912,0.24145752,0.10563202,0.055754673,-0.2444394,-0.48089316,-0.62335837,-0.74545705,-0.7745059,-0.775325,-0.7089815,-0.6915183,-0.670249,-0.68325514,-0.9131797,-0.9082807,-0.7347475,-0.532565,-0.58515424,-0.5969354,-0.59490514,-0.48950523,-0.44345218,-0.29289398,-0.17112325,-0.45236418,-0.49982238,-0.51426524,-0.4306103,-0.48818168,-0.17107195,-0.17109722,-0.266013,-0.3238809,-0.56256413,-0.17125404,-0.28748533,-0.39169466,-0.505644,-0.63884383,-0.4500795,-0.4159304,-0.1755892,-0.17130774,-0.6358602,-0.17132035,-0.17131914
0.7528302,0.6289144,0.62706894,0.52188003,0.44327822,0.58125037,0.43452737,0.17460924,-0.019943938,-0.29994243,-0.3618378,-0.020472862,0.58757603,0.7307908,0.95023936,1.1698985,1.3442515,1.5097544,0.9484949,0.07161844,-0.718953,-0.70033854,-0.752924,-0.6236272,-0.515985,-0.084985465,0.5459703,1.0822588,1.8432165,2.3600101,2.864734,2.8566227,2.2568023,1.8245559,1.0709832,0.51347214,0.5964874,1.2586623,1.0841784,1.200363,1.3081257,1.7692617,2.5107422,2.8479996,3.1891055,2.9293485,2.5772593,2.0051289,1.1535146,0.89554536,1.0080616,1.1617224,1.1005142,1.165922,1.253124,1.6732349,2.1753864,2.5299509,2.9354575,3.9559264,4.3639812,4.6021423,4.6814084,4.7031765,4.6676626,4.6281705,4.59631,4.5697355,4.4693193,4.2396436,3.8873408,3.2349246,2.332859,1.5022128,1.0902058,0.97091067,0.73388,0.7435005,0.7515625,0.41247904,0.6410927,1.1828434,1.3279184,1.2430123,0.76325333,0.268808,0.120638,0.107059136,0.33753455,0.8615431,0.96540654,1.4581008,1.4670433,1.170784,-0.008610308,-1.1197284,-1.1138135,-0.72110283,-0.54670346,-0.45142645,-0.3540868,0.22482385,1.1321013,1.6432973,2.2502904,2.5832615,2.2033026,1.8940593,2.165487,0.93205196,0.3303791,0.659461,1.241638,0.9651458,1.0608329,1.1809087,1.6070244,2.1107795,2.5851712,2.9843204,3.2482324,2.934944,2.1333795,0.9909742,0.13464716,-0.06561805,-0.025469482,-0.7038798,-0.336168,0.5798724,0.8030509,0.6130016,0.61943614,0.9112206,1.2048115,1.3663629,1.9795051,2.7432036,2.0506754,1.5823135,1.8139284,2.2444878,2.5109115,2.6881342,2.8631172,2.9777927,3.0351238,3.1167264,3.1814911,3.2859364,3.2200525,2.9135365,2.7171562,2.4915168,2.32025,2.181384,1.9799857,1.8244989,1.6692531,1.3348122,0.9899526,0.9188744,1.0072514,1.1348271,1.1725485,1.1719723,1.1910009,1.066084,0.9668405,0.93579865,0.76608604,0.79677016,0.59183073,0.595719,0.4506261,0.5879547,0.37724602,0.6818511,0.49175578,0.37436977,0.20230182,0.08440701,0.11353376,-1.0805738,0.033946782,-0.007186413,-0.07205184,-0.1316537,-0.106029615,-1.0805839,-1.0805255,-0.13522263,-0.20310481,-0.14107718,-1.0802934,-0.08634888,-0.22659688,-0.14895795,-0.19120696,-0.21548095,-0.057824507,-1.0267775,-1.0801382,0.1268077,-1.0794039,-1.0805805
-0.9773342,-0.9740287,-0.9704666,-1.0122354,-0.8087387,-1.015981,-1.2389779,-1.3683205,-1.0623485,-0.24361709,0.99045134,1.779846,1.7132478,1.9227524,1.9097759,1.8173499,1.7581563,1.4542584,0.85066617,0.6165782,1.1295837,2.404698,2.9414186,3.0181756,2.703118,1.7927271,0.6436123,0.29044116,0.6687398,1.1903933,1.6365867,1.4698559,0.75902545,1.4955163,2.68528,2.6907573,1.718066,1.4826636,2.0935574,2.4675121,2.4598029,2.2213569,1.7850693,1.855243,2.5271647,2.5986137,2.4638908,1.994358,0.8888698,0.31529737,0.64074594,1.5787596,1.8079535,1.7818657,1.953321,2.066093,2.049837,1.6577592,0.99197376,1.5880129,2.2720468,2.7863026,2.9367294,2.957239,2.94361,2.9485376,2.97139,3.0120435,3.0015547,2.86188,2.573831,2.2066333,1.7986374,1.5711069,1.5239321,1.3911324,1.1547215,1.167511,1.0780873,0.98312324,1.2768793,1.5823203,1.7030549,1.6539309,1.279048,0.9565042,0.6555001,0.85765094,1.7585535,2.2857265,2.12338,2.0791314,1.9819168,1.4857478,0.8490552,1.7105157,2.7170496,3.157026,3.060369,2.4471104,1.7104783,0.9142128,0.71257496,0.97266686,1.3249292,1.5264907,0.9753102,0.6609278,1.7607348,3.329446,2.9637036,2.0156784,2.1143537,2.6508484,2.7457323,2.7447696,2.447097,2.0922706,1.8046793,1.6990137,2.0109732,2.0405154,1.5990014,0.69645697,0.026019244,-0.3663605,0.2210966,0.86645657,0.6437384,0.13722044,0.3991841,1.2801828,2.0988207,2.495946,2.940313,3.2191708,3.128799,2.1119087,1.3887038,1.457023,2.1176448,2.5788329,2.6764126,2.6915886,2.619738,2.458151,2.3732715,2.1597724,1.9913398,1.865601,1.865154,1.7552452,1.7421844,1.6200526,1.4922824,1.5914444,1.6292545,1.4933966,1.3272423,1.0573226,0.8998409,0.6261606,0.12389851,-0.28962928,-0.5819437,-0.7322391,-0.8396096,-1.0095576,-1.0820223,-1.0816661,-1.2465472,-1.2407506,-1.1567047,-1.0426675,-1.0483906,-1.0893204,-1.1190902,-1.0834248,-1.0462936,-1.0508757,-0.9352071,-0.9210933,-0.86611295,-0.7200404,-0.7665358,-0.75425136,-0.74329007,-0.8040565,-0.79413056,-0.72007334,-0.72000444,-0.7237411,-0.7456665,-0.7059905,-0.71979564,-0.6959756,-0.7556813,-0.73511726,-0.74347955,-0.69518256,-0.65427125,-0.6795644,-0.7195068,-0.5269929,-0.71847093,-0.7199582
-6.309516,-6.244627,-6.2164664,-6.1270914,-6.1117334,-6.1019306,-5.896206,-5.67081,-5.623887,-5.715215,-5.810749,-5.5617294,-5.1229544,-5.0420613,-5.0639305,-5.0560102,-5.024597,-4.814891,-4.305951,-4.0487947,-4.0895233,-4.418581,-4.467326,-4.1804905,-3.834597,-3.1842506,-2.4089274,-2.1868453,-2.490883,-2.8419752,-3.126761,-2.944727,-2.2409327,-3.1787317,-4.4450245,-4.865631,-5.113594,-5.326051,-5.508002,-5.449094,-5.4462147,-5.501515,-5.4474483,-5.4970174,-5.6512327,-5.538232,-5.5201344,-5.4486113,-5.3015556,-5.406951,-5.7119246,-5.5182686,-5.39542,-5.4158826,-5.436411,-5.515505,-5.424781,-5.20307,-4.461108,-4.251351,-4.388486,-4.414361,-4.2377176,-4.042392,-3.9075322,-3.8845348,-3.9386263,-4.0484576,-4.2274985,-4.3224688,-4.3707056,-4.2937083,-4.0705814,-3.84458,-3.7633023,-3.746252,-3.7575693,-3.7873254,-3.799287,-3.8751035,-4.33907,-5.188043,-5.6851254,-6.0504246,-6.1612864,-5.9707823,-5.6989384,-5.853814,-5.893796,-5.4055986,-5.302985,-5.310272,-5.163214,-4.7550344,-3.9996438,-3.9018564,-4.0680466,-4.1359754,-4.02477,-3.4871502,-2.781713,-2.0732448,-1.898191,-2.2053597,-2.6575541,-2.991118,-2.7244027,-2.4754763,-3.492093,-4.879716,-5.263537,-5.3132777,-5.479512,-5.4907975,-5.5135484,-5.585767,-5.600879,-5.5382047,-5.4068227,-5.40368,-5.4371486,-5.102991,-4.5034447,-3.7008166,-2.9934013,-2.5637188,-3.1105025,-3.2045455,-2.875795,-2.7062294,-2.9140885,-3.425004,-4.195242,-4.7110224,-5.061426,-5.119954,-5.0225945,-4.4554973,-3.9654386,-4.130624,-4.5437417,-4.7429037,-4.738011,-4.6414676,-4.5310698,-4.417392,-4.3203955,-4.171981,-4.0929804,-3.9958138,-3.996789,-3.9271307,-3.8548179,-3.8565514,-3.870089,-3.8999057,-4.0259995,-4.1889577,-4.2917414,-4.4263906,-4.69555,-4.7738414,-4.743567,-4.818021,-4.947277,-5.0701585,-5.071026,-5.043089,-5.05676,-5.1279,-5.2406106,-5.414677,-5.712129,-5.7394514,-5.7263947,-5.7576127,-5.7073097,-5.6807694,-5.7038946,-5.7786665,-5.808512,-5.809146,-5.8612165,-5.9335737,-5.882745,-5.891678,-5.8900223,-5.8500943,-5.8683977,-5.9335556,-5.933612,-5.9227676,-5.919209,-5.960802,-5.933778,-5.9508944,-5.8969154,-5.9211965,-5.9182177,-5.911517,-5.965539,-5.976477,-5.933983,-6.0479584,-5.9349117,-5.9335175
