0,1,2,3,4,5,6,7,8,9,10,11,12,13,14,15,16,17,18,19,20,21,22,23,24,25,26,27,28,29,30,31,32,33,34,35,36,37,38,39,40,41,42,43,44,45,46,47,48,49,50,51,52,53,54,55,56,57,58,59,60,61,62,63,64,65,66,67,68,69,70,71,72,73,74,75,76,77,78,79,80,81,82,83,84,85,86,87,88,89,90,91,92,93,94,95,96,97,98,99,100,101,102,103,104,105,106,107,108,109,110,111,112,113,114,115,116,117,118,119,120,121,122,123,124,125,126,127,128,129,130,131,132,133,134,135,136,137,138,139,140,141,142,143,144,145,146,147,148,149,150,151,152,153,154,155,156,157,158,159,160,161,162,163,164,165,166,167,168,169,170,171,172,173,174,175,176,177,178,179,180,181,182,183,184
13.773191,13.81129,13.796057,13.708904,13.690187,11.729061,13.667069,13.544395,13.055582,11.72938,11.326573,11.089502,10.501263,11.20952,11.322247,11.039991,10.576162,9.704433,8.34268,6.2134166,4.174287,2.4226341,1.7914484,0.8631149,0.2534908,0.048087463,0.079330325,0.1296587,0.20435622,0.24948958,0.2817488,0.54485506,0.67635214,0.82359445,0.97295487,1.7478025,2.533914,2.440822,2.2894444,2.0397065,1.996385,2.1432962,2.748521,3.7562776,5.14094,5.7060456,5.328239,4.3478417,2.7754855,2.1127863,1.7598407,1.1346622,1.4736856,2.1700635,2.728763,2.5850196,2.0910122,1.658177,1.6084236,2.1517277,2.924871,3.746201,4.4419446,5.133218,4.805829,3.5270598,2.2338576,0.924685,0.6070771,0.8319363,0.85498905,0.8008187,0.657671,0.6689249,0.85399973,0.9035003,0.87294996,0.9890125,1.8355136,2.924094,3.524513,3.7305527,3.4557784,2.5283983,0.9838774,-0.40595302,-0.35522014,0.2395419,0.66271275,0.87790966,0.88565385,0.74644005,0.46830094,0.15485957,-0.054400742,0.076683864,0.6448701,1.3338429,1.98686,2.3739324,2.311149,2.278121,2.384172,2.810784,2.8831801,1.8240966,0.40825346,0.095696,1.1261609,1.8354516,1.8435786,1.7111052,1.5802957,1.4900804,1.4890745,1.590025,1.8876113,2.4172153,2.7757587,3.1583288,3.3360724,3.3881989,3.4701807,3.5954826,3.7208056,3.654775,3.4603562,3.0340674,2.6970384,2.5210278,2.5814388,2.6354558,2.7199006,2.7831194,2.8427346,2.886991,2.9362943,3.1407309,3.2464633,3.2509592,3.1214771,2.8615441,2.605712,2.5669866,2.5015473,2.5397053,2.346788,2.2599494,2.348868,2.402235,2.347311,2.3992424,2.479485,2.6427622,2.7797832,2.6966293,2.6982226,2.906563,3.0419068,3.4381464,3.4235084,3.483235,3.6220994,3.9717922,4.9018097,5.755364,6.984519,8.026619,8.56514,9.116263,9.597736,10.005834,10.2243595,10.927367,11.488734,11.911722,12.572361,12.767189,12.840763,12.824766,12.803169,11.728585,11.728255,11.727855,11.7278385
-2.6893296,-2.7478318,-2.7435338,-2.7284358,-2.7107577,-0.93367577,-2.699663,-2.5916176,-2.4745703,-0.9339356,-2.414281,-2.2673998,-2.27843,-2.1772308,-2.262651,-2.386104,-2.5420132,-2.6505442,-2.7128391,-2.6152177,-2.4144945,-1.7448189,-1.3646227,-0.7455281,-0.5926101,-0.9031725,-1.133353,-1.2153335,-1.2785127,-1.2517425,-1.0234913,-0.83523273,-0.8606611,-1.1333243,-1.1991382,-1.6108842,-2.2818708,-2.3027122,-2.3248658,-2.40975,-2.5221515,-2.6004562,-2.6755352,-2.7417512,-2.7637744,-2.861527,-3.1697636,-3.4593267,-2.8491907,-2.203642,-2.3408256,-2.7030816,-2.8421588,-2.942266,-2.790283,-2.5752113,-2.241708,-1.8780208,-1.8572869,-1.9857292,-1.9938835,-1.9175193,-1.6741402,-1.4863131,-1.4145782,-1.3443216,-1.0614789,-0.9182031,-1.058512,-1.0021864,-0.7194475,-0.5015172,-0.48770386,-0.5151861,-0.60201716,-0.79033756,-1.0405422,-1.3235815,-1.7007124,-1.8787296,-1.7977297,-1.6069474,-1.3756053,-1.1680045,-0.9823679,-1.0567192,-1.1655291,-0.82982445,-0.22348577,-0.0014767796,0.043882325,0.07970737,0.119095474,0.09194426,-0.14411968,-0.56017303,-1.3136402,-2.1225224,-2.5158439,-2.588585,-2.5609348,-2.4429116,-2.3366673,-2.2902887,-2.1552556,-1.9362333,-1.8233848,-1.7521557,-1.9925367,-2.594184,-2.3730845,-1.8567771,-1.5781555,-1.4253062,-1.2830918,-1.3667696,-1.6705656,-2.0681298,-2.3068964,-2.473842,-2.6312566,-2.7384412,-2.8750658,-2.9612823,-3.2112193,-3.3303385,-3.4762468,-3.4823313,-3.3903847,-3.3205154,-3.2869823,-3.256156,-3.2484198,-3.2390127,-3.1510139,-2.922179,-2.6434803,-2.3268356,-2.1433628,-2.0071049,-2.026808,-2.238232,-2.2206678,-2.1947956,-2.3152797,-2.328039,-2.2049694,-2.179585,-2.199484,-2.1714659,-2.1775508,-2.2074184,-2.2005994,-2.2155776,-2.2094207,-2.2310083,-2.2326612,-2.2620397,-2.26248,-2.3281114,-2.3220081,-2.3510363,-2.3441515,-2.4118695,-2.503039,-2.5307765,-2.362523,-2.097711,-2.0358613,-2.045736,-2.0681088,-2.0653937,-1.8556607,-1.7661531,-2.0895238,-1.9510536,-1.8778713,-1.8220347,-1.8750811,-1.8639351,-1.9094092,-0.93301284,-0.93273574,-0.9321312,-0.93202406
-0.83857334,-0.7494633,-0.7843694,-0.8194787,-0.7832545,0.28149334,-0.7536591,-0.82494164,-0.9484831,0.28147906,-0.8786527,-1.0637016,-0.6984778,-1.0677845,-1.0842934,-0.8894917,-0.6452238,-0.36254716,-0.12693167,0.04390344,0.32868722,0.22166562,0.01590537,-0.3675384,-1.040209,-1.6541389,-2.422221,-2.9320471,-3.1128368,-3.2558422,-3.4509788,-3.4829092,-3.2779021,-2.343236,-1.171638,-0.54681826,-0.52590823,-0.5465727,-0.6084267,-0.78598285,-0.87575704,-0.8199974,-0.7423122,-0.67854834,-0.5655775,-0.34208083,-0.41156644,-0.33260307,-0.4858339,-0.9705929,-1.3951701,-1.6121918,-1.747647,-1.72318,-1.629672,-1.6409662,-1.5898978,-1.1123564,-0.77187324,-0.65772486,-0.5949418,-0.4618675,-0.4071795,-0.5602475,-0.91105133,-1.2473643,-1.4330258,-1.3921828,-1.0879208,-1.0953286,-1.3129921,-1.4376556,-1.5863702,-1.8179591,-1.9895217,-1.9201345,-1.6045535,-1.1077065,-0.7575072,-0.38890153,-0.14061652,-0.09670974,-0.35275593,-0.91582865,-1.3588797,-1.3956563,-1.1581291,-1.3350936,-1.5927827,-1.463197,-1.3030757,-1.2708733,-1.1474717,-0.7696736,0.34189492,3.145905,6.7507124,9.441757,11.321428,11.949735,12.15756,12.233528,12.26189,12.280638,12.424166,12.798973,12.748887,11.777155,10.439615,7.3895607,2.4314766,0.7812637,0.33338642,0.20997351,0.11131233,0.0057663918,-0.2078233,-0.38136396,-0.4818654,-0.5942386,-0.6702494,-0.71684605,-0.7990309,-0.8191337,-0.9132522,-0.99445903,-1.0656013,-1.1291678,-1.1198642,-1.1769159,-1.2460197,-1.3085194,-1.3766121,-1.458006,-1.5438755,-1.6918839,-1.8088627,-1.8603606,-1.849154,-1.7376704,-1.5552089,-1.4156241,-1.3812585,-0.94847333,-0.46153992,-0.12330305,0.047740176,0.09275457,0.05898775,0.074528545,0.1763726,0.26821244,0.25995624,0.22205748,0.14877471,0.17060208,0.13362892,0.13627619,0.021420456,-0.023104023,-0.047402684,-0.05984324,-0.10180859,-0.059919726,-0.035254568,-0.085164584,-0.292988,-0.43481815,-0.6522136,-0.79740655,-0.83238435,-0.9970319,-0.8960432,-0.96253526,-1.0034845,-0.9463736,-0.9545956,-1.0199249,-0.9389086,-0.9078288,-0.8174335,0.28181273,0.28172097,0.2816807,0.28165746
-1.3816735,-1.3593475,-1.3521965,-1.3576348,-1.3495997,0.7571793,-1.3791131,-1.3143247,-1.0792243,0.75687754,-0.99502945,-1.096981,-1.1308306,-0.96545523,-0.88915795,-0.71221864,-0.67646533,-0.64782566,-0.56660545,-0.3388555,-0.21812461,0.25834846,0.45926872,0.8950129,0.71392876,0.029885232,-0.782423,-1.3808813,-1.7068274,-1.8686106,-1.9058993,-1.8217098,-1.8785853,-2.0192819,-1.8624817,-1.779214,-1.8468386,-1.9685194,-2.1090097,-2.198523,-2.2728019,-2.3924325,-2.6898475,-2.7784998,-2.6351032,-2.1058567,-1.3635204,-0.54430634,0.40922147,0.7165078,0.63245237,-0.12493581,-0.7964283,-1.2759259,-1.7109027,-2.0296476,-2.1612828,-1.856425,-1.2891724,-1.0141174,-0.93408084,-1.0058502,-1.09684,-1.3390454,-1.5967511,-1.6658022,-1.333179,-0.8760741,-0.92936397,-1.4215579,-1.9003608,-2.1844935,-2.251256,-2.109281,-1.7559685,-1.5450101,-1.2612828,-0.9454668,-0.84020567,-0.7700392,-0.7821746,-0.8849602,-1.0774157,-1.4656553,-1.4219327,-1.3402487,-1.4761751,-1.4734633,-1.5022728,-1.5823289,-1.5406816,-1.3132448,-0.7315625,-0.22647724,0.076801956,0.20274371,-0.33805686,-0.88078856,-1.1878183,-1.2537873,-1.2440754,-1.2934318,-1.3363025,-1.3570136,-1.3258137,-1.1159737,-0.79442286,-0.39531887,-0.101018056,-0.14494473,-0.6023847,-0.9316437,-1.0787952,-1.1497295,-1.0890135,-0.8752646,-0.7162373,-0.73461294,-0.7965429,-0.89212304,-1.0695463,-1.2187399,-1.4265438,-1.5388997,-1.9450152,-2.2431357,-2.581535,-2.6667628,-2.5661316,-2.3643982,-2.15437,-2.0338204,-1.9689347,-1.8576555,-1.730016,-1.6200478,-1.4837337,-1.342458,-1.2452712,-1.082991,-1.0136702,-1.2118047,-1.2979099,-1.1139817,-1.2678744,-1.4513056,-1.6362904,-1.7883761,-1.9160961,-1.9213132,-1.8975438,-1.8973488,-1.8922781,-1.8534323,-1.8200945,-1.857881,-1.905888,-1.9963356,-1.9907819,-2.061131,-2.0638149,-2.027612,-2.0331967,-2.1490686,-2.2323022,-2.0641608,-1.8518416,-1.6689662,-1.5768743,-1.4505519,-1.3579649,-1.1872231,-0.88160586,-0.43882024,-0.21798062,-0.1780644,-0.08235735,-0.019787967,-0.30608732,-0.28850448,-0.39922023,0.7582106,0.7583401,0.7586944,0.75872266
0.20142595,0.21152079,0.18903284,0.13559954,0.104868114,0.5369006,-0.031020552,-0.17536262,-0.4773115,0.5369036,-0.78014636,-0.57371867,-0.63975644,-0.38062027,-0.44709736,-1.0207986,-1.0590228,-0.9320053,-0.752877,-0.5779678,-0.6045606,-0.88658184,-1.2967144,-1.690426,-1.5363599,-1.0225948,-0.25223827,0.2569905,0.45518315,0.4781557,0.2536364,-0.029198479,-0.26176235,-0.83022046,-1.6316841,-1.7853765,-1.186129,-0.92156625,-0.80755997,-0.71998775,-0.7190065,-0.6688983,-0.5986988,-0.655933,-0.93358994,-1.4473449,-1.6267011,-2.1259868,-2.7355297,-2.8107452,-2.1623821,-1.0383569,-0.22863597,0.30347267,0.68148327,1.0103961,1.1589205,0.84720933,0.081346765,-0.7248871,-1.3677173,-1.7686963,-1.9183117,-1.696772,-1.3992202,-1.2567253,-1.288433,-1.0053403,-0.41621,-0.056795903,0.1515756,0.35209262,0.5588178,0.6650169,0.6328341,0.32330796,-0.16885528,-1.0308976,-2.0912805,-2.7622025,-2.8497608,-2.638267,-2.288526,-2.0355175,-1.8982912,-1.562544,-1.050817,-0.8029491,-0.942842,-0.9765131,-1.1455468,-1.2540585,-1.2859199,-1.2234116,-1.3036366,-1.3991923,-0.9188639,-0.9402374,-1.0451806,-1.2569048,-1.3746822,-1.3938355,-1.3273401,-1.1516838,-1.067953,-1.0145786,-0.70289254,-0.023142755,0.31205612,0.6142341,1.0577923,0.9285303,0.57387966,0.31256068,0.036257923,-0.1662513,-0.14734823,-0.13623604,-0.26540518,-0.3811922,-0.4244222,-0.4200642,-0.35389027,-0.31768936,0.09055239,0.53616095,1.3046622,2.0109556,2.497748,2.9049165,3.1184263,3.2049856,3.3784041,3.542581,3.7073019,3.8671155,3.9869447,4.0628033,4.096383,3.942808,3.4325142,1.858483,0.27252492,-1.3090205,-1.7441553,-1.6557071,-1.460919,-1.3765866,-1.3066618,-1.3327883,-1.31445,-1.2957096,-1.2694836,-1.2927881,-1.3054435,-1.2148875,-1.1821649,-1.1613861,-1.109511,-0.9764341,-0.9512324,-0.9525866,-0.93114567,-0.8601308,-0.7776166,-0.71689296,-0.59145904,-0.44441676,-0.17699495,0.057645224,0.12756033,0.046271168,0.11418302,-0.15341023,-0.20745094,-0.4057006,-0.5266229,-0.5687335,-0.607231,-0.7160682,-0.68742484,0.53671813,0.53672606,0.53656536,0.53655225
-3.1301641,-3.1806607,-3.272698,-3.400877,-3.470201,-2.3680942,-3.4224424,-3.44348,-3.3664308,-2.3683782,-3.0457926,-3.109299,-2.8900456,-3.0179698,-2.8917403,-2.7664523,-2.6932,-2.5973592,-2.163409,-1.4681809,-0.9929673,-0.5112334,-0.39621782,-0.46684515,-1.0387988,-1.4606588,-1.3067639,-0.95057666,-0.6055856,-0.16175061,0.49961668,0.8215196,0.6144359,0.11100486,-0.41454107,-1.5019534,-2.1623545,-2.0810633,-1.9723364,-1.8823867,-1.856977,-1.8395677,-1.7395955,-1.6342869,-1.6549039,-1.6186986,-1.3752573,-0.77712196,0.73603964,1.4150026,0.9803617,0.032906875,-0.6387103,-0.940754,-1.1934323,-1.23858,-1.3372898,-1.6284738,-1.798179,-1.8577983,-2.0624757,-2.3919978,-2.6862102,-2.866543,-2.7389116,-2.3327847,-1.7715093,-1.3668594,-1.7311534,-2.0441813,-2.224364,-2.1237922,-1.8927083,-1.6244599,-1.4397144,-1.4475783,-1.6139218,-1.7700531,-1.9977942,-2.0905173,-2.3040116,-2.4488292,-2.4494855,-2.4888191,-2.5192552,-2.2987876,-2.3048553,-2.1320415,-2.0157816,-1.9531007,-1.9435394,-1.7824323,-1.4220204,-1.2189916,-1.3507404,-1.6266958,-1.5553931,-1.2136784,-1.0157828,-1.0735283,-1.1520271,-1.2661266,-1.3338761,-1.4298041,-1.138774,0.33668792,1.8398702,2.4513483,1.7272305,1.5214231,2.1437073,3.5537686,4.9333224,6.1401343,8.156983,9.83505,10.985573,11.640353,11.906592,12.016689,12.031431,12.025489,11.952295,11.873709,11.596705,11.358262,10.817972,10.036363,9.388362,8.729471,8.291006,7.975782,7.5601344,7.0203466,6.1525145,5.251894,4.196399,3.0040395,2.045443,1.0594242,0.0738436,-1.033315,-1.5497422,-2.0934615,-2.409825,-2.550965,-2.5214713,-2.4864564,-2.5159507,-2.5235176,-2.4488506,-2.437113,-2.3959804,-2.4243941,-2.456206,-2.440014,-2.480132,-2.5083506,-2.5035527,-2.5462306,-2.5470653,-2.5349193,-2.5366106,-2.578415,-2.4921312,-2.1820388,-2.1282449,-2.1599636,-2.116479,-2.0472684,-1.9056528,-1.9702808,-1.8561081,-2.129183,-2.2429037,-2.4999943,-2.6039343,-2.5410762,-2.5299914,-2.4583497,-2.5169613,-2.3675003,-2.3674088,-2.3675294,-2.3676271
-3.0281591,-3.1064174,-3.1358457,-3.223755,-3.2629533,-2.662313,-3.3553185,-3.3826325,-3.453206,-2.662271,-3.3190503,-3.0675051,-3.091494,-2.9789162,-3.0522513,-3.275693,-3.371316,-3.3558319,-3.1959877,-2.9785805,-2.9341435,-2.628964,-2.554936,-1.92236,-0.90965545,-0.121122375,0.6509756,1.1949267,1.483969,1.6676165,1.8004122,1.6164961,1.0796633,0.16283303,-0.76649183,-1.9307535,-2.494925,-2.4106019,-2.320229,-2.1642776,-2.125223,-2.1589339,-2.2047944,-2.3241205,-2.5352569,-2.6556838,-2.4376378,-1.8406546,-0.89325136,-0.3069232,0.09538129,0.18336236,-0.17444766,-0.2812811,-0.39999378,-0.4837714,-0.650477,-1.0449278,-1.4311045,-1.905905,-2.381844,-2.8257232,-3.0839477,-3.1631012,-2.9301238,-2.585029,-2.0940347,-1.6996202,-1.7175622,-1.844575,-1.7910374,-1.5635898,-1.3601558,-1.0351036,-0.89229316,-0.9350187,-1.0488731,-1.13614,-1.3369858,-1.7670869,-2.261887,-2.6070657,-2.5614915,-2.2664914,-1.7039657,-1.4358569,-1.5391346,-1.4570308,-0.9033954,-0.6592879,-0.6547693,-0.57610714,-0.45299387,-0.42565882,-0.58282787,-0.63543445,-0.63254696,-1.2486466,-1.9884858,-2.3804612,-2.471149,-2.4908967,-2.4770374,-2.566934,-2.5148978,-1.974397,-1.1827763,-0.93110037,-1.6479743,-1.718018,-0.8055905,-0.49629942,-0.4431023,-0.54378724,-0.74265707,-0.96646214,-1.2040455,-1.3490198,-1.4170431,-1.4846497,-1.5067723,-1.5044987,-1.4744875,-1.4994506,-1.4513106,-1.3609442,-1.2763481,-1.1784227,-1.0324558,-0.8558692,-0.7932762,-0.82436246,-0.8984535,-0.90711284,-0.94318295,-0.9217858,-0.8498976,-0.80402935,-0.84223723,-1.053958,-1.3563719,-1.459604,-1.5261208,-2.3564498,-2.982573,-3.2464623,-3.1345544,-3.06815,-3.0656738,-3.0168452,-2.9761374,-2.999703,-3.0029268,-2.9920757,-3.0292537,-3.0441544,-3.0649092,-3.1032517,-3.1380136,-3.2197628,-3.198598,-3.2260265,-3.2818868,-3.3826303,-3.6461415,-3.7403426,-3.7445939,-3.6819277,-3.6048617,-3.556439,-3.3629758,-3.0427196,-3.150659,-3.190189,-3.13415,-3.1290803,-3.1245844,-3.089189,-3.1229706,-3.0912154,-3.1027913,-2.6626022,-2.6626053,-2.6626444,-2.6626296
-1.2273054,-1.4045383,-1.5170664,-1.5720117,-1.5810944,-1.060487,-1.6094502,-1.6470503,-1.656965,-1.0604506,-1.931093,-2.1598077,-2.5397394,-2.6215072,-2.426772,-1.9537508,-1.8428097,-1.8092041,-1.7238456,-1.579785,-1.6131244,-1.1076803,-0.72430104,-0.38622743,-0.5139236,-0.6271724,-0.71068335,-0.86820805,-0.96187437,-0.84936374,-0.3211105,0.2826851,0.50671154,-0.035097532,-0.68837845,-1.1763821,-1.5921743,-1.6225584,-1.627545,-1.6633754,-1.7203982,-1.7665641,-1.7259554,-1.75102,-1.8146198,-1.7800509,-1.7324437,-1.4876639,-0.6414156,-0.13556081,-0.28909725,-0.81873715,-1.3733304,-1.8291769,-1.9540961,-1.6352446,-1.087276,-0.4426085,-0.23993471,-0.5523672,-0.79545766,-0.9390706,-0.92373705,-0.7533339,-0.6577316,-0.49357218,-0.02655363,0.3541746,0.14940372,-0.22262686,-0.43130803,-0.6408639,-0.7432343,-0.6950052,-0.5025471,-0.30477655,-0.17461586,-0.3809638,-0.9442802,-1.3914869,-1.4539598,-1.203764,-0.84566367,-0.26689875,0.34000218,0.8700713,0.73788315,0.5849552,0.42616445,0.20911781,0.18716967,0.4062656,0.913537,1.305088,1.4897883,1.0706055,0.005302593,-0.66059625,-1.2117733,-1.582691,-1.763781,-1.7470182,-1.7571974,-1.8124126,-1.8215214,-1.3932039,-0.67912513,-0.5674361,-1.1378555,-1.7891645,-1.738641,-1.6813554,-1.6965739,-1.5924783,-1.30209,-1.1878883,-1.2740158,-1.3423464,-1.3877314,-1.33512,-1.3490037,-1.3945401,-1.4789584,-1.5109748,-1.8263733,-2.0306299,-2.31632,-2.4371781,-2.4442294,-2.356326,-2.166543,-2.0143507,-1.8545245,-1.6397915,-1.3314838,-0.9126737,-0.41581184,0.06500983,0.32581002,0.59047306,0.5594367,-0.03305614,-0.09173514,-0.18570794,-0.90347916,-1.5913744,-1.9459417,-2.0175447,-2.0365677,-1.9806106,-1.9937587,-1.9787169,-1.9386619,-1.9411697,-1.8499517,-1.8638326,-1.8654475,-1.893548,-1.8037558,-1.7842209,-1.7839932,-1.6720283,-1.602087,-1.6490731,-1.465035,-1.2000593,-1.1649762,-1.2534031,-1.4086765,-1.5138235,-1.7171353,-1.940248,-1.8513217,-1.5407689,-1.6064099,-1.4962515,-1.2237496,-1.104101,-1.1747974,-1.1537862,-1.2265071,-1.0608613,-1.0607989,-1.0607526,-1.0607468
-0.9392294,-1.0483942,-1.0544051,-1.0651842,-1.0853733,-1.7734684,-1.1672778,-1.1101267,-1.1017501,-1.7734677,-1.2190883,-1.1446927,-1.360881,-1.2403718,-1.3461895,-1.4088466,-1.4063516,-1.4083353,-1.2351632,-1.1271262,-1.2212365,-0.9591906,-0.78318256,-0.055744577,1.0674182,1.7798742,2.101372,2.3251605,2.3428435,2.411882,2.6368175,2.420754,1.9571626,1.2004372,0.3834217,-0.6401129,-1.3432381,-1.3074638,-1.176677,-1.0018024,-0.82913506,-0.687525,-0.34985226,-0.2650569,-0.3531965,-0.71177083,-0.85713786,-1.1076202,-1.2220312,-0.8593184,-0.53613967,-0.90385723,-1.2783065,-1.6595161,-1.8439925,-1.8840688,-1.7563803,-1.5584075,-1.3456705,-1.3929296,-1.4886482,-1.3155217,-0.9675176,-0.2864812,0.5196729,1.6055181,3.3503826,7.0438833,9.1333065,10.424025,11.331131,11.847331,11.980679,12.0298,11.945332,11.647617,10.894257,9.345761,7.19934,4.1641774,2.1184316,1.2386193,1.0797817,1.7921753,4.3573956,7.5274515,9.457377,11.338134,12.783104,12.896854,12.993143,13.114244,13.239101,13.175858,12.86524,12.204977,10.526598,7.271493,3.1160545,0.86610675,-0.2649686,-1.0344537,-1.1967525,-1.1696391,-1.162399,-1.1114678,-0.6772514,-0.51335436,-1.1530626,-1.4197466,-0.96873045,-1.0074193,-1.2562764,-1.4394736,-1.5680586,-1.5112448,-1.3337119,-1.215693,-1.124801,-1.0094802,-0.92771316,-0.8542541,-0.7447069,-0.71963125,-0.6548605,-0.56744075,-0.5356974,-0.55846274,-0.5842719,-0.7851194,-1.0145872,-1.1100931,-1.169445,-1.3023796,-1.4645331,-1.5568305,-1.7222786,-1.9112533,-2.0990317,-2.4296656,-2.6683917,-2.2730103,-1.5123318,-1.3019224,-1.364918,-1.5482342,-1.6578989,-1.5700172,-1.4868126,-1.4772797,-1.4599518,-1.4813794,-1.499698,-1.4920543,-1.4577563,-1.4829293,-1.4637334,-1.4203458,-1.3695056,-1.2591743,-1.2460485,-1.2858021,-1.2213864,-1.176125,-1.2392569,-1.3927767,-1.4816358,-1.5527111,-1.6718904,-1.8202803,-1.9028876,-1.851456,-1.9609636,-2.0093632,-1.8988231,-1.8117874,-1.6092498,-1.5085349,-1.545678,-1.5339738,-1.6021116,-1.7742896,-1.7740936,-1.773926,-1.7738762
-2.5806391,-2.5476527,-2.5924141,-2.6790519,-2.6778874,-2.0707557,-2.714682,-2.7747054,-2.891009,-2.0707407,-2.7234547,-2.4889972,-2.3827412,-2.1679094,-2.1897306,-2.4371717,-2.6203425,-2.6345215,-2.650727,-2.5839121,-2.5149448,-2.5684552,-2.8208928,-3.1429543,-3.2082162,-3.329742,-3.1549544,-2.924978,-2.738668,-2.608714,-2.4637835,-2.5037837,-2.9093432,-3.6596575,-4.075728,-3.9506288,-2.6735811,-2.1794567,-2.0186982,-1.8495834,-1.8113346,-1.8708014,-2.060737,-2.2325017,-2.4209456,-2.5247598,-2.4824102,-2.5250425,-2.3725934,-2.2869976,-2.2472556,-2.170424,-1.9292161,-1.4375992,-0.9897076,-0.7168615,-0.7795346,-1.2082766,-1.927316,-2.4698858,-2.6938987,-2.7382555,-2.6618104,-2.343865,-1.863349,-1.4064462,-1.154711,-1.2430024,-1.7138622,-2.4433835,-2.9494555,-3.15982,-3.2517054,-3.3904738,-3.5805702,-3.6434674,-3.5798488,-3.366786,-3.2260318,-3.0761192,-2.9232874,-2.7339535,-2.3312674,-1.7104373,-1.4202545,-1.3598696,-1.7446905,-2.6269484,-3.2831554,-3.3432016,-3.3550348,-3.4552245,-3.618511,-3.6040301,-3.5422645,-3.314198,-2.9538379,-2.8145487,-2.391781,-2.0051692,-1.716399,-1.4911671,-1.4115452,-1.4454563,-1.3703974,-1.028713,-0.88834405,-1.0691264,-1.4135256,-1.3254848,-0.70176697,-0.5579787,-0.7020379,-0.86887825,-1.2422382,-1.6935763,-2.1625834,-2.5490174,-2.7328079,-2.8271947,-2.7944741,-2.7376688,-2.652566,-2.6117752,-2.3420148,-2.07145,-1.5857238,-1.0163641,-0.4534886,0.024819434,0.32113692,0.34642023,0.41924837,0.5986146,0.7182233,0.7860592,0.87841815,0.91800565,0.85674155,0.66481954,0.02504383,-1.5428045,-2.8648565,-3.436449,-3.0613964,-2.371295,-1.7747964,-1.5941502,-1.4514999,-1.3734187,-1.4041525,-1.4596564,-1.4918604,-1.4502802,-1.4747024,-1.4295331,-1.3621542,-1.4170811,-1.4367962,-1.4822279,-1.4379349,-1.4606152,-1.5209473,-1.5943867,-1.8605608,-2.0518696,-2.221781,-2.3389611,-2.2723727,-2.279523,-2.357286,-2.3724146,-2.4498754,-2.7420275,-2.787701,-2.784864,-2.8741884,-2.9568665,-2.9528232,-2.9773617,-2.9082415,-2.0700483,-2.0701869,-2.0701916,-2.070216
-1.3380141,-1.3294287,-1.2954468,-1.1938792,-1.1586838,-1.4216175,-1.1862884,-1.1390536,-0.76973796,-1.421679,0.0025465786,-0.12335573,-0.044231907,-0.39800856,-0.38771254,0.054682747,0.21937108,0.33809593,0.45523092,0.4911789,0.5910425,0.578573,0.3292607,-0.0014322251,-0.3938604,-0.6258511,-0.9857764,-1.3084321,-1.5073866,-1.6862271,-1.8944318,-1.9398639,-1.7500539,-1.525708,-1.4059719,-1.7953328,-2.29349,-2.3704774,-2.435257,-2.5090575,-2.49892,-2.4059813,-2.3669794,-2.4007835,-2.4329584,-2.3137698,-2.153381,-1.7375984,-1.2984316,-1.2403566,-1.5011868,-1.7710557,-2.2441506,-2.8105912,-2.8067737,-2.5600762,-1.8954399,-1.0585798,-0.7061387,-0.46761402,-0.14334063,0.13546419,0.42494756,0.47121844,0.28134987,0.025142908,-0.26365006,-0.6414541,-0.47021887,-0.3073474,-0.38604298,-0.5824858,-0.8031324,-0.9257833,-0.6306825,-0.13750115,0.24174447,0.16301088,-0.33854017,-0.2691347,0.051738262,0.28243425,0.29861742,0.314591,-0.010660216,-0.29557973,-0.061443295,0.12327553,-0.15519777,-0.4257139,-0.40140867,-0.2798632,0.00050500035,0.38711378,0.9427024,0.9246922,-0.38193014,-0.94019645,-0.42690367,0.29219145,0.6664081,0.8160198,0.8523024,0.889288,0.9763262,0.9870296,0.3794616,-0.23917939,0.09734194,0.020380061,-0.890916,-1.2162946,-1.2242378,-1.2250179,-1.181282,-1.1334347,-1.1593877,-1.1747679,-1.1556193,-1.1556367,-1.1640321,-1.1799024,-1.1881006,-1.2244384,-1.2543774,-1.2941134,-1.3956703,-1.5834625,-1.7568736,-2.006145,-2.1905727,-2.2785668,-2.3697672,-2.4514523,-2.5074434,-2.476762,-2.3530693,-2.151463,-1.9315357,-1.459414,-0.9898437,-0.870021,-1.2058432,-1.2774383,-1.2134893,-1.2453067,-1.2158353,-1.2382423,-1.3204565,-1.3173169,-1.2255687,-1.1672932,-1.2195506,-1.2348484,-1.2856836,-1.2538872,-1.2734679,-1.2737864,-1.3775014,-1.4251406,-1.4298034,-1.4370492,-1.4518784,-1.4371538,-1.3826634,-1.3415594,-1.5051554,-1.7040693,-1.854058,-1.9857087,-2.1108537,-2.2713125,-2.3209558,-2.2785354,-2.1352837,-1.9799995,-2.003583,-2.0550773,-2.0379329,-2.012833,-1.8879077,-1.4215467,-1.4214766,-1.421051,-1.4209712
-4.180073,-4.212641,-4.200827,-4.206351,-4.2440033,-3.4180114,-4.307487,-4.2884054,-4.2315664,-3.4181497,-3.677063,-3.4404578,-3.209612,-3.3585746,-3.4284818,-3.5417643,-3.4314094,-3.3078313,-3.235099,-3.08148,-2.7770996,-2.3501124,-2.2547054,-1.8866063,-1.1414877,-0.5067278,-0.13704479,0.025791287,0.1421724,0.08328134,-0.30743435,-0.8797727,-1.6424075,-2.21692,-1.8929884,-2.0665414,-2.5969071,-2.630847,-2.5907934,-2.5275705,-2.527206,-2.6171641,-2.7555566,-2.913554,-3.2151725,-3.2582083,-3.0570712,-3.0783453,-2.6188357,-2.1325026,-1.1526769,-0.0064338446,0.81516117,1.4215646,1.5514657,1.5009898,1.1125847,0.17653021,-0.7925345,-1.7452178,-2.4767227,-3.0151446,-3.362608,-3.5788288,-3.4356627,-3.1963947,-3.0498552,-3.2913332,-3.5060573,-3.6000967,-3.5426917,-3.201621,-2.9724188,-2.831524,-3.009225,-3.288001,-3.387235,-3.4055145,-3.427561,-3.4041052,-3.4522548,-3.5487828,-3.4447212,-3.1957555,-2.8714952,-2.731709,-2.8467255,-2.8109438,-2.362557,-2.1593971,-2.06955,-2.1095772,-2.1861472,-2.161049,-2.3055382,-2.2620316,-1.7216542,-1.6384988,-1.809371,-2.0112195,-2.1001472,-2.2247753,-2.321776,-2.471255,-2.5014362,-2.0599775,-1.3581607,-0.79490936,-1.0999123,-1.1889112,-0.8766085,-0.74429834,-0.75847363,-0.8603213,-1.0117439,-1.1164238,-1.285667,-1.5345302,-1.7234058,-2.0063827,-2.2042959,-2.2947328,-2.4145691,-2.508533,-2.6325974,-2.6898985,-2.7143652,-2.6945865,-2.5811803,-2.4612937,-2.420986,-2.4437094,-2.4824982,-2.4859664,-2.4644282,-2.3777745,-2.2791443,-2.2316773,-2.1606221,-2.1648588,-2.2296386,-2.0893826,-1.868903,-2.3172247,-2.5725384,-2.6372786,-2.5043716,-2.464726,-2.4759967,-2.4819756,-2.5040236,-2.5258682,-2.5379403,-2.573298,-2.614223,-2.6086917,-2.584731,-2.6543438,-2.6872482,-2.8445683,-2.8357801,-2.862395,-2.9220934,-3.003542,-3.3528185,-3.6146634,-3.6878276,-3.6247196,-3.5394778,-3.4263616,-3.2934332,-3.0947452,-3.1458635,-3.3290682,-3.3062437,-3.4345233,-3.7394443,-3.795185,-3.8702893,-3.8894901,-3.9144862,-3.4171164,-3.4170933,-3.4168148,-3.4167707
-1.8992016,-1.820859,-1.7421672,-1.6658444,-1.6930153,-2.805074,-1.6355925,-1.5366054,-1.4018646,-2.8049388,-1.2194879,-0.8185477,-0.7495903,-0.23244828,-0.36409283,-0.63472533,-0.8046476,-0.94446623,-1.0468488,-1.2015269,-1.2190273,-1.0581651,-1.1878624,-1.0818701,-0.86773235,-0.9318085,-0.6044786,-0.29206192,-0.1116666,0.094182566,0.35140654,0.44442958,0.16766737,-0.62102544,-1.7351514,-2.8428507,-2.9083605,-2.65888,-2.4961376,-2.237321,-2.0406837,-1.9788976,-1.8873835,-1.7717782,-1.7224348,-1.7401974,-1.7571088,-1.8041799,-1.8002639,-1.5555546,-1.3526317,-1.3957413,-1.5045724,-1.2299685,-0.93167984,-0.5803875,-0.4018496,-0.9525442,-1.7037317,-2.2020202,-2.4315567,-2.4457717,-2.3273375,-2.2629778,-1.9238147,-1.5831531,-1.5931677,-2.061581,-2.4449697,-2.5820148,-2.4355857,-2.1945357,-2.0455415,-1.9636943,-1.9409223,-1.9431798,-1.9683093,-2.057041,-1.9668508,-1.8610196,-1.9348208,-2.0284758,-1.9099499,-1.599488,-1.4277482,-1.8696535,-2.60052,-3.0473852,-2.7386312,-2.6174846,-2.5579069,-2.5136569,-2.4159913,-2.2300193,-2.2667994,-2.3839927,-1.9000037,-1.5473404,-1.4147573,-1.3632021,-1.3182137,-1.3975067,-1.4861853,-1.7200692,-1.8170952,-1.4622775,-0.90405136,-0.6251961,-1.1000111,-0.8497137,0.709897,1.2041643,1.1594378,0.95030755,0.49166378,0.15735406,-0.16919473,-0.6107193,-0.9496791,-1.255872,-1.4202392,-1.51279,-1.6398733,-1.7168019,-1.8910316,-1.9648976,-2.1123204,-2.2243524,-2.1576345,-1.980557,-1.848218,-1.8379905,-1.8820546,-1.8647513,-1.8759865,-1.8430752,-1.774322,-1.7885466,-1.8798258,-2.0590582,-2.342305,-2.400534,-2.432613,-2.9173896,-3.013095,-2.8504467,-2.6163502,-2.5685105,-2.5372024,-2.5417995,-2.536507,-2.5489247,-2.5345235,-2.482023,-2.493538,-2.471127,-2.4936037,-2.4284918,-2.3836503,-2.3735235,-2.2958875,-2.266677,-2.295389,-2.3048737,-2.457398,-2.5422406,-2.5077615,-2.3946016,-2.2448404,-2.0730836,-1.8257532,-1.6644677,-1.7622274,-1.9025059,-1.941745,-2.0942996,-2.3010294,-2.3388994,-2.3290381,-2.3535562,-2.3259804,-2.8052225,-2.8053944,-2.8057563,-2.8057885
-2.2705014,-2.1644385,-2.0946903,-2.1006098,-2.0337667,-2.0509303,-2.02202,-2.1101205,-2.442381,-2.0509782,-2.436307,-1.9342093,-1.7700647,-1.5025178,-1.6578503,-2.2146466,-2.3813112,-2.2660284,-2.1118045,-1.8180048,-1.6111803,-1.4716197,-1.7306668,-2.068419,-2.3527875,-2.518316,-2.2592254,-1.9192951,-1.6146803,-1.3738701,-1.3092601,-1.4861604,-1.9087145,-2.7628822,-3.4521742,-3.3515778,-2.6399922,-2.382687,-2.3073585,-2.1515636,-2.0658457,-2.0455422,-2.218935,-2.3304875,-2.3613396,-2.3546948,-2.2426443,-2.5124707,-2.403953,-2.1710224,-1.4137167,-0.5251963,0.30200517,1.744423,2.7577074,3.3833528,3.3340847,2.4657414,1.0367156,-0.32079545,-1.2659574,-1.7933218,-2.0584755,-2.0533915,-1.7245663,-1.4255228,-1.3198491,-1.299831,-1.2279515,-1.3648838,-1.4749424,-1.3721161,-1.2659746,-1.2202482,-1.3271303,-1.640269,-1.8999062,-2.0720353,-2.1173244,-2.2635076,-2.3813612,-2.381799,-2.1401763,-1.8570807,-1.6643205,-1.4113234,-1.4382999,-1.7426567,-1.8247144,-1.7852978,-1.8386027,-1.8829843,-1.934202,-1.9124982,-2.0016336,-2.0743287,-1.6729809,-1.5018612,-1.4386929,-1.4637172,-1.4312111,-1.3440002,-1.296052,-1.3093865,-1.2812933,-0.95648324,-0.40934485,0.30397838,0.67978024,1.507521,2.5705314,2.9223378,2.9292438,2.9046261,2.7996898,2.6600294,2.3575335,1.7227968,1.1771783,0.72017926,0.52668333,0.47396058,0.40590984,0.3380597,0.5038504,0.7194505,1.2210246,1.8001486,2.257607,2.7181222,2.9139767,2.9206119,2.8948498,2.9286008,2.9062796,2.7643213,2.4670312,1.9726158,1.4996339,0.84657407,0.09119308,-0.8801265,-1.5894634,-2.4805102,-2.5099382,-2.2410867,-2.092564,-2.0682883,-2.0000794,-2.0019107,-2.0716705,-2.1428132,-2.164532,-2.1185572,-2.132184,-2.1011083,-2.0557103,-2.1191068,-2.1323695,-2.1932116,-2.1791093,-2.200543,-2.2393792,-2.2809043,-2.4686627,-2.582541,-2.6387491,-2.6810381,-2.5089908,-2.239527,-2.0331259,-1.8402283,-1.7890477,-2.0341697,-2.0591564,-2.2100742,-2.1779437,-2.1493247,-2.0536957,-2.1486773,-2.1615987,-2.050221,-2.0503404,-2.050606,-2.0506754
-1.8749536,-1.9353275,-1.9633751,-1.9811149,-2.0703664,-1.4660835,-2.122933,-2.0531604,-1.6783197,-1.4662824,-1.240825,-1.2346573,-1.1028081,-0.49370718,-0.19535927,-0.35898095,-0.54663295,-0.7758908,-0.9998013,-1.3525002,-1.6706777,-1.7775127,-1.9546404,-2.0569873,-1.7326742,-1.3240705,-0.9052962,-0.6928519,-0.60513246,-0.593017,-0.6882643,-0.98228896,-1.6665692,-2.4068198,-2.152642,-2.1568575,-2.0742707,-1.8381038,-1.7516024,-1.682507,-1.6837238,-1.6970258,-1.7500534,-1.672889,-1.7827322,-1.72722,-1.4664752,-1.5483811,-1.330509,-1.1359527,-0.71202654,0.23118886,0.7703996,0.5597518,0.14871329,-0.0069817305,-0.42028964,-1.1319898,-1.4411112,-1.4552716,-1.6242237,-1.8501683,-2.155157,-2.4086318,-2.345894,-2.2338724,-2.2240648,-1.9397913,-1.5158727,-1.2434442,-1.416194,-1.561152,-1.7002556,-1.852113,-2.1155853,-2.1756904,-2.1088889,-2.0183568,-2.0921116,-2.2039576,-2.431036,-2.5531323,-2.5408638,-2.4797568,-2.3309746,-1.7989873,-1.2752826,-0.7596121,-0.66854846,-0.68719625,-0.7922149,-0.87216026,-0.88078666,-0.9329747,-1.141162,-1.0646236,-0.4706669,-0.3221373,-0.7675339,-1.1033533,-1.2850679,-1.3898318,-1.4784479,-1.6133355,-1.6767199,-0.9962161,0.26757622,1.6894956,1.5249977,1.7454197,2.3517597,2.65814,2.6185508,2.5149672,2.3030982,1.8767276,1.7400972,2.2345781,2.6538343,2.969932,3.1743064,3.275386,3.3896487,3.4058757,3.2800446,3.0724998,2.6804252,2.2440586,1.7728661,1.3672502,1.1945372,1.0729043,0.9329899,0.8413421,0.6559671,0.5145472,0.3113392,0.0032218099,-0.23299891,-0.47830522,-0.66869926,-0.53531647,-0.3785081,-0.9024046,-1.1697625,-1.2071271,-1.166326,-1.1142704,-1.0822319,-1.0188577,-1.0194838,-1.0698652,-1.0981269,-1.0990628,-1.0783033,-1.0538148,-0.99038947,-1.0764996,-1.1456201,-1.2109903,-1.2815462,-1.3168075,-1.3260286,-1.2447721,-1.2172182,-1.0674547,-0.8687293,-0.69034135,-0.5776521,-0.2723091,0.09085809,0.19959822,0.2396454,-0.13784815,-0.32742923,-0.87303126,-1.3321187,-1.3506193,-1.5134649,-1.5689577,-1.6778805,-1.4651186,-1.465128,-1.4650786,-1.4650978
1.3400689,1.3314605,1.275367,1.2332764,1.2205501,0.72176856,1.3125174,1.2927134,1.0844641,0.7218489,0.5188776,0.39414316,0.38374755,0.3098205,0.507496,0.7010894,0.579769,0.38185024,0.3671889,0.67106575,1.1517831,1.8218274,2.0782979,1.5188189,0.8664282,0.3618236,0.14812797,0.065715134,0.024021745,-0.079484314,-0.30694455,-0.59408695,-0.53160715,-0.6658256,-1.2715092,-1.2878795,-0.96521974,-0.87206435,-0.79364824,-0.6731651,-0.42178416,0.028195161,1.0856723,1.0379012,0.9018942,0.7302985,0.88807166,1.79388,2.6137366,2.0201855,0.67096543,-0.8252175,-0.76291543,-0.43964717,-0.5304289,-0.8779332,-1.19494,-1.3308992,-1.2580318,-0.7984749,-0.164986,0.45278174,0.95803845,1.5878607,2.0523367,2.578183,2.6200387,1.5216832,0.6809218,0.3861227,0.4491437,0.5088366,0.46815717,0.2777227,-0.15839043,-0.7461716,-1.0062103,-0.97197187,-0.6025263,-0.1375987,0.3935088,0.8307257,1.3249841,1.9754255,2.049164,1.6110282,1.1214485,0.6005716,0.37096563,0.32409528,0.36571476,0.34620374,0.24039963,0.43367028,1.1510235,1.3971074,0.7439348,0.06623617,0.25889096,0.56924593,0.6804768,0.66153634,0.68572384,0.71588445,0.67438114,0.29179198,-0.6381835,-1.655446,-1.606352,-1.3120601,-1.4589287,-1.403866,-1.4014469,-1.4431473,-1.5165145,-1.4917074,-1.1836165,-0.82083404,-0.5237037,-0.19032574,0.029320434,0.13109028,0.23482443,0.25940505,0.16363008,0.004625015,-0.24379133,-0.6875533,-1.0233854,-1.4110379,-1.6785564,-1.8163935,-1.8892329,-1.9599501,-1.9725847,-1.8848236,-1.8147739,-1.7516898,-1.7290996,-1.7532175,-1.7245991,-1.8642503,-1.9892259,-1.7767208,-1.3097297,-0.89191926,-0.62401783,-0.55112666,-0.4949932,-0.440558,-0.37473297,-0.3536702,-0.3219611,-0.28809646,-0.28218293,-0.21860307,-0.21163698,-0.1812414,-0.18507251,-0.036723923,0.010337155,0.04521006,0.12015039,0.14530721,0.09832618,-0.12909661,-0.48902732,-0.70538336,-0.76900095,-0.76252496,-0.7289762,-0.5255053,-0.57073665,-0.2789693,0.2526621,0.48914728,0.6799832,0.7017314,0.56552523,0.4665376,0.42761338,0.72148156,0.7214822,0.7215829,0.72160435
-0.6624233,-0.697603,-0.7618769,-0.8080437,-0.7456051,-1.0685015,-0.7451178,-0.7782997,-0.6176877,-1.0684538,0.014423043,-0.14530064,0.09665473,-0.1849017,-0.16549891,0.34224617,0.37514567,0.20705777,-0.23111722,-0.92990303,-0.8861458,-1.4450035,-1.2712649,-1.2973075,-1.6445223,-1.915468,-2.2157414,-2.2521665,-2.1463547,-2.0251355,-1.8611722,-1.3645155,-0.23515445,1.6032057,2.25082,2.5190835,2.9878488,3.0043674,2.980354,3.039681,3.033857,2.9859078,2.777643,2.68794,2.5000467,2.3213625,1.8284926,1.1450367,-0.26048195,-0.795622,-0.8470934,-0.6847801,-0.9854988,-1.0160984,-0.06514467,1.2788942,3.7523668,6.6922398,8.501638,9.954737,11.081541,11.713968,11.927349,11.71082,11.690064,11.739186,11.51594,10.45578,9.197121,7.6862917,5.908759,4.025505,2.8157182,1.7701606,1.6901741,3.6516745,6.0508766,8.441437,10.296042,11.620165,12.048216,12.113665,12.111966,11.857924,11.089226,9.69821,8.352103,6.0238013,2.4765,1.4398412,1.1001613,0.78724295,0.031988263,-0.64583874,-0.5526309,-0.47546813,-1.1508423,-0.943036,-0.41705218,0.2306186,0.54335654,0.6438008,0.57038933,0.38827467,0.27776748,0.18182725,-0.04245454,-0.13379143,-0.05768883,-0.7487271,-1.5880868,-1.4317214,-0.9968096,-0.66331995,-0.22606528,0.135643,0.12237868,-0.022918483,-0.06806534,-0.13239898,-0.19259587,-0.23608789,-0.27905408,-0.29003578,-0.3062986,-0.35273936,-0.52226484,-0.8786979,-1.2930319,-1.7057508,-2.0121527,-2.1330843,-2.2518783,-2.381936,-2.4726326,-2.610509,-2.651692,-2.592678,-2.4043658,-1.841367,-0.9355141,-0.17418218,0.034912977,1.2816638,2.1920831,2.7291543,3.0228403,2.9847698,2.9028215,2.918989,2.934288,2.9354444,2.9117312,3.005904,2.9879298,2.944964,2.8625002,2.8349433,2.753966,2.6996586,2.690596,2.7023942,2.6800888,2.643226,2.6547647,2.6883307,2.4773855,2.2072086,1.9777315,1.5733464,1.0802842,0.8551477,0.81945956,0.5557896,0.079280555,0.11745689,-0.17867042,-0.37624553,-0.3040817,-0.2489324,-0.21529981,-1.0685127,-1.0685604,-1.068578,-1.0686154
-0.0958777,0.018185286,0.09444139,0.22209983,0.22750388,0.8850235,0.4265781,0.49940813,0.5591639,0.8850782,0.9650362,0.7964771,1.1177299,0.76545423,0.57360435,0.7182917,0.8894769,1.0180813,1.1377316,1.2349458,1.3729957,1.534834,1.4798282,1.128025,0.43867052,-0.42108685,-1.2445148,-1.8232303,-2.1727183,-2.419168,-2.5629761,-2.5421968,-2.2306418,-1.3189955,-0.56707,-0.07670398,0.3266697,0.3600888,0.30076197,0.07332997,-0.04546663,-0.09394072,-0.10200292,-0.18447119,-0.24737138,-0.13084537,-0.06415051,0.15929821,0.17174643,-0.20673451,-1.111057,-1.5320222,-1.0732834,-0.6423276,-0.5239936,-0.6705568,-0.9788355,-0.96031857,-0.71429026,-0.335518,0.09712036,0.35424095,0.34451464,0.02743698,-0.41356507,-0.6829088,-0.8221864,-0.97443354,-1.0400907,-1.0801457,-1.1492559,-1.1496718,-1.1361315,-1.1993655,-1.3953761,-1.6224251,-1.623687,-1.3704945,-1.090699,-0.66314054,-0.25246483,-0.17793496,-0.31361082,-0.5173,-0.79010814,-0.8680975,-0.7202219,-0.6053139,-0.58073413,-0.5757384,-0.50105584,-0.60617,-0.7932789,-0.7792517,-0.4465185,0.19254363,0.16119227,-0.13780856,0.09350547,0.3292708,0.49225295,0.5956316,0.6261588,0.57620275,0.46184105,-0.114263855,-0.8812761,-1.2724779,-0.9124929,-0.7966411,-1.0754967,-1.1254289,-0.9991121,-0.87295586,-0.8159836,-0.9060416,-0.9226847,-0.7732592,-0.6289693,-0.46412748,-0.30576366,-0.23293526,-0.18913646,-0.17997512,-0.30998272,-0.48323393,-0.6698248,-0.80168444,-0.8882944,-0.9281155,-0.91442245,-0.9432836,-0.9719169,-0.99211365,-1.0050622,-1.1239418,-1.2941189,-1.423985,-1.4799548,-1.5256891,-1.4229575,-1.1562264,-1.2206106,-0.5669223,-0.059998035,0.24150343,0.39597717,0.45143032,0.40534934,0.34286344,0.37959573,0.3931007,0.37505034,0.25826657,0.12100172,0.12558262,0.15676439,0.17382242,0.12900501,0.1093283,0.06803836,0.011297047,-0.014639288,-0.037522614,0.0128676,-0.06774674,-0.09759088,-0.15440314,-0.22315711,-0.37342966,-0.29271373,-0.12924387,-0.17568177,-0.0002708286,0.15211578,0.38168675,0.5964016,0.6479757,0.72024894,0.76155365,0.7754622,0.88478476,0.8847219,0.8846952,0.8847219
-2.7683976,-2.666964,-2.6490526,-2.5918741,-2.5600977,-2.0241394,-2.4175036,-2.3497071,-2.329557,-2.0241132,-2.473326,-2.6364741,-2.4537907,-2.4106922,-2.3117719,-2.3272831,-2.312927,-2.2923727,-2.2141373,-2.040469,-1.7542061,-1.5444486,-1.4536804,-1.5597695,-1.578724,-1.6840999,-2.1352515,-2.4644065,-2.6590066,-2.8755286,-3.0954428,-3.1898453,-3.0028899,-2.2071512,-1.2122326,-0.87306374,-0.76730907,-0.8039793,-0.89849997,-0.963782,-0.9598022,-0.97009087,-1.0437591,-1.2588351,-1.4421167,-1.2613413,-0.9466641,-0.46374524,-0.88535166,-1.4365518,-2.0492125,-2.1512136,-2.0110383,-1.9672391,-2.1673417,-2.3663974,-2.4094615,-1.9066148,-1.4545159,-1.2744637,-1.2386357,-1.3315494,-1.5896266,-1.9292934,-2.2828395,-2.4199913,-2.4204237,-2.199799,-1.8743162,-1.9552467,-2.2307198,-2.4489212,-2.5745692,-2.7188241,-2.8619456,-2.807117,-2.5855181,-2.179577,-1.8751425,-1.6963949,-1.5737188,-1.6593246,-1.8934116,-2.1753309,-2.2133808,-1.876505,-1.458335,-1.5874593,-2.0942822,-2.2301745,-2.149867,-2.1487021,-2.1621287,-2.0999198,-1.7833158,-1.003841,-0.53339887,-0.5539091,-0.4348991,-0.432856,-0.27204818,-0.06917901,0.009684049,0.001092501,-0.17318937,-0.8162676,-1.4926696,-1.8874577,-1.5193667,-1.5381453,-2.4552538,-2.8205063,-2.785335,-2.6515546,-2.5028615,-2.570698,-2.844716,-3.0567224,-3.1032488,-3.112544,-3.0577579,-3.0061858,-2.9876013,-3.0145235,-3.1310902,-3.265487,-3.3304112,-3.2184646,-3.1086345,-3.0379496,-3.0154552,-3.0065541,-2.9966817,-3.0132759,-3.0407667,-3.1492078,-3.273439,-3.3655586,-3.349625,-3.1650555,-2.8164554,-2.3427017,-2.1334548,-1.4165707,-0.81139153,-0.34401268,-0.11015369,-0.08744913,-0.09387779,-0.09469901,-0.13415967,-0.13118434,-0.19436975,-0.22057135,-0.31156725,-0.32545668,-0.32240236,-0.41394418,-0.5380261,-0.7155543,-0.6868784,-0.70590925,-0.7761021,-0.8307526,-1.0829923,-1.44179,-1.7342662,-1.9659492,-2.1013722,-2.2647128,-2.397647,-2.4186873,-2.4382086,-2.2833629,-2.3120098,-2.1983783,-2.2390952,-2.3141904,-2.193513,-2.1499512,-2.0659566,-2.0236292,-2.0236983,-2.0235808,-2.0235736
-2.3441744,-2.3571496,-2.3467817,-2.3146873,-2.309256,-2.3280716,-2.2131307,-2.1605554,-1.9987036,-2.3281062,-1.5992892,-1.5457786,-1.1613116,-1.3586519,-1.2657928,-1.180158,-1.184253,-1.0546869,-0.5980795,0.36473536,1.2435868,2.0502145,2.1842246,1.9457299,1.4270563,0.6596884,-0.08805746,-0.69347167,-1.105197,-1.4757321,-1.864936,-2.2752688,-2.6419706,-2.8742015,-2.4147224,-2.096566,-2.2441123,-2.4024358,-2.3919148,-2.3336055,-2.2408953,-2.1631908,-1.8019719,-1.1688087,1.1119791,4.8666005,8.223217,10.677369,12.425678,12.73062,12.472374,10.2633705,8.321682,6.261852,3.8564792,2.0426693,0.4543303,-0.28891128,-0.26329863,-0.12304646,-0.0945704,-0.26682067,-0.4651181,-0.42484283,-0.3688441,-0.010424957,0.25964433,0.05911985,-0.41846013,-1.0155356,-1.5592499,-1.8292491,-1.8683916,-1.880896,-1.8621256,-1.9520934,-1.8123261,-1.4821861,-1.0720097,-0.69456327,-0.5854853,-0.5352389,-0.2908796,0.0902248,0.19527087,-0.15717159,-0.8654438,-1.8016895,-2.2538471,-2.2554839,-2.1640506,-2.054329,-1.787678,-1.5069205,-1.3982816,-1.6328278,-2.0952175,-1.8029857,-1.4823848,-1.2987546,-1.2643915,-1.2918787,-1.2385452,-1.0948994,-0.833912,-0.39280617,-0.46877107,-0.97686243,-1.101969,-0.70036566,-0.93449557,-0.9575328,-0.81152844,-0.6583277,-0.46304902,-0.2692613,-0.10796875,-0.10148667,-0.08877179,-0.15327239,-0.26500988,-0.35130247,-0.51452124,-0.60692245,-0.8958966,-1.0999329,-1.3710328,-1.5884664,-1.6334836,-1.6531311,-1.6549466,-1.6514509,-1.6652002,-1.6692061,-1.6750137,-1.6562529,-1.6333528,-1.6932343,-1.7634976,-1.9187715,-2.0939133,-1.9482623,-1.3880088,-1.17023,-1.3899387,-1.6543396,-1.876928,-1.9891685,-2.046905,-2.0703561,-2.1158845,-2.0863771,-2.0840433,-2.0632918,-2.0511067,-2.0700257,-2.0807815,-2.1188474,-2.1237955,-2.2504923,-2.246034,-2.2187414,-2.2454622,-2.3991613,-2.4399312,-2.402243,-2.5083303,-2.6527538,-2.6754532,-2.6921592,-2.7446008,-2.4735305,-2.715584,-2.7918408,-2.4245691,-2.382572,-2.4953897,-2.5611167,-2.798195,-2.818965,-2.8235834,-2.3276486,-2.3275383,-2.327282,-2.3272395
-0.82375586,-0.8317404,-0.8928593,-0.98826814,-1.0088184,-1.7370799,-1.0449888,-1.1065947,-1.3751444,-1.7371628,-1.7530302,-1.6047944,-1.5877272,-1.5253351,-1.5615242,-1.5908449,-1.5606334,-1.4684968,-1.1818072,-0.7681346,-0.6437471,-0.5107522,-0.52461207,-0.1676918,0.30448908,0.5363265,0.8557944,1.0958143,1.0519813,1.0040433,1.0558691,0.76483107,0.32419652,-0.3217755,-0.77402043,-1.4009242,-1.7922604,-1.6749554,-1.5940142,-1.5434783,-1.505468,-1.4622085,-1.3656427,-1.3116715,-1.2231302,-1.2178949,-0.9296656,-0.96137786,-1.397518,-1.4147577,-1.4587768,-1.5658032,-1.470319,-1.3442824,-1.0933124,-0.7743329,-0.5867426,-0.6957718,-1.041955,-1.5654578,-1.9525281,-2.0529127,-2.0319715,-1.7370363,-1.2490681,-0.78632605,-0.2580673,0.6035186,1.1499271,1.8271239,2.6327126,3.2677908,3.670034,3.7997518,3.677596,3.3195035,2.8076062,2.3031907,1.3363085,-0.023527533,-0.94591403,-1.3621222,-1.3848467,-1.1215956,-0.35672176,0.13341123,0.15246917,0.4186918,1.1701982,1.5901977,1.6763842,1.6883293,1.5105135,1.2387004,0.7392571,0.120047,0.37875906,0.20109949,-0.2910753,-0.6189647,-0.7284398,-0.7380311,-0.63992923,-0.540535,-0.5098855,-0.59365445,-0.48028666,-0.34757674,-0.8598121,-1.359268,-0.769137,-0.47295773,-0.48959163,-0.5871144,-0.8579391,-0.9922937,-0.9673743,-1.0310003,-1.098304,-1.1537635,-1.1855567,-1.2033558,-1.2606078,-1.2910066,-1.3416094,-1.2288911,-1.0701501,-0.93750876,-0.7997825,-0.748116,-0.7593165,-0.75441206,-0.70617235,-0.737296,-0.81608474,-0.849517,-0.96063775,-1.1106119,-1.2338725,-1.4380949,-1.5673882,-1.5916679,-1.6391016,-2.3391833,-2.4968748,-2.4098372,-2.1894774,-2.0316696,-1.9269106,-1.9295719,-1.9336529,-1.9699209,-1.9892101,-2.0165539,-2.0285347,-2.003704,-1.9497004,-1.9457743,-1.9409275,-1.897027,-1.8230844,-1.839674,-1.8205516,-1.7239491,-1.8326976,-2.0864081,-2.1187081,-1.9950584,-1.872919,-1.7781314,-1.8074005,-1.916252,-1.9556465,-2.1284566,-2.156002,-2.150547,-2.0495603,-2.0195475,-1.9777453,-1.9980474,-2.015391,-1.7368444,-1.736809,-1.736664,-1.7366335
-5.478099,-5.4166203,-5.38043,-5.2859383,-5.2365093,-5.1460676,-5.1189804,-4.9781322,-4.6480923,-5.1461606,-4.254611,-4.384881,-4.067643,-3.9631374,-3.766961,-3.6669135,-3.7138867,-3.8669534,-4.11382,-4.1648045,-3.7653584,-3.4050422,-3.214913,-3.2231154,-3.2290883,-3.2570286,-3.485457,-3.6699035,-3.8152366,-4.0275264,-4.3494678,-4.7675605,-4.9931393,-4.806794,-4.274961,-3.94696,-3.4682097,-3.3797255,-3.4546614,-3.4781094,-3.498068,-3.5532699,-3.7114482,-3.9341564,-4.089139,-3.8420815,-3.4157603,-3.160511,-3.184106,-3.2003446,-3.3182921,-2.962143,-2.8990364,-3.0814557,-3.0110195,-2.713723,-1.9310817,-0.53454673,0.1609206,0.046708465,-0.27255556,-0.50216883,-0.6337851,-0.56837857,-0.43688905,-0.068093464,0.2697542,0.43357253,0.42225423,0.18216746,-0.31235695,-0.822799,-1.2083843,-1.661504,-1.8485245,-1.126614,-0.03350386,0.8510467,0.46147043,-0.11584744,-0.22492236,-0.1252622,0.102989346,0.4896083,0.8489198,1.0094062,0.7680012,-0.044211343,-1.2107271,-1.4671375,-1.4413551,-1.5370964,-1.7534028,-1.7848849,-1.5054955,-1.2809188,-1.6499331,-2.1518624,-2.3784738,-2.2944067,-2.1462672,-2.054067,-2.0320258,-2.1278265,-2.275216,-2.4731004,-2.8486872,-3.1694446,-3.1925254,-3.61152,-4.1732807,-4.128022,-3.9606152,-3.8257847,-3.7096276,-3.689417,-3.827952,-4.0245476,-4.0484467,-4.068832,-4.0593715,-4.055927,-4.0959377,-4.1525707,-4.3252344,-4.409298,-4.4972897,-4.5137877,-4.507805,-4.585072,-4.7123923,-4.777433,-4.845712,-4.9362454,-5.0014615,-5.0446987,-5.039941,-5.0035677,-4.9023466,-4.685485,-4.4033403,-4.0998745,-3.9311242,-3.4987562,-2.9373195,-2.5582008,-2.2261176,-2.2164395,-2.255728,-2.2710109,-2.309975,-2.329525,-2.4078307,-2.401359,-2.5037727,-2.5138624,-2.5335965,-2.659718,-2.8101401,-3.0871096,-3.05684,-3.0866637,-3.1985807,-3.3237658,-3.6491327,-4.0041738,-4.2672644,-4.4251337,-4.5406957,-4.7218823,-4.9438457,-5.077668,-5.1073203,-5.2994256,-5.473518,-5.3781843,-5.5293264,-5.6360297,-5.6179147,-5.62056,-5.5714703,-5.1448793,-5.1448793,-5.1443677,-5.1443043
-0.18105856,-0.26278415,-0.33143663,-0.31006727,-0.35999167,-1.9837792,-0.3023422,-0.30922318,-0.21985555,-1.9835467,-0.08149642,-0.5677016,-0.73825264,-1.2332219,-1.103955,-0.60157335,-0.4377996,-0.34352848,-0.21727997,-0.035761356,0.4482483,0.6041772,0.73932993,0.36065567,-0.058291532,-0.2981736,-0.5942962,-0.82417285,-0.9761542,-1.0703382,-0.92681974,-0.5228556,0.1039571,1.0006118,1.3356023,1.9021087,2.5332406,2.6211421,2.667729,2.5643597,2.4524925,2.3521218,2.1252604,1.7934992,1.3297615,1.0547189,0.7194523,1.1552813,1.1290882,0.47811726,-0.31950396,-0.3685161,-0.55371934,-0.9597081,-1.2127807,-1.3561703,-1.4061508,-0.9863969,-0.43609017,0.26968256,1.0813609,1.6247373,1.7830687,1.5192491,1.0232741,0.8522676,0.73829174,0.6601865,0.69583464,0.45043248,-0.049295038,-0.4408445,-0.6609114,-0.7665908,-0.6623209,-0.31845963,0.063908726,0.65251654,1.3723543,2.0450687,2.3718143,2.372787,2.1014886,1.8658533,1.8116791,1.8207655,2.0093083,1.7147502,0.68748724,0.2571532,0.16503346,0.12289801,-0.110302925,-0.5231372,-0.72806454,-0.9975552,-1.7402568,-1.2507397,-0.13000023,0.34427541,0.5923498,0.7641038,0.7131617,0.59387976,0.42749125,-0.037651245,-0.4012601,-0.74943453,-0.655962,-0.9318239,-1.8186951,-2.1458774,-2.0345106,-1.8897254,-1.7082944,-1.6828105,-1.8300223,-1.8748363,-1.7331657,-1.4716659,-1.2405773,-1.1208462,-0.9372475,-0.79965734,-0.67516196,-0.6849913,-0.78583586,-0.9318638,-1.1682925,-1.4068018,-1.5316132,-1.5689992,-1.5557702,-1.5531598,-1.5364624,-1.5717638,-1.5705547,-1.4657807,-1.3333834,-1.1091199,-0.8691676,-0.9340414,-1.0496646,0.38570088,1.4286351,1.9269042,2.0176868,2.0061328,1.974886,1.9373996,1.8873917,1.8628147,1.8121634,1.7148463,1.6732453,1.6834399,1.6656123,1.6618935,1.6796917,1.7105224,1.6673229,1.6659878,1.6715106,1.627624,1.6556002,1.4648049,1.2509785,1.0682626,0.8620325,0.3913368,0.1590521,-0.13594103,-0.2555554,-0.19632554,-0.4241648,-0.5430774,-0.76937044,-0.79557985,-0.8422573,-0.81322247,-0.8048284,-1.9852853,-1.9853498,-1.985491,-1.9854751
-1.5288064,-1.5897865,-1.6918032,-1.848125,-1.9184656,-0.77333736,-2.0348136,-2.1977055,-2.3910046,-0.7734475,-2.5348835,-2.268186,-2.209956,-2.2026784,-2.3580818,-2.6539984,-2.6717267,-2.4675603,-1.9946129,-1.2975281,-0.93111503,-0.56113654,-0.49782047,-0.20210183,0.4160911,1.0111686,1.7222724,2.2226875,2.509459,2.6284208,2.4150455,2.0096774,1.5686455,0.96253955,0.26818714,-0.54905504,-0.83723617,-0.7075795,-0.61828864,-0.5230356,-0.5180661,-0.5581589,-0.69252014,-0.78865,-0.93718374,-1.1358337,-0.8926835,-0.98361725,-1.0054276,-0.99368894,-1.1662648,-1.5107276,-1.5474551,-1.696169,-1.8957981,-1.9667091,-1.9226217,-1.8772756,-1.584614,-1.3189268,-1.3896022,-1.4926174,-1.6818686,-1.721381,-1.3839384,-0.9848479,-0.6667795,-0.10211386,0.5306149,1.3876007,2.5612073,3.4768422,4.1342382,4.4684668,4.397377,3.7156756,2.6556773,1.3881433,0.03314212,-1.1496801,-1.8090686,-2.0230658,-1.9064907,-1.6034998,-1.1708981,-0.93016124,-0.7522876,-0.21414247,0.9420586,1.3974468,1.3795581,1.3177952,1.2458618,1.1800057,0.7199229,-0.06454873,-0.3320275,-0.87745905,-1.5228746,-1.8711383,-1.9658791,-1.9620888,-1.931177,-1.8576473,-1.7998905,-1.6315428,-1.2100511,-0.8965063,-1.4435973,-1.8403537,-1.0362887,-0.31992593,0.023781016,0.25727034,0.5800237,0.83577645,0.96762246,1.0049602,0.9552821,0.8546627,0.7717103,0.73090965,0.62389237,0.5630106,0.45366997,0.54364717,0.81324565,1.322266,1.805722,2.2389715,2.3805776,2.469549,2.6017199,2.6423368,2.642199,2.647718,2.5996788,2.5278869,2.4786148,2.398467,2.284964,1.9659747,1.3832932,0.051190272,-0.40218806,-0.60608244,-0.7665341,-0.80704385,-0.77293235,-0.78093135,-0.7756531,-0.82316434,-0.816,-0.8436604,-0.80942595,-0.7209069,-0.65574086,-0.61763895,-0.54283845,-0.45864582,-0.436544,-0.4318257,-0.3869751,-0.3590696,-0.54113793,-0.7085423,-0.83046055,-0.85926425,-0.7657056,-0.5311789,-0.3691382,-0.36765793,-0.22160271,-0.36926225,-0.53927547,-0.954046,-1.2530665,-1.3148565,-1.3409374,-1.3676418,-1.3668153,-0.77318215,-0.7731261,-0.7730807,-0.773089
-2.9082355,-2.9144092,-2.866978,-2.776526,-2.7743154,-2.7863705,-2.815857,-2.7511983,-2.4873312,-2.786398,-2.0966985,-1.9611514,-1.8787005,-1.9900692,-1.9601141,-1.9941716,-2.017448,-2.004649,-1.9117361,-1.5022684,-1.2388552,-0.8698846,-0.6551255,-0.5515604,-0.2861989,0.0338837,0.015830394,-0.20710294,-0.5042952,-0.8587389,-1.2978475,-1.8929999,-2.4733822,-2.845595,-2.6328068,-2.6810603,-2.6441464,-2.512703,-2.4613795,-2.431332,-2.3817024,-2.3623774,-2.356998,-2.4179702,-2.3714375,-2.1775405,-1.7820685,-1.3645093,-1.1957926,-1.3372945,-1.9405347,-2.4831827,-2.337017,-2.174887,-2.1431713,-2.2291877,-2.2900436,-2.0881639,-2.0371244,-2.1589005,-2.1889057,-2.0175915,-1.8530145,-1.5370367,-1.2693563,-0.89646363,-0.58650035,-0.7390691,-1.1382629,-1.1804955,-0.82345283,-0.59717095,-0.53401566,-0.54402244,-0.88831425,-1.26769,-1.5766588,-1.882073,-1.9090539,-2.0169585,-1.9772173,-1.8556335,-1.6596183,-1.2880147,-0.94390357,-0.9372262,-1.1841574,-1.1796883,-0.6952565,-0.44069076,-0.35109076,-0.35094863,-0.3706852,-0.43041456,-0.51227725,-0.52477777,-0.3485285,-0.7541368,-1.58536,-2.0313444,-2.09603,-2.1018634,-2.0252512,-1.8450034,-1.6032108,-1.354938,-1.3151937,-1.6923187,-2.108645,-2.1518784,-2.0647259,-2.0540311,-2.0851185,-2.1145754,-2.2861073,-2.6965973,-3.3011837,-3.835956,-4.012809,-4.0784893,-4.0762796,-4.054633,-4.0630856,-4.1018925,-4.1838856,-4.226764,-4.1853137,-4.0833693,-4.0142164,-3.9987888,-4.067769,-4.125494,-4.173441,-4.2181754,-4.2488317,-4.1975784,-4.139223,-4.0922914,-4.06774,-4.172246,-4.2868896,-3.9781642,-3.1913676,-2.7301154,-2.44321,-2.2289517,-1.9877014,-1.882901,-1.8121195,-1.7884499,-1.8316176,-1.8452721,-1.8858666,-1.890064,-1.8908024,-1.8977165,-1.8819084,-1.9082252,-1.9370548,-2.0333414,-2.0000021,-1.9953527,-2.000844,-2.0721817,-2.2557676,-2.4546847,-2.6017723,-2.7024193,-2.7444873,-2.773573,-2.866211,-2.7576227,-2.8308172,-2.930839,-2.7971554,-2.8318224,-3.05555,-3.0968606,-3.2485352,-3.2359357,-3.2554986,-2.7853627,-2.7853584,-2.7850668,-2.7850149
-1.32363,-1.267,-1.143254,-1.013103,-0.9634564,-0.9520503,-1.002844,-1.0167227,-1.2217946,-0.9522312,-1.1861974,-0.96355975,-1.005964,-1.0034049,-1.1136115,-1.5679731,-1.4248405,-0.94026065,-0.4089109,0.20922118,0.4426465,0.6303645,0.70398116,1.0974976,1.3902755,1.8561864,2.58625,3.1327555,3.5540566,3.8347673,3.748558,3.4187663,2.778039,1.6594697,0.9545945,1.1652787,1.1057969,1.216176,1.3074192,1.568609,1.7535529,1.9467816,2.0277684,1.815389,1.2187569,0.39203304,0.01308234,-0.343073,0.23089346,1.2230971,4.5326004,8.802844,10.110982,10.727953,11.164356,11.279673,10.975845,9.807803,8.720129,7.268742,5.2096944,3.055304,1.42189,0.5214204,0.5009307,0.6931917,0.6305962,0.35033953,-0.021063387,0.1816434,0.56183636,1.0064609,1.4247165,1.8325708,1.9672071,1.7840867,1.323312,1.1376842,1.2543368,1.0273374,0.66946375,0.52501136,0.6988226,1.1805505,1.5890334,1.2868575,0.34356824,0.3517943,1.2124373,1.4271994,1.2941064,1.2801902,1.3755088,1.3591161,0.9943508,0.7600565,1.3537354,1.7679548,1.2821784,0.6168299,0.26295567,0.09124713,-0.052217945,-0.3071298,-0.5431366,-0.21038038,0.75823593,0.8940793,0.11679606,0.38577664,1.2542967,1.0770991,0.6911273,0.36134008,-0.05095671,-0.11178365,0.27458543,0.7736675,0.9412589,1.0375304,1.2407081,1.4093739,1.8231189,1.999617,3.0810542,3.955542,5.231018,6.641721,7.439243,8.025455,8.322136,8.538902,8.748342,9.036934,9.470426,9.919857,10.336423,10.593634,10.709763,10.586824,10.178861,9.236565,7.911417,5.365661,3.5134978,2.0422351,1.355,1.2924335,1.2463269,1.1624353,1.2072797,1.1691267,1.1755252,1.0501273,0.99782795,1.0407743,1.0602704,0.9898673,0.8971145,0.8532878,0.8048139,0.7694322,0.7218965,0.7224287,0.59160244,0.49988624,0.120897785,-0.3112226,-0.42398864,-0.40222234,-0.19641678,-0.18940675,-0.46928358,-0.6886579,-0.72952694,-1.0301762,-1.0940026,-1.0406868,-0.96610916,-1.0652966,-1.1430871,-0.95274353,-0.952361,-0.9520797,-0.95204836
-1.635037,-1.5945683,-1.4995437,-1.3829865,-1.3692894,-0.84907985,-1.4214703,-1.3436602,-0.85409814,-0.8491934,-0.18440667,-0.38476497,-0.2810139,-0.35888505,-0.23458777,-0.08515543,-0.0917219,-0.28563654,-0.50055873,-0.5060567,-0.021049246,0.43809953,0.35469157,0.23074776,-0.053534463,-0.45763472,-1.1375499,-1.7649918,-2.1733527,-2.4835658,-2.7574706,-2.9426394,-2.9661314,-2.9515805,-2.8400054,-2.5502713,-2.867383,-3.1417189,-3.2872589,-3.4135652,-3.5248857,-3.6986485,-4.086642,-4.15256,-3.8115516,-2.9193006,-2.092122,-1.5107868,-0.6450044,-0.32300758,-0.19413638,-0.2689951,-0.59844893,-1.1393412,-1.6058118,-1.9036012,-1.9744741,-1.5605361,-1.0990776,-0.9012959,-0.8680133,-0.9746032,-0.9063544,-0.9205813,-1.2288275,-1.3346153,-1.2197927,-0.9652002,-0.80561954,-0.8503448,-0.97247815,-1.0750413,-1.1676216,-1.1673255,-0.9029369,-0.77034724,-0.62336427,-0.781023,-1.2015631,-1.1896122,-0.8497119,-0.5322785,-0.47024515,-0.5224366,-0.5227484,-0.3231211,-0.21577704,-0.2670265,-0.42256433,-0.6094413,-0.5426271,-0.4705992,-0.28828186,0.010345098,0.32998613,0.079172194,-1.128976,-1.7044563,-1.8141215,-1.604892,-1.4850771,-1.4834071,-1.4493713,-1.3146489,-1.1712363,-1.1455882,-1.6067386,-1.897731,-1.158984,-0.71205914,-1.1019678,-1.2987287,-1.326211,-1.3375872,-1.290127,-1.1022316,-0.94264436,-1.0076042,-1.0415395,-1.114472,-1.2081445,-1.2719352,-1.3434141,-1.3680475,-1.3704215,-1.3860258,-1.400902,-1.4353178,-1.4889214,-1.6206522,-1.7451352,-1.8115455,-1.896506,-2.0030205,-2.1032805,-2.1410892,-2.1071002,-2.0156724,-1.8917987,-1.6979132,-1.519072,-1.4049714,-1.3328826,-1.2688217,-1.4572295,-1.7633307,-2.073011,-2.258811,-2.4312234,-2.4808931,-2.482311,-2.4512763,-2.4827685,-2.455718,-2.432924,-2.4571834,-2.4812732,-2.5197093,-2.5326324,-2.6628733,-2.6908784,-2.6933334,-2.7378352,-2.8495557,-2.8477864,-2.7306213,-2.52563,-2.2964532,-2.142878,-2.1426415,-2.126081,-2.0143595,-1.9191726,-1.9369596,-1.6611333,-1.5122966,-1.5134355,-1.50976,-1.6282425,-1.6339922,-1.5990927,-0.8485483,-0.8483808,-0.8478484,-0.84775287
-1.6081494,-1.390095,-1.2778324,-1.1773517,-1.1558192,0.22663511,-0.9314494,-0.8042319,-0.6481904,0.22669639,-0.7844226,-1.276857,-1.2283002,-1.1166546,-0.9912266,-0.7295757,-0.6323967,-0.7841949,-0.8472446,-0.9404864,-0.75008035,-0.43398213,-0.5772777,-0.9829981,-1.4862738,-2.0225275,-2.5934312,-2.8914826,-2.976994,-3.002221,-2.8817341,-2.6298447,-2.2708907,-1.5935972,-1.3147469,-1.2648536,-1.1702635,-1.3178169,-1.4897468,-1.7496579,-1.9161701,-2.0837462,-2.3386636,-2.3907702,-2.3445716,-1.8892272,-1.2122934,-0.33835092,-0.21351534,-0.83358157,-1.6917089,-2.087435,-2.2792702,-2.2511787,-2.2497034,-2.2453604,-2.0894258,-1.431596,-1.0689237,-1.1308305,-1.3348408,-1.5182624,-1.6240335,-1.858395,-2.3107905,-2.4673815,-2.2273173,-1.8114768,-1.6627331,-1.6904918,-1.8017676,-1.8503582,-1.8901432,-1.8513112,-1.6801977,-1.5418457,-1.2815142,-1.1192646,-1.2278948,-1.295239,-1.1823432,-1.2190676,-1.4943093,-1.8856515,-1.9207919,-1.4528534,-1.182029,-1.1207706,-1.1227168,-1.081742,-0.94435114,-0.9372328,-0.95794314,-0.84474015,-0.30976647,0.3914435,-0.42864814,-1.6855638,-1.8262683,-1.527526,-1.2227489,-1.0144054,-0.8597806,-0.6867635,-0.54319,-0.7101119,-1.310447,-1.3872436,-0.56246465,0.028848052,-0.19083269,-0.33354306,-0.23591682,-0.19108094,-0.2821223,-0.48840928,-0.6289518,-0.6245019,-0.54754484,-0.4010206,-0.28609884,-0.2477283,-0.23695105,-0.24617957,-0.44024903,-0.6843651,-1.0261687,-1.4416513,-1.6594505,-1.8295751,-1.9207939,-2.0310445,-2.1443546,-2.253656,-2.3945293,-2.5368924,-2.6612859,-2.6950555,-2.6429362,-2.4825733,-2.1676345,-1.8428347,-2.1267972,-2.005833,-1.7775745,-1.6370432,-1.5658257,-1.5644898,-1.6529715,-1.6872413,-1.6404915,-1.5484738,-1.5319297,-1.5606321,-1.5450995,-1.5454762,-1.562185,-1.4801888,-1.4581518,-1.5093107,-1.5549419,-1.5620525,-1.6095592,-1.6663135,-1.7187072,-1.7904427,-1.683575,-1.4024005,-1.2014353,-1.065204,-0.6978967,-0.37992722,-0.18037793,-0.09246965,0.23169515,0.35850143,0.43217698,0.45230523,0.44126704,0.46085942,0.46972325,0.22663139,0.22643617,0.22619599,0.22617571
-1.5313222,-1.3522654,-1.2363276,-1.0677027,-0.97373426,-0.5616349,-0.8245988,-0.667994,-0.3721595,-0.5616739,0.33557707,0.27029124,0.34114075,-0.3286292,-0.47608995,-0.2443977,-0.044137545,0.159271,0.240549,0.30438656,0.4960698,0.46675304,0.6753732,0.5433743,0.23032379,-0.03568402,-0.6330911,-1.2063694,-1.582536,-1.9641081,-2.5113935,-2.6411023,-2.0546565,-0.67511564,0.40554774,0.4438311,0.7735698,0.76672405,0.70391303,0.5617085,0.3982191,0.24776334,-0.048899353,-0.3736345,-0.7650552,-1.026837,-1.1227028,-0.5112436,-0.37608165,-0.97120094,-2.28833,-3.2689745,-3.5577447,-3.709867,-3.7628162,-3.7413745,-3.3183575,-2.2917743,-1.5662075,-1.158905,-0.75172883,-0.32264423,-0.26943752,-0.51752394,-0.8086009,-1.1338991,-1.2452943,-1.1611193,-0.9263396,-0.97083044,-1.2119646,-1.5938494,-1.8926338,-2.1945357,-2.3497155,-2.0814788,-1.442222,-0.78102744,-0.7691759,-0.7803199,-0.5212719,-0.52879214,-0.84638083,-1.1156924,-1.2881086,-1.0696418,-0.6923059,-0.73237145,-1.1937971,-1.4635684,-1.4665086,-1.5742414,-1.7922817,-1.7804763,-1.2359499,-0.09525335,0.2926748,-0.08815804,0.22879218,0.7991941,1.304941,1.5639706,1.5509117,1.4033077,1.4042623,1.4484644,1.1377974,0.89261866,1.1150082,0.5819323,-1.1583723,-1.7870702,-1.7873504,-1.6697882,-1.5481236,-1.6546055,-1.9228847,-2.0299282,-1.9888988,-1.874401,-1.7841032,-1.7460725,-1.7157073,-1.689826,-1.7083161,-1.7626803,-1.8537617,-2.0069485,-2.0664194,-2.1318088,-2.235308,-2.3105285,-2.3571851,-2.4454896,-2.5651076,-2.7526429,-2.9495196,-3.0675917,-3.049304,-2.7873178,-2.2263875,-1.7084849,-1.7701954,-1.2363094,-0.3906697,0.39825743,0.915583,1.0140021,1.0192441,1.0310354,1.0852914,1.1330212,1.1222844,1.1046486,1.0185884,0.99173105,0.98195136,0.919425,0.7795391,0.72923774,0.6938435,0.6152632,0.5752728,0.6372884,0.650918,0.53941864,0.32022128,0.16690446,-0.059457153,-0.2218692,-0.43173128,-0.61625034,-0.5436459,-0.67681384,-0.8731791,-0.8446256,-1.0319138,-1.1201124,-1.1252201,-1.0984594,-1.0582061,-0.5616143,-0.5614673,-0.56107205,-0.5610181
-0.18446481,0.07410392,0.49365035,1.2114899,1.4210397,-1.1778369,1.7849938,2.36906,3.962101,-1.1777799,7.0844526,7.187986,7.8123055,6.5051794,6.4898214,7.194643,7.9269133,8.934368,9.998979,11.003192,11.7011795,11.75181,11.676516,11.0979395,9.792582,8.269422,6.5422125,4.6657662,3.197223,1.8561788,0.19939604,-0.71570086,-0.93460035,-0.87109226,-1.0824833,-1.2538496,-1.5050433,-1.7572014,-1.8441107,-1.7967112,-1.727426,-1.6445733,-1.6681176,-1.8931615,-2.038037,-1.7220685,-0.90716803,0.3994972,1.2781262,0.9930481,0.4491653,-0.0025604162,-0.1486013,-0.66964865,-1.1534988,-1.5120549,-1.4780517,-0.6894674,0.12550345,0.60308754,0.8693036,0.95963234,0.80434704,0.8429763,0.86712885,0.9732945,1.0113252,0.7372188,0.5973468,0.32818517,-0.28999117,-0.96068025,-1.2898502,-1.5317681,-1.4369247,-0.84781647,-0.01957795,0.46552563,0.39580515,0.34864905,0.4697517,0.54636705,0.6171736,0.9603685,1.0889328,1.1130538,1.0295154,0.64037037,-0.26688206,-0.87543696,-0.98288584,-0.977075,-0.89696705,-0.6672212,-0.14818476,0.014775783,-0.6264801,-0.91293466,-0.9240093,-0.7148391,-0.52077276,-0.40892878,-0.3803548,-0.29618627,0.019922726,0.4405311,0.2536106,-0.4088854,-0.41253117,-0.61041766,-1.8617628,-2.554944,-2.7113442,-2.6776848,-2.5609162,-2.449182,-2.339729,-2.1983132,-2.0027096,-1.7355299,-1.5748552,-1.5075172,-1.4338185,-1.4094828,-1.3674248,-1.3954772,-1.5557199,-1.7844001,-1.870074,-1.9830118,-2.1478176,-2.2500536,-2.3093345,-2.353085,-2.35742,-2.351769,-2.326838,-2.3047564,-2.2418914,-2.0774403,-1.803766,-1.5839779,-1.735519,-1.700099,-1.4829344,-1.1666591,-1.0364743,-1.0825495,-1.1081885,-1.1127646,-1.1064262,-1.0994765,-1.1564674,-1.1304083,-1.1463916,-1.1539016,-1.1003782,-1.1898276,-1.3208963,-1.3371463,-1.3801001,-1.4542198,-1.4345797,-1.4997386,-1.4809906,-1.4645855,-1.6596826,-1.831426,-1.8483148,-1.8311415,-1.9609315,-1.7626872,-1.8275793,-1.5432495,-1.2263223,-1.1135898,-1.287667,-1.376695,-1.6644492,-1.7072911,-1.7333968,-1.1783493,-1.1779711,-1.1771988,-1.1770542
-1.7753494,-1.659574,-1.5761745,-1.6070359,-1.550944,-1.1866378,-1.5097448,-1.5895213,-1.9108989,-1.1868395,-2.1399863,-1.856648,-1.8759176,-1.9043255,-1.9378663,-2.1192098,-2.1485038,-2.0306432,-1.8488861,-1.5931076,-1.2214046,-1.0052075,-1.0490301,-1.2273052,-1.590342,-1.9281098,-1.7447183,-1.4398539,-1.0795751,-0.72129107,-0.512826,-0.58642995,-0.9842833,-1.6036468,-1.7336843,-1.5885602,-1.4281139,-1.1754866,-1.0162389,-0.88738006,-0.8656874,-0.9853959,-1.2947612,-1.445436,-1.4419681,-1.2380227,-1.0902658,-0.9999355,0.09180586,0.73238844,1.0333683,0.023283035,-0.5841036,0.02128312,0.79120415,1.2865982,1.3525591,0.63824165,-0.40077895,-1.2801881,-1.9157,-2.1931365,-2.2589579,-2.1119227,-1.7210855,-1.3092496,-1.053153,-1.0702646,-1.240562,-1.5958836,-2.088555,-2.213069,-2.2071834,-2.2785437,-2.5126114,-2.6272323,-2.5689583,-2.5476785,-2.33317,-2.2262115,-2.295477,-2.3296843,-2.1460195,-1.9051274,-1.748703,-1.7472667,-1.8875425,-2.2494133,-2.3692918,-2.194011,-2.2088852,-2.2964478,-2.4228373,-2.4622273,-2.5081353,-2.2441797,-1.2579529,-0.7787208,-0.7947471,-0.92123914,-1.0375904,-1.1259098,-1.1082076,-0.9491402,-0.5414561,0.8373321,2.6185338,5.7709713,8.096603,10.158016,11.592175,11.810242,11.785166,11.590766,10.824346,9.546331,7.736368,5.6432676,4.18042,2.8230996,1.8943789,1.423939,0.7960175,0.5434914,0.17803425,0.09177634,0.032525405,-0.014180422,0.0967205,0.3080562,0.43032607,0.44428438,0.4037481,0.40970343,0.39276457,0.4054834,0.3639325,0.16709642,-0.038276657,-0.35480195,-0.76426005,-1.312394,-1.6496028,-1.9538703,-1.9328231,-1.8209577,-1.6909953,-1.6115283,-1.5364506,-1.5227542,-1.5378442,-1.5622847,-1.5484298,-1.5496453,-1.5502604,-1.5551491,-1.5488155,-1.5573149,-1.5318028,-1.6031134,-1.5590311,-1.5596753,-1.60432,-1.6637619,-1.9480535,-2.10074,-2.0915089,-1.9186093,-1.6993346,-1.3587888,-0.99388534,-0.7536749,-0.6003474,-0.8898146,-0.9180416,-1.1237667,-1.2203356,-1.2458779,-1.2621905,-1.3205469,-1.3810912,-1.1852729,-1.1855451,-1.1860787,-1.1861804
-2.3943284,-2.3831935,-2.298272,-2.1589732,-2.120017,-2.1096609,-2.0941312,-1.9374214,-1.4778533,-2.109809,-0.51487416,-0.38896716,0.0018211603,-0.15209284,-0.24337015,-0.2039294,-0.37633216,-0.49108055,-0.70827246,-0.6441279,-0.394284,-0.26119918,-0.14391756,0.03717935,-0.2585288,-0.57346314,-1.154097,-1.7569516,-2.2239797,-2.6168962,-3.005257,-3.3036551,-3.2783723,-3.1048796,-2.845718,-2.719444,-2.8724709,-3.0491235,-3.1293426,-3.228528,-3.33505,-3.4681003,-3.7085319,-3.8300064,-3.653286,-3.1297662,-2.6900866,-2.4966736,-2.0466776,-1.7115217,-1.8370824,-1.8657812,-1.6856695,-1.8367804,-1.9526235,-1.9564254,-1.692968,-1.2075007,-0.9213627,-0.72500455,-0.42302296,-0.19847494,0.08311781,0.22957148,0.0912413,0.041679114,-0.042125076,-0.14134362,-0.23150766,-0.43041483,-0.6030702,-0.74390787,-0.89155775,-1.0754695,-1.1225026,-0.98558635,-0.7189834,-0.49325362,-0.5716605,-0.45100293,-0.058969304,0.29622304,0.5160008,0.80378085,0.78254527,0.5481958,0.3063472,-0.05018895,-0.5265342,-0.7372676,-0.6889864,-0.6660043,-0.6744715,-0.5852403,-0.5558233,-1.0396523,-2.0620625,-2.6387374,-2.7814498,-2.5763955,-2.3812964,-2.194613,-2.0231795,-1.8496968,-1.7286525,-1.9432456,-2.6172414,-3.067184,-2.4428287,-2.0253937,-2.013492,-1.9005413,-1.7927122,-1.6901319,-1.5447947,-1.4614167,-1.4095672,-1.4518753,-1.4103202,-1.3491275,-1.2832198,-1.2622347,-1.2057629,-1.1754441,-1.1565,-1.1845977,-1.2691159,-1.2891511,-1.3946903,-1.588166,-1.777242,-1.8903464,-2.0462165,-2.2139828,-2.4048991,-2.5828605,-2.6935375,-2.7325923,-2.703774,-2.5866256,-2.458044,-2.1527865,-1.9212477,-1.7929288,-1.8080597,-1.8947793,-1.9720986,-2.0484672,-2.105951,-2.0935602,-2.1212115,-2.1415348,-2.1547885,-2.115213,-2.1283393,-2.1409066,-2.1175852,-2.1560934,-2.1653652,-2.2854233,-2.2965844,-2.3398201,-2.3740897,-2.5007048,-2.5367994,-2.5371447,-2.455813,-2.4946504,-2.5086188,-2.6127014,-2.8768687,-2.9866157,-3.0857308,-3.094726,-3.1745584,-2.895794,-2.723074,-2.6960225,-2.6349006,-2.6071432,-2.5154703,-2.108983,-2.1087937,-2.108207,-2.1080983
-2.0853333,-1.8911572,-1.7442654,-1.6046658,-1.548527,-0.7978034,-1.3243864,-1.2284796,-1.1739454,-0.79786354,-0.80519044,-0.60409844,-0.543245,-0.8657051,-0.9682442,-0.8829125,-0.6811644,-0.33681148,0.16966024,0.51732695,0.2540692,-0.2485748,-0.16539389,0.2714867,0.14437309,-0.17980945,-0.32208988,-0.2881415,-0.2712216,-0.07029997,0.30301127,0.60619634,0.66924506,0.3815929,-0.11498542,-0.3771913,-0.6496397,-0.7252294,-0.64261055,-0.6231897,-0.6208978,-0.84452647,-1.2197703,-1.4810843,-1.668071,-1.5080779,-0.9043896,-0.027049014,1.2547492,1.6916268,1.6676583,1.0698013,0.3812148,-0.1749728,-0.3852425,-0.20078376,0.009972364,0.0137202665,-0.16962355,-0.35394374,-0.4029169,-0.49555457,-0.7965584,-1.0915054,-1.1827261,-1.2595118,-1.422713,-1.7589067,-2.19763,-2.7679796,-2.9814522,-2.7897844,-2.4764538,-2.1297574,-1.8099976,-1.71363,-1.7856681,-1.6951575,-1.6736434,-1.5816007,-1.6032879,-1.611289,-1.4712541,-1.2662072,-1.3470309,-1.7868497,-2.4447732,-2.9607606,-2.9711246,-2.8693457,-2.6505194,-2.2570539,-1.3969045,-0.83361477,-0.6427828,-0.75775284,-1.0486314,-1.1939079,-0.9990467,-0.859199,-0.814572,-0.8715803,-0.90305185,-0.9908192,-0.8589349,-0.24081644,0.47568363,1.4389338,1.5842512,1.4289819,1.675447,1.9081913,1.9339534,1.8312157,1.3662357,0.86673397,0.1918022,-0.4797985,-0.8705677,-1.2940309,-1.5861584,-1.7320001,-1.9257026,-1.9935354,-2.009426,-1.9759953,-2.0504923,-2.2182555,-2.400202,-2.5203264,-2.5165474,-2.5243807,-2.5957866,-2.5645692,-2.5895798,-2.5815508,-2.4514525,-2.3625154,-2.2950919,-2.3596797,-2.5489535,-2.3593059,-1.6750144,-1.3425007,-1.4650364,-1.3737257,-1.1562274,-1.0326366,-1.012887,-1.0574355,-1.0818624,-1.0946102,-1.1080196,-1.2605729,-1.323489,-1.3296351,-1.3087517,-1.301483,-1.2376451,-1.3600602,-1.346662,-1.3785461,-1.4947956,-1.6668134,-1.8603085,-1.8708425,-1.9854865,-2.0272202,-2.0331612,-2.0427182,-2.0756311,-2.0818214,-2.0468717,-2.1218328,-1.7918887,-1.8019933,-1.7466302,-1.7048082,-1.823752,-1.8481138,-1.8952942,-0.7983498,-0.7981821,-0.7980163,-0.7979606
-2.4461367,-2.497547,-2.5204377,-2.4675055,-2.4335074,-3.1412544,-2.4390159,-2.3496213,-2.061296,-3.1412754,-1.8140057,-1.927913,-1.6746309,-1.5669096,-1.4258214,-1.4133968,-1.5303113,-1.6498283,-1.8892192,-1.9716024,-1.7288444,-1.7521759,-1.7084633,-1.7693434,-1.733935,-1.4948134,-1.6680458,-2.0058832,-2.307034,-2.6468973,-3.0521483,-3.3464577,-3.3124743,-2.9858775,-2.5147567,-2.4954793,-2.7790728,-2.9364252,-3.041418,-3.0672803,-3.0619838,-3.0932999,-3.214147,-3.3393402,-3.4017272,-3.2291253,-3.1816578,-3.2749705,-3.2767487,-3.002328,-2.808629,-2.2411458,-1.9261042,-1.9801247,-2.025607,-2.0000794,-1.6591375,-0.8545468,-0.34665698,-0.2610902,-0.24745698,-0.25857627,-0.30652094,-0.39096612,-0.5993382,-0.6898055,-0.7431799,-0.67524683,-0.39957458,-0.30349562,-0.40701294,-0.6666553,-0.9312037,-1.2289041,-1.2861443,-0.90492547,-0.4515809,-0.12768511,-0.29057398,-0.51259416,-0.43568102,-0.2924486,-0.25865176,-0.20515297,-0.17911437,-0.10029046,0.11380947,0.025718838,-0.66257703,-0.9269705,-0.88820696,-0.843248,-0.77294266,-0.6711483,-0.4752636,-0.47042036,-0.93727446,-1.1623067,-1.148296,-1.1169664,-1.0381919,-0.9639108,-0.94851625,-0.9459305,-1.0787132,-1.5653223,-2.1629372,-2.5947628,-2.252306,-2.386591,-3.1800404,-3.4273553,-3.4125013,-3.3005662,-3.0129502,-2.6752362,-2.4894586,-2.5291893,-2.5353532,-2.5470934,-2.5463545,-2.53803,-2.525537,-2.5421548,-2.5779605,-2.6100261,-2.6258295,-2.5712616,-2.6102123,-2.7543488,-2.9056296,-2.954689,-3.0209813,-3.1369321,-3.2312746,-3.3107,-3.331439,-3.289063,-3.198316,-2.979044,-2.7299917,-2.4294345,-2.1039295,-1.648871,-1.440623,-1.459955,-1.5297451,-1.6221855,-1.6474003,-1.6328889,-1.6846066,-1.68831,-1.735564,-1.6787515,-1.683951,-1.7117989,-1.7285656,-1.8093312,-1.8670633,-2.0313673,-1.9941274,-1.9939201,-2.0419526,-2.1168065,-2.2558804,-2.4220703,-2.5001795,-2.6181743,-2.7116518,-2.8580177,-3.1577535,-3.4513302,-3.57724,-3.5649343,-3.734726,-3.4902978,-3.415884,-3.460226,-3.3522673,-3.3096366,-3.1992216,-3.1401367,-3.140184,-3.1397784,-3.1397207
-4.00294,-3.969915,-3.9591877,-3.9400277,-3.9131384,-4.5155644,-3.7871573,-3.6455047,-3.498133,-4.515661,-3.499029,-3.44122,-3.3470817,-3.1857378,-3.1275911,-3.0635104,-3.1033664,-3.2263057,-3.3279657,-3.2170944,-2.8513057,-2.360766,-2.2518582,-2.0837455,-1.932746,-1.9480709,-1.9706509,-1.9587517,-1.9731033,-1.9827217,-2.0288472,-2.2850955,-2.597455,-2.709423,-2.3088412,-2.6117496,-2.9128044,-2.9360402,-2.9152331,-2.858798,-2.840884,-2.9543989,-3.1881242,-3.2599754,-3.1048224,-2.4972708,-1.9235775,-1.5765618,-1.2947123,-1.0745693,-1.5140917,-2.1405807,-2.5021477,-2.8926477,-3.2453346,-3.2332006,-3.1976104,-3.2173762,-3.0865107,-2.9418864,-2.7998042,-2.6060324,-2.4708226,-2.3718686,-2.0750828,-1.6565986,-1.3232524,-1.2624986,-1.4497396,-1.5885522,-1.6755818,-1.721723,-1.7566848,-1.8791089,-2.1250181,-2.0621884,-1.720748,-1.2862229,-1.152365,-1.4042964,-1.6938934,-1.8648986,-1.7878833,-1.5942569,-1.2825934,-1.2598106,-1.5773923,-1.8841393,-1.9464276,-1.8824545,-1.810374,-1.7468522,-1.7463806,-1.7770547,-1.8890923,-2.0006642,-1.8995315,-2.1778085,-2.5127773,-2.577275,-2.5187383,-2.4850225,-2.463179,-2.5327516,-2.4846597,-2.1394951,-1.81728,-1.5509523,-1.734778,-1.5919621,-1.0667622,-0.8301945,-0.7087302,-0.7062365,-0.7677928,-0.782725,-0.90060437,-1.1656201,-1.3985106,-1.7181615,-1.9841559,-2.1493433,-2.43618,-2.6302216,-3.2106612,-3.569666,-4.054577,-4.481221,-4.631174,-4.6588078,-4.67036,-4.7117233,-4.8299217,-4.9808617,-5.152916,-5.247732,-5.355878,-5.5201545,-5.658056,-5.761656,-5.6910176,-4.9612017,-3.9933326,-3.5468166,-3.2237084,-2.9836063,-2.775169,-2.764213,-2.7826905,-2.7997968,-2.838345,-2.8579435,-2.8723102,-2.8744347,-2.908001,-2.945842,-2.9759684,-3.0198116,-3.0582304,-3.2346075,-3.183815,-3.210242,-3.2719269,-3.3620691,-3.6972144,-4.042534,-4.193152,-4.202399,-4.2070813,-4.1757445,-4.237698,-4.279989,-4.288627,-4.4066,-4.615756,-4.5131497,-4.504826,-4.522994,-4.4343076,-4.402816,-4.384405,-4.5147166,-4.5147667,-4.514581,-4.5145617
-1.535847,-1.5142736,-1.552646,-1.5366993,-1.5353347,-0.98386407,-1.5474892,-1.5844824,-1.5525706,-0.98397297,-1.3849266,-1.5041984,-1.2660477,-1.370707,-1.2164986,-1.1546987,-1.0342025,-1.1414466,-1.5146223,-1.934433,-1.9434078,-2.0909948,-2.0797808,-2.203864,-2.108263,-2.0154023,-2.329156,-2.5787768,-2.6986408,-2.8723183,-3.1592195,-3.4387343,-3.5056062,-2.8705451,-1.3824092,0.009324014,0.5821953,0.5583169,0.38300812,0.22158226,0.11434743,0.059583187,-0.036191404,-0.27509046,-0.6197835,-0.79957515,-0.8771308,-1.040924,-1.7409153,-2.178703,-2.5340562,-2.301841,-1.9694853,-1.8991618,-2.0031137,-2.0685062,-2.0119255,-1.5129606,-1.1632266,-1.1822729,-1.231723,-1.1693738,-1.1518047,-1.1768833,-1.2681243,-1.2951717,-1.3079537,-1.4010383,-1.4184507,-1.5538459,-1.7380358,-1.836539,-1.9209523,-2.130351,-2.3687508,-2.2920947,-1.9877083,-1.5852582,-1.2761669,-1.0808702,-0.89497375,-0.8235338,-0.9624181,-1.1871212,-1.1464956,-0.95252526,-0.82216084,-0.9974593,-1.3529147,-1.3884531,-1.1821632,-1.1629046,-1.1558998,-0.9409974,-0.4310193,0.6868377,2.5256624,3.429744,3.147893,2.5629644,2.1531062,1.9116917,1.7583077,1.5189679,1.0070779,0.101954386,-0.48889214,-0.7355795,-0.48007703,-0.78814,-1.8432083,-2.2167792,-2.2508676,-2.1910987,-2.1309474,-2.223262,-2.5110912,-2.7841344,-2.8879633,-3.0025868,-3.0785365,-3.1168327,-3.2417486,-3.2910483,-3.5773034,-3.7500165,-3.85928,-3.7473698,-3.5466459,-3.4389973,-3.401847,-3.3514955,-3.2618651,-3.2380075,-3.1671376,-3.1569784,-3.1434016,-3.0761385,-2.9111896,-2.5736287,-2.0528474,-1.2667866,-0.71599174,0.13883084,0.764781,1.1069689,1.3251725,1.3287494,1.3021863,1.2633529,1.2360628,1.2167222,1.1140184,1.0669794,0.93076444,0.9192268,0.9155233,0.7477921,0.56708205,0.35333478,0.3747907,0.32821447,0.24031682,0.19749138,-0.040033117,-0.38838828,-0.6172501,-0.7386402,-0.8580307,-1.0131384,-1.0725302,-1.1310365,-1.19136,-1.3478289,-1.4391036,-1.3460162,-1.5620067,-1.7154722,-1.7139895,-1.7040093,-1.6564865,-0.98269874,-0.9827305,-0.9823911,-0.9823723
0.24173528,-0.045851827,-0.19444619,-0.23217031,-0.29219565,-2.7045128,-0.44586664,-0.5023313,-0.27850625,-2.7044864,0.22417384,0.0014582016,0.0053813234,-0.5550304,-0.45550153,0.20172352,0.35441098,0.6261312,0.8120028,0.9040859,1.1829967,1.0530788,1.0100843,0.52850854,0.07708764,-0.0070033967,-0.32192674,-0.6797483,-0.9794649,-1.2574224,-1.440805,-1.4287069,-1.1227279,-0.9783603,-0.76204467,-0.05279416,-0.5515927,-0.83625185,-0.9002478,-0.97057545,-1.0690372,-1.1976111,-1.4903661,-1.8808343,-2.2745519,-2.4561746,-2.777564,-2.3617868,-1.1712747,-0.7202602,-0.9953828,-1.4130315,-1.9615545,-2.2120001,-1.9461896,-1.5918463,-1.0370234,-0.5359949,-0.21991542,0.15747246,0.65905315,1.0955287,1.351182,1.1528603,0.8573695,0.7129609,0.6813334,0.68094903,0.7944021,0.7235371,0.46361667,0.095101945,-0.22081557,-0.53229946,-0.5649039,-0.21065718,0.20891246,0.54445153,0.629563,0.80472976,1.087936,1.2392473,1.0798402,1.0615928,1.317866,1.8882359,2.2476707,2.1224666,1.0717219,0.49595484,0.44060653,0.4703312,0.46234354,0.46849966,0.5847671,-0.0897885,-0.48848674,0.7128255,1.3543795,1.3375056,1.0927241,0.73396915,0.38151753,0.084614605,-0.32353002,-0.91774124,-1.1469555,-1.0197086,-0.6772743,-0.83761567,-1.3152938,-1.6585661,-1.7711568,-1.7587887,-1.5012116,-1.1256205,-0.87860215,-0.78602767,-0.67173946,-0.52957743,-0.44371217,-0.38878334,-0.29110497,-0.22249807,-0.18192574,-0.20277369,-0.31914118,-0.48334894,-0.7248631,-1.0085535,-1.2021551,-1.26525,-1.3116841,-1.3966902,-1.5338502,-1.6633444,-1.7004447,-1.6310639,-1.5508538,-1.4492952,-1.4347506,-1.733925,-1.7397598,-0.7385411,-0.42375198,-0.5920962,-0.86638457,-0.9402847,-0.96148634,-0.9499199,-0.98103297,-1.0039086,-1.0219015,-1.0251483,-0.9555234,-0.9742946,-0.9580899,-0.9476847,-0.8542744,-0.8278327,-0.86421436,-0.83953404,-0.7623062,-0.8142098,-0.70195854,-0.62706804,-0.64145446,-0.79940957,-0.96086025,-1.2390338,-1.4963253,-1.7954031,-1.9776368,-1.9496264,-2.0839992,-2.1414032,-2.173052,-2.1406732,-2.123446,-2.076741,-2.0086553,-2.7045307,-2.7045927,-2.7045593,-2.7045202
-1.2003245,-1.1627495,-1.1592655,-1.165577,-1.1369824,-1.6465799,-1.0305531,-0.8947639,-0.81438136,-1.6466875,-0.76250905,-0.3529699,-0.32445273,0.314633,0.21932416,-0.34227848,-0.7138057,-0.8924793,-1.1517853,-1.0879024,-0.93998533,-0.8127171,-1.104838,-1.1616302,-0.81734455,-0.55542934,-0.1387029,0.26267654,0.4248579,0.5245569,0.6013816,0.4292705,-0.047895335,-0.76133144,-1.7471892,-2.6814065,-2.277244,-1.9655524,-1.7897184,-1.5822724,-1.5118554,-1.6066612,-1.9445188,-2.1328263,-2.1646705,-1.9177125,-1.590893,-1.817271,-2.346558,-2.3414445,-2.1893642,-1.4163185,-0.9247266,-1.0954041,-1.4530873,-1.5949781,-1.9247928,-2.5769913,-2.733634,-2.4560623,-2.1955547,-2.0024104,-1.8691835,-1.5996954,-0.9856193,-0.41199243,-0.13922961,0.064567596,0.07067561,0.23233768,0.6741259,0.87509114,0.9945458,1.032383,0.65046835,-0.14534153,-1.0347784,-1.7074413,-1.7108488,-1.689635,-1.7849474,-1.7270846,-1.3219005,-0.81866765,-0.49144402,-0.2643358,-0.3316232,-0.40111005,-0.07421499,-0.065868855,-0.34895968,-0.536446,-0.8098409,-1.1250622,-1.5466092,-1.9093953,-1.6002944,-1.5122032,-1.4739859,-1.4174722,-1.3351443,-1.227247,-1.2093334,-1.3668497,-1.536876,-1.8280959,-2.0136924,-2.2767007,-2.5062726,-2.0503592,-1.1354059,-1.1267401,-1.4590552,-1.7123958,-1.8343139,-1.421425,-0.8713006,-0.6815453,-0.6744932,-0.7166935,-0.70958555,-0.6723681,-0.61441475,-0.65958756,-0.64944094,-0.5696946,-0.2208701,0.20955844,0.47959685,0.73743236,0.94292784,0.96214294,0.9034647,0.87826,0.7772241,0.5439662,0.181904,-0.27139026,-0.7078713,-1.2315481,-1.7835025,-1.9791149,-2.0549242,-2.740405,-2.7152023,-2.3058057,-1.9513855,-1.8525801,-1.7911148,-1.7748604,-1.8090069,-1.9101914,-1.9178667,-1.9293268,-1.9596999,-1.946858,-1.9105605,-1.9387681,-1.9387528,-1.9564312,-1.9127411,-1.9932225,-2.046184,-2.1063917,-2.3741248,-2.5991008,-2.543364,-2.398124,-2.1851711,-2.0503027,-2.0851204,-2.149043,-2.0590935,-2.2093177,-2.3708286,-2.3257203,-2.2419434,-2.2041078,-2.1903033,-2.2463856,-2.2531753,-1.6461103,-1.6460111,-1.6458398,-1.6458238
0.61026746,0.58336216,0.4754959,0.2658137,0.24695355,4.538482,0.120027564,0.0062120594,-0.0026254058,4.5384336,0.6699507,0.6507998,0.83134556,0.3750175,0.10031596,0.17026865,0.20640989,0.076714255,-0.2932518,-0.93819904,-1.103067,-1.9465127,-1.9195989,-2.0713518,-2.1896152,-2.1091316,-2.2698116,-2.354376,-2.2358055,-2.0408087,-1.6295077,-0.6977461,1.0591334,4.450376,8.661602,11.1217,12.448565,12.550136,12.58281,12.60554,12.577229,12.479577,12.195843,12.021849,11.519008,10.492923,8.796343,6.4746785,2.1304681,0.48687765,-0.044333845,-0.11056353,-0.15626562,-0.52324915,-0.99966866,-1.2227068,-1.2619396,-1.0750318,-0.82360363,-0.53727734,-0.16317643,0.24037394,0.6416215,0.4650913,0.093198374,-0.11634965,-0.3629279,-0.2417124,0.1026212,-0.22124244,-0.75275505,-1.3308692,-1.6635926,-1.989599,-2.1875513,-1.929187,-1.261503,-0.39912897,0.3615541,0.9446126,1.395416,1.5239325,1.112845,0.36510172,-0.13785712,0.066348374,0.4435382,-0.13963546,-1.2294277,-1.6301394,-1.642338,-1.7800765,-2.2146363,-2.575292,-2.539458,-1.6695076,-1.1101278,-0.93272936,-0.65395427,0.012211613,0.5136484,0.8825058,0.9804411,0.9615389,1.0472832,0.9379239,0.5977925,0.34383494,0.5991998,-0.09939695,-1.3039147,-1.63257,-1.5813087,-1.4680642,-1.3689325,-1.5176617,-1.9399405,-2.2087767,-2.2645502,-2.3235776,-2.3434222,-2.320596,-2.3244903,-2.2879033,-2.2405512,-2.2382662,-2.1260815,-1.8494854,-1.6087166,-1.3663226,-1.2289429,-1.0552969,-0.84845155,-0.637884,-0.27977902,-0.17576784,-0.020625424,0.25299406,0.7165102,1.9797131,4.113278,7.5000763,9.589944,11.490991,12.221895,12.538317,12.620916,12.613428,12.593281,12.620499,12.636963,12.636183,12.63819,12.6464,12.662386,12.660164,12.663138,12.645842,12.646716,12.593084,12.584393,12.575505,12.550281,12.445613,12.183304,11.883604,11.419524,10.88855,10.492858,9.96369,9.367374,8.871399,8.543912,7.876013,6.927618,6.4700074,5.38578,4.94689,4.9586897,5.0350423,5.1220665,4.5380964,4.5381784,4.5377393,4.5375667
-0.20696318,-0.4833715,-0.61028135,-0.72036505,-0.8159432,-1.90062,-0.94488317,-0.96645504,-1.1471578,-1.9003958,-1.7504474,-1.6047201,-1.892616,-1.871326,-1.9433115,-2.0895452,-1.9221368,-1.7520355,-1.4051408,-0.51034427,0.1994251,1.6326879,2.610575,5.138483,8.186547,10.00637,10.908499,11.461039,11.768711,11.926805,12.001138,11.982578,11.942369,11.51269,9.899543,6.897089,2.5374362,1.5751173,1.5182827,1.59331,1.5339437,1.5606148,1.7638339,1.6437984,0.8246311,-0.41885975,-1.2609657,-2.0544748,-2.4378319,-2.2700658,-1.5766798,-0.047556043,0.7060771,0.56900907,0.06654507,-0.4220143,-0.8684308,-1.3931588,-1.237409,-0.96208847,-1.002063,-1.2723553,-1.4955827,-1.4977126,-1.0220048,-0.6694475,-0.29957554,0.26192465,0.63554054,1.3464867,2.3917944,3.2919812,3.8654962,4.365245,4.6036134,4.378619,3.6205401,2.4167752,1.3591228,0.30738077,-0.6049223,-1.180084,-1.1606516,-0.7458724,-0.0753652,0.4348672,0.68587875,1.2147201,2.337575,2.9011223,2.9199896,2.8984833,2.7344673,2.462977,1.8690271,1.1232682,0.84529394,0.2786929,-0.4459564,-1.0231483,-1.3148274,-1.4925634,-1.605478,-1.6968219,-1.7195445,-1.5466793,-0.7936195,-0.5303309,-1.4953058,-2.196792,-1.6992128,-1.3753254,-1.3393729,-1.3894285,-1.5026696,-1.4620217,-1.1882185,-0.9042468,-0.80588895,-0.73844606,-0.72428435,-0.69928825,-0.66311705,-0.64023113,-0.59672475,-0.47250983,-0.3158269,-0.08837274,0.065075845,0.13523608,0.08271678,0.07370054,0.07421213,-0.01838705,-0.1235472,-0.14483087,-0.19868946,-0.2581359,-0.34651,-0.5972025,-0.75081664,-0.28807318,0.7112392,0.5499865,0.07097213,-0.48452348,-0.8420267,-0.85789305,-0.8469147,-0.8349297,-0.7928711,-0.79638565,-0.74703574,-0.77040195,-0.7126389,-0.6776489,-0.6853494,-0.6321671,-0.584316,-0.48702595,-0.51453686,-0.48046207,-0.38419443,-0.31693608,-0.44296438,-0.60312545,-0.8755473,-1.1281371,-1.369865,-1.4125888,-1.4695816,-1.4724474,-1.4780025,-1.173429,-1.3378179,-1.2946454,-1.0007368,-0.92082286,-0.73787606,-0.6382179,-0.67474234,-1.9019723,-1.9018638,-1.902034,-1.9020326
-0.95844615,-0.98334205,-1.0119452,-1.099114,-1.1025873,-0.7184994,-1.2426084,-1.3457975,-1.5201836,-0.7184149,-1.7124914,-1.6641111,-1.5591742,-1.4637896,-1.5982349,-1.6891476,-1.5233265,-1.0862762,-0.41993386,0.24704026,0.40191722,0.28223318,0.20256886,-0.008327901,-0.26991412,-0.05890593,0.33328104,0.78411376,1.0784367,1.429795,1.9486785,2.2195652,2.3612216,2.0936341,1.4132994,2.1861815,3.689498,3.9175572,3.8483343,3.7616177,3.7464056,3.7026203,3.4096942,3.2163193,2.7438564,1.908676,1.066812,1.0486691,1.9566405,2.3004856,1.8886399,0.64865965,-0.06685492,-0.22154604,-0.31791458,-0.28579342,-0.3891328,-0.8564352,-1.03329,-0.85558665,-0.4569295,-0.002041705,0.39668936,0.18245244,-0.15484999,-0.5606665,-1.0799484,-1.284152,-1.0982094,-0.6688967,0.07436665,0.53773403,0.7286314,0.9154625,0.88398385,0.29422963,-0.38506213,-0.8038348,-0.65182894,-0.15332669,0.33448318,0.5518838,0.35026392,-0.34116483,-1.1716461,-1.423473,-0.9975567,-0.15885639,1.0138665,1.3606145,1.4357297,1.5472298,1.8543795,2.0580482,2.0271485,1.7307053,1.5806824,2.354916,3.4545512,3.9342911,4.2082505,4.3778896,4.4481916,4.385939,4.1990323,3.7771764,3.0248146,1.7597349,1.321857,1.8961635,2.8933265,3.0260718,2.8760986,2.6807113,2.2869687,2.0695539,2.2856853,2.568973,2.6771388,2.648099,2.6337178,2.6266277,2.5447876,2.4763386,2.1506011,1.8371518,1.4021729,0.8638258,0.5396479,0.44554186,0.49639052,0.515924,0.4970063,0.5859109,0.6981408,0.79474115,0.89262474,0.88147825,0.8604489,0.75146806,0.6418237,0.82235026,1.4851463,2.8592134,3.6098857,3.9585438,4.0064287,4.006151,3.946022,3.8816388,3.8970084,3.9307542,3.920425,3.9057221,3.8689976,3.884674,3.8056834,3.8083067,3.8040633,3.642083,3.664978,3.6758313,3.6076212,3.517206,3.309744,3.07136,2.5277543,1.9351538,1.5240058,1.0960848,0.699849,0.2750855,0.25992793,0.023484044,-0.21178684,-0.28388122,-0.27112484,-0.30497038,-0.16172901,-0.12454718,-0.006285548,-0.7184147,-0.71871674,-0.71954685,-0.71969515
-5.166543,-5.1012297,-5.0803046,-5.0240893,-4.9860315,-3.88655,-4.859411,-4.727851,-4.4136887,-3.8867326,-3.8452816,-3.8582556,-3.5885663,-3.6461003,-3.5757308,-3.416978,-3.4741247,-3.6759772,-3.9674509,-4.134328,-3.7931976,-3.4067793,-3.306931,-3.201828,-3.0819974,-3.2568908,-3.7140338,-4.1211715,-4.3913474,-4.676741,-5.030405,-5.3235726,-5.3947983,-4.9533243,-3.9873543,-4.027836,-4.1624165,-4.1413126,-4.146616,-4.1423507,-4.18787,-4.3233905,-4.5934353,-4.80885,-4.82539,-4.2866116,-3.6337073,-3.3916302,-3.5937114,-3.7186105,-4.1582317,-4.210238,-4.0952883,-4.1654453,-4.224436,-4.112365,-3.7772825,-3.070095,-2.765302,-2.85671,-2.9486723,-2.9439158,-2.9373453,-2.843758,-2.6922605,-2.323474,-1.8413472,-1.5079231,-1.4813982,-1.8869998,-2.4188437,-2.7797356,-3.016884,-3.3479526,-3.5856206,-3.2606094,-2.5890431,-2.0057874,-2.1908288,-2.528452,-2.6122007,-2.583569,-2.4281378,-2.092576,-1.5749128,-1.1549017,-1.2245418,-1.9314858,-2.8545642,-3.085938,-3.014896,-3.0396624,-3.1636024,-3.1268473,-2.8695955,-2.467296,-2.553029,-3.23668,-3.6649387,-3.6195517,-3.4619746,-3.3426547,-3.301502,-3.3316789,-3.2648616,-3.0759912,-3.032349,-2.7021189,-2.478458,-2.9768171,-3.7708204,-3.8197498,-3.678243,-3.541111,-3.4065576,-3.438787,-3.8141184,-4.3089075,-4.541161,-4.7331657,-4.8687325,-4.9414926,-5.075483,-5.1714106,-5.392256,-5.4868994,-5.5342255,-5.411533,-5.220641,-5.092765,-5.089343,-5.1187754,-5.1592107,-5.224328,-5.2892513,-5.3803678,-5.4578824,-5.5032063,-5.4887247,-5.3263197,-5.0552726,-4.6921706,-4.495337,-4.3426847,-4.0079355,-3.5910099,-3.2338946,-3.212566,-3.2220068,-3.190778,-3.228641,-3.2556286,-3.3081293,-3.2955294,-3.3474743,-3.3590493,-3.3259873,-3.4389324,-3.5270054,-3.704557,-3.6873236,-3.726485,-3.7967577,-3.910501,-4.227845,-4.524249,-4.595635,-4.530575,-4.4697075,-4.4500775,-4.5298853,-4.484062,-4.4818916,-4.59159,-4.69749,-4.6469088,-4.839736,-4.9337416,-4.9832015,-4.9789057,-4.9576373,-3.8854628,-3.8853207,-3.8846083,-3.8845131
