0,1,2,3,4,5,6,7,8,9,10,11,12,13,14,15,16,17,18,19,20,21,22,23,24,25,26,27,28,29,30,31,32,33,34,35,36,37,38,39,40,41,42,43,44,45,46,47,48,49,50,51,52,53,54,55,56,57,58,59,60,61,62,63,64,65,66,67,68,69,70,71,72,73,74,75,76,77,78,79,80,81,82,83,84,85,86,87,88,89,90,91,92,93,94,95,96,97,98,99,100,101,102,103,104,105,106,107,108,109,110,111,112,113,114,115,116,117,118,119,120,121,122,123,124,125,126,127,128,129,130,131,132,133,134,135,136,137,138,139,140
12.967474,13.00731,13.011886,13.033408,11.579489,12.9188175,12.841908,12.697433,11.708648,9.637875,6.4546924,4.747958,3.5442235,2.8984394,2.3074515,2.1883893,2.2195473,2.2275815,2.415203,3.1026964,2.9416432,3.0841246,2.7778208,2.0934396,1.4061308,0.8366158,0.6895749,1.2192211,1.5837688,1.1673425,0.35024253,-0.52179945,-0.8196718,-0.9154353,-0.05692923,1.2599155,1.5622659,1.7560937,1.6711496,0.7459229,0.4160066,0.26724246,-0.044588335,-0.19683954,-0.10221628,-0.004505664,0.25975662,-0.15126227,-0.9270431,-0.8189117,-0.37266257,-0.048012048,0.116678655,-0.183595,-0.67631483,-0.8921783,-0.9081737,-0.8446004,-0.968487,-1.1830286,-0.95449245,-0.5849538,-0.98833185,-1.0070586,-1.0889869,-1.3066916,-1.1159773,-0.78311825,-0.40573224,0.34278035,0.7215587,0.8112911,0.49783152,0.35817146,0.25839803,0.23497126,0.55911744,1.2762698,2.5085788,1.917583,0.9370284,0.097885296,-0.59451306,-0.41941324,-0.16303326,0.18881717,0.2732199,-0.03455025,-0.30562633,-0.302742,-0.22502287,-0.21493116,0.06068164,0.7820382,1.3260341,0.66118443,-0.34587473,-0.5656301,-0.3987748,-0.4452704,-0.0064384043,0.6886703,1.2473273,1.0648968,0.8749666,0.7402333,0.40841433,0.09103306,-0.13786975,-0.04115121,0.21701577,0.4887347,0.52284205,0.71714145,0.8891776,0.8756987,1.0543387,1.7907772,2.4494514,3.8068476,5.832238,6.6663523,7.675051,7.99549,8.75923,9.18214,9.555237,9.602095,9.886233,10.389834,10.970224,11.281155,11.840607,12.081663,12.123778,12.342749,12.796052,12.926111,12.891188,11.580629,11.579314
-2.4615097,-2.481072,-2.505505,-2.4931703,-2.174781,-2.5814457,-2.6328547,-2.6562247,-2.8037329,-3.0173154,-3.3650222,-3.3766785,-3.1947875,-3.1856031,-3.2702577,-3.2439294,-3.175893,-3.294349,-3.4825647,-3.8024921,-4.1207943,-3.826168,-2.5314572,-2.362917,-2.2760396,-2.2538247,-2.4133956,-2.4766293,-2.1161213,-1.7711039,-1.3094586,-0.00020819902,2.670234,6.5036316,9.764269,10.69206,10.559003,10.1348505,9.450988,7.5283303,4.664862,1.9348391,-0.80113596,-2.3112228,-2.6508625,-2.9184074,-2.903993,-2.6731553,-2.4060128,-2.3536253,-2.4421217,-2.5204616,-2.5728226,-2.3632236,-2.0621905,-1.8832164,-1.3573775,-1.2279389,-1.4675999,-1.8863355,-2.2163754,-2.688773,-3.2085662,-3.294322,-3.0614872,-2.8428006,-2.6341765,-2.5415158,-2.3535452,-2.4641836,-2.5688107,-2.6026258,-2.5677545,-2.5743046,-2.5423396,-2.696804,-3.0380454,-3.4019556,-3.4289355,-3.1507664,-2.9004815,-2.7891302,-2.7172203,-2.5454297,-2.4636428,-2.6202917,-2.6627932,-2.670974,-2.5047498,-2.3621328,-2.153231,-1.8870552,-2.3244002,-2.8497765,-2.5804935,-2.3586602,-2.3665643,-2.69592,-2.7445478,-2.2635715,-1.7122899,-2.0853543,-2.6457124,-2.9870193,-2.944859,-2.8449612,-2.7581384,-2.7662559,-2.884337,-3.0069435,-3.0868053,-3.1608994,-3.2666204,-3.3101673,-3.3860002,-3.375022,-3.2960699,-3.237268,-3.0263233,-2.8939455,-2.2067184,-1.7783983,-1.5675716,-1.388814,-1.4754612,-1.5966325,-1.9769573,-2.2268295,-2.2409363,-2.253636,-2.4558525,-2.582032,-2.654076,-2.5647058,-2.3161023,-2.38285,-2.4163527,-2.4865026,-2.5577478,-2.1751294,-2.1744778
-0.6435185,-0.6316104,-0.5526637,-0.54443264,-0.18255514,-0.5186819,-0.644451,-0.8322104,-1.37348,-1.4766393,-1.2859838,-1.2117465,-1.3578179,-1.1776878,-0.62189555,-0.3224673,-0.16738996,-0.16441888,-0.031050548,-0.14957742,0.17913419,0.46163276,0.494672,0.5230618,0.44819677,0.4744171,0.0703485,-0.40595162,-1.104688,-1.7956485,-2.52267,-3.082128,-2.874064,-2.614814,-2.296527,-2.4643364,-2.3112168,-2.0172052,-1.6579353,-0.92687464,-0.44437817,-0.22445728,-0.3514381,-0.55955124,-0.6129763,-0.49738386,0.26925117,0.8495948,0.9958358,0.5059387,-0.6590464,-1.4629635,-2.07696,-2.2916522,-2.4088557,-2.5495796,-2.912,-3.1402698,-3.2478302,-3.4371457,-3.5701213,-3.8228922,-3.8335872,-3.7683914,-3.7570486,-3.8185244,-3.3490977,-1.4934955,0.41964665,1.8516552,2.272496,2.3158035,1.2242131,0.27796504,-0.32045287,-0.76446974,-0.7670426,-0.80009246,-0.8696991,-1.0160109,-0.94085073,-0.76762295,0.16157277,-0.39444572,-1.6571565,-2.4134355,-2.699209,-2.8419986,-2.9510324,-3.2439172,-3.5832984,-3.7130768,-3.6927838,-3.548183,-3.6268919,-3.8828764,-3.818585,-3.2048922,-3.241619,-3.2468572,-2.9703782,-2.787172,-2.8714507,-2.5250578,-2.2317288,-2.1590536,-1.9904389,-1.62963,-1.2077042,-1.1378427,-1.4766905,-1.7388934,-1.8662897,-1.9826044,-2.0619774,-2.0588653,-2.2015522,-2.1793401,-1.9621091,-1.7309544,-2.011257,-2.1487985,-2.2658508,-2.540595,-2.4749308,-2.5641,-2.7504845,-2.7014663,-2.4440641,-2.112161,-1.7729547,-1.6426146,-1.416611,-1.5146747,-1.6371589,-1.5046134,-1.3668916,-1.2629087,-1.2487501,-0.18400976,-0.1826708
-0.9061102,-0.88261724,-0.91516554,-0.79833716,-0.24441898,-0.7733836,-0.6357155,-0.5561704,-0.7438013,-0.91227376,-0.8442941,-0.8175715,-0.7034981,-0.95787877,-1.43465,-1.650417,-1.6883893,-1.777701,-1.7590168,-1.4269993,-0.5607211,-0.21538103,-0.26658052,-0.33378553,-0.36498424,-0.41519785,-0.39807364,-0.09976849,0.2329576,0.47763786,0.5135695,0.15409547,-0.3632095,-0.110993475,0.54499406,0.7175942,0.22755343,-0.5553427,-1.0119346,-1.2205052,-1.3638874,-1.5138998,-1.366389,-1.334715,-1.3312745,-1.4183477,-1.801482,-1.72554,-1.4944032,-0.8967912,-0.1591179,-0.23108226,-0.5209408,-0.72143674,-0.7791632,-0.8461591,-1.0150474,-1.1134182,-1.1335022,-1.2109693,-1.3475212,-1.5526954,-1.8398783,-2.0351973,-2.1762908,-1.8781204,-1.1198075,-0.37904996,-0.38740826,-0.90635127,-1.3137697,-1.6275916,-2.0612955,-2.1001234,-1.9541236,-1.5080731,-1.2236133,-1.2177324,-1.4410012,-1.5596843,-1.6087288,-1.5451729,-1.1056198,-0.35723028,-0.28432065,-0.5710987,-0.55023587,-0.4872942,-0.4939794,-0.7959147,-1.1588115,-1.4348184,-1.7083514,-1.5582092,-0.8177878,-0.49219066,-0.8560591,-1.8323164,-2.2021704,-1.8773987,-1.1621561,-0.88809055,-1.1755369,-1.3435681,-1.2074372,-1.1061537,-1.0533504,-1.1796267,-1.21769,-1.2023864,-1.4157324,-1.5091131,-1.5194671,-1.5024068,-1.6541111,-1.6527987,-1.6804225,-1.6363995,-1.4758441,-1.5601035,-1.4696977,-1.0836612,-0.86343104,-0.6854429,-0.7812703,-0.86895114,-1.2014909,-1.2789044,-1.1726059,-1.0677973,-0.9656923,-1.1152143,-1.1750693,-1.1019781,-0.8920774,-0.89077675,-0.90309125,-0.9399781,-1.0202745,-0.24474207,-0.24420321
-0.32032552,-0.38292652,-0.40024117,-0.5231973,-0.35405874,-0.6197081,-0.7283971,-0.7132571,-0.3970581,-0.26120698,-0.31989396,-0.43817443,-0.5134216,-0.8201239,-1.2585791,-1.3435975,-1.265068,-1.0703743,-1.1207149,-0.9664427,-1.7164125,-2.3624287,-2.042668,-1.7471745,-1.5367069,-1.4079967,-0.9376043,-0.87373996,-0.7027831,0.09832653,1.6470203,3.1472604,2.9034433,1.7616718,-0.3288215,-1.0753232,-1.1039066,-1.0882235,-1.5330689,-2.5101142,-3.0655565,-3.1691363,-3.0157046,-2.7507036,-2.6624558,-2.6548905,-2.5298915,-2.5113742,-2.5392146,-2.6349385,-1.6015623,-0.92493844,-0.37114245,-0.099650756,0.13159019,0.29760835,0.58093107,0.6437545,0.3475277,0.03216261,-0.14830513,0.40108526,1.6117866,2.6088076,3.731439,4.1774664,3.8011384,1.8891691,-0.7993699,-2.5904388,-3.0290647,-3.2037153,-2.8102217,-2.506794,-2.5400512,-2.5409381,-2.611955,-2.6930473,-2.205552,-1.482561,-1.5133455,-1.4303949,-1.7772509,-1.8131244,-0.6333341,0.27228823,0.7945919,1.2247279,1.4104137,1.5364423,1.7973446,1.8275248,1.2238666,0.026569344,-0.48879004,-0.028874386,0.9263022,2.0396435,2.8873308,2.6322315,1.5364165,0.87499225,1.3363539,1.654093,1.8036394,1.9052961,1.8292992,1.9905965,2.5369499,3.2776287,4.0188847,4.3523407,4.24586,4.0557165,3.997296,4.311439,4.253694,3.7190073,2.952249,1.3468258,-0.80086327,-1.4809487,-1.4118934,-1.4037428,-1.1183419,-1.0672115,-0.82841194,-0.88561165,-1.0880171,-1.5325881,-2.0191631,-2.100578,-2.1164756,-2.1180587,-2.1129615,-2.035498,-2.0074542,-1.918272,-1.778749,-0.3544337,-0.35410812
-3.0196624,-3.071505,-3.133484,-3.1991487,-2.6176794,-3.244503,-3.172019,-3.057767,-2.5438976,-1.7421434,-1.8005762,-1.957074,-2.0516677,-2.3363261,-2.5650904,-2.5789475,-2.4787118,-2.1513648,-1.9565562,-1.4300239,-0.64934826,-0.4211498,1.4359796,3.7213402,5.389307,7.5191383,9.370515,9.610396,9.354729,8.912507,7.578172,4.4510016,1.0013937,-0.39032072,-0.96259195,-0.70281196,-0.5201603,-0.6189631,-1.0539929,-1.3397049,-1.2677418,-1.3862107,-1.500313,-1.551845,-1.580552,-1.2485567,1.0438313,4.17935,7.795787,9.943435,11.076875,11.021431,10.518102,9.571747,7.9929523,6.228817,3.1925323,1.1712162,0.38920063,0.36530864,0.32709545,0.1940271,-0.064825356,-0.30092052,-0.22380763,0.06443885,-0.120001495,-0.8102559,-1.4987662,-1.9894714,-2.4631515,-2.8136458,-2.443024,-1.940316,-1.5386783,-1.7478992,-1.8393791,-1.9230188,-1.4283015,0.34855825,2.6345367,5.443802,8.850841,10.964635,11.062154,10.496008,9.934675,9.213274,8.103596,6.3788733,4.619452,2.0989745,-0.47090757,-1.7192386,-2.2767804,-2.3169615,-2.3412287,-2.0737522,-1.2441146,-0.74801934,-0.45776936,-0.64336896,-0.4414265,0.023884635,0.12434924,0.09334224,-0.16445881,-0.7170414,-1.2332034,-1.4108084,-1.1586714,-0.9135677,-0.7818428,-0.8054522,-0.99577516,-0.759282,-0.9568729,-1.2807829,-1.7106247,-2.5674944,-3.0071468,-2.947956,-2.8755908,-2.590629,-2.6662815,-2.6600113,-2.2625308,-2.1113164,-2.0647733,-2.0717325,-2.3104653,-2.4333491,-2.5575771,-2.439012,-2.6152792,-2.731164,-2.8963823,-2.9812608,-2.8755472,-2.6186604,-2.6173062
-2.8835545,-2.91461,-3.0035315,-3.1019049,-2.2667587,-3.249555,-3.3560095,-3.4927735,-3.8307014,-3.9333854,-3.7096481,-3.4484773,-3.2717814,-3.1019113,-2.75349,-2.4114885,-2.1032457,-1.9448912,-1.9633062,-2.226815,-2.2733893,-2.211688,-1.7996783,-1.572341,-1.3893204,-1.1702117,-1.1345897,-1.1328788,-0.94180727,-0.6649178,-0.24468005,0.18648717,0.12295331,-0.24081309,-0.79130036,-1.1016603,-1.290585,-1.6914276,-1.8041096,-1.1819428,-0.8810796,-1.1264069,-1.7130129,-2.0384388,-1.9749138,-1.7455835,-1.5014601,-1.3489901,-0.90853226,-1.0023234,-1.2434452,-1.0412052,-0.89486575,-0.82459027,-0.93324447,-1.1079092,-1.1242721,-0.875134,-0.3677649,0.19852516,0.69536555,1.299266,2.2602086,2.5417914,2.6330397,2.5647254,1.9023727,0.6698092,-0.41072372,-1.0520644,-1.5506685,-2.015037,-2.24222,-2.298448,-2.2475815,-2.3690128,-2.37528,-2.196875,-1.9352522,-1.9043823,-1.6661901,-1.5670846,-1.5110195,-1.8917184,-1.660383,-1.2042925,-1.021179,-0.7810283,-0.58948326,-0.6420177,-0.7477801,-0.88500196,-1.5297003,-1.5925698,-1.5666773,-1.1103362,-0.7961349,-0.6270115,-0.21487784,-0.36386424,-1.0661495,-1.681021,-2.0331068,-2.2357373,-2.1789653,-2.122126,-2.0361226,-1.9990381,-1.9682469,-1.883256,-1.8216442,-1.969979,-2.0881472,-2.315355,-2.371951,-2.289561,-2.2824547,-2.4043915,-2.71183,-2.9170678,-2.496849,-2.309579,-2.3374906,-2.1420984,-2.2659545,-2.3187969,-2.5124497,-2.5089135,-2.4458811,-2.3482733,-1.9935541,-1.7861936,-1.8347952,-1.7021286,-1.5373526,-1.7727256,-1.9842446,-1.9899201,-1.9719872,-2.2669523,-2.266454
-1.6490738,-1.6426415,-1.6991432,-1.5994673,-0.9449297,-1.6275116,-1.3958211,-1.2381182,-1.2281399,-1.782163,-1.5534347,-1.276236,-0.8340626,-0.9118839,-1.6752424,-2.233121,-2.670638,-2.757298,-2.5438948,-2.2292814,-1.6603334,-0.86389863,-0.33847407,-0.33722842,-0.15949981,-0.055778466,-0.5481742,-0.4627213,-0.17307884,-0.06189622,-0.10767323,-0.22543189,-0.4591656,0.5732814,2.7691667,4.1065273,3.8216352,3.1026719,2.4884312,1.3007386,-0.1287959,-0.9940727,-0.9934991,-0.98051137,-0.97411186,-0.9782472,-0.7384527,-0.43149006,-0.33680296,-0.32309675,-0.20342086,-0.24534173,-0.54206216,-0.97277665,-0.80200815,-0.29427314,0.7413414,1.2979144,1.4602653,1.4702675,1.3922896,0.9018989,0.18083462,-0.027373284,0.013412356,0.38473496,1.2557667,1.3631419,0.913115,0.08573753,-0.6312425,-1.260544,-1.6210049,-1.4336036,-1.2303867,-0.6551874,-0.3095661,-0.20752352,-0.15571384,-0.069348186,0.10778338,0.14589784,-0.044780508,-0.15513983,-0.2346705,-0.54888594,-0.7745379,-0.9052608,-0.95573556,-0.80044067,-0.29545867,0.43177512,1.6427383,2.2754896,2.5484061,2.554757,1.6996231,0.4164695,0.47434247,1.4663515,2.6649604,1.7968013,0.28730565,-0.68965024,-0.7849744,-0.76612735,-0.7759292,-0.847753,-0.9272455,-0.9593071,-0.8593153,-0.5455786,-0.2468922,0.06701729,0.045042396,0.013331279,0.16252548,0.4380045,0.8051473,1.214009,1.7134403,1.6200795,1.2291479,1.0782866,0.8722111,0.79792404,0.702658,0.52305126,0.43329644,0.38197246,0.03445202,-0.251603,-0.54209805,-0.47489005,-0.0036120117,-0.24952039,-0.52084106,-0.54580307,-0.6510261,-0.94468856,-0.94492567
-0.8069158,-0.82420397,-0.86866945,-0.86879086,-1.3008971,-0.92284167,-1.0189953,-1.063433,-1.3347323,-1.7347977,-1.8991714,-1.7358606,-1.401576,-1.317857,-1.4406288,-1.4605384,-1.47628,-1.2112913,-0.88988125,-0.36224395,-0.9353294,-1.6293554,-2.0896382,-1.9275515,-1.585229,-1.2784828,-0.9951635,-1.2076998,-1.1177311,-0.9197308,-0.06934031,1.1059445,1.7909105,1.5792823,1.2185419,0.6688397,0.17286733,-0.119903654,-0.07556631,0.20591354,0.0868184,-0.25857243,-0.5059145,-0.5495477,-0.36960432,-0.32649234,-0.55210733,-0.9772646,-0.5547654,-0.006050378,0.7422175,1.5417999,3.552266,7.40687,9.346207,9.9426,9.948528,9.711047,9.211106,8.302042,6.683363,4.2274137,2.6204705,2.205129,2.2220035,2.124362,1.5826545,0.6234384,0.16162905,-0.5899849,-1.0708547,-1.49419,-1.3750658,-1.1354609,-0.90452546,-0.59933007,-0.3505494,-0.3364795,-0.8964087,-1.0677725,-1.0480866,-0.9045295,-0.69038045,-0.25931734,0.21153353,0.67093635,0.775205,1.1995424,2.213605,3.1070926,3.1360412,2.641571,1.3570566,0.29359323,-0.22289762,-0.29645282,0.010222852,-0.10992396,-0.21116997,-0.24794352,-0.5295944,-0.66736126,-0.74723166,-0.7657762,-0.71741164,-0.7301502,-0.66659987,-0.5892967,-0.565162,-0.5483577,-0.4859209,-0.5540975,-0.6046126,-0.7282653,-0.6898103,-0.6461885,-0.4079582,-0.26009524,-0.35748154,-0.4409288,-0.84482425,-1.0864081,-1.2999066,-1.1991547,-1.4138575,-1.3733951,-1.2741659,-1.2064267,-1.164108,-1.1275637,-1.0502847,-1.090851,-1.1276538,-1.1412871,-0.9322438,-0.88776046,-0.71480596,-0.735208,-0.90188015,-1.3010433,-1.300897
-2.8248515,-2.8490806,-2.8279505,-2.930789,-2.9844456,-3.005097,-3.1169803,-3.149839,-3.0181093,-2.4465427,-2.187733,-2.2516901,-2.346554,-2.4960318,-2.5028815,-2.2583733,-2.0107653,-1.8868995,-2.1114566,-2.463752,-2.7002556,-3.0313647,-2.5751014,-2.2391336,-2.1169796,-1.8697566,-1.7450022,-2.2203152,-2.4927619,-2.2624552,-1.9619333,-1.623578,-1.6715243,-1.8121232,-2.2032225,-1.6093321,-1.1765019,-1.1293085,-1.5106382,-2.191431,-2.6265368,-2.7502627,-2.7662778,-2.446764,-2.2480059,-2.1913915,-2.0792637,-1.5808077,-1.2179275,-1.8775468,-2.5233223,-2.8075912,-3.171939,-2.7932458,-1.9658959,-1.6877557,-1.9887681,-2.2840543,-2.5471163,-2.76289,-2.8887897,-2.561963,-1.7030334,-1.0489266,-0.27740476,0.16596235,-0.4733982,-1.5990901,-2.480003,-2.994174,-3.1290002,-3.0657248,-2.545832,-2.458899,-2.6087117,-2.4768047,-2.3824534,-2.4318683,-2.5665436,-2.2093513,-1.9730419,-1.6847388,-1.5121474,-2.2873833,-2.7741048,-3.0230129,-3.1259687,-2.8932972,-2.4363644,-2.1358116,-1.8941327,-1.7631215,-2.2062783,-3.2118762,-3.2642753,-2.568287,-1.6301038,-0.8611451,-0.19384417,0.17579696,-0.35398042,-1.1250777,-0.90297353,-0.22225736,0.08389768,0.14407739,0.07767421,-0.005028069,-0.08798492,-0.075357735,0.13100806,0.13669488,0.070070624,-0.057043612,-0.24669653,-0.2582781,-0.52586627,-0.9342932,-1.4518651,-2.372963,-3.2690392,-3.2862859,-3.144516,-3.1364968,-2.9354193,-2.8752794,-2.7201605,-2.6374307,-2.6592045,-2.657568,-2.6295657,-2.7558558,-2.7469244,-2.6849244,-2.6057634,-2.8066678,-3.073462,-3.023728,-2.8739457,-2.983986,-2.984405
-2.8785,-2.8484156,-2.8280342,-2.7737708,-2.454831,-2.6754265,-2.610718,-2.6664033,-2.6518564,-2.3573935,-2.09927,-1.8662033,-1.857388,-1.6320336,-1.3044505,-1.2233638,-1.2575338,-1.4937,-1.5447686,-2.006186,-1.8003374,-1.1455289,0.29730415,0.4829414,0.44627097,0.19796239,-0.21624383,-0.5889818,-1.0667543,-1.3568535,-1.7867714,-2.2918532,-2.3617446,-1.8403218,-1.5612819,-1.041755,-0.8221395,-0.9832991,-1.0722988,-0.59257877,-0.1012436,0.089721255,-0.13106003,-0.58747905,-0.8914175,-1.1109502,-1.1881772,-1.0210922,-0.99404943,-0.62135065,-0.37632048,-0.6682346,-1.1049469,-1.3677176,-1.3337114,-1.5342954,-2.0206132,-2.417943,-2.5699842,-2.4954467,-2.3164783,-2.1936805,-2.1147695,-2.3483315,-2.5226102,-1.8932796,0.09426573,2.7490454,3.9804163,4.918884,5.006257,4.4708643,2.090205,0.7617048,0.14882459,-0.7678074,-1.140609,-1.5142744,-1.6764983,-1.5541322,-1.3840457,-1.2314593,-0.75976616,-0.23090023,-0.4694904,-0.9274095,-1.2260249,-1.4679375,-1.6108516,-1.8511717,-2.145721,-2.1761246,-1.8567474,-1.8256255,-1.4417477,-1.49131,-1.9630817,-2.238801,-2.2305138,-1.6590972,-0.6418425,-0.19032021,-0.3699186,-0.34063524,-0.36567938,-0.4137557,-0.5025694,-0.74906075,-0.9109942,-1.0388039,-1.2114325,-1.1815816,-1.0771132,-0.9927,-0.9793081,-1.0574881,-1.0090566,-0.67987245,-0.42401135,-0.46197107,-0.55572784,-0.48020124,-0.58921975,-0.6930063,-0.85927325,-1.0015451,-1.6167916,-1.9491496,-1.9424558,-2.0595496,-2.0080197,-1.8555892,-1.9212759,-2.0155149,-1.9475911,-1.8759784,-1.8698039,-1.8687786,-2.004538,-2.4553385,-2.4548786
-4.554147,-4.5954695,-4.631906,-4.6906686,-3.7901404,-4.796753,-4.9206905,-5.0140743,-4.94401,-4.16784,-3.7473297,-3.6280699,-3.528615,-3.4078255,-3.0617754,-2.8408012,-2.609948,-2.5398426,-2.694293,-2.7996776,-3.094411,-3.9232085,-3.6490438,-3.1198373,-2.7980514,-2.294781,-1.4687291,-1.564016,-1.7630281,-1.7224921,-1.4979048,-1.3010676,-1.1414031,-1.2664443,-2.2156436,-3.252455,-3.4667177,-3.8155532,-3.8546014,-2.9419193,-2.2826285,-2.135185,-2.402066,-2.5730314,-2.6019251,-2.5926552,-2.668096,-2.5860186,-1.9541452,-1.7635512,-2.4854589,-2.8356218,-3.293705,-3.5127175,-3.6064172,-3.7918396,-4.301449,-4.4604487,-4.358332,-4.248647,-4.342411,-4.1098156,-3.1793492,-2.55987,-1.9803944,-1.8683231,-2.5108595,-3.28645,-3.7454705,-3.8038864,-3.7597046,-3.63997,-3.3746865,-3.4531107,-3.3367014,-3.240362,-3.3532364,-3.5776072,-3.974115,-3.797842,-3.4817917,-3.2015936,-2.557898,-2.5245934,-3.0433073,-3.4245038,-3.8192825,-3.9757679,-3.9815345,-4.010809,-4.0361967,-4.152809,-4.278763,-4.4564667,-4.323815,-3.5687027,-2.2415166,-1.4705515,-1.7027211,-2.062296,-2.8203857,-3.1128542,-2.9854367,-2.742968,-2.483349,-2.3835144,-2.2352715,-1.9995623,-1.6999801,-1.4365934,-1.2965939,-1.3457463,-1.3879979,-1.4199662,-1.3815289,-1.3905712,-1.2872268,-1.3789136,-1.5939417,-2.3397713,-3.4599147,-3.6497054,-3.6332135,-3.5614204,-3.61041,-3.6509771,-3.6616282,-3.6049194,-3.639063,-3.5510488,-3.4910681,-3.4898052,-3.6414251,-3.5609248,-3.5029502,-3.7152143,-4.0215654,-4.0489893,-3.9888592,-3.789366,-3.789801
-2.8986878,-2.8770742,-2.8876235,-2.9075234,-4.3167515,-2.8759184,-2.8348298,-2.7397208,-2.3796458,-2.0871308,-2.296471,-2.6168582,-2.7114735,-2.878593,-2.7731874,-2.4215379,-2.0281014,-1.7367098,-1.7973256,-1.4420314,-1.6412008,-2.5669856,-2.6540585,-2.346609,-2.1847453,-2.0571852,-1.857518,-1.9451951,-2.0300217,-1.918039,-1.6584874,-1.383688,-1.2625687,-1.3604658,-1.773989,-1.3526815,-1.0455227,-1.2247252,-1.826163,-2.6783507,-3.032362,-3.0863035,-3.054957,-2.9674177,-3.061515,-3.3020222,-3.6429882,-3.576049,-3.115302,-2.6952338,-2.1702404,-1.7551992,-1.6406192,-1.6213934,-1.3349869,-1.2266588,-1.5446463,-1.8851897,-2.0746176,-1.9453764,-1.5977069,-0.64165413,0.9264997,2.0472093,2.944754,3.408904,2.9454398,1.7069057,0.28046834,-0.91690177,-1.7368516,-2.4537559,-3.0152078,-2.982734,-2.7739544,-2.8734527,-3.1888306,-3.5059094,-3.7761042,-3.5223744,-3.2879813,-3.0803466,-2.9031448,-2.3887835,-1.7216587,-1.1372478,-1.1258075,-0.91635203,-0.6169194,-0.27802742,-0.049738333,0.05735302,-0.4872094,-1.5730528,-2.021865,-1.7669233,-0.82430875,0.21410498,1.0581689,1.0771606,-0.09671162,-1.5020986,-1.6288328,-1.52261,-1.4463391,-1.4027321,-1.3783538,-1.3604262,-1.3644706,-1.2543314,-0.98478234,-0.95450747,-0.97870654,-1.0567055,-1.0774157,-1.2313851,-1.3181589,-1.5720344,-1.8984579,-2.1825805,-2.3842344,-2.3103368,-2.464716,-2.4236155,-2.6554701,-2.7452054,-2.7683249,-2.7374156,-2.778592,-2.8630981,-2.964259,-2.925651,-2.8920736,-2.9101725,-2.941035,-2.982276,-3.097249,-3.0244207,-2.9307048,-4.3158903,-4.3168135
-2.631823,-2.6383808,-2.62604,-2.668241,-3.071344,-2.6865473,-2.6493664,-2.5476723,-2.2270966,-1.8466175,-1.7922198,-1.8507508,-1.8845057,-1.9914174,-1.9964092,-1.8788176,-1.5816866,-1.1796212,-1.3566742,-1.0039402,-1.1947213,-1.8975534,-1.7792943,-1.3586541,-1.0964758,-0.692971,-0.16288756,-0.5347587,-0.9837532,-0.8471043,-0.42540967,-0.027178288,0.101175725,-0.42639548,-1.1176678,-1.1288046,-1.0995677,-1.4358281,-2.250052,-3.2104044,-3.4373112,-3.380865,-3.2796233,-3.021608,-3.0185719,-2.9681957,-2.5392747,-1.9467216,-1.4136117,-1.427747,-1.2866135,-1.26474,-1.4393249,-1.0042577,-0.25996384,-0.004292302,-0.46500045,-1.0229502,-1.5581579,-1.907695,-2.297272,-2.289185,-1.5651319,-0.6700457,0.22824906,0.5473892,-0.14260104,-1.4644454,-2.827627,-3.638711,-3.8472896,-3.8188539,-3.369234,-3.1646364,-3.128789,-3.1231608,-3.2530704,-3.3531837,-3.0193415,-2.3165417,-1.9458251,-1.367294,-0.9375315,-1.0084411,-0.8342279,-0.74407023,-0.78000706,-0.45914125,0.00991255,0.37633383,0.5643969,0.4117046,-0.22891724,-1.4356523,-2.5598116,-2.3800495,-1.3443446,-0.20705885,0.45385256,0.3260863,-0.6262385,-1.3185991,-0.9231528,-0.38818657,-0.10610901,-0.020278959,0.010563746,0.37995714,0.9289745,1.3611699,1.5945742,1.5561092,1.4625996,1.3325403,1.207881,1.2272072,0.96310675,0.4137205,-0.13964568,-1.1620513,-2.4358325,-2.7877593,-2.8115437,-2.78229,-2.731709,-2.6608956,-2.1577559,-2.125303,-2.2603302,-2.361137,-2.433236,-2.7513728,-2.9201155,-2.8778684,-2.7099586,-2.9106636,-3.0913494,-3.0228207,-2.8721805,-3.0706873,-3.0713387
-1.2887478,-1.3319395,-1.4362044,-1.5308709,-1.6979969,-1.7567962,-1.8939532,-1.9485725,-1.6778154,-1.1433074,-1.5694261,-1.8048702,-2.014031,-2.0192826,-2.04301,-2.0207262,-1.9085307,-1.6934974,-1.6836368,-1.1099662,-0.87068486,-1.1093009,-1.2292356,-0.59075165,-0.19763473,0.7230799,3.590814,5.1907854,6.082972,6.180807,5.5382624,3.7731285,1.0846238,-0.4006122,-1.5124443,-1.5373273,-1.3161485,-1.3666704,-1.441972,-1.1906116,-1.0206132,-1.084743,-1.2839864,-1.3571063,-1.4932375,-1.5169903,-1.5408291,-1.0628109,0.19457543,1.6127697,3.3826962,3.439624,2.6852956,1.5181259,0.8528052,0.30372003,-1.0515684,-2.319046,-2.619175,-2.221186,-1.7618896,-0.8672328,0.48026764,1.1265836,1.5899804,1.8199217,1.7238398,0.9895615,0.29540703,-0.3782385,-0.8868724,-1.3311157,-1.4854226,-1.4086328,-1.4347849,-1.8021917,-1.8049309,-1.8602917,-2.0060544,-1.5290303,-0.9887573,-0.4250905,0.5772911,3.0900092,3.4943442,2.7878127,1.744379,0.7177286,-0.24885267,-0.8267904,-1.1978785,-1.9704659,-2.142974,-1.7434767,-2.2353168,-2.3665295,-1.6498923,-0.6479371,0.18108782,0.36445183,0.24328749,-0.30679113,-0.37909418,-0.42390952,-0.45999292,-0.49526656,-0.6938407,-0.7833318,-0.4795546,-0.05706337,0.14604035,0.04059589,-0.010888815,-0.108074844,-0.27453697,-0.08625722,-0.20278591,-0.4547255,-0.722402,-0.9695497,-1.3254979,-1.4399214,-1.415996,-1.3588141,-1.2184917,-1.1101513,-0.68203443,-0.5185941,-0.49983686,-0.5299915,-0.5341786,-0.98106575,-1.3512233,-1.226844,-1.388832,-1.5712546,-1.860878,-1.8873589,-1.8677257,-1.6969225,-1.6978211
1.4387629,1.3917595,1.336339,1.2204068,1.3695366,1.0855037,0.8422042,0.60998327,-0.28986242,-0.97819674,-1.1308461,-1.1402237,-1.2974932,-1.3264883,-1.191006,-1.0790048,-1.024878,-1.0402594,-0.9548795,-1.6652306,-2.194529,-2.2009807,-1.8501408,-2.0957603,-2.1511464,-2.0918984,-1.7456837,-1.0918447,-0.8392501,-0.7537401,-0.81632864,-0.6324586,-0.3598872,-0.8652656,-1.1427447,-1.0937899,-0.93278116,-0.98378855,-1.3387003,-1.6285129,-1.5549028,-1.3036257,-1.4003483,-1.4305658,-1.1482332,-0.6224266,-0.30064842,-0.6178543,-1.2386258,-1.6314962,-1.1177468,-0.9951155,-0.9624682,-0.9849049,-1.21405,-1.3606998,-1.4676284,-1.3438635,-1.0005356,-0.49313834,0.5924887,2.163385,2.649757,2.35279,1.5680361,0.30003962,-1.3026271,-2.4825969,-2.5713701,-1.948286,-1.4566767,-0.7869717,-0.30307573,-0.7225695,-1.3347774,-1.5789149,-1.2624176,-0.9067924,-0.2839551,-0.066479295,-0.25611928,-0.42399457,-1.0748062,-1.370533,-1.2610676,-1.3200788,-1.4524024,-1.6301535,-1.6818594,-1.7898079,-1.8052652,-1.835171,-2.2662792,-2.026922,-0.3677088,0.82251537,1.3221194,1.7732072,2.0154326,3.2642093,5.5230913,8.511315,10.142728,10.7539625,10.759902,10.776535,10.747362,10.187045,9.199204,7.7232437,5.9496384,4.5006866,4.0425863,3.6782074,2.9137979,3.0791326,1.7117983,0.37892297,-0.75183636,-1.3662838,-1.0909897,-1.0438738,-1.0274249,-1.1048452,-1.260428,-1.2253566,-1.0651126,-1.1463293,-1.0532103,-0.5867403,0.06791219,0.204314,0.51062953,0.63158286,0.8306899,0.9214112,1.0502298,1.2758607,1.3273698,1.3689675,1.3695918
-0.14870137,-0.08794307,0.059248596,0.13689166,1.375625,0.3623268,0.4916185,0.52488697,0.84307957,0.8164635,0.82906145,1.0537963,1.1117717,1.480392,2.0378313,2.3910575,2.4924915,1.9745241,1.4485345,0.43812686,0.82738286,1.0789049,-0.14367685,-0.24762401,-0.35909265,-0.5016487,-0.9453052,-1.011869,-0.92140156,-0.8332725,-1.1363646,-1.6658316,-1.7628825,-1.5394843,-0.92981935,0.41352165,1.2799637,2.705335,3.6568046,4.176982,4.4761324,4.9998336,4.816467,3.408525,2.6278782,2.093087,1.0929959,0.5672176,0.20190024,0.25400713,-0.19840397,-0.74356997,-1.1280928,-1.4160073,-1.5725598,-1.5394704,-1.3132722,-1.2526424,-1.026102,-0.8277596,-0.72185653,-1.1031294,-1.8618075,-2.3343878,-2.2229197,-1.1016313,1.8683019,5.073357,6.827689,7.9077687,8.464401,8.902665,8.339557,7.080986,5.6127005,3.5720675,2.8071685,2.6035295,1.1477911,-0.06235951,-0.30155382,-0.42664137,0.08788507,0.32877818,-0.53868866,-1.1695514,-1.3329935,-1.4292067,-1.6699303,-1.8927584,-1.9898467,-1.8653471,-0.83852696,-0.2757457,-0.21801144,-0.7600168,-1.6508555,-2.6036782,-2.7857175,-2.5410285,-1.6308177,-0.4266366,-0.28364593,-0.38193232,-0.64974016,-0.8264938,-0.85634387,-0.83813167,-0.9486259,-1.2556785,-1.5459329,-1.4959697,-1.3223569,-1.1149614,-0.90525246,-0.9976382,-0.69732857,-0.0069263577,0.833537,1.8481946,2.6819673,3.260581,3.3748384,3.4932148,3.5569506,3.2556002,2.3955715,2.093986,1.6752288,1.1048418,0.8157946,0.9778036,1.1080089,0.77019155,0.5455472,0.7047344,0.49823385,0.1075811,0.09801531,1.3757615,1.37549
-0.123831846,-0.122299686,-0.111195646,-0.12626329,0.9313742,-0.20396072,-0.24877375,-0.28176537,-0.6118006,-1.3599229,-1.7441323,-1.6276065,-1.6027764,-1.3435416,-0.7467903,-0.44572368,-0.37017158,-0.3025951,-0.16702352,-0.036505044,0.16366723,0.442933,0.18469755,-0.29682216,-0.43173525,-0.23177868,-0.18839404,-0.69756645,-1.3438227,-1.7474018,-2.0197387,-2.1772943,-1.9469333,-1.7348697,-1.2075243,-1.1431497,-0.9165826,-0.36320952,-0.05801773,0.16045716,0.06503078,-0.051411003,-0.11457102,-0.17122124,-0.1283834,-0.12624499,0.24381527,0.49199012,0.17625931,-0.33790442,-1.2073687,-1.5203406,-1.4852327,-1.1411912,-1.1787415,-1.4208341,-1.5581104,-1.4920464,-1.5495815,-1.9398323,-2.2531252,-2.4340744,-2.3667378,-2.4288304,-2.7061234,-3.1558275,-3.3913846,-2.7157118,-1.8050315,-1.1729865,-0.9860929,-0.89801323,-0.81135046,-0.7963664,-0.6501052,-0.4756441,-0.40132794,-0.12456875,0.6144033,0.76872134,0.5706724,0.20966026,-0.21718882,-0.99799037,-1.6288117,-1.819381,-1.4915255,-1.2458415,-1.1712456,-1.4676739,-1.7054055,-1.7706995,-1.7948525,-1.9092284,-1.7866881,-1.8513467,-2.2151082,-1.7350969,-1.5612957,-1.6309192,-1.4389998,-1.2692595,-1.2942256,-1.2886772,-1.3438088,-1.3281742,-1.1251084,-1.0002319,-1.3168539,-1.8190174,-2.0972328,-2.1969628,-2.3200936,-2.4454317,-2.3969939,-2.4450135,-2.4575713,-2.4142137,-2.1556354,-1.6882852,-1.2060487,-1.0394487,-0.76556844,-0.98216176,-0.52140224,-0.3439199,-0.20667031,0.017195262,0.4540964,0.7798635,0.83782727,0.9598406,0.7838582,0.8186321,0.3605784,0.30569127,0.39872122,0.5316137,0.5748406,0.93052256,0.9314545
-1.9037752,-1.9241989,-1.8857713,-1.919363,-2.639744,-1.9929152,-2.12501,-2.3215623,-2.8540525,-2.7890296,-2.4284086,-1.9421326,-1.741217,-1.3238916,-0.485947,-0.10497141,-0.073354244,-0.24576364,-0.25984526,-0.4011673,0.24697077,0.35860932,-0.68571436,-0.8116263,-0.73047495,-0.6988878,-1.294274,-2.0220459,-2.7308965,-3.0217679,-3.0863867,-2.7604332,-2.2479036,-2.0128498,-2.1246223,-2.6773603,-2.5782428,-1.9461457,-1.0588882,0.56685567,1.8648592,2.7701902,3.6625667,3.9976785,3.9086769,4.0412745,3.9538605,2.9747696,2.1235583,1.2847147,-0.73596406,-1.5408633,-2.0633068,-2.1369462,-2.1412442,-2.3395429,-2.3140266,-1.9591964,-1.5093222,-1.4346236,-1.7300159,-2.2681677,-2.5946121,-2.818854,-3.2003603,-3.4462056,-3.1580808,-2.3611975,-1.5408645,-0.82057965,-0.33283228,0.32134718,1.3869225,1.3815813,1.547118,2.0857081,2.2126093,2.4131174,2.0375223,1.5392649,1.474746,0.76265454,0.1301604,-0.49677002,-1.4295466,-2.1186113,-2.2027786,-2.0951335,-2.0119977,-2.1595745,-2.3325455,-2.2514038,-1.7429924,-1.8680503,-2.4575586,-2.8758407,-3.2385545,-2.9813762,-3.295041,-3.3247728,-2.9333608,-2.5543005,-2.825089,-2.8347168,-2.743443,-2.675057,-2.4064598,-1.9831338,-1.7073658,-2.0408893,-2.6744306,-3.088821,-3.3246436,-3.539538,-3.6223612,-3.6221426,-3.6422768,-3.7204294,-3.717627,-3.6349883,-3.7070045,-3.7611566,-3.9389691,-4.2805214,-4.36538,-4.3721642,-4.3975544,-4.254299,-3.9793243,-3.5849905,-3.3667493,-3.2821846,-3.1554193,-3.242803,-3.317081,-3.3202972,-3.1791782,-3.0827913,-3.1081586,-2.6404147,-2.6397545
-2.5379026,-2.5310984,-2.5525746,-2.5388913,-2.4970424,-2.505279,-2.4458842,-2.3963387,-2.501457,-2.4630451,-2.197584,-2.182917,-2.0991998,-2.2680802,-2.2871194,-2.3440847,-2.4588115,-2.6180475,-2.8320298,-3.4334245,-2.8794613,-2.7040439,-2.5843797,-2.7059329,-2.7293267,-2.6456385,-2.3022628,-1.9903321,-1.8043692,-1.7924799,-2.2296143,-3.00732,-3.1132584,-2.909224,-1.748738,-1.2409372,-1.3546298,-1.9569347,-2.5021932,-2.9060862,-3.1444337,-3.234835,-3.2438817,-2.9887595,-2.8290284,-2.646499,-2.4651258,-1.9284185,-1.5090126,-1.2712041,-0.9373836,-0.7555349,-0.63798225,-1.0382234,-1.8100332,-2.2384048,-2.6018202,-2.3303156,-1.7508905,-1.1973917,-0.95785415,-1.1075449,-1.3300893,-1.3862305,-1.6408894,-2.1145382,-2.9149988,-3.5477934,-3.6406603,-3.3027449,-3.1412773,-2.8604178,-2.8782284,-3.1615298,-3.3877113,-3.2691975,-3.061036,-2.8630528,-2.6118522,-2.229919,-2.1681807,-2.0351238,-2.1038203,-1.7465025,-1.2084453,-0.8273372,-0.81761956,-1.095458,-1.650518,-2.2314255,-2.6208358,-2.7338004,-2.7628968,-2.0268085,-1.2403554,-0.97110534,-1.4039502,-1.6270766,-1.8288786,-1.7851039,-1.0953783,-0.1481528,0.010676963,-0.14908269,-0.14047627,-0.08742584,0.06751275,0.057553872,-0.22595468,-0.6514662,-1.3632686,-2.0287533,-2.271563,-2.445274,-2.683464,-2.5463378,-2.9249358,-3.3066306,-3.5221796,-3.549822,-2.8256207,-2.5969853,-2.5396416,-2.4327605,-2.6373467,-2.6879745,-2.8121102,-2.8136232,-2.9098334,-2.656209,-2.2717667,-2.4755301,-2.5804327,-2.47999,-2.2308156,-2.3213267,-2.4354057,-2.193926,-2.088245,-2.4970503,-2.4968626
-1.7929716,-1.8094959,-1.7887301,-1.8609526,-2.9480088,-1.9891962,-2.1854045,-2.2420847,-2.2902646,-2.1175458,-2.1136131,-2.1222873,-2.1169496,-2.2691226,-2.4350982,-2.4244962,-2.4093692,-2.3073478,-2.3982658,-2.0860345,-2.045309,-2.0352602,-2.2486033,-2.2352898,-2.1298413,-2.0950594,-2.262515,-2.8214865,-3.0384412,-2.7052784,-1.5677979,0.1554311,1.1717542,0.94352114,0.48789775,-0.44719374,-0.9608317,-1.2932199,-1.3905921,-1.4408059,-1.86181,-2.1269672,-2.0576994,-1.8564293,-1.6791258,-1.6523154,-1.9406817,-2.208901,-2.0989842,-2.2613811,-1.6547499,-0.6193477,0.908248,2.8879325,4.2989817,5.0302835,5.6581354,5.4587,4.571247,3.5934763,2.4113755,1.4840556,1.4336948,1.3356777,1.4226844,1.3775883,0.7273637,-0.02203945,-0.2961958,-1.2969828,-1.8042405,-2.344139,-2.6968713,-2.4263108,-2.1029654,-1.7279141,-1.5928211,-1.6894898,-2.0351005,-1.8425647,-1.7777579,-1.7468715,-1.9738492,-1.9334114,-0.1286087,1.9595594,4.0896845,6.206982,7.9587135,8.938234,9.302861,9.222363,8.667061,6.2672987,2.1372817,0.14611906,-0.47587585,-0.37767264,0.2395197,0.2668686,-0.1030944,-0.7558583,-0.85947484,-0.619508,-0.6144076,-0.5905762,-0.61869794,-0.73889387,-0.67010427,-0.33547914,0.15686047,0.41043252,0.45606762,0.3462354,0.30118454,0.2658885,0.3043683,0.08548525,-0.16061428,-0.5081655,-1.3506024,-1.8330214,-2.244984,-2.2774682,-2.4912887,-2.4625096,-2.285471,-2.293083,-2.3242483,-2.5324743,-2.7050188,-2.8980129,-2.9752016,-3.012424,-2.9498591,-2.8208435,-2.509188,-2.5507476,-2.621328,-2.947461,-2.9480271
-5.724101,-5.716194,-5.647301,-5.6403427,-5.714425,-5.598301,-5.6902742,-5.8107815,-5.933881,-5.43091,-5.1029363,-4.763961,-4.5687,-4.2422404,-3.5743673,-3.1785727,-3.058732,-3.4205375,-3.8744226,-4.552825,-3.891446,-3.5940487,-3.4114628,-3.2433248,-3.1069205,-3.066542,-3.3886352,-4.034355,-4.464356,-4.5003104,-4.487412,-4.2380533,-3.4788105,-2.927604,-3.1317282,-3.3897483,-3.2094936,-2.8357942,-2.1048079,-0.40579695,0.5906822,1.0718851,1.1266861,0.50675124,0.061096936,-0.003865078,-0.4432261,-1.1845157,-1.6355386,-1.9462633,-2.9279394,-3.4128957,-3.8584158,-3.8911443,-3.7927027,-4.004466,-4.2827086,-4.3320384,-4.144055,-3.9143105,-3.8505235,-4.0030556,-4.2589383,-4.6341724,-4.7388706,-4.5251794,-3.9211793,-3.072741,-2.36842,-1.7732105,-1.1612134,-0.50017893,-0.20291126,-0.77692306,-1.1540263,-1.3693084,-1.5361563,-1.7269205,-2.640562,-2.8385713,-2.7056313,-3.0046659,-2.987388,-2.751111,-3.2635508,-3.7169461,-3.9103045,-4.023654,-4.093981,-4.269899,-4.480337,-4.5594873,-4.0788603,-3.984192,-4.0176716,-4.1868753,-4.5800858,-4.8050137,-4.8552895,-4.5963373,-3.9379458,-3.2459493,-3.2366896,-3.285647,-3.2542622,-3.2173665,-2.9780593,-2.7030966,-2.558476,-2.7469177,-3.1953464,-3.569265,-3.7756348,-3.972814,-4.0797706,-4.0845547,-4.029501,-4.0038877,-3.772322,-3.7384639,-4.3066845,-4.5092688,-4.779999,-5.0108223,-5.199057,-5.3267975,-5.744918,-5.912243,-5.9410105,-5.95247,-6.051249,-6.190694,-6.2585597,-6.3818083,-6.352746,-6.307979,-6.357404,-6.374959,-6.403519,-5.714812,-5.7142177
-0.13999388,-0.12141386,-0.13930076,-0.12600705,0.595631,-0.069579214,-0.015563607,-0.06370762,-0.46117595,-1.1598973,-0.77708507,-0.30548805,-0.09964414,0.37460613,0.83718044,0.94224346,0.9343741,1.0963295,1.6848537,2.0324903,3.051903,4.9464765,4.6057343,4.1544814,4.0499115,3.4630957,0.98113394,-0.1433943,-0.853906,-1.2425282,-1.493982,-1.5280994,-1.455648,-1.3094244,-0.7097459,-0.18488225,0.105638266,0.73228455,1.0509936,1.011967,1.3305134,2.1526675,4.368562,6.909815,8.005964,8.76774,9.5706,9.737734,8.628561,6.479787,2.503457,0.7835515,-0.39114517,-0.6421053,-0.21419911,0.4363491,2.2674375,4.6161175,6.883527,8.1916065,8.944014,8.737737,7.3858128,5.8284426,3.8249688,2.4162893,2.1591673,2.8276744,3.66847,4.0264444,4.2251654,4.3463273,4.4673743,4.7871747,5.4149575,7.683943,8.8491535,9.474836,10.206741,10.471235,10.464844,10.090948,8.417426,4.237233,1.4711338,-0.2954085,-0.54073554,-0.2783125,0.35389367,1.1716676,2.1131635,3.9457579,7.1228375,9.397064,10.552768,10.568488,9.446106,6.838056,3.6530757,2.1737013,1.3997953,1.3324867,1.13899,1.0024613,0.74592274,0.62402093,0.55121946,0.32302988,-0.18396187,-0.9919519,-1.436462,-1.2493371,-0.95039105,-0.6892654,-0.53719664,-0.756376,-0.7268641,-0.3625133,-0.14135882,0.08191839,0.4573687,0.6860999,0.72611964,0.4367627,0.672381,0.67334914,0.5847602,0.838064,1.0501522,1.0236453,1.0339575,1.3046418,1.2855551,1.1323366,0.77398133,0.90193236,0.9433981,0.98848057,0.9197903,0.594442,0.5953661
-1.338202,-1.4318104,-1.4930835,-1.6718367,-2.7963717,-1.7484361,-1.9030366,-1.864192,-1.2118483,0.20153728,1.0588735,1.1738878,1.2045972,0.9498686,0.5131401,0.35004056,0.41007376,0.6119458,0.65847886,1.1204967,0.43748003,-0.4856435,-1.3659637,-1.3713075,-1.3424747,-1.2310851,-0.24703741,0.29148906,0.9248644,1.6397724,2.621962,3.4315186,3.3862402,2.715382,1.0811867,-0.07627031,-0.43919116,-0.58395976,-0.5944475,-0.92603636,-1.3763304,-1.7366722,-1.9508197,-1.539373,-1.3439667,-1.3558506,-1.5448472,-1.3713098,-1.108265,-1.3012047,-0.4120655,0.27513173,0.79243696,0.90552664,1.3745711,1.8735718,2.2041109,2.0232809,1.7463912,1.649316,1.992785,3.924758,6.2160354,6.7878895,7.057996,7.1918793,6.7959013,5.2341304,2.991867,0.8380109,-0.04358551,-0.92398316,-1.7671826,-1.4310218,-1.1333016,-1.0232539,-1.0604715,-1.2597443,-1.2395613,-0.8813004,-0.724295,-0.4763571,-0.6304867,-0.46211648,0.73990786,1.7808244,2.1142733,2.3188102,2.2161012,2.2470362,2.3608189,1.9857286,1.124064,0.071814984,-0.85910106,-0.782969,-0.117049426,0.7346052,1.8873564,1.812642,0.9004333,1.0120827,2.4873047,4.5572042,5.785865,6.074255,6.6872044,8.004266,9.1798725,10.166921,10.875183,11.200335,11.193988,10.931177,10.841906,10.919386,10.816504,10.047361,9.003728,6.915902,2.5777626,0.37481415,-0.7375364,-1.119383,-1.437407,-1.5647197,-1.4498763,-1.3950179,-1.6381128,-2.1360989,-2.4605467,-2.721219,-2.7145452,-2.842763,-2.9811146,-2.7950518,-2.6250248,-2.6535745,-2.6489005,-2.7955494,-2.7966332
-2.9854865,-3.0114975,-3.1058412,-3.1280742,-3.2043178,-3.1655803,-3.2162962,-3.2767437,-3.455883,-3.057687,-2.614744,-2.40886,-2.2255735,-2.1004033,-1.9317827,-1.9221253,-2.0045495,-2.1724873,-2.3493705,-2.9505105,-3.0740058,-2.9001715,-2.2019074,-2.208716,-2.1124287,-2.1046858,-2.706931,-3.2324839,-3.2972212,-2.9565673,-2.5218477,-1.9488838,-1.1563472,-0.63818455,-0.730438,-1.5722722,-1.8985426,-2.0091496,-1.5966805,-0.5805341,-0.15844052,-0.25344265,-0.6937821,-1.0642135,-1.0564123,-0.7448263,-0.5204329,-0.6512277,-0.6473755,-1.2875196,-2.339172,-2.6686444,-2.7092302,-2.2822847,-1.9901934,-1.9459054,-1.8191478,-1.7033194,-1.5034873,-1.252456,-0.9730678,-0.6427617,-0.8069621,-1.256861,-1.6620094,-2.179337,-2.852417,-3.417832,-3.58042,-3.4511971,-3.2048593,-2.7923083,-1.9846692,-1.7977396,-1.8357809,-1.82084,-1.7345197,-1.4433908,-1.243881,-1.0558748,-1.0824726,-1.3080126,-1.4208591,-2.1735525,-2.6666317,-3.0721853,-3.2279341,-3.169322,-2.9612947,-2.874054,-2.9009242,-3.0982265,-3.2546606,-2.7900658,-2.3520293,-2.011527,-2.6191642,-3.2383494,-3.4649992,-3.2825243,-2.820881,-1.9281161,-1.3865831,-1.1992304,-1.080524,-1.0623915,-0.9108484,-0.8431581,-1.1121032,-1.5328584,-2.0198176,-2.3551311,-2.4466078,-2.4693966,-2.5245838,-2.5310638,-2.5475018,-2.4865608,-2.4014153,-2.3449056,-2.4003396,-2.5475566,-2.7145448,-2.7585187,-2.8776674,-2.8951535,-2.9675088,-3.0387082,-3.0545628,-2.9110775,-2.721967,-2.930935,-2.9797525,-2.9828305,-2.7551425,-2.761889,-2.8140578,-2.7609036,-2.78284,-3.2032676,-3.2040913
-0.6208328,-0.57729906,-0.4848398,-0.45747733,-0.19605838,-0.5254609,-0.51359415,-0.3982588,0.16279843,0.45437905,1.1637224,1.5664086,1.8996396,2.0435352,2.0875268,1.9578421,1.9744467,2.198259,2.1866014,1.9468554,0.921866,-0.07003093,-0.90098023,-1.074679,-1.0835309,-1.1897761,-0.6585876,0.037574224,0.4502293,0.3733641,0.47090864,0.8618823,0.88267833,0.78112435,0.14124939,-0.13197616,-0.30950075,-0.5359012,-0.6922269,-0.6079132,-0.45517278,-0.36008286,-0.49602166,-0.39118057,-0.32379663,-0.35666174,-0.707261,-1.2577924,-1.4950534,-1.3345108,-0.18525156,0.37195003,0.5904765,0.18295369,0.46746853,0.955872,1.3707728,1.3708268,1.0521234,0.96396583,0.9593509,1.3913015,2.486938,3.5533211,4.581709,4.9899745,4.633253,3.9635057,3.8081093,3.495465,2.9329515,2.0008392,0.33666706,0.15245262,0.12286681,-0.04752338,-0.037788168,-0.23962663,-0.6678249,-0.8851053,-0.9018348,-0.9484673,-1.1457489,-0.7424315,0.38433504,1.1596656,1.2316948,1.4454427,1.8259232,2.363092,2.680842,2.838389,2.3958158,2.2693763,2.708068,4.2118406,8.037063,10.153162,10.814624,10.610762,9.662099,7.4180655,4.9152226,2.3056357,1.3114107,1.1440169,1.0065252,1.1361909,1.5730658,2.0990686,2.5158143,2.533091,2.5120804,2.4363418,2.5838022,2.637331,2.6021662,2.1602697,1.9450693,2.0028582,1.7882869,1.280743,0.78054154,0.6392196,0.3064081,0.37753838,0.7330853,0.8031901,0.590252,0.38522118,0.31535754,0.23081663,-0.10400483,-0.10022331,0.009942543,-0.41641185,-0.6384858,-0.71128166,-0.7525219,-0.1965124,-0.19600771
-2.2653012,-2.1978183,-2.1674023,-1.9999871,-0.91021764,-1.7605731,-1.5319799,-1.3808336,-1.1104157,-0.8150359,-0.77338266,-0.90643203,-0.9309978,-1.0852144,-1.342664,-1.6404799,-1.9033134,-2.1330109,-2.1749263,-1.6248958,-0.29413357,0.6406195,2.4838276,2.518336,2.3115277,1.9599054,1.3525031,0.66045046,-0.28934985,-0.838355,-1.512761,-2.4923906,-2.887609,-2.6345754,-2.0533404,-1.7370443,-1.766082,-2.2369742,-2.5672984,-2.6192687,-2.5538611,-2.40422,-1.9554929,-1.6002885,-1.557961,-1.609074,-1.6511674,-1.3363341,-1.2524384,-1.0303257,-1.2341678,-1.2973332,-1.1368003,-0.7493992,-0.7707189,-1.1310499,-1.7824097,-2.092412,-2.2149324,-2.153627,-2.3735824,-2.8551805,-3.0638118,-3.1434906,-3.5065646,-3.6668177,-3.4295464,-2.7675583,-2.4355083,-1.9760563,-1.6682663,-1.4032956,-1.946313,-2.2887168,-2.1082826,-1.628446,-1.4617035,-1.5638692,-1.2826467,-1.1252831,-1.1751688,-1.0521642,-0.6599802,-0.842299,-1.4373448,-1.6803132,-1.6378584,-1.7944878,-1.9842076,-2.201315,-2.4682684,-2.438636,-2.0141392,-1.687942,-0.7232662,-0.61254853,-0.9859739,-1.6639777,-2.540676,-2.741776,-2.3848379,-1.6693835,-1.5261488,-1.7868352,-1.8662229,-1.803184,-1.7560185,-1.8443389,-1.8985505,-1.82828,-1.8779118,-1.7547779,-1.63968,-1.4028109,-1.3084286,-1.4397664,-1.2719159,-0.90758926,-0.50178045,-0.8021815,-0.7849681,-0.3297252,0.054023594,0.3162459,0.20719859,0.15685129,-0.3809087,-0.7689281,-0.82398367,-0.823158,-1.0348601,-1.1807599,-1.4914765,-1.5259156,-1.4000049,-1.3714364,-1.4441788,-1.5124066,-1.6066759,-0.91084504,-0.9101331
-0.63980156,-0.56647766,-0.51046866,-0.38113362,-0.13681449,-0.2269445,-0.06701711,0.05986157,-0.027459502,-0.20988062,-0.33350366,-0.33998612,-0.38480002,-0.38121918,-0.39776346,-0.5244074,-0.6035673,-0.2492652,0.48157325,3.5062215,7.317617,9.462269,10.514187,10.368948,9.995215,9.292592,7.7301188,5.107893,2.0083325,0.4319864,-0.6239578,-1.6482394,-1.911977,-2.1158464,-2.2264104,-2.3496187,-2.1625175,-1.8195336,-1.7355065,-1.7598972,-1.8077649,-1.6964151,-1.1113214,-0.74467343,-0.6462014,-0.59980065,-0.41220045,-0.0640721,-0.26211116,-0.25220335,-0.798187,-0.94467264,-0.81065077,-0.5340979,-0.60006875,-0.7301549,-0.9027829,-0.94404215,-1.0859827,-1.4737792,-2.0312948,-2.5118797,-2.5443625,-2.6176608,-2.9220748,-3.1732829,-3.0150375,-1.9954054,-1.0545597,-0.46298712,-0.4585467,-0.60800225,-1.1226939,-1.5028553,-1.2662088,-0.7665933,-0.41309392,-0.04373333,0.7117313,0.73460716,0.36216798,0.08754352,0.106489405,-0.5059211,-1.2696934,-1.3062965,-1.0484939,-1.0853727,-1.2336975,-1.4485173,-1.676958,-1.7384142,-1.61591,-1.3873193,-1.2814846,-1.5851521,-2.1777225,-1.8587396,-1.7936649,-1.8756976,-1.6939046,-1.3939265,-1.4316993,-1.4438089,-1.3454127,-1.2222351,-1.0257058,-0.78717166,-0.66417307,-0.67375124,-0.81413376,-0.90430784,-1.0507666,-1.1316297,-1.1465144,-1.2827356,-1.3444692,-1.3683456,-1.2997153,-1.3678627,-1.4966393,-1.3357959,-1.2414677,-1.4945353,-1.1679114,-1.1199671,-1.1711624,-1.0967963,-0.6692817,-0.43249616,-0.51728773,-0.44687277,-0.6155392,-0.575503,-0.7597923,-0.66116536,-0.47085398,-0.35556656,-0.3935891,-0.13784713,-0.13686974
-1.731844,-1.6962311,-1.6134222,-1.5334387,-0.57368934,-1.3638197,-1.2417444,-1.2308683,-1.1236022,-0.7894734,-0.5071762,-0.3306494,-0.43832868,-0.22574008,0.09150311,0.26799232,0.2327282,-0.10187337,-0.109401554,-0.77348393,-0.3260504,-0.038246408,0.12522735,0.04650989,0.051415022,-0.12010504,-1.1402026,-1.6574998,-2.0500727,-2.2528312,-2.4062915,-2.5024939,-2.3661325,-1.9822731,-1.9188664,-1.7212183,-0.9631924,0.074100494,0.62747324,0.6229651,0.5000347,0.5691882,0.51394284,0.2665737,0.20116079,0.36024368,0.97196096,1.3489976,1.1952016,0.5835158,-0.85837895,-1.7000911,-2.4543521,-2.6740808,-2.5843372,-2.7320657,-2.8304152,-2.5492053,-1.9938102,-1.5216405,-1.0956675,-1.379866,-2.350788,-3.1162817,-3.8916566,-4.2342405,-3.5711083,-1.7724454,-0.48274034,0.26389807,0.83966666,1.5129454,2.2631688,1.811964,0.92013,0.19541872,0.14036655,0.14534354,0.3666635,0.27349687,0.28964543,0.23592915,0.47089595,-0.47660974,-1.6166193,-2.452705,-2.829738,-3.0784729,-3.2236037,-3.4545622,-3.662627,-3.6312313,-3.0148468,-2.2123308,-1.9270425,-2.3121033,-3.2742317,-3.0829525,-3.3484535,-3.4171205,-2.9442377,-2.2803779,-2.1758246,-1.8019606,-1.6774223,-1.6962042,-1.5910468,-1.445688,-1.4270345,-1.6136832,-1.9982562,-2.219398,-2.2625299,-2.275063,-2.3074012,-2.3753104,-2.4501047,-2.1826677,-1.6679602,-1.1073979,-0.82760763,-0.86654186,-0.8400812,-1.098556,-1.0211296,-1.0795211,-1.3358389,-1.2969918,-1.1617332,-1.1880399,-1.1152244,-0.9753189,-0.9677793,-1.0795804,-1.2439497,-1.1700692,-1.2028693,-1.2705479,-1.2752035,-0.5744264,-0.5734948
-2.8168402,-2.732893,-2.672174,-2.4611857,-1.6685164,-2.1246724,-1.6450695,-1.3474182,-0.699423,-0.58759075,-0.7351445,-0.8795087,-1.125566,-1.167494,-1.20934,-1.4351959,-1.7539892,-2.200763,-2.309748,-3.1563196,-2.3829637,-1.5843889,-1.2672062,-1.7417439,-1.9971753,-2.558923,-3.193699,-2.7586603,-2.3006818,-2.0701194,-2.2004843,-2.6697903,-3.111269,-3.089787,-2.4890647,-1.6496353,-1.0641268,-1.0046852,-1.5567576,-2.5773861,-2.993105,-2.7934127,-2.4242728,-2.021421,-1.8537428,-1.5861392,-1.4967191,-1.2951183,-1.6125649,-1.912633,-2.0369635,-2.3638113,-2.797381,-2.7309766,-2.4214427,-2.649808,-3.1892257,-3.180557,-2.599389,-1.4958603,-0.41927275,-0.042062838,-0.5937249,-1.0849172,-2.0881605,-2.7543325,-2.4590588,-1.5754086,-1.5346949,-1.3419888,-1.1657008,-0.8298457,-0.3838486,-0.69704723,-1.6513652,-2.1117947,-1.9618585,-1.6357874,-0.60873055,-0.3292148,-0.59505314,-0.9358789,-1.5599748,-1.9356138,-2.2846074,-2.8981147,-3.1935394,-3.3512783,-3.2997994,-3.3897607,-3.652958,-3.588632,-3.0630226,-2.1331878,-0.65299475,0.101942256,-0.13905378,-0.70564455,-1.542777,-1.7160283,-1.1639899,-0.257518,0.06317693,0.30725673,0.34703556,0.35038465,0.55988145,0.57340235,0.30255738,-0.00027537346,-0.5661117,-0.95779574,-0.9120095,-0.74389935,-0.8042329,-0.77456343,-1.0974749,-1.1228778,-0.9575361,-1.2334535,-1.0467576,-0.9705851,-1.0475483,-1.0905678,-1.455756,-1.3556943,-1.4902041,-1.7234448,-2.0309038,-2.146306,-2.0739608,-2.063429,-2.055514,-1.9455066,-1.7974236,-1.7817383,-1.613605,-1.496393,-1.5984277,-1.6689868,-1.6684269
-1.2210582,-1.2120653,-1.1958228,-1.2156953,-1.5517977,-1.1860693,-1.1275306,-1.1002167,-1.1962999,-1.1983305,-1.2483517,-1.343498,-1.3603776,-1.477722,-1.4979081,-1.3777928,-1.072551,-0.77836823,-1.0446738,-0.99160284,-0.8817041,-1.1526356,-1.2163765,-0.9314252,-0.83888316,-0.6026064,-0.15612893,-0.5892437,-0.98791695,-0.89648247,-0.6848943,-0.5962415,-0.42091513,-0.39935413,-0.87835866,-1.0665864,-1.1135833,-1.3204068,-1.7953876,-2.2667577,-2.3538892,-2.5449452,-2.9032664,-2.958612,-3.0654712,-3.284962,-3.380755,-2.6734185,-1.5799861,-1.1411797,-1.3249543,-1.608279,-1.8313653,-1.4464829,-1.2740238,-1.5731621,-2.2549217,-2.4425008,-2.390402,-2.3137176,-2.630842,-2.9478345,-2.5388217,-2.0032034,-1.3550348,-1.1666954,-1.9700671,-2.9753618,-3.6109335,-3.8308496,-3.8349423,-3.6196716,-2.9283752,-2.6884863,-2.6346376,-2.8772779,-3.205165,-3.4705539,-3.6861544,-3.4241276,-3.1366677,-2.407021,-1.366257,-1.0580472,-1.4234858,-1.657181,-1.871602,-1.8186622,-1.7144973,-1.7148805,-1.6805437,-1.8702683,-2.1502156,-2.64998,-3.392446,-3.2417326,-2.20153,-0.68293655,-0.32510573,-0.748396,-1.8187907,-2.4552608,-2.0783165,-1.4232053,-1.0029219,-0.88562834,-0.7020126,-0.2648884,0.07152388,0.16041726,0.17755349,0.081839204,-0.0030872598,-0.16772483,-0.23105209,-0.1679714,-0.2726349,-0.59608805,-1.0562303,-1.8506656,-2.7670245,-2.8359447,-2.642031,-2.420231,-2.141139,-2.1134229,-1.78952,-1.703652,-1.8189806,-1.9438888,-1.8648105,-1.8912904,-1.858511,-1.6294906,-1.4876251,-1.5942947,-1.7245693,-1.591115,-1.399329,-1.5505111,-1.5516942
-3.3991818,-3.393846,-3.4199748,-3.3894496,-2.3977928,-3.3747883,-3.3544862,-3.3441434,-3.1742465,-2.8870502,-2.6714127,-2.5190582,-2.3944583,-2.2210221,-2.001101,-2.030874,-2.2983565,-2.8081975,-3.2821832,-4.13919,-4.3847656,-3.6329076,-1.9277325,-1.9605799,-1.9850872,-2.0323918,-2.194948,-2.0802798,-1.8795233,-1.8401748,-2.1261325,-2.2979302,-1.9430792,-1.2563394,-0.63712066,-0.4856565,-0.39782888,-0.6026002,-0.6078001,-0.036278546,-0.013301253,-0.28709114,-0.80369645,-1.4362417,-1.7466085,-1.9075269,-1.8711061,-1.6876677,-1.633321,-1.461124,-1.2062819,-1.2007952,-1.166098,-1.1468521,-1.3121735,-1.8408058,-2.4224432,-2.7219164,-2.7620559,-2.5348854,-2.326898,-2.3219504,-2.8052552,-3.3552055,-3.8219173,-3.9930685,-3.862327,-3.5295198,-3.0573664,-2.5152721,-2.068668,-1.5742842,-1.4838117,-1.6370008,-1.7298429,-1.9428558,-2.1860502,-2.3949652,-2.0568945,-1.7105145,-1.589293,-1.5443721,-1.448139,-1.0266513,-0.85229045,-1.0147216,-0.91146374,-1.0610092,-1.309361,-1.7040666,-2.1437283,-2.4589593,-2.43285,-2.027832,-1.6229718,-1.958549,-2.6286874,-3.2036233,-3.4712996,-3.22907,-2.5234077,-1.8769501,-1.75506,-1.9493244,-2.066027,-2.0574846,-2.0171084,-2.1299925,-2.3861678,-2.5603094,-2.6177363,-2.5239844,-2.4275947,-2.2545774,-2.1603434,-2.2286804,-2.0656621,-1.7461033,-1.3529773,-1.0094073,-0.5642645,-0.43284744,-0.071392566,0.12008193,-0.008364201,-0.04492414,-0.46790898,-0.7704628,-0.7195406,-0.79831946,-1.2368368,-1.5969783,-2.0717616,-2.1698372,-2.1519296,-2.2193449,-2.4511914,-2.5545511,-2.5395052,-2.3976011,-2.3975258
-1.7771285,-1.7055001,-1.6005707,-1.4666021,0.7483958,-1.2813237,-1.0323577,-0.76812315,-0.58144695,-0.54507077,-0.26214764,-0.3694032,-0.15103796,-0.454757,-0.9565064,-1.2337346,-1.4494474,-1.6594404,-1.8855835,-2.2824728,-2.1597767,-1.5283262,-1.328276,-1.5770091,-1.7773851,-1.4403807,-0.67012024,-0.7837853,-0.77817667,-0.6866057,-0.9957198,-1.5070971,-1.5437933,-1.5415813,-1.2014098,-0.77382207,-0.7934774,-1.1333531,-1.3163974,-1.490932,-1.9981773,-2.492674,-2.64298,-2.3400025,-2.0004854,-1.7357376,-1.7805381,-1.4651117,-0.92507315,-0.026923418,0.43543068,0.16860813,-0.37810946,-0.88099104,-1.3977298,-1.7030921,-1.7336628,-1.4617348,-0.88541216,-0.28405905,0.0627774,-0.5057581,-1.0542412,-1.3069787,-1.1435611,-0.69313437,-0.81469274,-0.85831153,-0.62286246,-0.8143521,-1.3457963,-1.780019,-1.9768616,-1.9864384,-2.1835995,-2.0178788,-1.6697705,-1.3163435,-1.0740615,-1.0380622,-1.2138534,-1.0532402,-0.5562762,0.24745649,0.15551406,-0.12149763,-0.4460436,-0.7302188,-1.0295998,-1.3930937,-1.611857,-1.7957482,-1.5438248,-0.39319652,0.29553545,0.48476493,-0.04763271,-1.1865039,-1.1590444,-0.63442,0.019945167,0.2924149,0.38502166,0.3572563,0.38894892,0.31136435,0.3216697,0.3334434,0.16383006,-0.14773923,-0.3380709,-0.39447394,-0.255309,-0.18686318,-0.09512229,0.031732988,0.090292625,-0.030863881,-0.24902181,-0.8854799,-1.476629,-1.5199094,-1.4305954,-1.2626599,-1.2234432,-1.1532607,-0.9145427,-0.7328398,-0.9003561,-0.89456034,-0.721778,-0.45024106,-0.22039804,-0.013625264,-0.09918877,-0.1862599,-0.19483328,-0.026440091,0.07927436,0.7465799,0.74846184
-3.2959297,-3.324131,-3.3396816,-3.3333578,-3.542528,-3.3464496,-3.4098911,-3.559143,-3.7505083,-3.196415,-2.6240401,-2.2426648,-2.0547688,-1.8245244,-1.4964082,-1.4519515,-1.6501135,-2.1820064,-2.585101,-3.4412718,-3.2286692,-2.8025398,-2.1009316,-1.9467816,-1.8335826,-2.054093,-2.9197874,-3.2760997,-3.2935185,-3.1782448,-3.083853,-2.7463806,-2.065959,-1.3900784,-1.2513663,-1.5749427,-1.5895673,-1.688998,-1.3312091,0.11460644,1.3118358,2.0880356,2.7472486,2.5184317,1.9082078,1.6845993,1.5672971,0.9216756,0.33296287,0.10040341,-0.88505733,-1.3029978,-1.6690242,-2.0309916,-2.1960764,-2.515522,-2.6745431,-2.5257087,-2.1376827,-1.7316809,-1.4916345,-1.4477996,-2.1341777,-2.891662,-3.5795925,-3.729104,-3.1790094,-2.356297,-1.7144328,-0.9449134,-0.16902071,0.578144,0.7247236,0.5313274,0.75632024,0.91379714,0.65151703,0.5223017,0.39891294,0.43340543,0.52462137,0.1362791,-0.3895313,-0.54713553,-0.8278666,-1.3128889,-1.5798965,-1.8562118,-2.1817257,-2.464581,-2.7423854,-2.7417135,-1.8357008,-1.1473126,-0.8128562,-1.062459,-1.7257802,-2.6965137,-3.4413972,-3.379349,-2.7670398,-2.0550601,-2.117154,-2.3289955,-2.361756,-2.3541894,-2.2245867,-2.0276732,-1.8456234,-1.9310273,-2.1720695,-2.1770406,-2.1171815,-1.997551,-1.9165025,-1.9791745,-1.6881453,-1.2039537,-0.6172269,-0.3692624,-1.0022953,-1.3410904,-1.6413593,-1.8471761,-2.2474809,-2.3940802,-2.855447,-3.0882459,-3.1295724,-2.9863958,-3.0974238,-3.3959632,-3.506415,-3.705011,-3.5697029,-3.5234942,-3.5721693,-3.6235118,-3.686761,-3.5420694,-3.542374
-4.1872945,-4.183178,-4.1625023,-4.195625,-6.0280075,-4.1816406,-4.2889714,-4.393012,-4.6454697,-4.4969325,-4.355978,-4.1864004,-3.9943612,-3.8377404,-3.4971151,-3.269787,-3.2123487,-3.3949747,-3.7131526,-3.738021,-3.2753038,-3.3790283,-2.9371996,-2.5405378,-2.2255096,-1.8904887,-1.8194985,-2.4342136,-2.724679,-2.6125233,-2.3525462,-2.026668,-1.5130844,-1.114172,-1.4663773,-2.3574262,-2.5815601,-2.7888446,-2.6655552,-1.9315021,-1.6165482,-1.6967885,-1.9578472,-2.4182854,-2.7390444,-2.988081,-3.1627836,-2.9022756,-2.1508496,-1.4353573,-1.3323973,-0.97154295,-0.63316023,-0.77292615,-1.1022378,-1.4056908,-1.6569669,-1.7561264,-1.8041145,-1.8204734,-2.0687845,-2.537186,-2.7761273,-3.0120077,-2.9387016,-2.7274308,-2.8564277,-3.0782409,-3.19976,-3.3607812,-3.3938427,-3.21512,-2.7581396,-2.7210221,-2.6446862,-2.9287953,-3.3461533,-3.7223759,-4.1536183,-3.8433905,-3.4723203,-3.117546,-2.607903,-1.6735964,-0.71384543,0.36117706,0.6006867,0.48019224,0.12113575,-0.23808765,-0.45200467,-0.6233418,-0.84543097,-1.6783383,-2.9284484,-3.4053545,-3.7449222,-3.524938,-3.58775,-3.8431325,-4.3438053,-4.574341,-4.328353,-3.8662424,-3.6424737,-3.5574846,-3.4348907,-3.3800628,-3.3556585,-3.4880157,-3.7055917,-3.9499369,-4.06947,-4.2256975,-4.25929,-4.219205,-4.270936,-4.3830605,-4.4783306,-4.523902,-4.66643,-4.708784,-4.933483,-4.923073,-5.214749,-5.309039,-5.4405265,-5.4639006,-5.4658947,-5.4464874,-5.4489613,-5.453582,-5.262115,-5.2204127,-5.158272,-5.044178,-4.8486423,-4.7812295,-4.7304606,-6.027251,-6.027875
-1.5289974,-1.5581727,-1.4988321,-1.5143828,-1.4825749,-1.5172093,-1.6150286,-1.7998788,-1.9716105,-1.3934494,-1.0519603,-0.82855904,-0.80413234,-0.6288979,-0.12045644,0.1453016,0.17624754,-0.040156215,-0.21321799,-0.7861265,-0.69743687,-1.2918258,-2.5618224,-2.5388684,-2.4447424,-2.1991272,-2.283082,-2.7399247,-3.1487293,-3.512154,-3.7812953,-3.424953,-2.606339,-2.352952,-2.574331,-3.1699204,-3.0288458,-2.3207817,-1.055842,1.1720126,2.965273,4.050378,5.036492,5.77174,6.0348463,6.4092503,5.7300215,3.9921336,2.840681,1.3000793,-1.2135484,-2.0711331,-2.6194332,-2.6672049,-2.790259,-3.0010626,-3.277929,-3.1082444,-2.8330262,-2.842749,-3.1396008,-3.8588874,-4.2735033,-4.3284445,-4.3628263,-4.4910774,-4.398017,-3.6293054,-2.5964746,-1.6529028,-0.74001884,0.28169304,1.5983673,1.6574852,1.7504563,3.1160345,3.6716967,3.4758153,1.4144689,0.35077772,0.34771487,-0.2155043,-0.1901896,-0.91708034,-2.2575607,-3.0317874,-3.248373,-3.237104,-3.076466,-3.1208324,-3.2271206,-3.1425576,-2.4542148,-2.4558573,-2.7709298,-3.0791059,-3.2423663,-3.3493457,-3.77391,-3.7421916,-3.305852,-2.7729461,-2.8725877,-2.6148582,-2.409424,-2.3549895,-2.1080997,-1.7633312,-1.4572512,-1.6146301,-2.070095,-2.330108,-2.4879885,-2.6078832,-2.6693592,-2.7323155,-2.6288688,-2.5660393,-2.3646483,-2.2123733,-2.5760717,-2.712202,-2.867267,-3.2145052,-3.278926,-3.2767224,-3.3731933,-3.364674,-3.330882,-3.1256065,-3.0294566,-2.9264348,-2.7898612,-2.886335,-2.9244475,-2.926696,-2.8603206,-2.8570237,-2.8760743,-1.4832668,-1.482562
-2.1781251,-2.224358,-2.3742843,-2.3691936,1.5902277,-2.3519888,-2.1954894,-2.1621416,-2.0095606,-1.8003652,-0.6200735,-0.06780797,0.32722813,0.66178125,0.33344966,-0.3293107,-0.97796273,-1.3954834,-1.401206,-2.1129189,-2.0187519,-0.72171366,0.7583432,0.8326722,0.75112855,0.17368387,-1.4414532,-1.5425923,-1.3384867,-1.3049874,-1.4084988,-1.3111763,-1.1303207,-0.8824285,0.20997387,1.4487793,1.730104,1.3913019,0.9218112,0.5008746,0.48506406,0.75357765,1.6732697,2.3805904,2.4813533,2.675616,3.0613701,3.0609963,2.3748364,1.5415382,0.46762162,-0.21537952,-0.67394114,-0.6257533,-0.22817732,0.13236144,0.64607954,1.2659187,2.0048118,2.9153485,3.5234928,2.9532936,1.3353894,0.3321934,-0.644216,-0.82384217,-0.029935032,1.0626183,1.8653648,2.3774388,2.7544622,2.8924088,2.4513335,2.375624,2.1934505,2.7292504,2.9828424,3.409719,4.177741,4.625831,4.6182485,4.487728,3.4806542,1.5873958,0.1935775,-0.87578547,-0.85702336,-0.67664456,-0.3847685,-0.10910906,0.052414343,0.5709263,2.1806076,3.8900146,4.5758533,4.290638,3.118658,1.2523613,-0.014348522,0.0792253,0.7367257,1.3826109,1.0427989,0.6251815,0.45319352,0.3515333,0.22276756,-0.10196416,-0.40969393,-0.50547904,-0.12609282,0.8672793,1.777159,2.94025,3.6307845,3.3184223,4.2502337,6.132269,7.544648,8.8239155,9.626591,9.571326,9.121113,8.817453,8.183188,7.923217,7.6118097,7.5368032,7.208064,6.704361,5.8917084,5.403122,4.468566,4.068944,4.143625,3.9334779,3.016637,2.5268373,2.422246,1.5928069,1.5904253
-0.708475,-0.7703938,-0.81486994,-1.0003276,-0.93290675,-1.1327475,-1.380997,-1.5328523,-1.7972724,-1.9284666,-1.8151476,-1.8839315,-1.858626,-1.9184763,-1.9016197,-1.7770269,-1.7119184,-1.6760349,-1.8235054,-1.5545182,-1.7909691,-2.6125422,-2.4248035,-2.0179486,-1.6747296,-1.4044995,-1.0722451,-0.69537014,-0.061070047,0.4932714,1.1242049,1.5846114,1.5171285,1.3375655,0.33460802,-0.773087,-0.92731845,-0.986009,-1.2643871,-2.1066575,-2.6769419,-2.8135338,-2.8470016,-2.7146215,-2.6720233,-2.6122272,-2.2471664,-1.8588145,-1.282805,-0.9381763,0.13512285,1.00788,1.8361766,2.0266435,2.1394763,2.4341223,2.6989224,2.1100957,0.9517629,0.02759412,-0.5594249,-0.46982494,-0.00036898255,0.16979027,0.6626496,1.0552322,0.5629024,-0.33337307,-1.2090482,-2.0685246,-2.5141754,-2.763832,-2.5530396,-2.4830878,-2.563957,-2.7149584,-2.9329076,-3.1700544,-3.0359974,-2.160921,-1.6157781,-1.1079901,-1.0561565,-0.3634354,1.0776331,2.4347181,3.2397418,3.8372831,4.034903,4.1330595,4.2268634,4.3355074,2.5000906,-0.27138323,-1.6398561,-1.3578694,-0.6452998,-0.29613978,-0.31627268,-0.6701662,-1.6122842,-1.8488759,-1.1117542,-0.40048495,-0.19988514,-0.068555966,-0.1865971,-0.36071187,-0.21594968,0.05467847,0.28071636,0.15026417,-0.038062587,-0.19052154,-0.30034953,-0.15934536,-0.38257268,-0.7564837,-1.2113869,-1.6239891,-2.070179,-2.1999185,-2.3046126,-2.2361498,-2.4758787,-2.4273443,-1.9752765,-1.7319031,-1.6903644,-1.6374354,-1.4429471,-1.5851712,-1.2361469,-1.2237374,-1.0913783,-1.1008945,-1.0256885,-0.8757605,-0.6329558,-0.931711,-0.9326589
3.7172894,3.770701,3.987372,4.081982,2.5902991,4.56526,4.7822676,4.9624844,6.4799376,8.652437,10.18515,10.709267,10.852589,11.036221,11.23311,11.362791,11.382893,11.334578,11.221335,10.453205,9.264418,6.2927923,1.3878044,0.7893934,0.40675628,0.081103355,-0.56361175,-1.2108177,-1.7170674,-2.0447896,-2.3490424,-2.3588183,-2.03086,-1.5628272,-1.0707581,-0.54801536,0.1939547,2.3454928,5.349808,8.673892,9.693585,9.830595,9.384708,8.433924,7.66835,6.1224294,3.1010108,1.5861573,0.65034306,0.14079306,-0.955882,-1.5086312,-1.6269472,-1.3825467,-1.477937,-1.5699171,-1.4070091,-1.2669351,-1.117327,-1.1978996,-1.3545027,-1.6906188,-1.9705682,-2.2084498,-2.517128,-2.6432571,-1.9918067,-0.3323633,1.8156323,3.816193,5.246881,7.027216,9.793549,10.441882,10.494655,9.425785,8.143186,6.4248276,2.7215583,0.5067255,-0.1148555,-0.5792549,-0.3853976,-0.6269643,-1.69659,-2.068223,-1.9667906,-1.6682914,-1.4984373,-1.5994704,-1.6627586,-1.5104952,-0.6960255,-0.40354195,-0.38667053,-0.9125179,-1.3033587,-1.6854485,-2.2641277,-2.4553502,-2.0988145,-1.0740316,-0.77345294,-0.3293165,-0.29302132,-0.3438401,-0.3174336,-0.22839376,-0.19463857,-0.528689,-0.9945233,-1.2741036,-1.4257052,-1.5529618,-1.6465447,-1.725179,-1.7474302,-1.7468593,-1.5190777,-1.0199492,-0.57667434,-0.15199396,0.055386674,-0.0029450692,0.46730012,0.35171282,0.14614812,0.29959515,0.15731762,-0.0608166,-0.039061576,0.6226222,1.1885736,0.95966005,0.38183025,0.63796556,0.74245745,0.5202671,0.5783841,2.5891695,2.589757
0.24982606,0.12445676,-0.049080223,-0.15502113,-1.9962132,-0.29038388,-0.46456546,-0.57735866,-0.54016805,-0.6865057,-0.2407175,0.13748586,0.5140389,0.7455754,0.81178904,0.69344246,0.6936318,0.92767626,1.2493668,1.3809497,0.051747143,-0.73294634,-0.8439218,-0.8252292,-0.6896927,-0.5203286,0.8142239,2.7224097,5.034794,6.659911,8.620166,10.082083,10.443251,10.013439,7.6049895,2.4426293,0.5962322,-0.3176549,-0.38330585,0.05033978,0.2857374,0.1843745,-0.24901986,-0.5982985,-0.59405655,-0.606251,-0.8414998,-1.2836705,-1.2558997,-1.1744423,0.00872536,1.2140913,2.5841663,2.7167282,2.1817315,2.5016878,3.3199344,3.5699642,3.347086,2.8461745,2.42306,2.782251,4.0319796,4.8571963,5.3964067,5.6410446,5.190112,3.9894097,2.558228,1.1672742,0.4612215,-0.2237879,-0.6710302,-0.31050774,0.19648704,0.1490663,-0.16305558,-0.4932024,-0.6544964,-0.73824406,-0.77631307,-0.77564144,-1.0544988,-0.79881155,0.7562389,1.993383,2.3319268,2.2894723,1.8349729,1.9994807,2.516322,3.1250415,2.5199587,1.7550985,0.6769915,0.7599477,1.1327963,1.3031842,1.6480515,1.3003273,0.11376898,-0.8348793,-0.95194006,-0.42268375,-0.040977806,0.123153456,0.38158664,0.6160724,0.7775797,1.0883341,1.3514609,1.2638352,1.1657628,0.9599577,0.99390745,1.0585243,1.0551567,0.7423849,0.14585131,-0.29785246,-0.78132886,-1.0959088,-1.3479279,-1.1762757,-1.25161,-1.3332548,-1.299127,-1.2758551,-1.2607379,-1.321017,-1.4938903,-1.5233712,-1.470375,-1.3777306,-1.3976147,-1.2468839,-1.0114572,-1.0637866,-1.1691684,-1.9966723,-1.9964263
0.8201783,0.7945616,0.75756437,0.73362076,0.22696514,0.73904985,0.71075,0.8202919,1.1990399,2.077586,3.8446732,4.6383333,5.0985575,5.4211416,5.7807436,5.897358,5.880325,5.7705193,5.481002,4.563705,3.3151746,3.5013573,4.6616373,4.430187,4.085036,3.684795,4.093874,4.479847,4.2858915,3.9811113,3.7671618,4.4095025,5.127677,4.719545,4.5863333,5.1944156,5.0216203,4.4929643,3.943211,3.6467762,4.4231033,5.1370893,5.2951417,4.784464,4.5004034,4.455761,4.539459,4.2932982,3.5443482,3.942771,5.32318,5.5120983,5.205008,4.083353,3.4647977,3.6150208,3.834349,3.4054408,2.6784663,2.2181706,2.202487,2.186816,1.4993709,1.2443389,1.3346444,1.4451501,0.9772023,0.37193844,0.45372808,0.90607727,1.4831984,2.2566597,3.7744746,4.6762195,5.2931633,4.939553,4.5393853,4.703988,5.058154,5.0714655,4.901092,4.3955364,3.7939122,4.9597535,5.3720546,5.0744963,4.3361845,3.3976114,2.6792605,2.5743906,2.7004185,2.5650234,1.9713752,2.461273,3.1041715,2.8605244,1.6479908,1.5137283,2.0080981,1.9566598,1.3467785,1.0128474,1.7816079,2.3522415,2.1432915,2.0563235,1.7555754,1.2553566,1.0558356,1.3565347,1.8723564,2.1731858,2.1122246,2.0036225,2.0460405,1.947777,2.1080112,1.6542757,1.3810426,1.7243102,2.895873,3.1422627,2.880165,2.8303068,2.393797,2.0765784,1.7677331,1.6937712,1.5409507,1.3179879,0.9977279,0.8622018,0.7535651,0.50485665,0.34508786,0.39454722,0.3644086,0.31117904,0.36421862,0.2269566,0.22675174
-5.8120594,-5.801425,-5.7372336,-5.729436,-5.5795918,-5.6820316,-5.7279067,-5.813053,-5.886705,-5.361319,-5.3168974,-5.233195,-5.172785,-5.064457,-4.7568803,-4.5381613,-4.465751,-4.690257,-4.9876046,-5.129974,-4.2708693,-4.3284335,-4.335237,-4.0879393,-3.8923702,-3.6848154,-3.9885612,-4.8702693,-5.4083195,-5.304286,-5.1028576,-5.0442924,-4.693352,-3.9763403,-3.8932765,-4.3841114,-4.2634163,-4.0073314,-3.4331884,-2.2797449,-2.1362936,-2.331828,-2.595644,-2.8776832,-3.1042912,-3.3148777,-3.731754,-3.8068233,-3.5879807,-3.8676782,-4.976412,-5.354684,-5.504256,-4.98006,-4.611225,-4.8447394,-5.2963433,-5.3554573,-5.171881,-5.055777,-5.225984,-5.5442,-5.5018244,-5.615775,-5.6480446,-5.524069,-5.2233567,-4.692965,-4.437893,-4.210968,-3.9373999,-3.503137,-3.074393,-3.4873493,-3.8198266,-3.8448606,-4.0220003,-4.434001,-5.1064577,-5.0809917,-4.912278,-4.8074965,-4.4159427,-4.670741,-5.198109,-5.3363843,-5.189671,-4.925871,-4.744944,-4.9588785,-5.249985,-5.37295,-5.113325,-5.5415163,-5.870476,-5.835701,-5.803673,-5.8628144,-6.0806427,-5.9061766,-5.494072,-5.0848904,-5.0306654,-4.654276,-4.248762,-4.09416,-3.7561188,-3.3077652,-3.0366507,-3.1898565,-3.6114326,-3.9370499,-4.061485,-4.1751213,-4.293723,-4.2760735,-4.3307743,-4.2847605,-4.211977,-4.6799126,-5.7184906,-5.910562,-5.968463,-6.0839605,-6.1141453,-6.144417,-6.361242,-6.4297476,-6.401043,-6.3491635,-6.356041,-6.417597,-6.393103,-6.375188,-6.30761,-6.271223,-6.271708,-6.2457623,-6.2449055,-5.5797424,-5.579342
