0,1,2,3,4,5,6,7,8,9,10,11,12,13,14,15,16,17,18,19,20,21,22,23,24,25,26,27,28,29,30,31,32,33,34,35,36,37,38,39,40,41,42,43,44,45,46,47,48,49,50,51,52,53,54,55,56,57,58,59,60,61,62,63,64,65,66,67,68,69,70,71,72,73,74,75,76,77,78,79,80,81,82,83,84,85,86,87,88,89,90,91,92,93,94,95,96,97,98,99,100,101,102,103,104,105,106,107,108,109,110,111,112,113,114,115,116,117,118,119,120,121,122,123,124,125,126,127,128,129,130,131,132,133,134,135,136,137,138,139,140,141,142,143,144,145,146,147,148,149,150,151,152,153,154,155,156,157,158,159,160,161,162,163,164,165,166,167,168,169,170,171,172,173,174,175,176,177,178,179,180,181,182,183,184,185,186,187,188,189,190,191,192,193,194,195,196,197,198,199,200,201,202,203,204,205,206,207,208,209,210,211,212
13.162725,13.385789,9.95151,13.566173,13.551224,13.25359,12.51219,10.202419,8.239581,6.4876585,4.970991,2.790332,1.9170175,0.9771444,0.29823956,0.18848386,0.19069882,-0.1331847,-0.41186833,-0.46870038,0.82116127,1.4375837,0.9053017,-0.6142093,-0.7046883,-0.37911576,-0.2458445,-0.5996624,0.0507057,1.0904887,0.7676302,0.41823542,-0.16013424,-0.56097037,-0.46803194,-0.2826282,-0.20107073,-0.17711517,-0.0011124611,0.24526823,0.3961377,0.43572623,0.31651348,0.20867428,-0.14579485,-0.17374246,0.031315066,0.31911868,0.59474915,0.9318464,1.5285382,2.0182092,2.967267,3.7263944,3.8604317,3.0272985,2.2815835,1.6373551,1.1677434,1.2077057,1.4206331,1.2653995,1.0229845,-0.60800064,-0.5236587,-1.3030657,-1.9492769,-2.2305746,-2.4210956,-2.5139441,-2.471188,-2.2993572,-2.0007448,-1.5258609,-1.1013504,-0.7223381,-0.2825411,0.0887377,0.39218217,0.48441228,0.51172715,0.54981744,0.6346749,0.88617015,0.92191935,0.42260396,0.18221766,-0.41760278,-0.60286313,-0.1732068,-0.050079465,-0.17156035,-0.12807724,0.06086639,0.62497777,0.89662623,0.60904145,-0.11869867,-0.12392807,0.6780382,2.074763,2.8469844,2.3727188,0.8363059,0.12614655,0.4821582,0.7858752,1.0017235,1.0799258,1.7353537,4.1129885,5.401535,6.2445927,5.0679092,1.8454342,0.5064406,0.29793316,0.4158885,0.24845737,0.41270092,0.77708507,1.0806569,1.078129,1.2167213,1.3073493,1.6008939,1.6287236,1.2871604,0.78122604,0.44070965,0.24166536,0.13561845,0.37958476,0.29222152,0.20907918,0.26590273,-0.053680383,0.7849772,1.3234217,1.9115897,1.8185432,0.8822892,0.4021746,0.43395433,0.3089151,0.7706646,1.2733889,1.4117153,1.4496608,1.5848486,1.7989805,2.322362,2.8325865,3.8652306,4.939429,5.8702736,5.2004185,4.004716,2.6897774,2.0734038,1.4884431,1.1517739,0.89767265,0.7114847,0.5591608,0.23328951,0.13505758,0.29016355,0.24015254,0.09107726,-0.20690674,-0.4650323,-0.7662047,-0.93615997,-1.1015568,-1.1712419,-1.1399174,-1.0013435,-0.90357614,-0.83452904,-0.62483144,-0.16480303,0.18639904,0.40173507,0.77489835,1.3109293,1.8064462,1.8965104,1.8884714,1.8746241,1.8044221,1.9240546,2.1209915,2.6333275,3.1796374,3.3244832,3.8658051,5.0072136,5.903223,7.091104,8.714964,9.5957775,9.809556,10.034156,8.963172,9.199179,9.56512,9.813583,9.61476,9.950296,9.950699,9.950521,9.950558
-2.6588526,-2.624895,-0.748906,-2.6464937,-2.550665,-2.4514287,-2.3108842,-2.0240965,-1.9326588,-1.8122799,-1.7644389,-1.8666693,-1.7486033,-1.4045895,-0.93915784,-0.90567315,-0.82793725,-0.8549486,-0.83058226,-0.74565065,-0.7966125,-0.83410877,-0.7366141,-1.051904,-1.3082469,-1.6157715,-1.2380133,0.45363086,1.4399661,1.314636,0.7533166,0.45807275,-0.53459513,-1.4892688,-1.6042914,-1.7114265,-1.8314412,-1.9172107,-2.10851,-2.3591127,-2.5569763,-2.6942267,-2.6943884,-2.652181,-2.5664907,-2.5042334,-2.4727573,-2.4257889,-2.2632556,-2.1021576,-2.0951693,-2.4007492,-2.4816823,-2.5492775,-2.4159536,-2.0757816,-1.9686639,-1.8430208,-1.7841403,-1.7318383,-1.7616733,-1.7195189,-1.6394279,-1.4906665,-1.2287107,-0.3471416,0.19277862,0.5959136,0.7225349,0.8402597,0.93477905,1.0692956,1.0587442,0.87353814,0.6180314,0.39014643,-0.025748841,-0.28231105,-0.39396966,-0.43453956,-0.3762279,-0.3182381,-0.27904183,-0.2596568,-0.21661106,-0.19231164,-0.17688854,-0.28512612,-0.15719402,0.48054117,0.7303268,0.4077528,-0.5534072,-1.5868382,-2.2394936,-2.4197679,-2.1497831,-1.3670064,0.28169528,1.0950294,0.4484615,0.12936604,0.067299545,-0.000612393,-0.31502306,-0.38439995,-0.38991043,-0.6652091,-1.0064011,-2.2199419,-3.5226674,-3.790094,-4.1481395,-4.066534,-2.953227,-2.4719734,-2.2911108,-2.1430545,-2.1488638,-2.104382,-1.8399401,-1.6342572,-1.5291463,-1.4147155,-0.61035883,-0.012278318,0.4269937,0.68888664,0.69702435,0.51450384,0.285256,-0.26854694,-0.6052262,-0.99768615,-0.806888,-0.3503037,0.6200739,1.2833687,1.2268925,0.6845146,0.42667457,0.57260144,-0.18038556,-1.1040354,-2.1195831,-2.89103,-2.9540267,-2.7114303,-2.5136642,-2.2876878,-2.1450114,-2.0006049,-1.8671949,-1.7337272,-2.10118,-2.443059,-2.3720136,-1.8943915,-1.4683442,-1.4663231,-1.594579,-1.6303837,-1.394969,-1.3749855,-1.4594762,-1.3654631,-1.2765195,-1.3555568,-1.3972856,-1.4539196,-1.4316057,-1.3642391,-1.2450446,-1.0843544,-0.9252707,-0.8290702,-0.7538909,-0.6067852,-0.41005448,-0.4280448,-0.59085375,-0.87428486,-1.1692748,-1.4072325,-1.8266782,-2.1877885,-2.4523625,-2.6069021,-2.6144738,-2.6199589,-2.6654594,-2.697507,-2.7771554,-2.894449,-2.9408598,-2.8771505,-2.8944407,-2.9542484,-2.9428725,-2.793217,-2.888465,-2.9670553,-3.053649,-2.9156098,-2.6312132,-2.5292926,-2.5805562,-2.4619746,-2.5588758,-0.7487292,-0.7483721,-0.74845886,-0.7485008
0.0010602474,-0.17487529,0.30307347,-0.58648545,-1.0408434,-1.3782926,-1.7509866,-2.0708742,-2.0463805,-1.9707634,-1.7818073,-1.5395128,-1.531142,-1.4174018,-1.273252,-1.138041,-0.7751596,-0.21658637,0.34741238,1.1862111,2.4125085,3.0096142,2.4179766,1.0904582,0.19309583,-0.91615427,-1.7175326,-1.7892287,-1.8204806,-1.9340818,-2.0665324,-2.163473,-1.7628291,-1.1741849,-1.5098555,-1.7544761,-1.8371818,-1.94311,-1.9867615,-2.0488563,-2.0388079,-1.9547917,-1.9505367,-1.9529169,-2.0182862,-2.059455,-2.190507,-2.2745736,-2.3953443,-2.4208908,-2.0572479,-1.7934759,-1.6690354,-1.6516224,-1.4619852,-1.3714318,-1.4961011,-1.6500874,-1.758337,-1.7453802,-1.6319001,-1.7062948,-1.8124926,-1.1235191,-0.18653879,-1.3083236,-1.8756905,-1.8979359,-1.8242271,-1.8418498,-1.8718288,-1.851654,-1.7230892,-1.4794669,-1.1787646,-0.98150086,-0.82343674,-0.59823936,-0.45724213,-0.5272814,-0.73301554,-0.8421709,-0.89331496,-0.92951894,-1.0202171,-1.2098482,-1.9624736,-2.4020267,-2.5115333,-2.3211648,-2.160293,-2.0658472,-2.0185044,-1.9601121,-1.8016732,-1.6025112,-1.428061,-1.5316434,-1.8579407,-1.5427507,-1.5343761,-1.6691414,-1.8547031,-2.3343213,-2.5328345,-2.8955235,-2.9830837,-2.8129697,-2.2940779,-1.8437502,-2.0739706,-1.9928988,-1.8797692,-1.8844281,-1.6583722,-0.6589543,-0.266474,-0.4758535,-0.9600914,-1.6142435,-1.7812166,-1.5396519,-1.3971384,-1.7475735,-1.802048,-1.5389715,-1.4464993,-1.2700441,-1.0454571,-1.0883079,-1.4647892,-1.5228438,-1.6634216,-1.9090413,-2.0682418,-2.0463634,-2.0489411,-1.8423257,-1.9950407,-2.2143004,-1.9626663,-1.7178789,-2.5056229,-3.2344427,-3.16198,-3.0569491,-3.325443,-3.5161328,-3.536767,-3.5402746,-3.5401983,-3.573355,-3.643474,-3.4271007,-2.756268,-2.2355018,-1.6115366,-0.64749247,-0.3129727,-0.07741845,-0.23087674,-0.13536546,-0.091040105,-0.4722021,-0.89365023,-1.1507227,-1.2022946,-1.2623447,-1.3523049,-1.417293,-1.557314,-1.7151124,-1.8585491,-1.9151199,-1.9276032,-1.9375429,-1.9977577,-2.09795,-2.068672,-1.9177575,-1.559245,-0.7909502,-0.33805957,-0.35979164,-0.69603384,-0.87242985,-0.7463952,-0.6848241,-0.71315575,-0.6687433,-0.6335313,-0.5613943,-0.5202497,-0.5108993,-0.46805274,-0.5624243,-0.56657445,-0.44598958,-0.33956552,-0.3535825,-0.23898783,-0.23029584,-0.4992905,-0.7996154,-0.15056007,0.09989454,0.008727163,0.12402405,0.023260131,0.30268037,0.30268133,0.30264047,0.30265245
-2.5791976,-2.5125382,-1.0806398,-2.3793335,-2.0774703,-1.8021629,-1.4848292,-0.9939495,-1.035897,-1.1323745,-1.1831894,-1.3111564,-1.4283577,-1.4730451,-1.3381262,-1.3086065,-1.1116741,-0.845497,-0.6676426,-0.72416425,-0.8494466,-0.83970565,-1.0948288,-0.97760856,-0.77603793,-1.3977734,-1.9398434,-1.4269873,-0.7238848,-1.5199133,-2.1622696,-2.3942425,-2.0233645,-0.9300553,-0.42881697,-0.28657198,-0.18840703,-0.11637643,-0.2113379,-0.43965727,-0.6207908,-0.8432824,-0.87911224,-0.9227143,-0.8281621,-0.7060943,-0.74120283,-0.8790786,-0.9293958,-0.89803094,-0.8400699,-1.2823634,-1.6705177,-1.8545887,-1.9433342,-1.8672526,-1.9430543,-1.9968622,-2.063162,-2.0244944,-1.8877658,-1.7898035,-1.5942396,-1.2233044,-0.7743462,-0.91083753,-1.1287262,-1.090613,-1.0436953,-1.0556614,-1.0816776,-0.9944285,-0.8120842,-0.67863476,-0.5801232,-0.57214254,-1.0748956,-1.4956533,-1.7598643,-1.8843085,-1.9357743,-1.9486513,-1.9750952,-2.0859358,-1.9628385,-1.2863443,-0.15833572,0.7624722,0.7591557,-0.1123165,-0.55270237,-1.0089936,-1.163163,-1.6017005,-1.9288993,-1.6244103,-0.7593944,-0.72886413,-1.258955,-1.0058832,-1.3423071,-1.65189,-1.7266116,-1.6627918,-1.531823,-1.5706152,-1.4385847,-1.2384984,-0.7988728,-0.6140025,-1.3038435,-1.3149005,-1.5250484,-1.6183269,-0.87623185,-0.25579804,0.12192619,0.07649043,0.2527211,1.1453197,2.448402,5.2230906,8.101302,9.415678,11.022284,11.590652,11.70657,11.73057,11.733978,11.736837,11.187041,9.54289,7.1055484,2.4792845,0.79890895,0.123866715,0.8814408,1.7975217,1.6420733,1.4220855,0.9600538,1.2410591,0.07032278,-0.8961455,-1.1425749,-1.1018428,-0.71790564,-0.94144,-1.1535311,-1.2763287,-1.3859597,-1.399554,-1.3928537,-1.3967781,-1.6086382,-1.9056575,-1.4308783,-0.4492057,0.023866385,-0.33729362,-0.8526745,-1.3444965,-1.3111706,-0.8919712,-0.54393584,-0.26976004,-0.14089827,0.092922434,0.43684924,0.5709438,0.3796456,0.17259818,-0.061764196,-0.14887452,-0.20165199,-0.26229072,-0.32985973,-0.34756163,-0.29047766,-0.41470394,-0.610885,-0.86235166,-1.2347786,-1.6561717,-2.2230601,-2.7542725,-3.0176475,-3.1532083,-3.179511,-3.1877089,-3.2318463,-3.2826602,-3.332201,-3.4638586,-3.6195579,-3.5593398,-3.572679,-3.6575618,-3.692688,-3.6217175,-3.3344157,-3.3525584,-3.3312824,-3.22791,-3.1215844,-2.9775586,-3.0690203,-3.06129,-3.141553,-1.0795624,-1.0795914,-1.0795511,-1.0795836
-0.3192891,-0.46545544,0.054762825,-0.71602374,-0.8519622,-0.9016261,-0.72553957,-0.0029832423,0.4669109,0.79826415,0.85099393,1.036325,1.0000972,0.8280381,0.38732266,0.015421987,-0.21705878,-0.18772653,-0.10994472,0.015890792,-0.8871267,-1.6038607,-1.9092002,-1.3161762,-0.72136354,0.102898285,0.75314695,0.25669515,-0.5147332,-0.18447067,-0.0057216883,0.2619284,0.4241444,0.9928857,1.6482341,2.2373414,2.4291105,2.4558604,2.6277986,2.903223,3.1063874,3.2606907,3.1761117,3.0556273,2.6031399,2.0877326,1.9626256,2.0476649,2.116633,2.0088553,1.2215732,-0.050088555,-0.94068253,-0.7607831,-0.38154158,-0.09398848,0.1534524,-0.058283627,-0.29255462,-0.5169374,-1.0230558,-1.1414114,-1.0990095,-0.027172655,0.9076041,1.6600382,2.0977976,1.9425929,1.7798028,1.7218482,1.6985782,1.4248903,0.8937149,0.21808003,-0.40752596,-1.0714083,-1.6521702,-1.6391351,-1.4788089,-1.2482338,-1.0262071,-0.92253,-0.8268255,-0.6954762,-0.4990316,-0.13314106,0.45481068,1.0849602,1.7486548,1.3859811,0.6619992,0.3161834,-0.1785022,-0.35090733,-0.03143838,0.1631946,-0.25420105,-0.6899264,-1.144865,-1.8887877,-2.0930586,-1.7526034,-1.372431,-0.89566165,-0.13464943,1.0256038,1.712888,1.8978008,1.9379771,1.6186732,-0.24800968,-1.1358348,-0.98613775,-0.5341532,0.4006021,0.4608842,-0.004436612,-0.1782256,-0.3832351,-0.0867905,-0.3278328,-0.56837606,-0.9152107,-0.7754647,-0.5625448,-0.47210217,-0.46097714,-0.630647,-0.83090997,-0.95129085,-0.8402331,-0.4207337,0.15641627,0.43759477,0.5269151,0.6235025,0.17239001,-1.3565208,-1.5230913,-0.95065796,-0.4917643,-0.31206396,-0.5043603,-0.4571525,-0.27652696,-0.010888368,0.36228073,0.71103287,0.84525144,0.8361671,0.8135991,0.68642294,0.5014526,0.11321017,-0.45524892,-1.0579373,-1.8145194,-2.3896558,-2.2802691,-2.0597897,-1.7985575,-1.5081768,-1.5362945,-1.4146001,-1.3692213,-1.6518276,-1.5927069,-1.3241822,-1.0656976,-0.84645176,-0.55799866,-0.3164041,-0.04545617,0.07822469,0.17103785,0.20838553,0.2743584,0.3244403,0.22580518,0.053503692,-0.19464663,-0.80435765,-1.4283195,-1.6739154,-1.7088407,-1.7142247,-1.8009317,-1.6751516,-1.619303,-1.639588,-1.5969278,-1.5991524,-1.5144869,-1.3938463,-1.325753,-1.3226693,-1.1682549,-0.9420321,-0.81463563,-0.52646136,-0.36435074,-0.2886743,-0.29330888,-0.5691694,-0.37234223,-0.42104435,-0.35519305,-0.31096837,-0.24380507,0.05529073,0.054713666,0.054891974,0.054922298
-2.3810184,-2.2387428,-1.4890006,-2.1489549,-2.1951237,-2.3145063,-2.3878827,-1.6665702,-1.4591336,-1.7158318,-1.8159862,-1.813563,-1.9396865,-1.759655,-1.1622919,-0.91543096,-0.6550538,-0.38623232,-0.23590025,0.026768059,0.3281123,0.3358036,0.3617795,0.058055535,-0.54898036,-0.9274479,-1.0743821,-0.9498746,-0.8436509,-0.83552176,-0.94988775,-1.1151941,-1.8093851,-1.8257663,-1.4003072,-0.9763456,-0.65090847,-0.44904262,-0.3656338,-0.32368332,-0.26899558,-0.27539113,-0.29865268,-0.3473342,-0.2771091,-0.28147262,-0.38129118,-0.4503445,-0.59601724,-0.9446181,-1.4341049,-1.3631337,-1.7043717,-1.9031304,-1.968452,-1.7086486,-1.5891733,-1.339778,-1.125326,-1.0845232,-1.0482469,-0.90099484,-0.6934278,-1.1311935,-1.228006,-0.59571844,-0.16748655,-0.09346968,-0.07194698,-0.1561724,-0.14440972,0.088626266,0.2979685,0.16660693,-0.22009343,-0.46834457,-0.558092,-0.34919024,-0.32523447,-0.44195148,-0.682271,-0.940701,-1.2648922,-1.7770898,-2.3004203,-2.4288623,-2.079954,-1.5890911,-1.2281499,-1.244361,-1.3507286,-1.1834495,-0.16084427,0.5838535,0.16345231,-0.42269596,-0.7116703,-0.5756429,-0.41884112,-0.8812383,-1.2138124,-1.4343344,-1.1931376,-0.34257925,-0.06687288,-0.5129561,-0.40113935,-0.20316206,-0.6220872,-1.7807121,-2.5356307,-3.0475988,-3.3381426,-3.2062166,-2.0621932,-0.89384377,-0.38169077,-0.36363053,-0.5314368,-0.103869736,-0.03573543,-0.46935594,-0.59339267,-0.3155444,-0.2606017,-0.7410505,-0.8655818,-0.8974546,-0.9173127,-0.91337496,-0.9139105,-1.1224288,-0.5099071,0.4340425,0.70164394,0.31182498,-0.19329165,-0.13179256,-0.25880837,-0.48772982,-0.45774937,-0.32700175,-0.05661416,0.30088705,0.6422367,0.5803927,0.6577852,0.5772135,0.43830612,0.2199234,-0.06947632,-0.2990555,-0.40700495,-0.7332827,-0.855217,-0.52068615,-0.045028128,-0.16826741,0.104139596,0.109327555,0.33442342,0.38209933,0.348645,0.51899046,0.6280854,0.60497326,0.41146648,-0.008596726,-0.42182344,-0.7570751,-1.101862,-1.280148,-1.319114,-1.2560346,-1.2442997,-1.2982838,-1.2943254,-1.3183728,-1.4283605,-1.5832407,-1.701544,-1.7268581,-1.5794348,-1.5284257,-1.5678599,-1.9780924,-2.3475661,-2.5955505,-2.6665688,-2.6778984,-2.6902962,-2.6589437,-2.5963507,-2.5750942,-2.5712588,-2.5104027,-2.5170388,-2.4436986,-2.3888023,-2.251762,-2.0934184,-2.5259414,-2.77639,-2.8105197,-2.5690107,-2.3927126,-2.3613975,-2.4052408,-2.330246,-1.488424,-1.4886279,-1.488585,-1.4886532
-1.6872289,-1.9541495,0.68633574,-2.3487391,-2.7620912,-2.9447498,-3.0880632,-3.128902,-3.415185,-3.6543806,-3.7925367,-3.9275787,-3.855566,-3.3955152,-2.310945,-1.728553,-1.0823425,-0.66358304,-0.51205266,-0.2753135,-0.8389396,-1.511507,-1.5977464,-0.73515534,-0.48522365,-0.38881597,-0.32345238,0.137057,0.35470682,-0.5391643,-1.1566563,-1.3769399,-1.8731871,-2.002483,-1.793485,-1.6976058,-1.6299009,-1.6312072,-1.7681432,-1.7798638,-1.7341475,-1.6663742,-1.5675234,-1.4498496,-1.249677,-1.1391634,-1.0764112,-1.1739495,-1.3327206,-1.5591488,-1.6880288,-1.2474356,-0.78612375,-1.0394132,-1.6919004,-2.0559335,-2.1265335,-1.8507924,-1.7220993,-1.8191898,-2.1368167,-2.2590084,-2.339159,-1.8910036,-2.2693193,-1.7140326,-1.3207096,-1.2032404,-1.1142304,-0.8972815,-0.68126106,-0.31214604,-0.08908808,0.07875326,0.29690653,0.50671875,0.5258272,0.41861498,0.35725796,0.4350726,0.5872662,0.63322634,0.5716864,0.4032039,0.33460438,0.51960474,0.878049,0.8735651,0.22108766,-0.35306448,-0.66909873,-0.819995,-0.724562,-0.9311511,-1.3228034,-1.5160005,-1.7538596,-1.4996498,-1.7065675,-2.1033654,-1.4566112,-1.0059239,-0.68800205,0.09045346,0.2509749,0.063875034,0.1805474,0.0703084,-0.5068798,-1.2763267,-1.4509535,-1.5253897,-2.0717285,-2.4238782,-2.196153,-2.218599,-1.9693708,-1.6350331,-1.0732994,-0.53749114,-0.5331184,-0.9357846,-1.2850056,-1.0124215,-0.93302774,-1.1470821,-1.1983818,-1.2730017,-1.3732991,-1.3567463,-0.9007416,-0.5256944,-0.19103304,0.4897467,0.5632649,0.121038735,-0.47009206,-0.13289115,-0.22076663,-0.825891,-0.9137565,-0.3952019,-0.6505296,-0.6387361,-0.4299106,-0.42226386,-0.31336078,-0.4624682,-0.59473914,-0.7054447,-0.8448833,-1.0341034,-1.2925819,-2.28074,-2.8503659,-2.725687,-2.1744978,-1.9641254,-1.8014097,-1.859614,-1.6591418,-1.5859549,-1.6858621,-1.0989418,0.6730744,4.1011744,6.517673,7.3798223,8.04155,8.731934,9.449198,9.906827,10.276497,10.490059,10.593513,10.594434,10.585698,10.628465,10.676204,10.529346,10.207575,9.64534,9.056387,8.522795,7.486738,5.8503366,3.9676514,2.8878849,2.3894231,2.174524,1.9391782,1.8299273,1.658534,1.5908507,1.6098555,1.1607553,0.6818018,0.23880263,0.08220827,-0.16561905,0.16430774,1.1141993,1.2169771,0.9647573,2.2231567,1.5989282,0.98466814,0.3820202,0.46207994,0.6865826,0.68672466,0.68664086,0.68665445
-1.769309,-1.7292116,-0.7165952,-1.7084779,-1.3207374,-1.0244039,-0.7257617,-0.59147453,-1.1675375,-1.6406108,-1.790524,-1.961496,-1.5923336,-0.98772407,-0.58470964,-0.4868288,-0.050022982,0.21225086,0.35686165,0.2627861,0.5223515,0.6363643,0.5074166,0.05655101,-0.14030032,0.2081882,1.7520673,7.5001106,11.357022,11.877785,11.484836,11.165383,9.946795,7.8851986,6.3480463,5.0381994,4.128871,3.4750545,2.7334638,1.8782468,1.1081655,0.56101197,0.4928488,0.48458874,0.5690641,0.5067175,0.18629867,-0.12785673,-0.053406596,0.25905907,0.26120996,-0.47641373,-1.2065814,-1.6590033,-1.606966,-1.5058198,-1.7156367,-1.9986033,-2.259915,-2.3462863,-2.1901984,-1.9441688,-1.5468396,-1.4797026,-1.012695,-0.59466755,-0.05763796,0.5445172,0.7315661,0.7206418,0.66632104,0.7883159,0.8522398,0.6309347,0.26637405,0.07637313,-0.3447094,-0.35199043,-0.21792245,-0.0022665858,0.4399737,0.847776,1.4648306,2.3852625,4.1691217,6.665289,8.964124,9.4067,8.396818,6.9633713,6.118677,4.9559636,3.3319278,1.3116606,-0.023799762,-0.5271989,0.23248206,0.7791925,0.99519956,0.88568676,0.3095885,-0.15184835,-0.37432358,-0.6979336,-1.3480401,-1.8584952,-1.4348787,-0.35840923,0.75190705,1.2724416,1.0101819,0.8216388,-0.18720292,-0.75690603,-0.6849388,-0.47689322,-0.15944667,0.14694543,0.07011379,0.1994864,0.6013255,1.0489573,0.77068293,0.32062238,0.6438387,0.77304375,0.8386844,0.9543095,0.89822435,0.7589622,0.18181002,0.39862326,0.6434089,0.41307646,1.5545754,3.5905228,8.1256895,10.939148,11.910328,11.765744,10.931156,9.422489,4.2876763,1.5040528,0.83126557,0.68470377,1.0333278,0.9333553,0.7467462,0.6468063,0.50391585,0.48453698,0.49185434,0.23357226,-0.60254425,-1.5464151,-1.4640498,-0.9991816,-0.8273282,-1.2096,-1.5333824,-1.8336887,-1.6553354,-1.1425295,-0.6017518,-0.34218234,-0.37160632,-0.49062455,-0.53698057,-0.7151261,-0.90978146,-0.9329734,-0.87348855,-0.7360035,-0.5538586,-0.40663224,-0.22461414,0.10728419,0.5208307,0.6662749,0.53348184,0.15388416,-0.18581685,-0.48224762,-1.0467093,-1.7393355,-2.368317,-2.713664,-2.73099,-2.7047918,-2.7803283,-2.803137,-2.7547379,-2.7150097,-2.7700207,-2.5706756,-2.4715528,-2.4144573,-2.4400413,-2.4636786,-2.764269,-2.8932517,-2.784453,-2.518967,-2.6073518,-2.5295873,-2.5579312,-2.390035,-2.4942489,-0.7163985,-0.7162242,-0.71627885,-0.71627736
-0.82253826,-0.630018,-1.9862835,0.1383854,1.0466111,2.1724877,3.985951,6.939622,8.222627,8.799314,9.209824,9.507788,9.6575775,9.918823,10.21782,10.288589,10.013587,9.115531,7.9596915,5.6474733,1.6767867,0.34011802,-0.8235425,-0.9528222,-0.52861863,0.8070333,1.6727036,1.2643802,0.490593,-0.003925059,-0.15174079,-0.36794525,-0.6904232,-0.7655811,-0.50470984,-0.43755215,-0.5016403,-0.4882757,-0.554039,-0.5205134,-0.5087886,-0.41567925,-0.27384275,-0.054373816,0.10708846,0.13397166,0.024839804,-0.1499957,-0.21367386,-0.36656106,-0.7353091,-0.31385356,-0.3156896,-0.7940687,-1.3393376,-1.546067,-1.3261582,-0.83697325,-0.33232754,-0.15187138,-0.3370424,-0.36716402,-0.301815,0.26801676,-0.1882684,0.114956364,0.3314439,0.040369414,-0.11851354,0.001108624,0.20352393,0.29991573,0.16710094,-0.06389472,-0.39365914,-0.5839103,-0.20117405,-0.15719408,0.0022187233,0.2644872,0.6190165,0.83319575,0.9156475,0.9308821,0.9055785,0.3987218,-0.25854975,-0.7517118,-1.0289139,-0.9640031,-0.6356343,-0.73518276,-1.0459385,-0.24336383,1.4079417,4.1849136,8.240961,10.57142,12.241333,11.001494,9.402033,6.759325,3.9767587,2.5660198,1.4144719,0.49368703,0.31499296,0.33360752,-0.057165623,-0.43917555,-0.99925333,-1.4195896,-1.7531071,-1.5549444,-0.9272191,-0.82033145,-0.82131934,-0.6533676,-0.3006089,0.30003116,0.067851305,-0.42721498,-1.0899787,-0.93304896,-0.5565231,-0.15048893,0.08548838,0.121082135,0.14418994,0.15859197,0.18978392,-0.18444139,-0.6500699,-0.6196474,-0.45475036,-0.65513957,-0.8269251,-0.8095633,-0.05482468,0.5487343,0.7433148,0.4573117,0.5042838,1.3576146,2.4355989,3.171381,4.035069,5.5701785,6.3158097,6.9268484,7.4165573,7.554268,7.28139,5.799528,3.486648,1.3315432,-0.008754909,-1.2244029,-1.5376463,-1.500608,-1.2324913,-1.0852529,-0.98853123,-0.8105425,-0.69628406,-0.6836616,-0.79194444,-0.8238363,-0.6465866,-0.47243068,-0.12193257,0.101679206,0.266562,0.32161158,0.30604944,0.28292122,0.23211566,0.12314975,-0.1603576,-0.5751275,-1.0194876,-1.4822631,-1.6897143,-1.8550546,-1.9144304,-1.955323,-2.1295326,-2.226059,-2.2330928,-2.1783712,-2.1064045,-2.0757158,-2.0451183,-2.0115886,-2.008718,-2.0745392,-2.1613808,-2.2576709,-2.3031516,-2.3577087,-2.0874894,-1.5391777,-1.0442542,-0.62932795,-1.2305007,-1.7220985,-1.8264818,-2.0975802,-2.307344,-1.9870062,-1.9867066,-1.986783,-1.9867201
-3.6072035,-3.569415,-2.4578304,-3.5879555,-3.687069,-3.792448,-3.7877436,-3.5542088,-3.7411082,-3.9911408,-4.0845037,-3.9290092,-3.9549816,-3.9236763,-3.8254936,-3.8768902,-3.7220101,-3.504311,-3.3608174,-3.304346,-3.4144669,-3.284577,-3.1199293,-2.5662713,-2.455115,-2.2314458,-1.8939085,-2.6312532,-3.5174723,-2.7351928,-1.7224073,-1.1662934,-0.09844306,1.2477369,1.5202097,1.5908562,1.5419838,1.3992662,1.2781472,1.2300594,1.2174199,1.2060312,1.1363457,0.9691341,0.766362,0.40190884,0.03899239,-0.12617579,-0.29582524,-0.676254,-1.5936456,-2.5781488,-3.0222483,-2.9480877,-2.8906488,-2.6501148,-2.3297238,-2.1623645,-1.9768381,-2.0518346,-2.6340826,-2.9919317,-3.1610432,-2.6678305,-2.2313418,-1.362655,-0.8095226,-0.6951631,-0.6324743,-0.6142414,-0.6263118,-0.520557,-0.36191452,-0.20211856,-0.3089906,-0.6190629,-1.0619546,-1.2576165,-1.3705002,-1.3857358,-1.4319897,-1.4684507,-1.4776595,-1.4588995,-1.3913934,-1.305461,-1.4181454,-1.271852,-1.1224443,-1.0651194,-1.145708,-1.1075075,-0.8351596,-0.6294372,-0.8136704,-1.2159754,-2.1389508,-2.4903054,-2.9932914,-3.1533165,-3.165164,-3.1167972,-3.0064397,-2.8379984,-2.495088,-2.041328,-1.9647357,-1.7434995,-1.4948936,-1.8425399,-3.3557456,-3.4711006,-3.08125,-2.8172078,-2.0982342,-1.6733453,-1.7262548,-1.7591784,-1.7611225,-1.6402011,-1.706582,-2.3097322,-3.2294986,-3.8104825,-3.5243096,-3.2294528,-2.9589696,-2.7431433,-2.6600661,-2.584745,-1.9952917,-1.7806896,-0.6937573,0.7881807,1.0816205,0.9288169,-0.17570043,-2.4212837,-2.540181,-2.069194,-1.5786679,-1.6171944,-2.3239517,-2.2664394,-2.3939166,-2.4819698,-2.5145524,-2.4929118,-2.4619236,-2.5086637,-2.5269382,-2.6179376,-2.6739287,-2.5389597,-2.3881555,-2.4920976,-2.7060812,-2.8988545,-2.5228212,-2.1664171,-1.7433118,-1.4278678,-1.539639,-1.7540637,-1.4971837,-1.0472665,-0.85272694,-0.7855164,-0.6270507,-0.31712735,0.009927988,0.33135885,0.69554293,0.8739188,1.0038409,1.0312995,1.0600414,1.1306262,1.092315,0.9076954,0.62795115,0.019411355,-0.62360173,-0.99585116,-1.4908679,-1.8814623,-1.9939375,-1.8836924,-1.8165282,-1.8068311,-1.7874303,-1.8222337,-1.8464266,-1.9545519,-2.0556872,-1.9874012,-1.9970766,-2.1256213,-2.2769053,-2.4182014,-2.3198402,-2.3413074,-2.3443916,-2.6250093,-2.059134,-2.2137737,-2.380818,-2.5078688,-2.3575554,-2.4574332,-2.4577808,-2.4577198,-2.4577727
-1.4145563,-1.5353079,-0.8093312,-1.675106,-1.8480632,-1.954283,-2.011466,-1.850835,-1.3665848,-1.0440547,-0.62363255,-0.15743512,0.17887971,0.31747025,0.5083006,0.9402536,2.6283479,4.9744973,6.9691634,8.983505,10.781287,11.047209,10.794048,9.508382,7.983568,4.911617,2.0150042,0.95219696,0.2793975,0.16230744,-0.27352744,-0.7611978,-1.5870674,-1.919692,-2.2435405,-2.3367624,-2.268555,-2.2951162,-2.3572118,-2.412109,-2.3930197,-2.3308134,-2.2864218,-2.2272444,-2.1551266,-2.041014,-1.9440508,-1.8563701,-1.6852877,-1.3209647,-0.83496165,-1.0646539,-1.5141453,-1.8625543,-1.8733277,-1.651988,-1.7368238,-1.8716507,-2.009244,-2.0076215,-1.7084817,-1.5502467,-1.3767325,-1.0668185,-0.759521,-1.0540358,-0.78149533,-0.17694387,0.07308454,0.03921743,-0.070568666,-0.049602546,0.0063528363,-0.0087304525,0.006914962,-0.11867467,-0.3168934,-0.26784563,-0.35959384,-0.56613433,-0.82398397,-0.99363875,-1.2243203,-1.5473566,-1.9541898,-1.9271991,-1.2832615,-1.0279446,-1.1185018,-0.936241,-0.71010643,-0.3599869,0.04302378,-0.015223011,-0.48622566,-0.97211003,-0.7252029,-0.7337287,-0.72690105,-0.17698143,-0.35801145,-0.34767336,-0.06100984,-0.015290812,-0.048195288,-0.58243585,-1.4761215,-2.0811903,-1.9059381,-1.3267009,-0.7402034,-0.71086925,-0.99759704,-1.0606425,-0.7495719,-0.44095063,-0.42929843,-0.718449,-0.2416231,-0.088355094,0.09119868,0.03229697,-0.34372804,-0.93534493,-1.0165122,-0.9038429,-0.8349463,-0.6518461,-0.49720597,-0.57446676,-0.7032463,-0.90881467,-1.5086055,-2.010419,-1.8848202,-1.2976444,-0.31087643,0.14977886,0.0957873,-0.14572172,-0.21296054,0.03142956,0.15386906,-0.35431954,-0.74329007,-0.89468914,-1.2914532,-1.6844358,-1.8590869,-1.9267694,-1.9590495,-1.9554214,-1.8109002,-1.4353828,-1.0913181,-0.71469176,0.48599148,1.8566318,2.160149,2.00831,1.5059642,1.1840725,0.9335381,0.75866294,0.77764106,0.66444016,0.38991755,0.01892098,-0.4020431,-0.7344316,-0.9801204,-1.1363833,-1.2161245,-1.1919298,-1.119415,-1.0548985,-1.0335423,-0.96208906,-0.6070411,-0.2047705,0.05503899,0.21966182,0.10451654,-0.1622157,-0.5053513,-0.5275885,-0.39318568,-0.4229841,-0.46078202,-0.41753754,-0.38640952,-0.32056814,-0.32686967,-0.3563251,-0.3388517,-0.4694719,-0.521463,-0.5180961,-0.47249085,-0.69798416,-1.1994617,-1.7343013,-1.9739438,-2.0438309,-1.144249,-0.9922625,-1.2263759,-0.93181807,-1.0402169,-0.80943394,-0.8089975,-0.80911434,-0.8091237
-4.316061,-4.5248256,-2.6175494,-4.8251123,-5.086049,-5.193162,-5.1397557,-4.4602723,-4.0086937,-3.605564,-3.4487846,-3.197642,-3.2547162,-3.1989417,-2.9665732,-2.997881,-3.182384,-3.0875432,-2.9061127,-2.2598476,-2.2843537,-2.5504217,-2.4227567,-1.5508661,-1.5569726,-1.7517694,-1.8363233,-2.4432418,-3.2749252,-4.0931034,-4.239924,-3.9918242,-3.4675844,-2.4409146,-2.093549,-1.877136,-1.7136331,-1.5680662,-1.4718719,-1.3680062,-1.2444276,-1.1496203,-1.1300402,-1.1479256,-1.123554,-1.15028,-0.9651402,-0.8303425,-1.0366378,-1.4978445,-2.0058858,-1.9691184,-1.8026707,-1.8981631,-2.2077448,-2.2888758,-2.0751014,-1.6663989,-1.3412882,-1.3278036,-1.7127765,-1.8515009,-2.0260782,-1.6882776,-2.1392908,-2.3181295,-2.4324317,-2.7263083,-2.786079,-2.6745052,-2.5828257,-2.5942914,-2.6747813,-2.67167,-2.6496208,-2.6120806,-2.3052363,-2.0709717,-1.9339274,-1.8273726,-1.7504253,-1.7218899,-1.7648882,-1.9143944,-1.9779831,-1.749745,-1.5335753,-1.2204055,-0.9902407,-1.1104538,-1.2740023,-1.0261252,-0.29377308,0.3083696,0.5355175,0.49475914,-0.68542975,-1.5968012,-2.622778,-3.225479,-3.5316262,-3.3719153,-2.6750116,-1.4785877,-0.4006579,0.28905872,0.3229611,-0.24400663,-1.1423599,-2.20725,-3.536306,-4.2478,-4.1401296,-3.8213325,-3.1625857,-2.7735457,-2.5994902,-2.377421,-1.927211,-1.635815,-1.6818011,-1.8515911,-1.3149164,-1.1070726,-1.7475559,-2.2136226,-2.3180902,-2.3017163,-2.1814568,-1.8259883,-0.7033491,-0.50212014,-0.85131335,-0.45500666,-0.5107331,-1.1822389,-2.7468643,-3.7231965,-3.8513317,-3.5976684,-3.156375,-2.7135873,-2.5797732,-2.10284,-1.7566123,-1.8073086,-2.0643864,-2.5108285,-2.7700582,-3.0151439,-3.2456765,-3.513667,-3.6520028,-3.765172,-3.8976595,-3.963924,-3.6496804,-3.1675377,-2.5864258,-2.1368442,-1.4036689,-0.7704092,-0.32489446,-0.029119715,0.3505491,0.9958664,1.4207652,1.4452062,1.7196448,2.1241283,2.436679,2.572796,2.5686407,2.4468412,2.363459,2.237072,2.1062312,1.9510622,1.70575,1.4415572,0.92047316,0.09183681,-0.5742688,-0.8930568,-1.1542609,-1.534473,-1.9004815,-2.0010524,-2.0950243,-2.1570802,-2.1398036,-2.1807523,-2.2414165,-2.287781,-2.2593637,-2.4609122,-2.6689312,-2.9168959,-3.0232897,-3.0781202,-2.6619105,-2.2389255,-2.1199872,-2.1600516,-1.6759083,-2.1293359,-2.3995883,-2.7857685,-2.6644115,-2.6169152,-2.6168246,-2.6168299,-2.616872
-2.4730804,-2.4780405,-2.8699594,-2.4439447,-2.5374548,-2.6112537,-2.618489,-2.343777,-2.440507,-2.5918884,-2.7255704,-2.7921245,-2.877369,-2.895586,-2.671253,-2.57434,-2.2936773,-1.808882,-1.5107274,-1.2803283,-1.4115293,-1.724715,-1.7917194,-0.9797078,-0.59809184,-0.35394678,-0.14448172,-0.7704612,-1.4526443,-1.5092475,-1.3029699,-1.0096478,-0.782827,-0.24399838,0.14534116,0.41307622,0.61061,0.65687454,0.61484003,0.61057925,0.6765438,0.6892494,0.6519167,0.48592874,0.37057385,0.1937601,0.11465816,0.021220684,-0.11545099,-0.39468372,-1.0463363,-1.4667537,-1.8110054,-2.0467427,-2.4032621,-2.3532996,-2.1028366,-1.6036124,-1.1440275,-1.0071502,-1.4896492,-1.7402511,-1.894547,-1.5975409,-0.95780194,0.367678,0.7759129,0.74430794,0.6554909,0.6606275,0.6957054,0.83708054,0.89105463,0.8785286,0.63641846,0.33865193,-0.08827035,-0.42310023,-0.59420156,-0.5117059,-0.36569178,-0.28236848,-0.27012783,-0.4045369,-0.622556,-0.94075036,-0.72570664,0.22946024,1.0632321,1.3592207,1.2007891,1.0060579,1.239052,1.3684419,1.2742755,0.93903077,0.030715615,-0.41381627,-1.8479464,-2.696906,-2.4304252,-2.0358982,-2.011924,-1.9308865,-1.6081568,-1.1222643,-0.66743374,-0.3677642,-0.54473364,-1.1518464,-1.9679389,-2.3158545,-2.432691,-2.129501,-1.6776451,-1.6054711,-1.7055333,-1.4347072,-0.6267118,-0.0132241445,0.4351176,0.31914508,-0.2891581,-0.74075073,-1.0193413,-1.0927372,-1.0156776,-0.97497934,-1.0089529,-0.8177164,0.25641045,0.57151926,1.3702674,2.1517031,2.0413892,1.4929808,0.10824737,-1.2547603,-1.5431896,-1.7374003,-1.548168,-0.84784627,-0.6390961,-0.56519115,-0.63396096,-0.77672213,-0.8417673,-1.0853486,-1.2415942,-1.3848416,-1.5033175,-1.6274589,-1.74321,-1.9980576,-2.1933584,-2.2469668,-2.0098066,-2.2835493,-2.081657,-1.9009681,-1.3060869,-0.8907216,-0.91751254,-0.8648866,-0.38484544,0.5159545,0.92070514,0.8105464,0.9282867,1.3258431,1.8470778,2.2173371,2.53721,2.6727057,2.7427719,2.7356544,2.718174,2.7514145,2.6904569,2.5249307,2.1023116,1.2391309,0.25354874,-0.30669734,-0.88657784,-1.2216178,-1.3235835,-1.2481209,-1.1898618,-1.243519,-1.1903875,-1.1575102,-1.1786702,-1.1824561,-1.1586378,-1.1944971,-1.2077774,-1.2382842,-1.235676,-1.3083361,-1.28845,-0.9830303,-0.6429572,-0.56122494,-0.4218585,-0.7876969,-0.9427561,-1.2744476,-1.2476969,-2.8701904,-2.870079,-2.8701649,-2.870153
-3.6980238,-3.6589966,-3.310906,-3.531004,-3.4907057,-3.443422,-3.1991906,-2.179119,-1.8066952,-1.8014762,-1.6898935,-1.4228969,-1.3246963,-1.2881888,-1.481112,-1.714101,-1.7484211,-1.5531967,-1.3923016,-1.2246032,-1.8239719,-2.2865338,-2.7088315,-2.3637128,-2.1266873,-1.3476602,-0.8201918,-1.4383383,-1.7957371,-1.5076561,-1.0350118,-0.5836011,0.30271626,1.228192,1.4684533,1.6481545,1.7177335,1.6269526,1.6071838,1.5381644,1.482764,1.3750103,1.1909631,0.91091335,0.6264742,0.25997895,0.10699685,0.17488214,0.12236171,-0.2808957,-1.2760032,-1.9607353,-1.9716102,-1.6093302,-1.4949365,-1.3715459,-1.1220998,-1.0237377,-0.9292904,-1.0816005,-1.683914,-1.9183784,-1.9439745,-0.9705981,-0.45580128,0.108898774,0.4958866,0.470664,0.41228905,0.31930003,0.22980163,0.06582612,-0.20104036,-0.5706287,-1.0885051,-1.6109145,-2.0604556,-2.1243465,-2.0574017,-1.9433501,-1.8151808,-1.7408886,-1.6133093,-1.4359204,-1.1376915,-0.8281123,-0.846827,-0.69757235,-0.4951715,-0.7756659,-1.0806974,-1.2279751,-1.198389,-1.0813504,-0.90582025,-0.602521,-0.7498047,-1.0616441,-1.9437485,-2.290564,-2.5628161,-2.8604827,-2.744236,-2.3358693,-1.5360324,-0.2558233,0.6851708,0.95192015,0.7185634,-0.34583426,-2.2035532,-2.830203,-2.6493044,-2.2339723,-1.5515648,-1.3611578,-1.4164675,-1.1701994,-0.9855944,-1.0370039,-1.0685556,-1.2347848,-1.143439,-0.87474096,-0.69523793,-0.76467085,-0.78968483,-0.8885541,-0.9462763,-0.55602545,0.987779,1.515661,1.7258332,2.6715426,2.813197,2.4600503,0.5238347,-1.3301275,-1.9375896,-1.8130254,-1.6186389,-1.7171052,-2.0011754,-1.6129184,-0.9417349,-0.4186256,-0.026598752,0.0715443,0.044206165,-0.1164111,-0.23601797,-0.39433223,-0.5448774,-0.43230015,-0.59741586,-1.3109756,-2.0795078,-2.6335745,-2.3474936,-1.9432062,-1.3481323,-0.8798126,-0.91789013,-1.103735,-1.389815,-1.5132893,-1.5694816,-1.5166916,-1.5128784,-1.4800429,-1.3535793,-1.2047918,-0.9912225,-0.8727692,-0.7461836,-0.7052709,-0.670111,-0.652555,-0.75805163,-0.9343835,-1.2964207,-1.9833626,-2.6056209,-2.7121787,-2.6820085,-2.6696432,-2.666015,-2.5683916,-2.5378153,-2.5846555,-2.5711355,-2.5812643,-2.6066384,-2.714246,-2.753012,-2.7472265,-2.71551,-2.661757,-2.627408,-2.4772468,-2.0641851,-1.5800462,-1.3178251,-1.2111524,-1.9012208,-2.2269387,-1.9825809,-2.2994506,-2.255218,-3.3107708,-3.3111522,-3.311069,-3.3110251
-1.2207874,-1.2320127,0.2285062,-1.2716135,-1.3803327,-1.4540677,-1.4640054,-0.6002437,-0.4535645,-0.59353423,-0.57977724,-0.47011453,-0.72468066,-0.8980729,-0.9810351,-1.0551533,-1.0971533,-1.0090863,-1.3690772,-1.811593,-2.010089,-1.9200476,-1.4084888,-0.46505475,-0.52158487,-0.33338475,-0.36138293,-0.66129667,-1.2503697,-1.334278,-1.3220266,-1.330725,-1.5099204,-1.0531094,-0.69640374,-0.41443607,-0.23620221,-0.10725784,-0.011004329,0.1856147,0.36059067,0.5227858,0.55310524,0.5493403,0.5554695,0.5233269,0.6011708,0.6310688,0.39552504,-0.09745315,-0.6656405,-0.6336185,-0.48328966,-0.54159313,-0.7699137,-0.9655364,-0.98923075,-0.6943011,-0.48470542,-0.604223,-0.9738771,-1.1601572,-1.5840377,-0.99418306,-0.26027283,-0.46247828,-0.88195395,-1.364522,-1.3772413,-1.2801366,-1.1076057,-0.67421174,-0.16451435,0.08789319,-0.110902235,-0.39664832,-0.43673408,-0.21667412,0.047305703,0.32192603,0.5000332,0.4793324,0.33174455,0.016943395,-0.23156323,-0.117683314,0.07150127,0.3079539,0.37821704,-0.13231303,-0.4163999,-0.41732875,0.03452553,0.19371429,-0.69595003,-1.6508992,-2.0549111,-1.5958229,-0.96206236,-1.4367008,-1.5133524,-1.8515451,-2.018286,-1.5739799,-0.8627048,-0.43307075,-0.6340268,-1.2706683,-1.7381468,-1.5938321,-0.71407247,-0.8944726,-0.8203753,-0.6266109,-0.80777013,-1.2268126,-1.3695378,-1.2445451,-0.8155182,-0.77862746,-1.2163601,-1.6923885,-2.0462046,-2.3118024,-3.058687,-3.7925055,-4.2123528,-4.466374,-4.560854,-4.378681,-3.4721286,-1.8749243,-0.8463605,-0.121424586,0.07086447,-0.37915853,-0.5079165,-0.6414882,-0.7746578,-0.6018983,-0.45042607,-0.21436733,0.23397532,0.89955306,1.3521771,1.4959186,1.4192286,0.9214501,0.5120903,0.10917479,-0.16317478,-0.08293234,0.28928792,0.4124474,-0.0092687905,-0.6968939,-1.3668395,-2.0441735,-2.4754252,-2.6431823,-2.4218917,-2.0692434,-1.9195979,-1.5681987,-1.0726931,-0.9694369,-1.208787,-1.3671923,-1.2662518,-1.1017405,-0.9809818,-0.8105554,-0.6348299,-0.5508597,-0.47358528,-0.46835718,-0.42371306,-0.35355154,-0.34861505,-0.40988722,-0.5982757,-0.98259634,-1.0657291,-0.94849706,-0.8134695,-0.93416715,-1.2254071,-1.327739,-1.35359,-1.3765522,-1.3768103,-1.4246237,-1.4841928,-1.5175841,-1.4739008,-1.5618159,-1.5392928,-1.4586024,-1.3452361,-1.1482139,-0.48386285,-0.18749842,-0.0017307699,0.22428098,-0.34788167,-0.44559842,-0.23163898,-0.6864804,-0.50463915,0.22868988,0.22863221,0.22864857,0.2286452
0.30645487,0.5371035,0.94772774,0.81571186,0.99791723,0.9750171,0.8062104,0.19773433,0.09215788,0.36210197,0.46187186,0.7573955,0.7575669,0.7104192,0.54276943,0.32575428,-0.075462356,-0.58310604,-1.0695063,-2.1329777,-1.9765081,-1.3092232,-0.5304242,-1.0552588,-1.1498929,-0.6431485,-0.5126785,-1.0691578,-0.4934579,0.53270465,1.0430889,1.3995043,0.9007217,0.26086092,-0.10887356,-0.16317944,-0.14322573,-0.13963473,-0.14355516,-0.2221151,-0.26018152,-0.3383734,-0.49365458,-0.7090797,-0.9205685,-1.1356118,-1.2131644,-1.1029403,-0.95769346,-0.7432859,-0.65491056,-1.0528787,-1.1509938,-0.8163445,-0.38464046,-0.005521804,0.13669488,-0.30131254,-0.73253506,-0.95510244,-0.911325,-0.70300674,-0.538545,-1.8754103,-1.884145,-1.1364099,-1.2123147,-1.2328681,-1.211986,-1.1207681,-1.1164556,-1.3179593,-1.5517852,-1.6605887,-1.5464753,-1.415458,-0.8526573,-0.27907106,0.035858802,-0.034888394,-0.31905466,-0.51432496,-0.68144673,-0.73878694,-0.91883063,-1.1072907,-0.89688414,-1.3756107,-2.1144552,-2.6923695,-2.802621,-2.5900881,-2.0098972,-0.88803005,0.038340718,0.21231559,-0.3411976,-0.7469094,-1.2192523,-1.1108973,-0.39464444,0.54082966,1.1708562,0.5846214,-0.41375917,-0.77954894,-0.940376,-1.2056758,-1.5599327,-1.5914837,-1.0764911,-0.9549314,-0.79729605,-1.2176487,-1.0457339,-0.5010588,-0.31231856,-0.77505034,-1.2414435,-1.6031204,-2.1162007,-2.6713722,-2.7510338,-1.9805098,-1.5822281,-1.4140933,-1.4739755,-1.4234631,-1.3561174,-1.5660968,-2.6949656,-3.2554216,-2.7309701,-1.6844928,-1.5313748,-1.6181986,-1.9922299,-1.447053,-1.2463288,-1.3335567,-1.1929753,-1.0699087,-0.818414,-0.30348375,-0.74772197,-1.087338,-1.014614,-0.59281075,-0.37544146,-0.2748761,-0.37481332,-0.79853326,-1.2734022,-2.236535,-2.6503325,-2.1266966,-1.829838,-1.5086459,-1.3585291,-1.2885177,-1.6841784,-2.0021245,-2.2662203,-2.5627217,-2.4022183,-1.6949302,-0.9259702,-0.25186926,-0.044348955,0.021055132,-0.009976655,-0.045526862,-0.1116218,-0.121376604,-0.15037644,-0.20532066,-0.25340188,-0.36209685,-0.45349756,-0.56568825,-0.6697976,-0.99395394,-1.4871275,-1.7277255,-1.9165813,-1.8970561,-1.5708854,-1.3253753,-1.2595396,-1.1593761,-1.0053486,-0.8806696,-0.63640213,-0.30386606,-0.21422827,-0.16947353,-0.19392827,-0.048015974,-0.024974555,0.07252203,0.47331244,0.98570806,0.99394786,0.91968286,-0.078854114,0.036239028,0.49072424,0.6012513,0.41332638,0.94840527,0.94806117,0.9481655,0.94813097
0.5247252,0.14557979,2.2961252,-0.40207165,-0.8346281,-1.1745973,-1.4819574,-1.6041791,-1.2260453,-1.3131555,-1.1616026,-1.0771136,-0.8153089,-0.8929723,-1.035667,-0.93470657,-0.7994137,-0.67457736,-0.50837696,-0.37324652,-0.19371827,0.046621114,0.37025672,0.11017211,-0.3326541,-1.1067731,-1.5539281,-1.2544127,-1.1870978,-0.667076,0.2844963,0.49048683,0.49414393,-0.89250916,-1.9770389,-2.4298582,-2.4785194,-2.3938859,-2.25803,-2.2463427,-2.2643375,-2.221873,-2.180912,-2.1472285,-2.0787306,-1.9822006,-2.0517886,-2.1153445,-2.0624633,-1.875449,-1.56123,-1.2140076,-1.1217818,-1.1958901,-1.2232692,-1.1715304,-1.2475041,-1.3172075,-1.3689415,-1.4028504,-1.0869341,-0.8854592,-0.6272266,-1.0907246,-1.725001,-1.7219265,-1.2237031,-0.23616378,0.3132788,0.5474252,0.6381204,0.9582296,1.4165463,2.0753322,2.814856,3.3368716,3.6103969,3.4864097,3.1159036,2.732993,2.2312405,1.9538358,1.8621365,1.9479725,1.8602498,1.6268169,0.83413893,-0.5081365,-1.8983817,-2.2853494,-2.109941,-1.7036582,-1.2364621,-1.1424409,-1.3408585,-1.5511411,-1.4270191,-1.282718,-0.8679217,-0.27571613,-0.31440786,-0.5059008,-0.68508786,-0.92952716,-1.284435,-1.6364124,-2.245393,-2.6764104,-2.7391965,-1.9766381,-0.73024535,0.08719222,-0.016307265,-0.3186533,-0.67015076,-0.32315212,-0.091116704,-0.35067448,-1.2281862,-2.4722137,-2.3946764,-1.7732291,-1.0703932,-0.73387116,-0.46907213,-0.13111769,0.017444372,0.11731754,0.21142524,-0.014533728,-0.88595337,-0.9974897,-2.0414462,-2.7657223,-2.7052107,-2.245489,-1.4898733,-0.7558717,-0.27717817,0.034653366,0.12921613,0.41964668,0.4044317,-0.041267514,-0.7599422,-1.2997754,-1.8326423,-1.9598737,-1.845154,-1.6182764,-1.3554165,-0.9942119,-0.4960852,0.6009231,1.5106018,2.4519324,2.3306751,1.7898617,1.2187494,0.8178751,0.40747985,0.07056649,-0.103407495,-0.55003,-1.1604928,-1.4448564,-1.4912292,-1.4183192,-1.4564872,-1.5332735,-1.685003,-1.7581044,-1.8854275,-1.9336774,-1.8969648,-1.7275157,-1.521509,-1.2169124,-0.5150647,0.76388735,2.4312432,4.2248273,5.0147524,5.1156955,5.1362,5.7060666,6.568591,6.950632,7.113494,7.1606274,7.1682477,7.1385784,7.05981,6.9244175,6.831709,6.908058,6.8473644,6.7681503,6.67782,6.34331,5.001597,3.5334353,2.5605783,1.7842315,3.3781118,3.7126396,3.3838544,3.4959464,3.650542,2.2964525,2.2961245,2.296215,2.296207
1.4963291,1.5174987,1.8450345,1.3997822,1.2116137,0.95287085,0.45712173,-0.7481987,-0.53178847,0.53594625,0.9989406,1.5718129,1.9252682,1.9101596,1.142693,0.5961788,-0.6177343,-1.3019645,-1.3780507,-1.0607691,-0.5755415,-0.63011026,-1.2453437,-1.7849233,-1.710494,-1.7918006,-1.8440518,-1.6577791,-1.7412764,-1.5986301,-1.4712514,-1.54112,-1.5830165,-1.4686791,-1.5168667,-1.5774884,-1.6913786,-1.7610942,-1.727042,-1.677414,-1.6522486,-1.6066033,-1.6190594,-1.5857384,-1.577167,-1.3528302,-0.8081466,-0.26679873,0.35396433,1.723221,4.746697,7.4215345,8.90749,10.106089,11.278223,12.03886,12.4529915,12.643993,12.655347,12.619108,12.474638,12.299353,12.120243,10.999001,8.5957155,4.7584534,2.3670816,1.2294613,0.8020083,0.5293172,0.22913606,-0.46775502,-0.8021649,-0.7902825,-0.50078297,-0.33043164,-0.38175437,-0.51621777,-0.63612723,-0.72278225,-0.79504097,-0.8040512,-0.7611734,-0.6194456,-0.5609391,-0.7781469,-1.5070586,-2.3657966,-2.685206,-2.2652092,-1.8409104,-1.4199624,-1.3054402,-1.215121,-0.73371696,-0.42286462,-0.40507644,-0.1574909,0.3588309,1.0810596,1.3770001,1.3426387,1.3967335,0.87976336,0.5808628,0.45505568,0.30587238,0.18724245,0.07747233,0.07986575,-0.014707267,-0.16418874,0.1717129,0.16730997,0.53661245,0.89557064,0.881419,0.57155776,-0.18285802,-0.6989752,-0.7640023,-0.7627895,-0.86870444,-1.070819,-1.2648184,-1.117819,-1.0235043,-0.8416873,-0.68004704,-0.81606144,-1.4712033,-2.0479708,-1.939298,-1.61009,-1.643563,-1.6575203,-1.8962253,-1.6123564,-2.0187204,-2.4676905,-2.5412703,-2.6226368,-2.1309547,-2.3498461,-2.3912196,-2.368665,-2.5904138,-2.4471161,-2.2818027,-2.1766603,-2.1948147,-2.375596,-2.5914779,-2.613114,-2.253623,-2.2869744,-2.2690628,-1.865026,-1.5699785,-1.392419,-1.802705,-1.8916608,-1.3872701,-0.9361434,-0.72193503,-0.74619937,-0.6166183,-0.5782354,-0.7505045,-0.927529,-1.0995598,-1.240571,-1.3399806,-1.4198391,-1.5193374,-1.6144431,-1.7175963,-1.8509835,-1.9649339,-1.9090471,-1.5188372,-0.6308329,-0.08235696,-0.034491107,-0.39964786,-0.80666983,-0.9285123,-0.8485198,-0.84563833,-0.91386104,-0.96466523,-0.99469745,-1.0499654,-1.0574342,-0.9996022,-0.93002486,-0.8736279,-0.6955801,-0.46956623,0.014095128,0.41252494,0.6861549,0.620552,0.9772513,0.6612699,0.90192854,1.2859404,1.8764975,1.8061991,1.8449708,1.8448426,1.8449256,1.8449044
-1.8115923,-1.9012408,-2.4509559,-2.1543474,-2.3994508,-2.6453774,-3.0794835,-3.6162148,-3.3721104,-3.057232,-2.8796124,-2.5806494,-2.484735,-2.4513016,-2.5060458,-2.4853473,-2.5923653,-2.5254455,-2.3650944,-2.1856081,-2.0766597,-2.0748153,-2.5180624,-2.666164,-2.6563022,-2.9780703,-3.04666,-2.740621,-2.9176307,-3.0224926,-2.612893,-2.3650107,-1.8005631,-1.5091707,-2.0052156,-2.308291,-2.485084,-2.5969143,-2.6461754,-2.6947582,-2.738944,-2.7511597,-2.7745469,-2.7938385,-2.7988005,-2.8241796,-3.0165367,-3.273807,-3.4065237,-3.2146235,-2.25297,-1.0971186,-0.4334346,0.044050135,0.5934516,1.0016458,1.1700914,1.2598467,1.2127866,1.1585281,1.2701683,1.1868093,0.9910274,0.8520261,0.5005504,-0.43001312,-0.9448254,-0.82160044,-0.6085901,-0.477721,-0.4988476,-0.8383554,-1.2200296,-1.5314966,-1.5527105,-1.5775383,-1.8786101,-2.3110623,-2.5681279,-2.7777512,-3.0453506,-3.1679735,-3.1989703,-3.04896,-2.6243052,-1.8423358,-1.7369897,-2.772409,-3.6818533,-3.585153,-3.1508627,-2.8212738,-2.8788934,-3.3379526,-3.6725876,-3.5551052,-2.816576,-2.542626,-2.3930132,-2.0068097,-2.112147,-2.449051,-2.5916734,-3.002585,-3.0057018,-2.8838024,-2.821154,-2.6455033,-2.219314,-1.8012701,-1.6269908,-1.482318,-1.539221,-1.0951596,-0.73080677,-0.7586919,-1.314984,-1.8965371,-2.346084,-2.5136561,-2.4442377,-2.3774981,-2.5015996,-2.9093952,-3.1122737,-2.9176521,-2.750307,-2.576386,-2.4269776,-2.4876175,-2.6783204,-2.6989522,-2.926325,-3.1887813,-3.163022,-3.0839522,-2.8371284,-2.6804776,-3.2467191,-3.6851609,-3.5598161,-3.543079,-3.8493404,-4.488885,-4.2678204,-3.8631606,-3.8982234,-3.9418902,-3.8621356,-3.7715635,-3.7031412,-3.7497306,-3.8834634,-3.7611408,-3.292611,-3.5723596,-3.9114776,-3.6545453,-3.424438,-3.2380886,-3.5744824,-3.6030707,-3.1087604,-2.777868,-2.7015018,-2.6237981,-2.4798024,-2.4481587,-2.4273078,-2.3980184,-2.4104133,-2.4999733,-2.5699625,-2.6155255,-2.6588135,-2.6957345,-2.7736814,-2.8702388,-2.886232,-2.731793,-2.2992077,-1.4129816,-0.58042926,-0.26328504,-0.3596027,-0.49071544,-0.4750058,-0.34787244,-0.31302613,-0.34608412,-0.33962846,-0.43334898,-0.6718461,-0.99385905,-1.0890201,-1.1390343,-1.269512,-1.4060568,-1.4466841,-1.5696597,-1.7583361,-2.1280131,-2.5025213,-2.4298449,-2.220999,-2.0118508,-1.8701069,-1.7409613,-1.7432016,-2.4507966,-2.4510205,-2.450927,-2.4508653
-3.044042,-2.760697,-2.009992,-2.168074,-1.7360834,-1.430649,-1.208612,-1.3467672,-1.6152269,-1.567294,-1.40326,-1.1510788,-1.1175914,-1.2557061,-1.5305386,-1.6920302,-2.118191,-2.0614905,-1.5810106,-1.3164324,-0.85250485,-0.25484827,0.6741712,0.5900145,-0.13157696,-1.413815,-2.4128091,-2.7196684,-0.7344992,0.22820655,-0.0044403374,-0.17634128,-1.103908,-1.1551628,-1.2211387,-1.3244486,-1.2631849,-1.2193671,-1.276763,-1.3912892,-1.4322766,-1.5226072,-1.491919,-1.446084,-1.2562764,-1.0461969,-0.9765634,-0.89990556,-0.87741923,-1.0923069,-1.4614527,-1.4430507,-1.3796778,-1.2927808,-1.1497182,-0.8672972,-0.94563735,-1.1210153,-1.3675253,-1.4148039,-1.1368473,-0.86386997,-0.6228902,-1.0382603,-1.0867481,-1.3371028,-1.4517121,-1.3407314,-1.2044004,-1.1847686,-1.1734779,-0.88543046,-0.5153974,-0.19501917,-0.08767435,-0.065718815,-0.040231764,0.053943574,0.15327266,0.15225427,0.1627788,0.22629863,0.35950536,0.49082112,0.6416903,0.6658082,0.8854205,0.83079726,0.32494718,-0.32873273,-0.34069788,0.07805258,0.9070913,0.5592435,-0.63645947,-1.4747069,-1.6011984,-1.7104211,-2.3938055,-1.5635566,-1.3160594,-1.1237931,-0.7335018,-0.62568414,-0.7327136,-0.6206917,-0.7231188,-1.4261549,-1.9069934,-2.8585446,-3.5454345,-3.5590463,-3.008599,-2.0320048,-0.5903438,-0.057206362,0.16019002,-0.14929658,-0.80466664,-1.9177903,-2.6520562,-2.867857,-2.1608634,-1.3431329,-0.3292755,-0.02128905,0.050060228,0.3125935,0.5051715,0.5839734,0.33863983,-0.308423,-0.73845875,-1.3277906,-1.8306665,-2.0975943,-2.003285,-0.5827018,-0.21774793,-0.71136844,-0.9694114,-0.9299028,-0.4741309,-0.37940326,-0.8988351,-1.1665338,-1.2840616,-1.652312,-1.8391626,-1.9658201,-2.0889874,-2.1615095,-2.1131458,-1.9327388,-1.5472908,-1.1487113,-0.94833016,-0.87136674,-0.60130596,-0.5866436,-0.76442754,-1.0569047,-1.2682402,-1.4514548,-1.146986,-0.23726624,0.31384456,0.44761437,0.27124912,0.06673068,-0.11195248,-0.30071187,-0.46308267,-0.51394373,-0.520939,-0.5170786,-0.5805813,-0.7621689,-0.98789966,-1.3688984,-1.8351419,-2.402049,-2.676867,-2.684202,-2.6791136,-2.793047,-2.7731164,-2.765272,-2.8166382,-2.8228889,-2.812502,-2.8063293,-2.8096156,-2.8402898,-2.890561,-2.8711817,-3.0336287,-3.1188166,-3.1646469,-3.1734772,-2.8658233,-2.3429248,-2.2358499,-2.1039531,-2.7940557,-2.8901975,-2.6609037,-2.7161722,-2.838012,-2.0089254,-2.0096612,-2.009442,-2.00945
-1.9318502,-1.87488,-3.964066,-1.8343208,-1.6712804,-1.5124285,-1.2156551,-0.22938538,0.4885264,0.6684878,0.6726219,0.7894569,0.8493773,1.2331245,1.6324371,1.7224152,1.6775206,1.0370154,0.4792803,-0.072041266,-1.3978407,-2.0838008,-2.1260078,-1.3018036,-0.6173623,0.0734025,0.20756453,-0.85507846,-1.4714022,-1.7229637,-1.6806103,-1.5967357,-1.617716,-1.2682703,-0.6826115,-0.2444672,-0.12697467,-0.034472376,0.053322926,0.23446926,0.37744766,0.5106265,0.5731546,0.656074,0.65372473,0.46470636,0.15312642,-0.1189177,-0.29608652,-0.56964433,-1.0624743,-1.1333116,-1.5720015,-1.9811201,-2.2192235,-1.976017,-1.4056425,-0.93229973,-0.4759977,-0.09687409,0.5544038,1.1784384,2.2440467,6.5533557,9.501237,11.758091,12.397919,12.36198,12.216896,12.145568,12.125137,11.704045,10.87292,9.58946,8.103054,6.326865,3.5430481,1.440772,0.5191948,0.2815817,0.2083816,0.17208076,0.12752885,0.006565511,-0.17536974,-0.55775595,-1.2846204,-1.5053809,-1.5045397,-1.883323,-2.1009367,-2.5133839,-3.0361366,-2.8587008,-2.0506563,-1.0315545,-0.19177258,0.40457433,1.6084108,1.2736889,0.24593616,-0.6401537,-1.1472294,-1.0965997,-0.7753012,-0.49622235,-0.5564214,-0.75019205,-1.070116,-1.0838094,-1.4695816,-1.8564082,-2.1084042,-1.9011059,-1.1199198,-0.97245795,-1.3055977,-1.3201573,-1.284702,-1.040197,-1.2470105,-1.7228174,-2.2909281,-2.2590096,-1.759839,-1.1405699,-0.70145714,-0.52095246,-0.4689638,-0.47141206,-0.3387395,-0.8793147,-1.094352,-0.9318526,-0.9147778,-1.2104437,-1.6663296,-2.5860825,-2.0685887,-1.4527669,-1.1026863,-1.2545372,0.019853443,3.068305,6.692996,8.015144,8.640494,9.232385,9.456585,9.500866,9.491259,9.230076,8.746541,7.708227,6.2202787,3.6629016,0.8931344,-1.3517554,-1.598943,-1.4524009,-1.2535627,-1.1858785,-1.3529521,-1.5216813,-1.985509,-2.3626425,-2.3334746,-2.3005528,-2.2069592,-2.0467484,-1.6408442,-1.2802769,-0.8986601,-0.71542025,-0.63591206,-0.6281921,-0.64347315,-0.7065801,-0.95458245,-1.2941531,-1.6528444,-2.1679802,-2.4795942,-2.6147194,-2.7576027,-2.830862,-2.9593282,-2.8917737,-2.807108,-2.7836828,-2.7311642,-2.727818,-2.7688475,-2.878784,-2.9313908,-2.9261823,-2.9167433,-2.9680843,-2.951771,-2.8820398,-2.9851966,-2.7556198,-2.6017075,-2.5253997,-3.0232615,-3.2046218,-3.1302884,-3.3329928,-3.3112721,-3.9648519,-3.9645016,-3.9646058,-3.964557
-5.5624027,-5.6291833,-4.569867,-5.75738,-5.8217335,-5.89857,-5.9861593,-5.873774,-5.455603,-5.1467996,-4.8496284,-4.2802844,-3.9871135,-3.8620505,-3.6786175,-3.588799,-3.5893056,-3.614974,-3.7077975,-4.0708303,-4.4223404,-4.19528,-3.7917924,-3.5784988,-3.6393857,-4.044179,-4.098031,-4.0287237,-4.2208805,-3.9864836,-3.4113696,-3.2139764,-3.32428,-3.7688446,-4.3816843,-4.671768,-4.7876744,-4.836642,-4.878525,-4.8761816,-4.8440437,-4.7682133,-4.7241316,-4.672493,-4.574779,-4.566157,-4.651967,-4.836042,-4.955518,-4.9875736,-4.7726364,-4.3120446,-4.218607,-4.2395134,-4.006013,-3.4915986,-3.101687,-2.9912145,-2.9651432,-2.885065,-2.5032156,-2.289175,-2.0652094,-1.9096899,-1.9682139,-1.2758938,-0.43571553,0.9242885,2.0033698,2.8340626,3.3987641,4.7285976,6.1450434,7.6506414,8.847499,9.768555,10.574289,10.659477,10.501345,10.2894125,9.91048,9.602765,9.255934,8.750335,7.644186,5.636075,1.4861484,-1.5425199,-3.738818,-4.4530897,-4.2490826,-3.8962717,-3.7358556,-3.9900727,-4.2753983,-4.3203745,-3.8913708,-3.4283519,-2.7918196,-2.064473,-2.385788,-2.25805,-1.8718623,-1.8378344,-1.7906806,-1.9066737,-2.8523538,-3.9825196,-4.644927,-4.885028,-5.1458426,-5.0893874,-5.133547,-4.9076242,-4.1225257,-3.658852,-3.6402373,-3.7951698,-3.8355021,-4.37563,-4.681332,-4.9426193,-4.9822183,-5.049239,-4.928279,-4.5910068,-4.3046703,-4.004194,-3.7796323,-3.7871194,-3.7603369,-3.7506661,-4.27037,-4.4835587,-4.397913,-4.242057,-3.7940624,-3.6002262,-4.0242534,-4.3252068,-4.1147494,-3.9682913,-3.949831,-4.060431,-4.326785,-4.4384394,-4.588361,-4.3775425,-4.1146092,-3.8503585,-3.5850239,-3.4570882,-3.3699703,-3.1586673,-3.0103264,-3.2115474,-3.5949779,-3.580713,-3.3563676,-3.124436,-3.280512,-3.1820345,-2.830978,-2.9157975,-3.0702872,-2.8998284,-2.691683,-2.6895165,-2.6722229,-2.551854,-2.4048495,-2.3133326,-2.2560272,-2.251332,-2.249011,-2.2510743,-2.2980242,-2.358138,-2.2802927,-2.0293484,-1.6066513,-1.0713444,-0.67546594,-0.659003,-1.0022976,-1.1937296,-1.1305592,-1.029165,-1.0390598,-1.0647918,-1.0638924,-1.1638014,-1.4251711,-1.7930341,-1.932214,-2.0109024,-2.2432172,-2.5133977,-2.6842995,-3.0290236,-3.7592368,-4.4921246,-5.0128155,-5.2635574,-4.6949205,-4.5323143,-4.594268,-4.5350256,-4.432299,-4.5692863,-4.5696125,-4.569498,-4.5694895
1.5410122,1.5361689,0.6355251,1.3405509,1.2305051,1.0837488,0.7339871,-0.4699669,-0.39449427,0.18644214,0.48826587,0.7442366,0.87752247,0.6440163,0.06885262,-0.06977436,-0.19650312,0.03443879,0.4903561,1.0966356,1.9710021,2.2831721,1.863698,0.92079884,0.39675182,-0.054018512,-0.014210915,0.9244315,2.169541,2.8302393,3.1666713,3.0034218,2.6484697,1.3667556,0.51643217,0.17413457,-0.0037189648,-0.11626752,-0.20055088,-0.31036827,-0.3380241,-0.2856723,-0.20338954,-0.121958815,0.10008003,0.37790054,0.44826728,0.2931433,0.11519751,0.14661753,0.27326658,-0.2294044,-0.27453068,0.36649752,1.7055801,2.429325,2.6595898,2.5545025,2.4508142,2.4422688,2.834734,3.0415173,3.2446585,1.8452752,1.0008024,-0.057719797,-0.40682897,-0.25124407,-0.21430479,-0.33713332,-0.4954128,-0.4771216,-0.22532135,0.06677821,0.5556748,1.1658978,1.8974065,2.0411053,1.9243106,1.7274187,1.4452293,1.2327119,0.9777732,0.713014,0.21634656,-0.53716016,-1.1098208,-1.1581433,-0.59313226,0.1281927,0.68414104,0.89132404,0.38459802,-0.27633137,-0.7740737,-1.1193738,-0.67553455,-0.4030555,-0.17512797,0.5433857,1.4640288,1.9202826,1.5097847,0.41623363,-0.5069373,-1.0951575,-0.32380506,2.0093637,5.0498295,8.14504,10.127655,10.156511,9.908964,9.411074,7.3779864,4.575898,3.175745,2.020527,1.3207567,1.1441301,1.6353565,1.8827221,1.3496847,0.24882811,-0.33699083,-0.49986368,-0.668795,-0.609479,-0.5128967,-0.68639004,-1.4452622,-1.7572079,-1.993402,-1.6977041,-1.310614,-0.67954105,-0.17840075,0.28914127,0.55940163,0.54907954,0.43413258,0.031768173,-0.26311666,-1.4716527,-1.8252858,-1.4651579,-1.3262949,-1.1358365,-0.9792043,-0.7970458,-0.65426934,-0.44815728,-0.21556109,0.05140254,0.27876455,0.19057415,0.5426999,1.541743,1.4417139,1.0462179,0.2946516,-0.303035,-0.6097578,-0.95969284,-1.2395196,-1.4829295,-1.488687,-1.6791301,-1.9978684,-2.2597797,-2.4761262,-2.6062894,-2.6119463,-2.5645156,-2.523485,-2.4966335,-2.4890828,-2.418592,-2.2394495,-2.0056167,-1.645735,-1.0206866,-0.4521664,-0.11547777,0.15878159,0.62837887,1.2201985,1.5068395,1.645678,1.7435898,1.802758,1.8483762,1.8729061,1.8806187,1.8393308,1.930746,1.9946783,1.9039223,1.7904518,1.5246406,1.0493145,0.5659411,0.56999075,0.48619837,0.5508159,0.69015175,0.52158237,0.83407867,0.8548612,0.6352889,0.6353828,0.6353669,0.6353624
-1.8283169,-1.8012605,-3.3316798,-1.7092352,-1.6398953,-1.4287218,-0.83644307,1.1046735,2.2786136,2.870329,3.2047257,3.7602792,3.8029284,3.9840536,4.0771976,4.0362406,3.930602,3.3085847,2.363188,1.3648131,-0.062618524,-0.6353287,0.13692793,1.9373772,2.8236504,3.6180668,3.7356184,2.0259702,-0.037796438,-0.8474218,-0.9590609,-0.83360785,-0.4882945,0.2630306,1.0138087,1.4012986,1.4307866,1.3812863,1.3850797,1.4778221,1.4392898,1.2691122,1.1015801,0.91930795,0.63551354,0.20420438,0.040828273,0.11549507,0.19957858,0.19070593,0.04156667,-0.029556863,-0.3845428,-0.6265087,-0.836097,-0.60650325,-0.21401218,-0.06214142,0.06192726,-0.027192086,-0.6203406,-0.7765592,-0.7694941,0.37903118,0.70895076,1.147666,1.6713834,1.6128582,1.5688281,1.553592,1.5362927,1.5153227,1.5313683,1.4932077,1.2758205,0.80162346,0.07797219,-0.25224584,-0.30948687,-0.21788982,-0.18223003,-0.27624518,-0.453053,-0.7498668,-1.1651616,-1.6585916,-2.226201,-1.9901761,-1.4579618,-1.4892613,-1.8548682,-2.0085824,-1.8997669,-0.9669764,-0.13587108,-0.12478447,-0.8253511,-0.46350268,0.10190284,-0.47204968,-0.65484107,-0.18534556,0.5691652,3.028314,5.881728,8.286405,9.387628,9.507839,8.821868,7.3618693,3.458133,1.0381835,-0.049135208,-0.40949303,0.09908475,0.10188933,-0.1457193,-0.07229334,0.37865084,1.01282,0.88031846,0.52064747,-0.24311897,-0.5576188,-0.6747045,-0.91123736,-1.0889953,-1.2238058,-1.2885768,-1.2969182,-1.3803948,-1.4158711,-0.8325868,-0.3055676,-0.1248115,-0.29923767,0.20374884,-0.9801347,-1.0208162,-0.7713379,-0.70495,-0.6112461,-0.06575498,0.43005925,0.58117276,0.41979977,0.47317564,0.83632964,1.0795232,1.1981668,1.2035245,0.90370965,0.51218194,-0.10088363,-0.7608422,-1.1694057,-1.8074005,-2.2614436,-1.9986013,-1.6680257,-1.354355,-1.1231973,-1.1848469,-1.1035068,-1.1870186,-1.2798322,-1.1952844,-0.83312494,-0.4864035,-0.2817378,-0.17546427,-0.060641795,0.059269074,0.122446105,0.23104681,0.3302228,0.43711227,0.52392435,0.48136044,0.3998544,0.24843943,-0.15321685,-0.44662213,-0.48058504,-0.4393158,-0.55009013,-0.7411535,-0.712499,-0.68876344,-0.68910295,-0.61837685,-0.6004774,-0.54868245,-0.5409235,-0.6100928,-0.68050724,-0.7078672,-0.9797071,-1.2191634,-1.5990682,-2.5411491,-2.630797,-2.356604,-2.344572,-2.1943939,-2.1947954,-2.1874654,-2.3499408,-2.2226038,-3.331983,-3.3317568,-3.331779,-3.3317738
-3.0515735,-2.9780946,-2.2285833,-2.8415444,-2.6611145,-2.428764,-2.188573,-1.8111609,-1.9921782,-2.1026545,-1.982285,-1.6073563,-1.2836536,-0.6809182,0.101302624,0.43291703,0.08121669,-0.7042557,-1.2913849,-1.8227363,-2.3917663,-2.2431219,-1.7609528,-1.7338083,-1.9266915,-2.0129848,-2.062121,-2.0301206,-1.9054987,-1.7298198,-1.038929,-0.8527294,-1.2083491,-1.446394,-1.4694225,-1.6132412,-1.7750751,-1.8363514,-1.8835038,-1.907207,-1.9306676,-1.939228,-1.915939,-1.8657708,-1.8223922,-1.8880382,-2.039816,-2.2594805,-2.353684,-2.4472337,-2.6028638,-2.5176468,-2.3609967,-2.2924783,-2.1711707,-1.8397431,-1.560846,-1.5141723,-1.5103946,-1.4453454,-1.1668147,-0.9045434,-0.5701978,-0.65023315,-1.2833607,-1.3287395,-1.1399531,-0.8955488,-0.64868605,-0.48499957,-0.46409246,-0.5690062,-0.7439031,-0.96400505,-1.0803459,-0.9778166,-0.8544984,-0.91763794,-1.0884216,-1.3621161,-1.6526986,-1.8086572,-1.926503,-1.9258122,-1.7306546,-1.1523625,-0.5498598,-0.6760032,-1.4584572,-2.0903966,-2.0363035,-2.0395155,-2.410386,-2.761122,-3.08014,-3.057588,-2.254457,-1.3701105,-0.68756974,-0.58684283,0.048511207,2.2797627,4.224268,4.969799,4.264806,2.5521295,0.65784335,-0.86773264,-1.92666,-2.6655235,-3.181723,-2.9592414,-2.7464767,-2.445504,-1.7730994,-1.7001517,-1.9346955,-2.5351722,-3.0077806,-3.156272,-3.6185484,-4.0177174,-3.734527,-3.0965261,-2.3365455,-1.8570976,-1.6015644,-1.3006259,-1.0443891,-1.000944,-1.4645827,-2.408988,-3.109274,-3.3178284,-3.287038,-3.3704062,-3.1427097,-2.3394156,-1.9615922,-1.8913727,-1.7375968,-1.928091,-1.5094893,-0.9539524,-1.3202096,-1.6426758,-1.634201,-1.4084078,-1.2633321,-1.1739514,-1.1797974,-1.4118106,-1.8045001,-2.6372142,-3.0037422,-2.9898787,-2.6665387,-1.8535185,-1.3229717,-0.8971306,-0.8907434,-1.0151106,-1.0754795,-1.3667448,-1.3623309,-0.5746337,0.15245043,0.4030508,0.45677197,0.47502106,0.72831225,0.88372016,1.0365039,1.0855628,1.1206284,1.1089221,1.0231161,0.8113171,0.5268246,0.16346297,-0.22880892,-0.6937532,-0.8500024,-0.78704464,-0.90500104,-1.2824296,-1.574168,-1.6819526,-1.739547,-1.7532634,-1.7559494,-1.7948349,-1.8784661,-2.035739,-2.1139133,-2.150292,-2.33022,-2.5434897,-2.6300495,-2.6895528,-2.6691685,-2.6714184,-2.690792,-2.607697,-2.7749941,-2.7906506,-2.7490094,-2.8511083,-2.8436491,-2.2284281,-2.2279954,-2.2280817,-2.228079
-0.7476772,-0.8543123,0.07390605,-0.68802947,-0.46263987,-0.23903121,0.054149367,0.28645182,0.1141508,0.19475383,0.41719097,0.7817607,0.8654447,0.9348848,1.0429171,1.1686008,1.4290713,1.3692191,0.9199935,0.47312635,-0.17318344,-0.4866099,0.5776938,1.912931,1.6363175,1.9093912,2.064168,1.3163315,1.0131471,0.9597275,0.7383066,1.1352783,1.796074,2.0002985,2.6751337,3.338618,3.7340012,4.0129733,4.1851997,4.4234886,4.682376,5.161057,5.645103,6.3352056,7.0777855,7.9111886,8.933477,9.607929,9.925022,10.057657,9.945582,9.648973,8.460821,6.9109783,4.773609,3.0529242,2.5694323,2.6668546,2.7586095,2.6991882,2.6317205,2.7157686,2.6508045,2.6054163,1.7259387,2.1994853,2.0687494,1.4654913,1.0246513,0.8405751,0.80334127,0.6371224,0.45636144,0.36373118,0.40091467,0.556872,1.1382295,1.6063333,2.2722914,3.123849,4.221806,4.9123363,5.5216293,6.0416303,6.8553724,7.55681,7.632373,7.8464646,8.161777,7.984206,7.635459,7.106616,5.8269343,4.320881,3.0505743,1.9952588,0.9492463,0.2657043,0.4072097,0.23280063,0.22982976,-0.42797822,-0.73351127,-0.0412585,0.3826867,0.7402853,1.2757076,1.4369825,1.2251606,1.14872,1.3399761,1.0808121,0.8971075,0.9721786,1.707842,2.9050174,4.573141,6.915868,9.607623,11.054934,11.210501,10.47662,9.274386,8.20648,5.3841476,3.2787771,2.1740081,1.4899756,1.3736826,2.342643,5.04457,8.537726,10.491213,11.532876,11.628997,11.513186,10.325179,6.983763,3.257348,0.7617169,-0.81718725,-0.60657716,0.40674856,1.5195596,2.549562,2.9648855,3.2063227,3.505374,3.6097443,3.6353652,3.648851,3.5935116,3.4418964,2.7163403,2.0132334,1.4288018,1.0639198,0.12170761,-0.402519,-0.55691826,0.2278741,0.8151635,0.93577284,1.2107345,1.4502683,1.0766354,0.6697676,0.74107134,1.1295793,1.5489869,1.9333624,2.2501273,2.565269,2.7606802,2.8868365,2.9352198,3.0080829,3.0886104,3.0800047,2.8970566,2.4454637,1.7046844,1.2510608,1.2365677,1.6865895,1.9505738,1.631861,1.4374999,1.3728976,1.3606418,1.4114547,1.4516885,1.6295505,1.8709413,1.8753109,1.73035,1.7185197,1.4754424,1.0785143,0.4747002,-0.0068049505,0.46990144,1.0416784,1.3059453,0.909894,0.36226544,0.25944495,-0.19874428,-0.1290707,0.07398188,0.07360187,0.07369305,0.073743805
-2.4819484,-2.3165417,-1.2575729,-2.0785651,-1.778229,-1.5184997,-1.1543169,-1.1313854,-0.7080103,-0.3845381,-0.15180743,0.011158496,0.069426954,-0.3429241,-0.8376436,-1.0058676,-1.1804683,-0.96296394,-0.55292326,-0.66247827,-0.6120055,-0.17075612,-0.10603163,-0.28623703,-0.028839886,-0.7230828,-1.6386878,-2.2750993,-2.2993722,-2.3263414,-2.4266806,-2.667214,-2.3283086,-1.3558397,-1.3301923,-1.545062,-1.6088111,-1.6797566,-1.7291898,-1.7414718,-1.7104075,-1.7115452,-1.7087975,-1.7378552,-1.7397621,-1.7271042,-1.9258542,-2.2554514,-2.435562,-2.5074875,-2.6263506,-2.9346223,-2.9955142,-2.936365,-2.5677767,-2.2086632,-2.2886024,-2.5604408,-2.8418627,-2.8265018,-2.490079,-2.408533,-2.5538895,-2.8454146,-2.2728543,-1.9946597,-1.6679842,-1.2054524,-1.0282676,-1.0110538,-1.0252538,-0.85958916,-0.66068983,-0.48171854,-0.46352005,-0.6038795,-0.69944006,-0.5296732,-0.5019126,-0.6169423,-0.68859905,-0.69686663,-0.7517132,-0.9876764,-1.4102666,-1.8375223,-2.373548,-2.3707175,-2.0676668,-1.531435,-1.0982554,-0.6062425,-0.069646314,-0.14735937,-0.6880595,-0.9553032,-0.39789134,-0.4347887,-0.47661158,-0.030356914,-0.6342839,-1.1509823,-1.0566206,-0.89234006,-0.75339365,-0.7387218,-1.3050969,-2.2134857,-2.3317883,-2.3446121,-2.1948047,-1.8263292,-1.5908594,-1.357601,-1.0350343,-0.90723324,-0.8341596,-1.0632181,-1.1638496,-1.4847653,-1.4014872,-0.7444227,0.42524648,0.88986725,1.0593846,0.90812373,0.7269183,0.7950243,0.8649219,0.6969892,0.034321368,-0.70637226,-1.2535268,-2.1104176,-2.4419637,-2.1953886,-1.8797781,-1.3489814,-1.3521752,-0.95829654,-0.608094,-0.33106324,0.6308471,0.37936294,-0.08038618,-0.2929788,-0.65954185,-0.86085784,-0.9491066,-0.8857585,-0.48377138,0.38843447,1.721886,4.7592864,6.962303,8.639912,10.144379,10.900238,11.357681,11.570265,11.299625,10.59941,9.373441,7.376892,4.6951256,2.3093154,0.7414104,-0.08317482,-0.6624725,-1.1499581,-1.6110784,-1.9322044,-2.2242098,-2.4202328,-2.5955472,-2.7323925,-2.903388,-3.0955133,-3.177009,-3.1818624,-3.2345018,-3.2363644,-3.1911883,-3.2848053,-3.304535,-3.3213415,-3.2425277,-3.2935889,-3.3456888,-3.3649926,-3.4112403,-3.442976,-3.5238352,-3.633617,-3.68123,-3.6677835,-3.68627,-3.633055,-3.4880855,-3.2940636,-3.044434,-3.370068,-3.4156647,-3.2427096,-3.1475697,-3.1043777,-3.188942,-3.072322,-3.1436846,-1.2563567,-1.2566322,-1.2564902,-1.2565506
-0.13433078,-0.042318135,0.19816875,-0.007679254,0.007282555,-0.09041308,-0.39893943,-1.5745834,-1.6743089,-1.0076435,-0.6551877,-0.3147091,-0.48087147,-0.9992233,-1.6322379,-1.8777295,-2.1267905,-2.06855,-1.8071418,-1.682893,-1.2029393,-0.95582163,-1.6253242,-2.0608866,-1.6058172,-1.5800706,-1.5703795,-1.8297888,-2.5485044,-2.6161497,-2.3962624,-2.5251179,-2.0494618,-1.5126739,-1.9251611,-2.3925815,-2.6800523,-2.9059014,-3.0181725,-3.0784557,-3.0781116,-3.0734735,-3.1087449,-3.1958704,-3.2679482,-3.2385116,-3.2147837,-3.2624588,-3.2068424,-2.8469012,-1.8635409,-1.2352928,-1.218968,-1.064203,-0.63079894,-0.36953503,-0.49223763,-0.7335162,-0.93340755,-0.92798835,-0.79506457,-0.9895042,-1.2104491,-0.99942154,-0.21261883,-0.6252207,-1.0827941,-1.1802576,-1.1961055,-1.2023556,-1.1817566,-1.0443234,-0.79561937,-0.4818817,-0.20022157,-0.12869732,-0.18000382,-0.16855362,-0.2062758,-0.2958341,-0.35053495,-0.34678528,-0.38614008,-0.57858014,-0.97951907,-1.5578437,-2.5168643,-2.7323651,-2.4866996,-1.9884202,-1.735523,-1.748847,-2.0997171,-2.3866978,-2.1703997,-1.7171295,-0.9869108,-0.80827236,-1.1986755,-1.2348261,-1.3174618,-1.7048106,-2.1779523,-2.6851096,-2.549603,-2.2508976,-1.9645439,-1.3690475,-0.69892573,0.35391957,1.2618753,1.5276327,1.0055578,0.062352777,-0.53467107,-0.76086986,-0.79641044,-0.9216767,-1.0113859,-0.91496813,-0.6170193,-0.1904478,-0.5610106,-1.422477,-1.7872139,-1.2617784,-0.95449835,-0.70506865,-0.5632628,-0.686841,-1.5309106,-2.1344223,-2.1313264,-2.1830368,-2.344764,-2.0765269,-2.1223028,-2.2016304,-2.6608179,-2.6473985,-2.3146696,-1.7884574,-1.2578181,-2.0438704,-2.5412176,-2.7228699,-3.1308722,-3.3077462,-3.3427258,-3.2888556,-3.064704,-2.7461936,-2.5395093,-2.2357426,-1.7767702,-1.4608548,-0.7251861,0.319845,0.64166325,1.0063546,0.74844193,0.7047359,0.71849465,0.2952359,-0.33433393,-1.080029,-1.4638268,-1.5531614,-1.6156144,-1.651253,-1.6862307,-1.7752819,-1.8846443,-1.986225,-2.0970387,-2.2146325,-2.3575544,-2.508372,-2.587114,-2.5124316,-2.1771595,-1.3843006,-0.7539995,-0.6507837,-0.9411802,-1.3416147,-1.5983856,-1.7455306,-1.8275404,-1.8977382,-1.9821734,-2.0095305,-2.0963778,-2.145227,-2.08629,-2.0395565,-2.0288136,-1.9490476,-1.7067517,-1.3445059,-0.72225046,-0.5992603,-0.6106061,-0.6295676,-0.63277143,-0.455829,-0.45343548,-0.2780826,-0.26713252,0.19828057,0.19807346,0.19815083,0.19814965
-0.43271878,-0.621017,-0.34786934,-0.9053087,-1.2466009,-1.5465975,-1.980721,-2.604868,-2.720347,-2.694519,-2.5776548,-2.3889215,-2.4192586,-2.6313958,-2.711884,-2.5914807,-2.4819388,-2.2620103,-1.8650186,-1.0750245,0.13608086,0.68405855,0.34424883,-0.5564307,-0.92202246,-1.8821933,-2.551337,-1.9483368,-1.6332731,-1.3617058,-0.6158678,-0.6106802,-0.57685685,-1.3479892,-2.3329763,-2.9118047,-3.1303182,-3.210002,-3.1736326,-3.21672,-3.2262588,-3.2735949,-3.353251,-3.502093,-3.6326804,-3.7499447,-3.8617997,-3.8818002,-3.8764508,-3.66083,-2.8242698,-2.0897095,-2.1389475,-2.4487166,-2.3492367,-1.9870384,-1.759244,-1.8491011,-1.8498507,-1.814653,-1.5311446,-1.4157624,-1.2498771,-1.5477254,-1.9563926,-2.6378827,-2.7540336,-2.4329717,-2.1793203,-2.0854902,-2.0472846,-1.8394567,-1.5652668,-1.1788588,-0.7007357,-0.36908552,-0.13516054,-0.043744892,-0.14297582,-0.38860342,-0.7542289,-0.9825018,-1.1964042,-1.3934009,-1.7063761,-2.005552,-2.3766043,-2.604418,-2.8114252,-3.0545084,-3.1320724,-3.165546,-3.4573784,-3.6437323,-3.5531278,-3.439539,-2.719905,-1.8363903,-1.3736988,-0.91284704,-0.74832845,-0.9153608,-0.8685764,-1.0909581,-1.4293104,-1.9314668,-2.397871,-2.4303343,-2.0746324,-1.4948834,-0.70533097,-0.27336997,-0.121874094,0.3258639,0.8834174,1.4402201,1.4554849,1.0546016,0.27342463,-0.75612265,-1.4186162,-1.7622831,-1.9293201,-2.2996008,-2.05095,-1.5664444,-1.2340851,-0.8482504,-0.49749872,-0.6581754,-1.618315,-2.7091851,-3.2887177,-3.6264944,-3.6965985,-3.4959803,-2.688547,-2.238443,-2.4167733,-2.5517764,-2.2088218,-1.8390458,-1.4450121,-1.8853374,-2.4638638,-2.8747022,-3.549234,-4.0106,-4.08509,-4.070009,-4.019999,-3.9659429,-3.84717,-3.1876237,-2.1039035,-1.222517,-0.5901717,0.19019312,0.3643334,0.3823143,-0.09560585,-0.42300114,-0.69664437,-1.3301535,-1.9586543,-2.2160606,-2.1427393,-2.092646,-2.2422495,-2.366242,-2.4101064,-2.4382994,-2.448322,-2.4027004,-2.3184326,-2.1995316,-2.1103826,-2.0152102,-1.7010602,-1.1816754,-0.3934512,0.92572707,2.0110233,2.4712644,2.8243585,3.2235937,3.4619913,3.4377208,3.5871568,3.7587605,3.7720459,3.8321345,3.8930774,3.836091,3.5706606,3.529108,3.4650812,3.0226326,2.7325277,2.3546321,1.4103558,-0.12913653,-0.7955708,-1.2177311,-0.3326162,-0.045899674,-0.32115203,-0.12626907,0.113367245,-0.34765166,-0.3479,-0.34780008,-0.34785897
-2.0968144,-2.0045795,-1.6274384,-1.5955807,-1.1307737,-0.7126898,-0.15190096,0.0005937889,-0.17191598,-0.21847326,-0.10833475,0.05472046,0.07027152,-0.46493417,-1.1341397,-1.2582297,-1.4489425,-1.2590426,-0.8174336,-0.3348089,0.691666,1.3397708,1.5526426,0.5880824,0.2894199,-0.36106575,-1.1901238,-0.5193478,1.0613556,1.4159214,1.6794989,1.563118,1.0339502,0.31989077,-0.50458676,-1.0657607,-1.1840614,-1.1574531,-1.1091762,-1.2952322,-1.404175,-1.5667064,-1.6113439,-1.6906679,-1.6717248,-1.6474621,-1.6917639,-1.6781204,-1.6436653,-1.5506504,-1.3538624,-1.1479061,-1.0116047,-0.99080455,-0.8126365,-0.53130746,-0.5458554,-1.042607,-1.5252454,-1.8254015,-1.7654244,-1.620694,-1.3174577,-1.7028711,-2.4309595,-2.975326,-2.955955,-2.5485067,-2.296323,-2.2564244,-2.3076577,-2.1256804,-1.8136947,-1.3758979,-1.0492852,-0.91718256,-0.8449924,-0.7656432,-0.75142026,-0.88825595,-1.0749097,-1.196687,-1.272369,-1.3160939,-1.3557804,-1.0815858,-0.5497668,-0.37611213,-0.8589181,-1.5943432,-1.5811789,-0.92095816,-0.3765429,-0.4577339,-0.87928474,-1.3403853,-0.7480188,0.061258584,-0.39287195,-0.41931278,-0.5895519,-0.5110394,0.30764258,0.49229607,-0.07311231,-0.69778013,-1.3746746,-1.9408097,-1.8080759,-1.0997238,0.7887982,2.1020446,3.6602597,6.8466396,10.747961,12.141068,11.930003,10.811747,8.274118,4.26522,1.5831472,0.09486136,-0.32693082,0.13005847,0.9635296,1.21508,1.1854898,1.4576023,1.787697,1.8088365,0.9461887,-0.0066614747,-0.96617174,-2.0656981,-2.3080938,-2.005565,-0.97581315,-0.23860687,-0.56209385,-0.52578604,-0.4124729,-0.39297384,1.3167092,2.4113657,2.0159492,1.5002882,0.8267963,-0.17824832,-0.7037563,-1.090366,-1.4461213,-1.8336089,-2.0113723,-1.840379,-1.3877513,-0.6293689,-0.025728926,0.4959669,0.69616526,0.70875984,0.23515752,-0.34532976,-0.56031954,-0.8111367,-0.8898826,-0.76134324,-0.62402654,-0.536611,-0.7883171,-1.0628664,-1.2434657,-1.3306186,-1.4489732,-1.4693718,-1.4171411,-1.2490093,-1.0903388,-0.9685968,-0.5879496,-0.11506033,0.2681647,0.46691358,0.48307687,0.60886383,0.84290045,1.2266431,1.4842236,1.4188678,1.5166302,1.6896386,1.7028913,1.7464288,1.80108,1.6977572,1.304139,1.2354867,0.9516479,0.31518984,-0.065203905,-0.49309856,-1.3641996,-2.3416095,-2.6520622,-2.6658907,-2.710638,-2.4423769,-2.4745736,-2.284715,-2.0669227,-1.6269034,-1.6272211,-1.6270478,-1.6270919
-3.1098766,-2.90971,-2.9970407,-2.6365266,-2.5610204,-2.6397505,-2.6733153,-2.5362961,-2.5554109,-2.5703905,-2.4535909,-2.1393576,-2.1680255,-2.2735796,-2.3840427,-2.50797,-2.582983,-2.2113552,-1.7111795,-1.0759199,-1.2652156,-1.5114461,-1.8498514,-1.8102596,-1.8616667,-1.2754436,-0.73497236,-1.3352606,-1.726054,-1.8169146,-1.8148339,-1.5976405,-1.474644,-0.7185136,-0.113434434,0.31762636,0.5089851,0.6274801,0.83378154,0.8895997,0.94256854,0.8673288,0.66529286,0.31200376,-0.04556779,-0.44389117,-0.57535625,-0.40226245,-0.3785029,-0.6687925,-1.4002644,-1.7486676,-1.7799307,-1.7979547,-2.0675387,-2.1406896,-1.9908781,-1.7498884,-1.4676827,-1.4226335,-1.9579906,-2.2059653,-2.1187997,-0.86429524,-0.3213028,-0.48218662,-0.49521065,-0.8269515,-0.94870734,-1.0774552,-1.2185187,-1.4493761,-1.6547855,-1.905894,-2.327757,-2.7707849,-3.2168522,-3.2992368,-3.2623482,-3.203929,-3.1741767,-3.163062,-3.1035414,-3.0490737,-2.8631601,-2.4093184,-1.6518738,-0.6919172,0.4442145,0.7673726,0.49249214,0.2635258,-0.1430893,-0.6092518,-0.6135831,-0.1282738,-0.15022174,-0.46917278,-1.8317263,-2.2086544,-2.2005885,-2.3533955,-2.3581758,-2.003719,-1.4993113,-0.8141746,-0.25430343,-0.012344625,-0.23948744,-1.1239687,-2.3996768,-2.9143608,-2.663698,-2.2742538,-1.535233,-1.2851051,-1.3382733,-1.320083,-1.3190386,-1.3489599,-1.356485,-1.5332916,-1.2882506,-1.0295631,-0.750874,-0.6630814,-0.64830714,-0.6362196,-0.64415497,-0.31310105,1.1504538,0.8324902,0.3966887,0.66280454,0.56472754,0.011592746,-1.2700708,-2.2683384,-2.2461896,-2.0777073,-1.8435102,-1.7872287,-2.1873744,-1.6042027,-1.3892725,-1.3951161,-1.5578537,-2.0197606,-2.2686017,-2.5739255,-2.8647196,-3.1052358,-3.1588354,-2.4953296,-1.6476371,-1.1577563,-1.1032231,-1.4564571,-1.12592,-0.7423868,-0.11757827,0.25355285,-0.055692516,-0.44296893,-0.77372336,-0.75106275,-0.80939615,-0.96888953,-1.0442048,-0.97008866,-0.6564599,-0.36145446,-0.113217115,-0.025131822,0.056304574,0.08455309,0.086165234,0.025837213,-0.22422098,-0.54500395,-0.9167736,-1.4701378,-1.9473102,-2.0176446,-1.8592,-1.8811557,-1.9305211,-1.9054254,-1.9158192,-1.9875982,-1.985049,-1.9956691,-2.0241761,-2.1239858,-2.196997,-2.231855,-2.2826297,-2.3698769,-2.4071076,-2.2484665,-1.8397269,-1.8310874,-1.8339453,-2.0695393,-2.2112052,-2.4276743,-2.4170523,-2.6009579,-2.4926124,-2.997416,-2.9972453,-2.9973688,-2.997385
-3.1951451,-3.124157,-2.1889586,-3.0490813,-2.9580674,-2.9244652,-2.8975666,-2.573424,-1.6895891,-0.869708,-0.46376002,-0.006197594,0.51614505,0.5751176,0.18670942,-0.1447614,-1.0965499,-1.6819497,-1.7331097,-1.6189504,-1.4291784,-1.3241656,-1.2149386,-1.2284317,-1.1090018,-1.7288463,-2.3948047,-2.1329513,-1.218209,-1.1582546,-1.5448861,-1.8982158,-2.4804482,-2.577663,-2.7278893,-2.8852854,-2.974314,-3.0094435,-3.0069366,-2.9723506,-2.940808,-2.9518366,-2.9527278,-2.9487696,-2.8777213,-2.7380772,-2.5535586,-2.4751437,-2.2522435,-1.7101327,-0.8355072,-0.53528965,-0.20927505,0.31768334,1.011693,1.4916449,1.6092033,1.4778359,1.2476065,1.2443918,1.5889921,1.7115711,1.413435,1.0882341,1.8212645,1.6992893,1.2690573,1.3698204,1.4639456,1.4574409,1.3391151,1.1092658,1.0124873,1.0073528,0.95893997,0.90901196,0.8570818,0.8728558,0.6482099,0.36224362,0.18221965,0.10644531,0.050220102,0.016339004,-0.18534443,-0.508023,-1.0298058,-1.875001,-2.6156597,-2.49058,-2.1174476,-1.6522063,-1.1910917,-1.063481,-1.1252325,-1.411932,-1.4791187,-0.8535789,2.593113,6.4234915,7.9826746,9.163061,9.703363,8.861036,7.820489,6.335607,3.3909507,-0.08353072,-1.936167,-3.0448103,-3.1001909,-3.1390772,-3.1837778,-3.1477208,-2.6187,-2.1754084,-2.0783653,-1.9988858,-1.7252082,-2.0952988,-2.3191292,-2.3674529,-1.8151455,-1.4921565,-1.3682284,-1.4513994,-1.3800393,-1.1450053,-0.97453374,-1.13646,-1.3825035,-1.8152753,-2.429517,-2.953466,-2.9747417,-2.7703211,-2.2845855,-1.1229811,-1.0109857,-1.2411047,-1.3054582,-1.4478582,-0.6782917,-0.51683974,-0.58081555,-0.65820974,-0.9042076,-0.9826037,-0.96996534,-0.91874737,-0.8768619,-0.8957947,-0.8435117,-0.68245447,-0.7683213,-0.6264548,-0.19506924,0.44679672,0.88409305,0.95940685,0.6982806,0.6514187,1.092508,1.2610773,1.0868144,0.697168,0.3025347,-0.18257786,-0.67638004,-1.0511053,-1.3826284,-1.5800464,-1.7103779,-1.7805779,-1.8570471,-1.9229108,-1.99263,-2.0569525,-1.9913111,-1.8409587,-1.7235854,-1.5680149,-1.5142295,-1.6636358,-2.0489833,-2.2819364,-2.352644,-2.3623786,-2.3519235,-2.3682017,-2.3984413,-2.4336753,-2.5619047,-2.7437055,-2.8031316,-2.7271037,-2.737969,-2.716635,-2.6185791,-2.416511,-2.6992111,-3.2680883,-3.629249,-3.5188093,-3.1807375,-3.0022368,-2.8861802,-2.5155365,-2.5302663,-2.1882603,-2.188248,-2.1881967,-2.1882577
-2.5551646,-2.3003535,-1.0551783,-1.9208218,-1.6756207,-1.498391,-1.2485802,-1.844625,-2.7136295,-3.0808825,-3.0280132,-2.8301864,-2.777499,-2.559964,-2.3024657,-2.2028525,-2.2866063,-2.1279457,-1.716655,-0.931773,0.0144017935,0.12235361,0.19817747,0.23611538,-0.089858025,-0.4591265,-0.2178733,-0.11377153,0.032706797,-0.07075949,-0.17955337,-0.11761838,-0.16653678,0.251885,0.71863323,0.85845363,1.1345096,1.3283498,1.3184818,1.0662742,0.8960865,0.61640906,0.56090915,0.46925464,0.5774942,0.5665997,0.41357282,0.3682151,0.4440413,0.47734076,0.32750934,0.2006389,0.010273632,-0.28058472,-0.5834296,-0.5654299,-0.71315813,-0.7860873,-0.79272985,-0.74566615,-0.6550749,-0.580901,-0.33454418,0.20030387,-0.6683687,-0.904778,-0.7697317,-0.7914014,-0.8017075,-0.90461254,-0.96634084,-1.0517522,-1.1667523,-1.3498677,-1.4311173,-1.488204,-2.0054922,-2.5476441,-2.8351545,-2.908896,-2.8206003,-2.6555467,-2.4470234,-2.2747283,-1.9999005,-1.3971448,0.2394897,2.6577015,5.416165,7.536335,8.54728,9.486607,10.590559,11.42389,11.764093,11.554603,10.397068,8.296228,3.250279,1.4374666,1.2012401,0.7617186,0.29896235,0.27884185,-0.22002769,-1.1304126,-1.4889023,-1.3066967,-1.0317817,-0.77733725,-1.0181075,-1.2991294,-1.246282,-1.05003,-0.7245858,-0.91270536,-0.88310516,-1.1407535,-1.5060999,-2.3052,-2.838568,-3.0007484,-1.8115326,-0.8789197,-0.29115176,-0.36080146,-0.3375158,-0.18625763,0.00014832616,0.3437143,1.0528883,0.7497751,-0.0016394258,-0.44199672,-0.9758851,-1.2630475,-1.3911219,-1.0873898,-1.0375963,-1.2806308,-1.2252753,-0.7099271,-0.04920879,0.884791,1.3714429,1.3431652,1.4128935,0.6585029,0.1910148,-0.16136709,-0.6097523,-1.118734,-1.5909797,-1.8903733,-1.5154811,-0.89063406,-0.08005437,0.38608122,1.3229917,2.404793,4.890243,7.040151,9.119011,10.7689,11.710358,11.662264,11.087818,10.755719,10.422665,9.948668,9.263351,8.615921,7.8281426,7.244507,6.7327175,6.493595,6.171117,5.5113344,4.668324,3.876145,3.154196,2.2870772,1.4404681,0.76377845,-0.15170947,-1.029456,-1.6058403,-1.8108666,-1.8132012,-1.8539122,-1.9378996,-2.0250368,-2.1215763,-2.289181,-2.5091076,-2.3820775,-2.577885,-3.0032513,-3.3392358,-3.4828413,-3.26611,-2.9790971,-2.808804,-2.7518559,-2.856221,-2.768928,-2.8153358,-2.743934,-2.6810758,-1.0550706,-1.0550119,-1.0550398,-1.05513
-3.449539,-3.5253518,-3.9365513,-3.6692061,-3.672994,-3.6925483,-3.7155628,-3.3393712,-2.66516,-2.4082625,-2.2859013,-2.1104467,-1.8893645,-1.7984251,-1.6597241,-1.5432487,-1.5217769,-1.5050138,-1.441031,-1.5356443,-1.6224461,-1.4504538,-1.2667836,-1.2499728,-1.2316092,-1.8513067,-2.2386427,-2.0317569,-2.3771317,-2.578869,-2.4128737,-2.342161,-2.1379402,-2.1787198,-2.6014519,-2.869373,-3.0241256,-3.1001098,-3.1369114,-3.160455,-3.1985848,-3.2220826,-3.2183685,-3.1993499,-3.1207523,-3.0861397,-3.2344322,-3.5329556,-3.7084284,-3.7372146,-3.5871716,-3.459588,-3.3562021,-3.2366347,-2.8151755,-2.3013532,-1.9718652,-1.9377134,-2.0360155,-1.9895681,-1.5243924,-1.2967675,-1.2601027,-1.7057838,-1.6865759,-1.2033527,-0.56872237,0.58755904,1.3505007,1.7883918,1.9433984,2.1695046,2.250363,2.2173185,2.274455,2.4187837,2.409859,2.3311803,2.1755185,1.8611689,1.5552795,1.3920028,1.3355557,1.3943402,1.3880017,1.2834679,0.10338226,-1.6353256,-3.0480218,-3.345551,-3.1289358,-2.7621908,-2.3938012,-2.3684769,-2.5646632,-2.7114315,-2.443184,-2.3459487,-1.2648548,0.06278755,0.21196844,0.8811743,1.5960836,1.5014884,1.2780297,0.87207603,-0.34462863,-1.7946274,-2.4680104,-2.806994,-2.9655423,-2.912953,-2.9884033,-2.4920402,-2.0046246,-1.900533,-2.1758559,-2.375617,-2.1022515,-2.3662658,-2.6578033,-2.8194647,-2.5639324,-2.4797928,-2.4699728,-2.3929415,-2.2659628,-2.1234586,-2.0420544,-2.160355,-2.2198577,-2.2038789,-2.6960397,-3.1876137,-3.0272834,-2.66741,-2.4929821,-2.20817,-2.400904,-2.2418153,-1.7432219,-1.4237869,-1.0218017,-1.5036002,-1.8802164,-1.8506799,-1.9086018,-1.9152982,-1.8295944,-1.6963756,-1.5811191,-1.5771701,-1.5476593,-1.2793319,-1.1334598,-1.1646981,-1.2034563,-0.8194036,-0.63533515,-0.63026416,-0.9447134,-1.1118426,-0.999511,-1.1103026,-1.4213244,-1.6620741,-1.8295776,-2.0031114,-2.080535,-2.1700838,-2.3716998,-2.5662618,-2.7472537,-2.8437486,-2.912468,-2.9478507,-3.004904,-3.0627313,-2.9825168,-2.7893856,-2.5966346,-2.3801312,-2.2204666,-2.208305,-2.2753425,-2.1704512,-1.9424262,-1.8213723,-1.7874004,-1.7617741,-1.7229197,-1.7703636,-1.9637828,-2.2576733,-2.349567,-2.3805265,-2.4619517,-2.504573,-2.4933271,-2.6651316,-3.2004561,-3.9013019,-4.359829,-4.4097967,-4.109916,-3.9101424,-3.8772545,-3.708905,-3.7653174,-3.9359732,-3.9361167,-3.936041,-3.9360175
-4.1778345,-4.0229692,-5.7578254,-3.9107194,-3.9528682,-4.103392,-4.3444247,-4.43193,-4.3968887,-4.3168464,-4.1619143,-3.7616901,-3.531672,-3.15724,-2.6617894,-2.443528,-2.160653,-1.7967312,-1.3818271,-0.9441606,-1.2684562,-1.6310992,-1.74278,-1.5300626,-1.5395435,-1.5953228,-1.5941787,-1.2603052,-1.525412,-2.259203,-2.1689663,-1.9294124,-1.888938,-1.7459877,-1.6731873,-1.6525302,-1.6262383,-1.5574462,-1.5297225,-1.4972647,-1.4751577,-1.4970425,-1.5299506,-1.5919449,-1.5853384,-1.6832535,-1.8827231,-2.0763304,-2.2685199,-2.6146293,-3.1863961,-3.6088338,-3.996386,-4.242951,-4.2710257,-3.8350744,-3.4029946,-2.919972,-2.5656335,-2.423469,-2.3716857,-2.3090997,-2.0138488,-1.0920281,-1.0116748,-0.79397464,-0.38035703,-0.120259166,0.10674098,0.2784602,0.3656409,0.47690293,0.49585298,0.4442057,0.40651536,0.32417738,-0.10088886,-0.64922905,-0.9982754,-1.1830432,-1.3755211,-1.49298,-1.6188006,-1.8584311,-2.1253316,-2.3027077,-2.2881951,-1.8047589,-1.5806265,-1.7641637,-1.7736012,-1.7461028,-1.5601234,-1.5075536,-1.3215568,-1.0724244,-1.0926856,-0.9936014,-1.2531391,-1.3330598,-1.770155,-2.094878,-2.0826755,-1.9415066,-1.9460115,-2.1248894,-2.4386535,-2.8471975,-3.288664,-3.7241774,-4.2108517,-4.4097633,-4.6075735,-4.2959585,-3.5404022,-3.3213172,-3.5003216,-3.7533166,-3.722444,-3.7090588,-3.9826508,-4.421417,-4.155604,-3.6393623,-3.2811227,-2.9037137,-2.5811405,-2.336003,-2.2335439,-2.2682636,-2.0354767,-2.4770198,-2.908382,-3.1526163,-3.3550725,-3.8572533,-3.9733787,-3.435935,-3.1021895,-3.338711,-3.2288742,-2.914843,-2.5376284,-2.029289,-1.8344741,-1.9749949,-2.1194935,-2.2821655,-2.3211951,-2.341931,-2.2801714,-2.1756687,-2.1661942,-2.1429415,-1.9881382,-2.1702967,-2.4096718,-2.7359943,-2.3378248,-2.0084634,-1.829173,-1.7156556,-1.7630363,-1.9569201,-2.101298,-1.663761,-1.2789384,-1.367003,-1.504736,-1.4699795,-1.1997467,-1.0295898,-0.8919985,-0.83014715,-0.8042104,-0.81996083,-0.90372586,-1.094407,-1.3710972,-1.6728737,-2.0099225,-2.3346229,-2.3712564,-2.328865,-2.4163432,-2.5522764,-2.6343608,-2.6232939,-2.6164947,-2.6498394,-2.6596758,-2.7299075,-2.908602,-3.2114148,-3.3783019,-3.4304676,-3.611011,-3.8681269,-3.9592137,-4.0555553,-4.2067614,-4.2763333,-4.416521,-4.529589,-4.5063233,-4.567398,-4.550806,-4.5557685,-4.542163,-5.758189,-5.757894,-5.758013,-5.7579975
-2.191257,-2.382411,-1.945451,-2.7964067,-3.0622616,-3.2672677,-3.47891,-3.3721838,-2.95954,-2.9451869,-3.0344248,-2.950141,-2.99883,-3.1013925,-3.13348,-3.1443975,-3.2834284,-3.3610353,-3.3804858,-3.249546,-3.2299428,-3.093978,-3.2602315,-3.4702783,-3.4613233,-3.5475879,-3.407777,-3.0298982,-3.2106996,-3.335728,-3.0849757,-2.8321114,-2.175548,-1.5828947,-1.9959936,-2.2454967,-2.403191,-2.4357429,-2.39012,-2.380545,-2.3903677,-2.3752327,-2.414998,-2.4296713,-2.4867244,-2.5846806,-2.7610927,-3.0360572,-3.2583785,-3.2804508,-2.8667707,-2.2488432,-1.9371005,-1.8379828,-1.7293578,-1.6177542,-1.3447863,-1.180671,-1.0757571,-0.99428165,-0.7879297,-0.7424455,-0.67040277,-0.3473597,-0.06520477,-0.43329242,-0.6531594,-0.34302768,0.04532436,0.35344258,0.47909346,0.4092077,0.33281496,0.45876053,0.86762416,1.4052974,2.1426806,2.2483065,2.2773705,2.236913,1.971081,1.8264847,1.8153131,2.016252,2.2569761,2.4362345,1.1990999,-1.008827,-2.8308249,-3.3220944,-3.1264334,-2.8038716,-2.562556,-2.4618177,-2.1247678,-1.525115,-1.0747011,-1.5326805,-2.0776954,-2.0523448,-2.5315275,-3.1351304,-3.377562,-3.6291704,-3.463439,-3.392968,-3.5678167,-3.6313732,-3.54944,-3.395318,-3.5552268,-3.097572,-2.4805782,-2.2034836,-2.1963263,-1.7414993,-1.7653816,-1.9678326,-2.2598774,-2.6430545,-2.7256222,-2.6164415,-2.3669722,-2.6687167,-3.0272512,-2.8883057,-2.7284894,-2.5653036,-2.3913097,-2.3484576,-2.3134332,-2.161983,-2.436127,-2.9484372,-3.1220627,-3.1912582,-2.8341043,-2.7525184,-3.006531,-2.9529767,-2.5485954,-2.5825946,-3.396307,-3.6517475,-3.3076837,-3.0051675,-3.019093,-2.9199402,-2.787952,-2.6809201,-2.6160417,-2.7261264,-2.8859239,-2.574288,-1.9591882,-2.0048156,-2.4772475,-2.567357,-2.519888,-2.2780294,-2.298125,-2.0289254,-1.2978323,-1.0826001,-1.3385695,-1.7090683,-1.8165796,-1.889209,-1.8480781,-1.7904003,-1.828845,-1.9510542,-2.0969691,-2.220556,-2.3244443,-2.4097834,-2.532255,-2.6645787,-2.703762,-2.5777166,-2.1545634,-1.2666228,-0.5022435,-0.31910563,-0.44853774,-0.50127,-0.30572358,-0.0598917,-0.04369341,-0.02537398,0.008095726,-0.10185638,-0.30364951,-0.5443856,-0.6035941,-0.7207447,-0.83544016,-0.8713732,-0.9506383,-1.1023989,-1.2369052,-1.6491213,-2.0343356,-2.1967704,-2.1128995,-1.9461131,-1.8986145,-1.9486322,-1.8032901,-1.9450366,-1.945423,-1.945292,-1.9452701
-1.0089089,-1.1756688,-0.60128105,-1.483498,-1.4740659,-1.4137462,-1.2671229,-1.31902,-1.1285808,-0.97375923,-0.93592775,-0.87527066,-0.6649555,-0.76855767,-0.9931582,-1.0808705,-1.0891538,-1.0530983,-0.85381025,-0.1699982,0.7239463,1.1102787,0.8472048,-0.13072354,-0.35008326,-0.7846484,-1.0527966,0.24336562,2.1233735,3.2227864,3.0042713,2.640236,2.3100753,1.9967253,1.7167943,1.3302352,1.1078925,1.0804795,1.1157675,0.94593346,0.7827942,0.5927941,0.52851015,0.4046467,0.39909285,0.3806028,0.13892883,-0.25621262,-0.4628166,-0.48401642,-0.70410043,-1.0733266,-0.84961784,-0.7946122,-0.5652175,-0.4669556,-0.38637227,-0.6244389,-0.8327371,-0.80462676,-0.42540354,-0.12607083,0.11057115,-0.57481873,-0.5483416,-0.58693683,-0.50310755,-0.33732775,-0.3877985,-0.59742683,-0.84892267,-1.1641148,-1.426996,-1.6061271,-1.6389732,-1.3659017,-0.5037858,0.20594412,0.30442983,0.11315298,-0.12218739,-0.22783981,-0.29357255,-0.29732773,-0.35124373,-0.26122898,0.008252092,0.29329756,0.5336378,0.33380553,-0.112497345,-0.2629819,-0.13734388,0.06448114,-0.008177936,-0.1312815,0.3436936,0.5106492,0.6236916,0.83709294,0.2949899,-0.45618308,-0.5062294,-0.7224185,-0.97791016,-1.4257514,-1.8791528,-2.082437,-1.8207536,-1.0441343,0.26586166,0.92519003,1.1538389,1.6832445,2.0808458,2.0889497,1.5218191,0.91198266,0.5540298,0.109488666,-0.0669069,-0.014035344,0.030278582,-0.20234965,0.17602071,0.37726098,0.42012694,0.4376856,0.41208157,0.1324858,-0.70537525,-1.3811091,-2.2124474,-2.2653916,-1.6218097,-0.61708784,-0.124021314,0.4570445,2.7081487,5.9114614,8.554143,10.658636,12.16354,11.3427105,9.659459,8.273505,6.806841,5.153553,4.2268853,3.4644177,2.6633086,1.896827,1.4943544,1.1579261,0.6635997,0.5190209,1.5289632,2.7958715,2.7172036,2.293808,1.8704776,1.5366238,1.3638164,0.9885838,0.5957843,0.3188408,0.17752397,-0.19241548,-0.40560797,-0.6433891,-0.9786815,-1.1964788,-1.4463391,-1.6452676,-1.8066947,-1.8813462,-1.9163349,-1.8766851,-1.6375256,-1.272187,-1.0783157,-1.0293854,-0.99470246,-0.95705205,-0.73590183,-0.33239084,-0.15188962,-0.25670078,-0.2514818,-0.109979615,-0.1082433,-0.07875638,0.0074032024,0.10924396,0.092295006,0.094326116,0.086167514,0.015691966,-0.082086354,-0.3617622,-0.7566069,-1.2170967,-1.3822197,-1.590873,-1.3033662,-1.3535098,-1.6629577,-1.5395432,-1.6001327,-0.60133946,-0.60084265,-0.6009688,-0.6010071
-1.858521,-1.6366255,-2.0719438,-1.4410799,-1.4697516,-1.5369136,-1.6580489,-1.4601531,-1.2921305,-1.0452726,-0.79245484,-0.2939092,0.078287706,0.5780684,0.9041872,0.868959,0.9508387,0.88671654,0.6473918,0.2198,-0.7607593,-1.2398909,-1.1696035,-0.5530594,-0.22343887,0.52680033,0.88114524,-0.27834797,-1.3923527,-0.7069562,1.2826079,2.8361735,6.570841,9.601681,10.606572,11.047922,11.268198,11.375992,11.448917,11.499619,11.475182,11.383909,11.228644,10.979436,10.627479,10.037979,8.997558,7.899411,6.9967413,5.9782796,3.950205,0.9482819,-0.90880024,-1.2711036,-1.3960431,-1.2007269,-0.97595847,-0.77148724,-0.55777305,-0.66807485,-1.1437274,-1.4243529,-1.4223233,-0.6237676,-0.30023906,0.52590036,0.9136083,0.6137434,0.45593506,0.36218542,0.27473772,-0.08155051,-0.4720079,-0.87713385,-1.2015496,-1.4919825,-1.80264,-1.9911668,-2.012846,-1.9318631,-1.9021107,-1.9487777,-1.9907784,-2.0434608,-2.2461102,-2.8138318,-3.1150498,-2.18649,-1.3911443,-0.91999495,-0.60012496,-0.5640291,-0.13211454,0.7116612,1.1301754,1.149892,0.31515476,-0.036147892,-0.6098354,-1.7390313,-2.279659,-2.5252643,-2.364529,-1.9171615,-1.5977244,-1.5705358,-1.3566648,-0.8856091,-0.67444324,-1.1861864,-2.7733574,-2.759768,-2.3884778,-1.8880444,-1.1292756,-0.8158279,-0.9135964,-0.83254707,-0.9515556,-0.93906677,-1.051434,-1.3742182,-1.2964892,-0.8931583,-0.7111639,-0.47805646,-0.3219403,-0.3785783,-0.5682596,-0.854133,-0.73677385,-0.31116328,0.79112506,1.1778482,0.72458917,-0.23324507,-1.503756,-2.5884275,-2.5093913,-2.2616675,-1.9015298,-1.706811,-0.96075106,-0.10316698,0.38585153,0.5707307,0.9947021,1.5570012,1.6923792,1.5859473,1.5033828,1.3706994,0.9143056,-0.57550967,-1.8193691,-2.4739926,-2.81988,-2.7969506,-2.4912817,-2.2384343,-1.8967156,-1.6717212,-1.8262368,-1.8445898,-1.6343398,-1.3209223,-0.9965393,-0.6900678,-0.5198083,-0.3913172,-0.2586724,-0.16616002,-0.056337718,-0.02976878,-0.07922095,-0.13027808,-0.18204011,-0.36911982,-0.76933527,-1.2272406,-1.651614,-2.073522,-2.1218777,-2.0635977,-2.0774045,-1.9927197,-1.9128808,-1.8010643,-1.7239916,-1.7473943,-1.7870779,-1.8572676,-1.9464077,-2.1675267,-2.3340373,-2.2985735,-2.3384304,-2.5157757,-2.606485,-2.5059726,-2.0302663,-1.2034209,-0.8964499,-0.8155898,-1.6646667,-1.8487258,-1.4982216,-1.6088133,-1.6720409,-2.0717561,-2.0716085,-2.0716336,-2.0716224
2.4857874,1.9666207,3.9808152,1.1605644,0.39459112,-0.15874049,-0.804865,-1.1768484,-0.920558,-0.9701965,-0.9028296,-0.9978053,-1.2690943,-1.3475105,-1.5009018,-1.4682859,-1.4560101,-1.4246404,-1.3796206,-1.4893539,-1.4075091,-1.3185331,-1.2925787,-1.1597935,-1.3339363,-2.1684031,-2.5428853,-1.975974,-2.0732942,-2.3653398,-1.993277,-1.7228698,-0.77139056,-1.0900264,-2.2039165,-2.8093886,-2.988676,-2.9691176,-2.8456798,-2.7903028,-2.7871594,-2.6777787,-2.618336,-2.4901268,-2.4029713,-2.2526574,-2.211318,-2.245811,-2.3688269,-2.355343,-1.5801166,-0.23674074,0.47306722,0.54623985,0.70527494,0.8598231,0.84566545,1.0987961,1.4285856,1.4698145,1.3435876,1.1011485,0.7332047,0.71732515,0.2551366,-1.2690791,-2.0694504,-2.2661989,-2.2291327,-2.1716034,-2.119668,-2.090861,-1.8928226,-1.4777076,-0.8780612,-0.23408736,0.30958852,0.37660158,0.14736457,-0.114911556,-0.43904114,-0.6310214,-0.82962465,-1.0083765,-1.2811884,-1.6291502,-2.3487415,-2.6477025,-2.5528624,-2.220149,-1.9435406,-1.6476768,-1.4654415,-1.4844704,-1.4364569,-1.1630123,-0.5694802,-0.70251155,-1.5526187,-1.654371,-1.5268979,-1.2745104,-1.2369838,-1.5622706,-1.7290076,-2.1868522,-2.6698792,-2.6865287,-2.2705383,-1.4411495,-0.21337152,0.9688759,1.7849288,2.4290013,1.6656468,1.3515594,1.2962574,0.97768474,-0.15011296,-1.247377,-0.984137,0.035784423,0.43912828,-0.23657545,-0.66980404,-0.5266103,-0.41763794,-0.33784956,-0.15122831,-0.2146225,-0.97767746,-0.4597422,-0.5466229,-1.3784646,-1.8065841,-1.9217197,-1.0515153,-0.8430544,-0.68923223,-0.68803453,-0.7621384,-0.80059963,-1.3341769,-2.1904066,-2.10325,-2.022524,-2.510767,-2.8839836,-2.9162102,-2.8878887,-2.8073916,-2.6772265,-2.502326,-1.7085493,-0.6191345,0.14181477,0.20042603,0.15840574,-0.07284112,-0.05813758,-0.16185723,-0.20602396,-0.057626456,-0.23680073,-0.5128789,-0.85035384,-1.1014868,-1.1702209,-1.1449916,-1.0978446,-1.1450771,-1.2668545,-1.4589882,-1.6155849,-1.6843,-1.6536667,-1.6193267,-1.5916189,-1.4104278,-0.89663756,0.19662349,2.3094635,4.6345024,6.0917397,7.4536057,8.392857,9.092944,9.421528,9.534614,9.542791,9.542632,9.471378,9.403698,9.204266,9.050781,9.175411,9.144486,8.912079,8.632107,8.25001,7.244017,5.8124776,5.022991,4.4212937,5.5534163,6.081564,5.9727383,6.0693045,6.3629146,3.9808714,3.980509,3.9806478,3.9806309
0.56505054,0.43761593,-1.5773506,0.37592795,0.41583636,0.7902624,1.5506034,3.2687263,4.246854,5.252103,5.7313275,6.2823157,6.2446184,6.586479,7.1057377,7.199957,7.146393,7.172881,6.9062204,6.366853,4.312028,3.3564978,4.6981583,8.139952,9.772793,11.193469,11.798618,10.724223,5.9680066,1.3274221,0.14991966,-0.05657193,0.123588055,-0.27738163,-0.12577072,-0.004251614,0.0010087341,0.025038525,-0.06899214,-0.02821067,-0.013444588,0.007938087,0.11779004,0.26545602,0.44525206,0.51917386,0.5871946,0.8687004,0.8783139,0.5260977,0.15246995,0.61425483,1.2400426,0.9683404,0.32838488,-0.17143346,-0.22588494,0.14391254,0.5523286,0.60985374,0.23850459,0.11664429,-0.31110048,0.17691937,-0.81467915,-0.46765873,0.076167375,-0.019671738,-0.09373228,0.11006447,0.3555119,0.57356894,0.52775794,0.43251082,0.31841636,0.15441006,-0.0463448,-0.46111408,-0.67922664,-0.6299301,-0.5056128,-0.5079017,-0.65044284,-0.9427532,-1.2093997,-1.5121074,-1.4629428,-0.8331882,0.09050459,0.41220564,0.20428371,0.0016462803,-0.44526556,0.45430925,1.7199299,2.4450517,1.4202213,1.7015835,3.2510083,2.4182162,1.5837624,2.0080142,2.979553,5.6321893,7.00262,7.2293005,7.7958355,8.019721,7.378829,6.0426884,3.2679746,1.3867577,0.3572052,0.0014425814,0.077822834,-0.21475378,-0.32781428,-0.15487036,0.14903468,0.73072815,0.9186151,0.85236096,0.89375925,1.2799702,0.73133034,-0.031166308,-0.30906966,-0.4282344,-0.2667064,0.037666924,-0.07096477,-0.03890896,-0.25723705,0.025673836,0.204077,-0.23212123,-0.32762033,-0.7961226,-0.5562615,-0.5035869,-0.65220845,-0.76862407,-0.47214973,0.12869146,0.20866492,-0.35454416,-0.6370915,-0.26589096,-0.021721423,0.19857417,0.39932087,0.48953536,0.567214,0.08887625,-0.85976917,-1.3482273,-1.2974392,-1.1046937,-0.95337033,-0.7694283,-0.32798168,-0.15615842,-0.14461192,-0.14232105,-0.4051884,-0.49753824,-0.33713,0.0044178665,0.45072564,0.8504298,1.2618884,1.520628,1.6601317,1.7327106,1.797981,1.8678532,1.9181528,1.9455729,1.8780837,1.8291857,1.525127,0.96076167,0.61879116,0.64867234,1.1334662,1.3899153,1.0911595,0.8895216,0.7683666,0.76143193,0.77487,0.75403285,0.830429,0.9681038,0.90014035,0.6550644,0.47963428,0.15612999,-0.052241504,-0.36778307,-0.53416675,0.12997511,0.5738117,0.727609,0.7417888,0.44862524,0.33463317,0.19033566,0.04174775,-1.5777808,-1.5775533,-1.5776031,-1.5775943
-0.33199018,-0.4071038,-0.8392497,-0.41751173,-0.5712599,-0.5773641,-0.68088204,-0.4977793,-0.11331333,0.14453022,0.4671086,0.7274121,0.9888909,1.6161134,2.2203481,2.3481092,2.3158417,2.0062737,1.6691315,1.3756963,1.8160057,1.99628,1.9122028,1.4066887,1.559997,2.1122272,2.102004,0.89190507,1.0577729,1.7773607,1.534653,1.149337,0.30999818,0.016106024,0.8110984,1.0701176,1.1462379,1.1890987,1.1837792,1.2912383,1.3323927,1.288375,1.2711985,1.2253865,1.2274373,1.1868582,1.2000469,1.2714996,1.3374643,1.2442644,0.8590214,0.64403206,0.87055326,1.5055118,2.4477997,3.0974584,3.1901896,3.3244665,3.4014769,3.4822617,3.445244,3.2345922,2.695736,1.4919909,1.2601095,2.315091,2.7265792,2.52731,2.3095613,2.1818528,2.0811157,1.6947442,1.2141652,0.76613134,0.51183504,0.6802602,1.3232753,1.8579508,1.9316449,1.7901475,1.5831411,1.4428871,1.2661465,1.0334747,0.70224726,0.60151607,1.2011032,1.586427,1.152971,0.9383565,1.0045921,1.2763858,2.2272968,3.1416783,3.245045,2.7574258,1.9843177,2.024296,2.3029306,1.3092074,0.896721,1.4909585,1.9108562,1.5624833,1.3309681,1.267994,1.2896549,1.119709,0.5269005,0.06881924,1.026891,1.4701107,1.0386971,0.7184657,-0.19091019,-0.46705812,-0.5522022,-0.72796804,-0.6927843,0.09859402,0.44730118,0.748101,1.2072239,1.8187448,2.8734372,3.3681073,3.6180573,3.698287,3.62609,3.4022532,2.799265,1.9148962,1.7597022,2.3232636,2.2508273,1.991105,1.5155805,2.4770617,3.5874438,3.356108,2.686345,2.4902356,3.3564332,2.7209444,1.1684071,0.42694783,0.2504695,0.6340344,0.89083517,1.0463755,1.2153022,1.35934,1.3521216,1.117039,1.2484114,2.098434,3.3805573,4.40007,4.6935234,4.643284,4.2010136,3.521747,2.9287832,3.3696775,4.218518,4.447658,4.041986,3.6768837,3.4089336,3.183713,3.1524067,3.2166343,3.4013424,3.5192044,3.6577535,3.7205367,3.7479703,3.7818942,3.7439547,3.6697574,3.4365368,2.8923738,2.325529,2.174325,2.3540912,2.6884584,3.1809566,3.5631576,3.6299865,3.5715542,3.6557782,3.6204996,3.4632497,3.1513844,3.0591416,3.1386018,3.0412397,2.7608008,2.401919,1.7832627,0.82125866,0.38763466,0.34272352,0.35964,0.72676206,0.6855285,0.63527656,0.5833278,0.5675179,-0.8394901,-0.839363,-0.8394018,-0.8393893
-5.8509817,-5.846571,-4.81238,-5.953246,-5.987627,-6.0644026,-6.0724487,-5.8206997,-5.503874,-5.256221,-5.071946,-4.6369443,-4.462576,-4.412849,-4.3859515,-4.4063945,-4.4652267,-4.2884836,-3.987949,-3.7178664,-3.998705,-4.0413265,-4.1189055,-3.7642198,-3.6863742,-4.2754126,-4.42811,-3.6867108,-3.9618227,-4.413047,-4.046921,-3.7553456,-3.220119,-2.665032,-3.162456,-3.5009134,-3.663391,-3.7610393,-3.8260252,-3.9425035,-4.0288515,-4.1038647,-4.1862874,-4.297082,-4.3777113,-4.5314345,-4.7656064,-5.009266,-5.1714625,-5.253926,-5.175703,-5.090701,-5.152964,-5.2417274,-5.1254783,-4.6528945,-4.2602963,-4.076976,-3.9829965,-3.9790068,-3.9781475,-3.9491644,-3.7406626,-2.579188,-2.1724653,-2.4781744,-2.345782,-1.7925951,-1.3031912,-0.96987057,-0.78147566,-0.3788378,0.041995853,0.4437183,0.69603956,0.66792077,0.25439322,-0.18448322,-0.50317776,-0.7394719,-1.0237622,-1.1925616,-1.3349631,-1.5071824,-1.7624446,-2.0983238,-3.287949,-4.0837145,-4.5195885,-4.589534,-4.4298306,-4.260577,-4.2097683,-4.377739,-4.4324417,-4.182252,-3.6097207,-3.2913613,-3.2490182,-2.6425881,-3.0035849,-3.3550763,-3.199397,-2.988623,-2.7098975,-2.684986,-3.3446984,-4.1009426,-4.3290944,-4.5487604,-5.5928564,-5.7606497,-5.5692863,-5.0448236,-3.8513713,-3.3112001,-3.498423,-3.899316,-4.2211494,-4.831087,-5.1250606,-5.2734995,-5.200886,-5.3256106,-5.0871224,-4.6542425,-4.303426,-3.962256,-3.729527,-3.757905,-3.7570808,-4.046056,-4.482572,-4.9633207,-5.0437045,-5.0280027,-4.817934,-4.93847,-5.030545,-4.7681985,-4.0962744,-3.7046852,-4.1001835,-4.2177277,-4.041052,-4.0930667,-4.3742685,-4.699068,-4.7982183,-4.853229,-4.8775334,-4.9813066,-5.0456486,-4.783516,-4.584697,-4.7847276,-4.9782343,-4.7162895,-4.1525,-3.7303953,-3.6310387,-3.3410754,-2.9050636,-3.0999413,-3.4905777,-3.4349504,-3.2318933,-3.2060742,-3.1907372,-3.1276646,-3.0966187,-3.1241412,-3.2013354,-3.2752407,-3.3341742,-3.379136,-3.4719963,-3.6220953,-3.7014225,-3.702632,-3.57656,-3.2320552,-2.8506072,-2.8010879,-3.168444,-3.5350595,-3.6875453,-3.7003899,-3.674754,-3.670995,-3.7098956,-3.800326,-3.9836845,-4.285504,-4.4724684,-4.524911,-4.691848,-4.923283,-4.976118,-4.975976,-5.0916486,-5.5127864,-5.8960667,-6.0949254,-5.682557,-5.517404,-5.551672,-5.444044,-5.347663,-4.8119097,-4.8118744,-4.8118587,-4.811898
