0,1,2,3,4,5,6,7,8,9,10,11,12,13,14,15,16,17,18,19,20,21,22,23,24,25,26,27,28,29,30,31,32,33,34,35,36,37,38,39,40,41,42,43,44,45,46,47,48,49,50,51,52,53,54,55,56,57,58,59,60,61,62,63,64,65,66,67,68,69,70,71,72,73,74,75,76,77,78,79,80,81,82,83,84,85,86,87,88,89,90,91,92,93,94,95,96,97,98,99,100,101,102,103,104,105,106,107,108,109,110,111,112,113,114,115,116,117,118,119,120,121,122,123,124,125,126,127,128,129,130,131,132,133,134,135,136,137,138,139,140,141,142,143,144,145,146,147,148,149,150,151,152,153,154
13.473293,11.649956,13.486189,13.43232,13.232103,13.040156,12.331894,11.608179,10.591625,7.6644316,4.3416147,2.083049,0.9364295,0.1110617,-0.7342212,-1.0524548,-1.0480156,-1.4141119,-1.2633393,-1.0709801,-1.2586873,-1.1866324,-0.31176275,0.3411517,0.46135145,0.36095122,0.57896,1.2989066,2.9523847,4.63192,5.408482,4.54808,3.4599838,2.6253119,2.3332567,2.6914663,2.5175917,1.9084263,1.4212897,0.6469624,-0.41672152,-0.9038818,-0.6596099,-0.8152593,-0.8193778,-0.6145081,-0.37545043,-0.1991652,-0.110066116,0.008670084,0.24485213,1.3017144,1.3830643,1.1359193,0.83591366,0.3995138,0.119511634,0.17125005,0.38696274,0.9266121,1.1192629,1.0535258,1.0710522,1.2904618,1.5927253,1.8546271,1.9657245,2.406601,2.743507,2.748041,2.52591,2.4447467,2.3124452,1.8657515,0.5256815,-0.6246932,-0.37057832,-0.122934535,0.20670164,0.29059044,-0.75420225,-1.8373625,-2.1460743,-2.1572485,-2.077668,-1.916643,-1.6557176,-1.488302,-1.0450451,-0.9263458,-0.70544946,-0.10584599,1.0749747,2.1312234,2.629756,3.4306548,4.2731853,5.1696033,5.3243895,5.4287148,5.364936,4.09491,2.7367096,1.3912086,0.68533695,0.22385949,0.2319647,0.42893568,0.30464715,0.20234713,0.09065098,0.06373562,0.027678015,0.14644039,0.28956068,0.62513536,0.8010316,0.9527096,1.1129385,1.1227231,1.0641619,1.0985589,1.1308839,1.0823663,0.99112546,1.0369115,0.97183657,1.0006343,1.2256452,1.3416833,1.868781,2.8315694,4.08814,4.790619,5.2838125,4.030395,3.1184921,2.9221363,2.9419956,3.3641386,4.935318,5.647554,5.937627,6.496904,7.2733274,7.251807,7.4828444,8.26247,9.24492,10.418449,12.5540695,13.258511,11.599064,11.598538,11.598564
-2.8774416,-2.3780794,-2.8548198,-2.8333094,-2.7620482,-2.7394533,-2.7402062,-2.7732213,-2.6354733,-2.6380813,-2.4648519,-1.9777614,-1.2401046,-0.9349097,-0.57896876,-1.0779641,-1.8663434,-1.8116498,-1.7959155,-1.9669672,-1.8321902,-1.9432219,-2.359381,-2.3926103,-2.3848712,-2.3350663,-2.279897,-2.1298277,-1.8871754,-1.9604837,-2.4509745,-2.4750965,-2.296246,-2.1312256,-2.170748,-2.1833615,-1.9945216,-1.8981042,-1.8823467,-2.041367,-2.5265532,-2.6784978,-2.2157128,-1.4610809,-1.2343239,-1.4316589,-1.6546453,-1.8181256,-1.8785095,-2.0500145,-2.1538067,-1.8852546,-1.7759478,-1.8146923,-2.0356536,-2.3248608,-2.5085425,-2.7473683,-3.0148668,-3.3036103,-3.333803,-3.281133,-3.325276,-3.3915055,-3.4103808,-3.3506327,-3.0909822,-2.7247152,-2.6024625,-2.5170927,-2.5124583,-2.5875547,-2.6931481,-2.7008924,-2.4632895,-2.3053544,-2.5174813,-2.7000961,-2.9218445,-2.9697926,-3.0014775,-3.0520759,-2.8610713,-2.7270062,-2.5686162,-2.3402867,-2.1742752,-2.2421556,-2.0200965,-1.746475,-1.9004939,-2.3078358,-2.696817,-2.5626764,-2.3050694,-2.2780256,-2.4140737,-2.545557,-2.4053555,-2.5985768,-2.4427435,-2.0051057,-1.6072378,-1.4295412,-1.4045653,-1.6079578,-1.6179854,-1.5562484,-1.587651,-1.5778133,-1.6955192,-1.8030204,-1.8340988,-1.8823493,-1.9417931,-2.0759325,-2.187129,-2.2779403,-2.3265395,-2.3264747,-2.2810078,-2.2109199,-2.2096696,-2.1608777,-2.170349,-2.1814272,-2.1690664,-2.1615458,-2.161705,-2.0722363,-1.9906499,-2.0607226,-1.6378615,-1.6896828,-1.8983268,-1.7829664,-1.9172394,-2.1232333,-2.326356,-2.485694,-2.4715695,-2.3972497,-2.3716154,-2.597515,-2.869983,-2.8433356,-2.5367956,-2.5893111,-2.7145734,-3.097382,-3.0754945,-2.9898787,-2.3616738,-2.3616402,-2.3616707
-0.49104044,0.15272793,-0.6280886,-0.70071274,-0.7646687,-0.87991357,-0.8967408,-0.832876,-0.7195719,-0.1905706,0.31802815,0.50988066,0.57768875,0.118189305,-0.86725503,-1.7692442,-2.897119,-3.3688664,-3.326301,-2.5946088,-1.397125,-0.1533798,0.5268694,0.9515394,0.77049446,0.6896509,0.6102222,0.480299,0.098950766,-0.1831123,-0.7975075,-0.4705541,-0.29273248,-0.25777,-0.30455086,-0.23232833,-0.34975243,-0.498306,-0.46906984,-0.72440416,-1.0302153,-1.3859308,-1.7884853,-2.610571,-2.8878016,-3.0298471,-3.1013603,-3.1010242,-3.053513,-2.858909,-2.1713839,-1.432224,-1.4092661,-1.5123743,-1.5775853,-1.4442863,-1.1908287,-0.8766211,-0.22958219,0.34913027,0.78093797,1.4530389,2.1719272,3.4590254,4.9144645,5.6659713,7.4898696,9.764515,10.641288,10.962008,11.071228,11.057282,11.005353,10.983633,10.537022,8.642292,5.67656,2.8912385,0.4924094,-1.343287,-2.2360048,-2.9111185,-3.3520966,-3.3983798,-3.4506006,-3.511539,-3.5922642,-3.729508,-3.960187,-4.0670953,-3.5696237,-2.9405496,-1.7584149,-0.8614644,-0.58405375,-0.72488284,-0.75212395,-0.69528544,-0.72867125,-0.8903998,-1.0073923,-0.9338664,-0.90423906,-0.9543052,-1.0318836,-1.1047149,-0.92354643,-1.0503104,-1.2129257,-1.2712929,-1.2756729,-1.2420062,-1.1735883,-1.1845143,-1.1649133,-1.1291897,-1.1219242,-1.1052859,-1.1112113,-1.0759139,-1.1065617,-1.1921018,-1.1470499,-1.0736609,-1.0011197,-1.0199118,-1.0913125,-1.2440104,-1.5580547,-1.6375813,-1.3661506,-1.1268533,-1.2195125,-1.0872285,-1.1244888,-1.6291872,-2.1733546,-2.6534617,-2.8513813,-2.6702154,-2.3679001,-2.2565203,-2.2708511,-2.2430844,-2.468803,-2.5266323,-2.5147362,-2.338169,-2.0496376,-1.9725778,-1.4457372,-1.2391262,0.1394603,0.13988808,0.1399332
-1.9409518,-0.46063906,-1.921908,-1.8664528,-1.5850801,-1.3283936,-0.7938724,-0.52434397,0.046628844,1.0908325,1.6607552,1.9348223,2.4717836,2.9976578,3.3875546,2.3653736,0.1607508,-0.6540524,-1.3238187,-1.7012509,-1.7159529,-1.6754982,-1.7588522,-1.7807583,-1.9386097,-2.1237063,-2.3834014,-2.5967412,-2.6025944,-2.5563836,-2.730908,-2.4654274,-2.4129207,-2.4355676,-2.5190902,-2.5203142,-2.42312,-2.2809882,-2.0689108,-1.9355502,-2.2177787,-2.5227726,-2.4748926,-2.0427039,-1.7059374,-1.5165615,-1.5324576,-1.5425297,-1.4306575,-1.2504419,-0.86565375,-0.56515265,-0.53681225,-0.63498455,-0.82327145,-0.9937049,-1.1113714,-1.3724772,-1.632468,-1.8934205,-1.962991,-2.01383,-2.080222,-2.1925733,-2.3347507,-2.2852066,-2.357453,-2.4352198,-2.336634,-2.2445328,-2.2183712,-2.3359482,-2.4864087,-2.5046146,-2.077251,-1.5279404,-1.0511819,-0.8150568,-0.901957,-1.2694573,-1.6548721,-1.9354651,-2.0007176,-1.9282143,-1.9190073,-1.8006144,-1.5945991,-1.9775065,-2.1450279,-1.8548156,-1.4821258,-1.1322539,-1.0709962,-1.2603177,-1.2677486,-1.4331633,-1.6131432,-1.3408017,-0.9746728,-0.87806445,0.5687667,1.8522646,2.6885476,3.4014013,3.9715395,3.7281384,4.1212626,3.8249426,2.7968752,2.156801,0.9580411,0.0873819,-0.39401987,-0.69732356,-0.7477596,-0.88425803,-1.1094401,-1.3497809,-1.5647637,-1.7303171,-1.7418792,-1.7422142,-1.7672672,-1.7294353,-1.6867793,-1.6252737,-1.3993849,-1.3464406,-1.2716014,-1.1634046,-1.0116421,-0.70774627,-0.31338692,-0.45081288,-0.8765825,-1.061696,-1.4006897,-1.6847005,-1.911077,-1.9034988,-1.6973236,-1.4781966,-1.4194081,-1.4747427,-1.5588019,-1.4600109,-0.9738653,-0.62731314,-0.5940398,-0.87252986,-1.1338769,-1.4053663,-0.42205065,-0.42202866,-0.4220793
-0.60869396,0.38535446,-0.7754535,-0.86183596,-1.011435,-0.97951555,-0.9500148,-0.8107804,-0.61453766,-0.4504347,-0.5427515,-0.91698045,-1.6613095,-2.0051336,-1.7815102,-0.87161666,0.5058105,1.1152966,1.1540976,0.87256265,-0.052787535,-1.2149513,-1.5400845,-1.3662808,-1.0357882,-0.787657,-0.5633334,-0.26112017,0.22040722,0.3015133,-0.18089223,-0.93813264,-0.86597854,-0.9718216,-1.0546536,-1.1317296,-0.81084627,-0.44568622,-0.6145058,-0.5654358,0.49901825,2.3036935,3.1779988,3.7920218,3.8684354,3.9558792,3.9930995,3.8825338,3.5440955,2.9281197,1.0967963,-1.0324097,-1.4061711,-1.333554,-1.1035583,-1.0734764,-1.5468843,-1.8333154,-2.2000775,-2.5013833,-2.519437,-2.3099666,-1.9235189,-1.619048,-1.3691691,-1.2265438,-0.9543195,-0.9779846,-1.2888454,-1.6342865,-1.7287385,-1.7530534,-1.8676661,-2.000685,-2.1565042,-2.1139302,-1.9619665,-1.6320639,-1.263531,-0.99461013,-0.32498735,0.6595473,1.3975401,1.5384492,1.461709,1.2827861,0.8884486,1.0070777,1.273916,1.0646342,0.43212336,-0.8166383,-2.6287978,-3.3269012,-3.256322,-2.8270862,-2.5059147,-2.3885212,-2.1705592,-1.9766865,-1.3913345,-0.7164158,-0.23082641,0.5941011,1.7072058,4.3749185,6.8412676,8.693709,9.588413,10.067017,10.587168,10.844061,10.931213,10.982149,10.9897995,10.966804,11.044462,11.088697,11.106491,11.118589,11.058344,10.961552,10.860205,10.770592,10.571991,10.37702,10.147264,10.00897,9.877886,9.730201,8.892836,6.795429,3.2367074,1.039545,-0.1259157,0.11351997,0.65282923,0.69962734,0.6043942,0.49830732,-0.0971717,-0.07724293,-0.17591247,-0.1738105,0.030861136,0.042969987,0.00744354,-0.061428085,-0.12486328,-0.13090998,-0.7542691,-0.8443316,0.40056202,0.40023884,0.4002149
-2.4838986,-3.0778484,-2.659213,-2.678074,-2.708242,-2.6100535,-2.453977,-2.2558374,-1.9666196,-0.86740875,-0.47973397,-0.2435725,0.12234533,0.07962644,-0.45896214,-1.4631553,-1.4602277,-1.3386943,-1.4856763,-1.8667397,-1.9651034,-2.0880644,-2.7150388,-2.8973107,-2.8686075,-2.7520685,-2.6183834,-2.4745457,-2.597847,-2.6037908,-2.6082287,-2.3684812,-2.1466894,-2.0141263,-2.0506601,-2.015317,-1.7951021,-1.3750916,-0.96888196,-0.5314059,-0.8871951,-1.3598666,-1.1194164,0.06986615,1.1090006,1.9630263,2.6507444,3.0272224,2.7300165,2.1477346,1.2000515,-0.30032682,-0.8384461,-1.1247821,-1.3335147,-1.5225232,-1.8168621,-2.0878634,-2.4880743,-2.7030458,-2.6893535,-2.6959374,-2.707148,-2.9273562,-3.1230407,-3.2156105,-3.2577841,-2.7258282,-1.5354211,-0.21000002,0.28080857,0.3606217,0.986418,2.3613622,5.5440016,8.803734,9.904203,10.371477,10.610363,10.4989195,10.054852,8.648831,6.764182,6.1080723,5.195452,4.456812,3.866109,2.8799717,1.4092886,-0.004119098,-1.3508756,-2.223781,-2.500832,-2.943364,-3.1726089,-3.0033054,-2.7518055,-2.2960835,-1.7262958,-1.6561427,-1.5126408,-1.0031778,-0.5160315,0.13527858,0.44055724,-0.15441662,-0.9139729,-1.6835979,-1.8706846,-1.9444091,-1.8924634,-1.8046525,-1.8406993,-1.8416116,-1.864892,-1.8618948,-1.6528724,-1.3612223,-1.1370482,-1.053241,-1.0119038,-1.0536987,-1.1480618,-1.2144156,-1.2485108,-1.1519523,-1.0020242,-0.916359,-0.79088306,-0.7925931,-1.269305,-2.2105365,-3.0904193,-3.4872925,-3.535376,-2.915246,-2.4636698,-2.1408367,-1.9092462,-2.043298,-2.3044496,-2.551136,-2.6000817,-2.773439,-2.8638978,-2.7107806,-2.7962673,-2.7723055,-2.8169186,-3.0988812,-3.527721,-3.2317114,-3.040835,-3.0407696,-3.0408072
-3.0711799,-2.9991393,-3.0770617,-3.091776,-3.1760564,-3.2532902,-3.3308253,-3.3541346,-3.362653,-3.307145,-3.1468043,-2.8732028,-2.5200481,-2.1075847,-1.1990173,-0.37197217,0.6340766,0.9158612,0.66905224,-0.17635655,-0.57256114,-0.9128445,-1.7891492,-2.2465286,-2.257823,-2.2317247,-2.3358078,-2.6058326,-2.957396,-3.061327,-2.9974542,-3.1070876,-3.1715531,-3.075787,-3.0365987,-3.0670748,-3.0039592,-2.8939757,-2.8410506,-2.5518768,-1.9113218,-1.6060035,-1.5100535,-0.9629284,-0.8527071,-0.7548156,-0.56930596,-0.52438366,-0.7821426,-1.2414207,-1.9484533,-2.545249,-2.621479,-2.7723494,-2.9793754,-3.0926523,-3.0621243,-3.028263,-2.9462972,-2.7611299,-2.6016014,-2.4317284,-2.2985513,-2.3149762,-2.3064857,-2.3396885,-2.3391252,-2.4380898,-2.5205097,-2.5100837,-2.549909,-2.5690446,-2.4891558,-2.3466046,-1.9427483,-1.6443985,-2.1248841,-1.8835294,-1.2559545,-0.26551452,0.81186926,1.6423583,1.9367048,1.9371758,1.9814638,1.9306822,1.8382434,2.0312011,2.0736988,1.9618711,1.3412849,0.6580672,-0.49028164,-1.8664453,-2.4874616,-2.8100233,-3.0737863,-3.220746,-2.9773815,-2.512189,-2.3561113,-2.1958933,-1.974937,-1.7110214,-1.6702635,-1.8076138,-1.9834852,-1.9750549,-1.9674836,-1.9407883,-1.9003189,-1.8936156,-1.8660419,-1.8680406,-1.9633574,-2.087208,-2.1319506,-2.1311598,-2.140934,-2.1358309,-2.130598,-2.0217648,-1.9550374,-1.9879787,-1.9597611,-1.8793988,-1.811238,-1.692103,-1.5076963,-1.434756,-1.5911105,-1.5070251,-1.585386,-2.074863,-2.429863,-2.4325552,-2.356232,-2.0069373,-1.618783,-1.6438701,-1.6535327,-1.7770655,-1.8736088,-2.0795283,-2.2488737,-2.301598,-2.3971252,-2.78836,-3.1373584,-3.2636318,-3.258931,-3.1639042,-2.9879928,-2.988111,-2.9881277
-0.95611584,-0.27125227,-1.099229,-1.1915872,-1.0927812,-0.96881807,-0.71516556,-0.5288571,-0.37434912,-0.39628392,0.01937434,0.27445084,0.73670626,1.1396658,1.6367028,1.2633171,0.8212804,0.7608684,0.66941035,0.26937276,-0.33595747,-1.1077726,-1.7623968,-1.9362296,-2.0029664,-2.1280847,-2.2013762,-2.1112912,-2.0763526,-2.0386295,-1.9622701,-1.2582362,-1.240843,-1.4010146,-1.6838286,-1.7696769,-1.4841292,-1.2227222,-1.0087484,-1.0623984,-1.7604045,-1.9840727,-1.5442418,-0.5498672,0.17776604,0.761775,0.99417806,1.3363602,1.8562558,2.3688843,3.0335455,3.658224,3.456245,3.2128196,3.1560655,2.6788943,1.9147701,1.2028193,0.19706742,-1.0563214,-1.6524467,-1.9659789,-2.0970914,-1.9862789,-2.0208302,-1.8743199,-1.7498802,-1.6416742,-1.7513282,-1.9932945,-2.139103,-2.303456,-2.4218001,-2.352317,-1.7373366,-1.0888461,-0.80447555,-0.77774274,-0.79588175,-0.9620917,-1.4120117,-1.6293536,-1.4538767,-1.3249213,-1.0708131,-0.84428227,-0.5349618,-0.64729357,-0.36376798,0.10132474,-0.1076411,-0.8535905,-1.458264,-1.6994044,-1.7553015,-1.930347,-1.7213433,-1.2310247,-1.0066416,-1.5037255,-1.2769847,-1.0025722,-0.7459139,-0.61550057,-0.45760062,-0.5660401,-0.5501378,-0.6220279,-0.66591257,-0.56654185,-0.5329573,-0.5045779,-0.5754181,-0.6740786,-0.6149475,-0.6441439,-0.6757044,-0.66442394,-0.5812793,-0.5348493,-0.26885223,-0.19190365,-0.20494646,-0.017684162,0.16138732,0.23956257,0.5919695,0.68383723,0.87196505,1.0388155,0.9902916,0.8615174,1.2628464,0.89535046,-0.13713363,-0.22594509,0.029364854,0.35044092,0.5631703,0.41473895,0.8145188,1.2158922,1.3728802,1.1359298,0.77236575,1.2845888,1.9597785,1.9457718,1.8735061,1.1105957,0.3738373,-0.2046148,-0.26709855,-0.2670002,-0.2670166
-1.3183427,-1.8774192,-1.2059712,-1.1464915,-1.1760262,-1.1641513,-1.3040831,-1.4402854,-1.4911866,-1.5793275,-1.5695726,-1.7189912,-2.018238,-1.5153131,-0.3940165,0.8007858,1.8304483,2.311071,2.1873498,1.7221808,1.3313063,0.44931543,-0.6910994,-1.3646048,-1.4506135,-1.4994904,-1.3903396,-1.2792602,-1.1170852,-1.1159772,-0.9494289,-1.5506008,-1.6626804,-1.6302706,-1.4567314,-1.407579,-1.1273665,-0.88754284,-0.98882973,-0.6074182,0.34357423,1.0746076,1.1819644,1.5486616,1.6423502,1.5573786,1.4820783,1.3969823,1.2787495,1.0181094,0.35255548,-0.83486664,-1.0328197,-0.9941442,-0.8643162,-0.84499115,-0.7271662,-0.6016021,-0.67667663,-0.87777746,-0.941353,-0.8057596,-0.5866602,-0.3411908,-0.1589429,-0.005410984,0.094858766,-0.1322202,-0.8184404,-1.3802471,-1.6235151,-1.7028433,-1.7772454,-1.8289802,-1.628929,-1.2653563,-1.4110177,-1.3065147,-0.81986964,-0.32953206,0.04170975,0.25255153,0.10343704,-0.11076214,-0.24733396,-0.39200473,-0.44193563,-0.08378942,0.363096,0.5325352,0.3196336,-0.13109669,-0.80934656,-1.1705384,-1.1440982,-0.8643422,-0.55366385,-0.40268034,-0.71330035,-1.2154053,-1.5552223,-1.4989673,-1.5055175,-1.3580246,-1.1936189,-1.3176652,-1.5790565,-1.55195,-1.574434,-1.6102731,-1.7064164,-1.8296278,-1.9205205,-1.9643711,-2.0616784,-2.1716614,-2.2043536,-2.2455745,-2.2746458,-2.305943,-2.2647347,-2.1992574,-2.1358216,-2.0673532,-1.957211,-1.8728986,-1.7018902,-1.5413551,-1.163979,-1.022913,-0.9249203,-0.96883297,-1.275208,-1.444392,-1.4547043,-0.91809607,-0.43473676,0.14351314,0.6473576,0.7252774,0.6654514,0.2514595,0.119869426,-0.0586437,-0.13806689,-0.24017094,-0.62561333,-1.1336064,-1.7512991,-2.0013058,-2.2011333,-2.004148,-1.8845999,-1.885061,-1.8850744
-3.638789,-3.1485982,-3.5908394,-3.5748475,-3.6705277,-3.71926,-3.7846012,-3.6458397,-3.30058,-2.7802527,-2.7151937,-2.67208,-2.80007,-3.193915,-3.5224166,-3.4084253,-2.4928916,-1.8674785,-1.9713221,-2.4597158,-3.1025066,-3.5176148,-3.2042446,-2.7312317,-2.394417,-2.2245092,-2.3649251,-2.789284,-3.31395,-3.3835695,-3.3471742,-3.3678198,-3.3886912,-3.3416903,-3.265245,-3.299368,-3.2281106,-3.1052468,-3.2677712,-3.4768808,-3.420413,-2.774951,-2.374192,-2.002465,-2.104213,-2.3020072,-2.389165,-2.5084896,-2.7000275,-3.0463753,-3.8806539,-4.4830465,-4.388318,-4.24162,-4.0879984,-3.8875303,-3.824185,-3.785713,-3.7000587,-3.5826442,-3.4565763,-3.3344698,-3.266241,-3.3419251,-3.286274,-3.3671818,-3.1364498,-2.919578,-2.709931,-2.4658403,-2.2877433,-2.2447104,-2.1824737,-1.9407792,-1.3914742,-0.96227646,-1.208017,-1.347631,-1.4249146,-0.90210754,0.4088691,2.1259022,3.5751753,3.956654,4.123904,4.1053696,3.705387,3.621425,3.281774,2.7991056,2.0006993,0.3982376,-1.7139716,-2.7230492,-2.9476805,-3.0259032,-3.2799678,-3.612409,-3.1904974,-3.0398285,-3.2590861,-2.9010997,-2.4558332,-1.8628087,-1.2734609,-0.4636297,0.526075,1.4516965,2.1354756,2.4079592,2.752209,2.9707792,3.1459885,3.211086,3.298894,3.3471313,3.1905136,3.1573443,3.018952,2.9568279,2.9134326,2.9769092,2.8102915,2.617122,2.394074,2.0463905,1.6328189,1.2701446,0.8269077,0.7817834,0.519974,-0.62778175,-2.253016,-2.9503756,-3.1098773,-2.9057045,-2.7724128,-2.8891435,-2.968501,-2.9810476,-3.504517,-3.5359514,-3.5043993,-3.4503975,-3.3193452,-3.3042645,-3.2464309,-3.1534772,-3.012988,-2.6014264,-2.372859,-2.4126325,-3.1443105,-3.1444476,-3.1444578
-1.7714655,-1.4524506,-1.7418776,-1.7170467,-1.4983383,-1.3903021,-0.9549484,-0.6738981,-0.34824842,0.45981765,0.8315442,0.93651974,1.4194705,0.99987495,0.36066598,-0.24456698,-1.2285511,-1.6312443,-1.5738324,-1.4935906,-1.3395343,-1.0923499,-0.845487,-0.6599251,-0.8562359,-0.9538365,-1.0943487,-1.3899827,-1.9614997,-2.2276444,-2.2932131,-1.6561253,-1.3918753,-1.2856541,-1.3383456,-1.3436474,-1.5114636,-1.6815686,-1.555553,-1.7086394,-2.1995716,-2.6580992,-3.0448847,-3.190699,-2.873932,-2.5726407,-2.2147715,-1.8389509,-1.5239619,-1.2903513,-1.1279277,-0.8844055,-0.53977853,-0.60212445,-1.0007359,-1.1922479,-1.1627762,-1.1307578,-0.91705287,-0.76072466,-0.65328157,-0.55582446,-0.47716725,-0.25283465,-0.051853567,-0.062354922,-0.36320233,-0.16047445,0.56262267,1.2809179,1.6373694,1.7740066,1.8755862,1.8648777,1.6818655,1.0303857,0.95823526,0.6312221,-0.067271605,-0.580146,-0.80168116,-1.2407916,-1.522968,-1.5338309,-1.4848624,-1.4009298,-1.2791178,-1.5934148,-1.8704284,-1.4352108,-0.4904518,0.23547748,0.40433806,0.42428353,0.2389934,-0.38053706,-0.904086,-1.229697,-0.82503563,-0.0039975643,1.2046189,1.5212653,1.5793291,1.3026421,0.964556,0.948019,1.0982862,1.0889101,0.9298326,0.76970637,0.53464067,0.3473568,0.2257122,0.056095473,0.011735953,0.0019885972,-0.03419651,-0.06231071,-0.08220733,-0.06913374,0.012496352,0.014981344,0.13125843,0.25898978,0.39594182,0.46644717,0.47602656,0.3965759,0.08288656,0.08910315,0.40867075,0.7997098,0.90775824,0.8617961,0.74014425,0.32580218,-0.2839075,-0.59301233,-0.7441712,-0.6492465,-0.6548208,-0.89688396,-0.9891586,-0.9772863,-1.1933153,-1.4545835,-1.5488487,-1.5551691,-1.4238504,-1.4720776,-1.4009678,-1.400382,-1.4355679,-1.4352455,-1.4352521
-4.852431,-3.8832262,-4.867283,-4.850947,-4.8936787,-4.910084,-4.846532,-4.7600865,-4.4900255,-4.128145,-3.8246856,-3.4489648,-3.223602,-2.9372375,-2.1566057,-0.88922995,-0.5076102,-0.987635,-2.040046,-3.0289488,-2.98065,-2.5688212,-2.9002953,-3.129717,-3.1703432,-3.0993419,-3.1363933,-3.2312057,-3.2713811,-3.2954593,-3.4844046,-3.888234,-3.757481,-3.4538362,-3.2739267,-3.2784538,-3.331534,-3.4085124,-3.4703145,-3.2012618,-2.434928,-1.6561142,-1.2802278,-0.91703373,-1.1313236,-1.3222886,-1.4942429,-1.8311769,-2.1788735,-2.517939,-3.7338037,-4.9298744,-5.010614,-5.023245,-5.0505805,-4.9142237,-4.7026362,-4.5629845,-4.319789,-4.0361896,-3.8623195,-3.7486627,-3.7074971,-3.7235775,-3.6738684,-3.7235253,-3.6364021,-3.6435506,-3.7434578,-3.6609578,-3.5370831,-3.4711037,-3.3207927,-3.0256977,-2.153596,-0.8212757,-0.65119314,-0.70500714,-0.94380736,-1.0870163,-0.7839309,-0.49415183,-0.21160589,-0.14940478,-0.18952078,-0.30159947,-0.4583853,-0.4083138,-0.526938,-0.9016799,-1.396106,-1.876056,-2.7627635,-3.3033834,-3.3307297,-3.2278147,-3.2837877,-3.3940516,-3.3026297,-3.3142934,-3.5553699,-3.1823092,-2.735837,-2.1794024,-1.8565981,-1.8625696,-1.7401354,-1.5841218,-1.5712397,-1.6112154,-1.6080353,-1.6192561,-1.5941281,-1.5797493,-1.628473,-1.6885703,-1.682167,-1.6515722,-1.6338177,-1.610504,-1.5510887,-1.4243574,-1.3625767,-1.3286846,-1.2536973,-1.1698956,-1.078021,-1.0382975,-0.9520871,-0.8935899,-0.8663156,-1.2446102,-2.368429,-2.888184,-3.005399,-2.6510873,-2.2735858,-1.9037118,-1.6859066,-1.7602656,-2.1374743,-2.2477975,-2.2526128,-2.3588336,-2.5337791,-2.4475586,-2.4262822,-2.7191741,-3.1189227,-3.3935013,-3.9015312,-4.03309,-3.8677363,-3.8680427,-3.868073
-3.0202641,-4.728433,-2.740918,-2.5849934,-2.478262,-2.4853153,-2.4231248,-2.1980164,-1.954126,-1.5243845,-1.5911456,-1.7299206,-1.6977687,-1.6895447,-1.3605707,-1.0349967,-0.13450852,0.39674324,0.17305501,-0.8738955,-1.9608024,-2.8097506,-3.0377398,-2.9393559,-2.7359633,-2.5806353,-2.6588626,-2.9074917,-2.9818134,-2.9193597,-3.0082266,-3.4412858,-3.5280252,-3.3066576,-3.1707215,-3.2345023,-3.3201113,-3.4618678,-3.7403493,-3.9513483,-3.6755295,-2.7518165,-2.219435,-1.8636122,-1.8965921,-1.8748581,-1.7324677,-1.6812514,-1.8330264,-2.1765301,-2.5768046,-3.077498,-2.8117142,-2.5850463,-2.5056264,-2.4164863,-2.4334252,-2.5288205,-2.708515,-2.807221,-2.6669867,-2.4999409,-2.4012375,-2.4943342,-2.466098,-2.513708,-2.3047414,-2.1847167,-2.540757,-2.6884656,-2.6511965,-2.5878456,-2.4556465,-2.2433522,-1.8031113,-1.2565814,-1.1482031,-0.58354163,0.6154741,2.9056466,5.648464,8.168826,9.435991,9.709946,9.967904,10.178686,10.212839,10.207646,10.167372,10.234255,9.544605,7.5549374,3.6211877,0.63380116,-0.4475816,-0.9643903,-1.5975013,-1.9786248,-1.8075075,-1.996803,-2.5467968,-2.621502,-2.4263551,-2.225777,-2.1565022,-1.8470409,-1.216244,-0.47703743,0.03635318,0.25454462,0.6084758,0.8699972,1.0652908,1.1538231,1.1103616,1.0038099,1.0453619,1.1295053,1.2281637,1.2745407,1.2711377,1.4598143,1.503002,1.3724512,1.2435691,1.105764,0.7696663,0.57999486,0.29920822,0.15451096,-0.35653317,-1.1913882,-1.9237621,-2.1960099,-2.2334373,-1.9742713,-1.7219925,-1.2648184,-0.89906806,-0.70798886,-1.1002821,-1.2867413,-1.3653119,-1.3774157,-1.3021337,-1.4136424,-1.55492,-1.8474761,-2.4318674,-2.796554,-3.3114493,-3.166937,-4.742815,-4.7429423,-4.7429366
-2.9825714,-2.719301,-2.9880743,-2.893079,-2.9269023,-2.8963957,-2.9318237,-2.9160185,-2.64424,-1.9143589,-1.6063206,-1.7286422,-2.0399227,-2.253081,-2.2606435,-1.8262321,-0.75335824,-0.1898098,-0.6447451,-1.4210947,-2.186732,-2.4874501,-2.4621012,-2.3474064,-2.1656115,-2.0236046,-2.0849588,-2.3175378,-2.1674693,-1.8567806,-1.7029285,-2.0260568,-1.9384787,-1.819232,-1.7733477,-1.9695327,-1.9660747,-1.8448678,-2.0725596,-2.0907974,-1.3485295,-0.011115342,0.40234196,0.7348984,0.77026784,0.89190185,0.94272816,0.8523197,0.57948846,0.07740079,-1.2423229,-2.5066285,-2.4925632,-2.2347307,-1.9651787,-1.8179866,-1.9826941,-2.1357791,-2.3572543,-2.4736586,-2.4168344,-2.2434936,-1.9629791,-1.904459,-1.7979724,-1.7514029,-1.4228381,-1.3111525,-1.4151571,-1.4850966,-1.4886584,-1.5062983,-1.5098395,-1.3989209,-1.0774835,-0.5453068,-0.3553977,-0.34537822,-0.43226302,-0.39798832,0.25970072,1.4954045,2.6090837,2.9134016,3.0981946,3.0792718,2.80654,3.0216098,2.9742613,2.4247696,1.4607906,-0.14886937,-1.9047141,-2.6651368,-2.6598556,-2.1282248,-1.883805,-1.9253308,-1.6170723,-1.7183396,-2.3125114,-2.1000319,-1.7618428,-1.2276577,-0.79084945,-0.0133600235,0.8363172,1.1800293,1.3219526,1.3968437,1.6288607,1.7830074,1.8656572,1.9618382,1.9584471,1.8693931,1.9868762,2.095818,2.1880937,2.2935061,2.2444873,2.2998633,2.337782,2.1614366,2.0154037,1.9423013,1.7135643,1.7313123,1.6215024,1.3788849,0.8173015,-0.41765493,-1.959973,-2.430069,-2.3600526,-1.7903643,-1.2429904,-1.0514224,-1.139513,-1.291321,-1.7760582,-1.8479369,-1.8206697,-1.7661115,-1.548327,-1.4501557,-1.559316,-1.6027732,-1.569592,-1.4378535,-1.7344573,-1.7500542,-2.7239048,-2.7241945,-2.7242045
-0.9478735,-1.1313628,-1.083314,-1.1659471,-1.2531282,-1.1406364,-0.8146317,-0.59396935,-0.6422285,-0.7436544,-1.1660384,-1.7687564,-2.082343,-2.064667,-1.5479487,-0.8646533,-0.17003298,-0.051435128,-0.4936024,-1.2465543,-1.5744662,-1.7325895,-2.1890383,-2.5725374,-2.5191674,-2.487097,-2.532127,-2.468183,-2.2049139,-1.9448698,-1.8465726,-2.2395191,-2.449234,-2.5822594,-2.6520603,-2.7383003,-2.753129,-2.6951218,-2.6822536,-2.6291962,-2.1254048,-0.9901017,0.06626803,0.71868265,0.87650096,1.0792557,1.141195,0.94313544,0.519124,0.017340481,-0.9537913,-1.8102874,-1.8178775,-1.6437305,-1.4109426,-1.396204,-1.7006888,-1.9680281,-2.3737774,-2.6411252,-2.6774235,-2.7368174,-2.7126987,-2.672368,-2.5326142,-2.4702044,-2.235323,-1.5199695,-1.2448362,-1.1516026,-1.1752689,-1.2577212,-1.0887284,-0.47052425,1.1861846,3.8268726,5.4132414,5.8471823,5.980255,6.2567434,5.7315884,4.680944,3.9439192,3.6399572,3.0797453,2.5656748,2.0646598,1.4508736,0.62827045,-0.27047822,-0.89394796,-1.1918924,-1.7635598,-2.4237037,-2.6635933,-2.5501306,-2.1733155,-1.7162832,-1.4641459,-1.6564317,-2.0275536,-2.2090702,-2.241378,-1.9632015,-1.6315159,-1.3739933,-1.0763314,-0.59756994,-0.4268155,-0.37237835,-0.25516433,-0.1609034,-0.17932361,-0.15385467,-0.19131029,-0.1786167,0.009959042,0.25781304,0.43313345,0.5236044,0.63769674,0.7040527,0.6881685,0.64658654,0.6042072,0.700481,0.823332,0.8787638,0.88092184,0.82264,0.3819381,-0.37192678,-1.3454123,-1.7146345,-1.7533259,-1.4209677,-0.938867,-0.49005347,-0.14991786,-0.26580903,-0.450186,-0.27147856,-0.11599718,-0.02248688,0.058580413,-0.006436944,-0.0020769835,0.2540837,0.35032076,0.26359746,-0.54250205,-0.7438218,-1.107658,-1.107778,-1.1078029
1.9552538,1.5231384,1.8656702,1.8192527,1.685523,1.6872423,1.4282498,1.064663,0.499942,-0.07901412,0.48001754,1.1952492,1.7909346,1.530261,0.82305884,0.49146482,0.21649984,-0.12744781,-0.6221937,-1.0595093,-1.9304997,-2.3617873,-1.6898997,-0.9813876,-0.7362823,-0.51762825,-0.06768695,0.45320857,0.32042336,-0.518643,-0.11690896,1.5234246,1.7271094,2.2150218,2.4681072,2.6486588,2.4849744,2.323895,2.6160386,2.2833931,1.8962445,1.2343289,1.1274402,1.2803638,1.1511365,0.7458073,0.259899,-0.4982105,-1.2104647,-1.8541949,-2.6160817,-2.121254,-1.9601719,-2.0068972,-2.1442256,-2.2515135,-2.292685,-2.1229968,-1.606111,-0.7802589,-0.34056702,-0.04074483,0.32656026,0.68736506,0.47409895,0.37866285,-0.4090706,-1.3373027,-1.1358852,-0.7280809,-0.4958846,-0.38746113,-0.38363189,-0.44311178,-0.90458906,-1.667367,-1.2596872,-0.8116235,-0.71540177,-0.7606497,-0.8998375,-1.1436944,-1.2777436,-1.223266,-1.1175376,-0.6515291,0.19722417,0.38942194,0.4144018,-0.5157924,-1.1934897,-1.6032084,-1.510939,-0.6174492,0.022533394,0.39933133,0.20547056,-0.59360343,-1.0604422,-0.9422679,-0.67412806,-0.6971872,-0.7640727,-1.3425553,-2.1534383,-2.63964,-2.5399997,-1.9701357,-1.3788176,-0.97903603,-0.37880623,0.1768862,0.5828801,0.76621115,0.8652036,1.0255202,1.0230784,1.1354083,1.1960639,1.3012508,1.4491142,1.5781132,1.609173,1.6439791,1.7478992,1.8228289,1.6583219,1.430629,0.69906557,0.095148064,-0.78561014,-1.22662,-0.8273517,-0.56139535,-0.43090567,-0.15636194,0.13407177,-0.2924611,-0.8984008,-1.1667091,-1.462124,-1.695857,-1.7918483,-1.8152022,-1.6990533,-1.6590971,-1.6575477,-1.3912112,-0.869012,0.021474585,1.0090314,1.111169,1.5165296,1.5168576,1.5168881
-0.5795014,1.821391,-0.6346456,-0.7862332,-0.8251252,-0.97267985,-0.87439036,-0.7640096,-0.99959385,-1.1285577,-1.4776152,-1.3676664,-1.1098384,-1.1239961,-1.4069734,-1.7088068,-2.0219522,-1.8016092,-0.16154617,1.9296368,3.1200886,3.405249,4.508152,4.85192,4.814616,4.6597285,4.3907175,3.9615893,3.1047626,2.47216,1.1938815,-0.17359746,-0.35826713,-0.27244973,-0.12387642,-0.35138425,-1.1174724,-1.5066391,-1.3184566,-1.4137437,-1.8369639,-2.7716255,-3.3034909,-3.2966042,-3.11318,-2.8686922,-2.5584784,-2.0888271,-1.622104,-1.0233537,0.44904765,1.8866799,2.3562393,3.0311017,4.1230407,5.3503075,6.432404,7.044029,7.934871,8.825965,9.263207,9.458061,9.433241,9.089291,8.696768,8.354674,7.5857406,4.848229,2.7873764,1.8420894,1.6580807,1.703191,1.7091218,1.6307361,0.6848627,-4.6677887e-05,0.073817566,-0.09858595,-0.3913824,-0.6520566,-0.8946684,-1.2503489,-1.8646822,-1.9860618,-1.9947606,-1.9253336,-1.8435311,-1.5351453,-1.0024132,1.5097282,5.6604023,8.204606,10.097807,11.044338,11.30036,11.463192,11.1761055,10.393565,9.425045,7.7021613,4.37708,2.2303796,1.3844153,0.49222204,-0.16782542,-0.5150353,-0.8497209,-1.3735968,-1.6169907,-1.6783198,-1.693533,-1.665836,-1.6476753,-1.6932542,-1.6920164,-1.7137802,-1.7485633,-1.8178763,-1.8718247,-1.9487679,-2.0179358,-2.1438484,-2.14502,-2.0063179,-1.9416869,-1.8297563,-1.7332897,-1.677048,-1.6047986,-1.3339216,-0.3145833,0.91209245,1.6469359,2.1243358,2.6002307,2.6703138,2.1468997,1.619737,1.3637416,1.3035626,1.0840302,0.7409452,0.64637285,0.37375417,0.07682097,-0.18782091,-0.32187253,-0.42850864,-0.34052008,-0.18218094,0.2973259,-0.10961336,1.8383064,1.8380569,1.8380204
0.73737365,0.07233967,0.7263609,0.7501694,0.7177258,0.6338391,0.44205472,0.34897995,0.12857336,-0.5049573,-0.6258162,-0.17062066,0.15489754,-0.13673332,-1.0423689,-1.9689256,-2.7703128,-3.0448537,-2.6922216,-1.7763767,-0.89782184,-0.49731272,-0.2214422,0.24660707,0.45020673,0.8245781,1.675061,3.0006962,4.8103395,6.3782105,8.0263605,8.877815,9.039585,9.170696,9.105628,9.010672,9.022251,8.922489,8.702828,8.500408,8.168869,7.2240067,5.6615453,2.9371564,1.663202,0.41152337,-0.618091,-1.3440516,-1.6177002,-1.7347559,-1.581429,-1.2984674,-1.4937614,-1.7737604,-2.107532,-2.1800256,-2.0717115,-1.9192307,-1.6635647,-1.4196656,-1.3268946,-1.3056912,-1.4236771,-1.504199,-1.5106225,-1.5170407,-1.5081121,-1.5018747,-1.289312,-1.0170346,-0.8296975,-0.7192145,-0.7230053,-0.8747644,-1.2886286,-1.4340807,-1.428586,-1.7501353,-2.0888908,-2.3219256,-2.3736053,-2.528716,-2.667041,-2.6690109,-2.6377358,-2.5849495,-2.5441022,-2.5308945,-2.7727938,-3.0853436,-2.856841,-2.326766,-1.8334751,-1.136873,-0.9826659,-1.171657,-1.3677528,-1.5286689,-1.8134452,-2.095395,-2.3785834,-2.5567293,-2.6841228,-3.0097127,-3.3157716,-3.4425673,-3.450205,-3.1779902,-2.9429407,-2.8321004,-2.7228162,-2.587492,-2.4175065,-2.3155768,-2.3098435,-2.3183215,-2.38936,-2.417086,-2.3990288,-2.330148,-2.2852898,-2.3018537,-2.3168519,-2.3051596,-2.3163679,-2.4421718,-2.56105,-2.724583,-2.846653,-2.8982968,-2.6100388,-2.0430381,-1.3782094,-1.0034269,-1.1726615,-2.0670962,-2.4357312,-2.5868938,-2.5669398,-2.4283085,-1.9847105,-1.6437821,-1.5862234,-1.3805228,-1.3651867,-1.5008163,-1.4680922,-1.2890452,-1.0558325,-0.75663984,-0.33877677,-0.05031392,0.05845888,0.059176385,0.059226662
-2.2990685,-2.3390298,-2.317639,-2.326583,-2.348793,-2.404354,-2.5167527,-2.6199982,-2.6300263,-2.7196627,-2.3462186,-1.6835011,-1.4630512,-1.6476464,-2.111646,-2.4123678,-3.071274,-3.2910213,-3.2432327,-2.7412415,-1.6973156,-0.34306693,0.6577426,1.0643644,1.0650349,1.0753486,0.94821423,0.657753,0.4088999,0.43086648,0.9565791,2.3546457,2.853705,2.9957023,3.019814,2.9109845,2.5737786,2.3803744,2.3464637,2.1978202,1.9624678,1.1015556,-0.109905,-1.8967973,-2.7814646,-3.4777331,-3.9643621,-4.2849517,-4.3799233,-4.321222,-3.6717157,-2.8672314,-2.899396,-2.9098814,-2.8555987,-2.5031183,-2.1378026,-1.840364,-1.4273121,-1.149871,-0.9687069,-0.7765375,-0.8668276,-0.90474766,-0.8427619,-0.9898657,-0.730226,-0.43997455,-0.44940484,-0.5812181,-0.5304862,-0.4310993,-0.46297586,-0.58602285,-0.8732761,-0.9914587,-1.0046706,-1.3751539,-1.9080341,-2.3738253,-2.395597,-2.34024,-2.6704822,-2.7727811,-2.9828556,-3.161615,-3.3674731,-3.544571,-3.8062897,-3.8453336,-3.213847,-2.6621132,-2.1122677,-1.2286391,-1.0888419,-1.5140392,-2.132567,-2.7138178,-3.2442102,-3.2461543,-3.4777045,-3.7057254,-3.7845993,-3.9229307,-4.225822,-3.9412427,-3.1184392,-2.6751127,-2.718565,-2.7091186,-2.724687,-2.715284,-2.6536353,-2.6413498,-2.6818018,-2.7502682,-2.849048,-2.9290612,-2.9969418,-2.9928403,-3.0450358,-3.1095183,-3.1507282,-3.1683629,-3.2064085,-3.391017,-3.6011972,-3.8443666,-4.0805936,-4.141505,-3.990862,-3.978022,-4.0732155,-3.9140105,-3.8307495,-4.143508,-4.395644,-4.669406,-4.7671757,-4.6708994,-4.3688297,-4.2074184,-4.221904,-4.057634,-4.1398077,-4.067327,-4.061973,-4.057577,-3.9080012,-3.6251326,-2.8318372,-2.600996,-2.329875,-2.329434,-2.3294172
-1.7266002,-1.775204,-1.6051347,-1.5000176,-1.449943,-1.3382549,-1.0433187,-0.9404207,-0.8194531,-0.17915702,0.6798857,1.4447618,2.1925764,1.8338403,0.70351565,-0.4727908,-1.8205447,-2.579428,-3.4521127,-3.7593117,-3.8127732,-3.409474,-3.0650487,-2.6425776,-2.611522,-2.6296024,-2.8412833,-3.1847334,-3.658636,-3.8280873,-2.8758886,-1.597468,-1.2744429,-1.2394549,-1.3704896,-1.2856817,-1.1679357,-1.063636,-0.692032,-0.3519833,-0.6791508,-1.3664651,-1.6632186,-2.1012866,-2.3489518,-2.4877403,-2.6534452,-2.8918781,-3.1572778,-3.3554533,-3.218514,-2.4349153,-2.1023812,-2.061685,-2.2231824,-2.4177933,-2.6365085,-2.7789192,-2.7724903,-2.5509942,-2.4622104,-2.4626365,-2.5013177,-2.717711,-2.889144,-2.9053705,-2.9671597,-2.538718,-2.2228982,-1.8954303,-1.8420429,-1.933658,-1.9860471,-1.8377488,-1.4150413,-1.364417,-1.4637263,-1.306526,-1.3426474,-1.472244,-1.4418905,-1.7688713,-1.7622058,-1.5507563,-1.0375397,-0.53480273,0.15053284,0.1875475,-0.20694444,-1.0839125,-1.8568141,-2.4958463,-2.3792644,-2.1134965,-1.8771223,-1.7165582,-1.7525876,-1.80843,-0.9977001,-0.29223776,-0.443043,-0.3619069,-0.12067139,-0.29608402,-1.0137407,-1.8381433,-1.8939657,-1.7490957,-1.9413732,-2.215468,-2.646538,-2.918228,-3.0070267,-3.0520146,-3.035046,-3.0252497,-3.048737,-3.0768294,-3.1123939,-3.068091,-3.0096807,-2.9029894,-2.8824031,-2.8981776,-2.8891363,-2.878211,-2.8617299,-2.85918,-3.0424297,-3.1757708,-3.5045652,-3.4269278,-2.5619974,-2.3067145,-2.1327548,-2.0250802,-2.2424228,-2.710043,-3.0686681,-3.1779509,-3.3301983,-3.3590803,-3.2569675,-3.1253488,-2.964025,-2.774953,-2.4475803,-1.997091,-1.6573253,-1.3477073,-1.6425595,-2.0487127,-1.7776748,-1.7777729,-1.777791
-2.1404727,-3.0857232,-2.1555817,-2.1949599,-2.3830914,-2.4435596,-2.7530365,-2.7918372,-2.4258115,-1.560107,-1.125279,-1.234253,-1.6539185,-1.5647213,-1.0509398,-0.51693976,0.20950882,0.81679296,0.65103775,0.16175517,-0.309389,-1.0500106,-1.6452231,-1.8671658,-1.7725396,-1.7084054,-1.6953471,-1.7515206,-1.6270638,-1.4346795,-1.2199893,-1.6427212,-1.4924138,-1.5500776,-1.5279893,-1.5266247,-1.224067,-0.7994656,-0.8096845,-0.51050436,0.60146105,2.5312505,3.7216175,4.2381606,4.248769,4.0953493,4.0058165,3.7929397,3.6106443,3.1126142,1.7615541,-0.31203046,-0.8532514,-0.97414684,-0.8859551,-0.8272555,-0.8706252,-0.93703806,-1.3422489,-1.8616948,-2.0313754,-2.0717378,-1.9964042,-1.8475454,-1.6697524,-1.4897242,-0.93421996,-0.40454543,-0.6980832,-1.121452,-1.2489403,-1.2930882,-1.4201648,-1.5161088,-1.5884778,-1.7132543,-2.03132,-2.103688,-1.7216077,-1.1944503,-0.78040713,-0.22958428,0.17546022,0.17262715,0.036285758,-0.2246444,-0.68067646,-0.5278192,-0.3040169,-0.37804967,-0.680253,-0.867384,-1.5112219,-2.17655,-2.3857853,-2.3313649,-2.3327851,-2.3574142,-2.2283375,-1.9963068,-1.9872704,-1.6278796,-1.4662291,-1.1320379,-0.7164491,0.13823749,0.97000635,1.484127,1.6499002,1.7371919,1.9093603,1.9710155,1.9641043,1.9995261,1.9209745,1.7771232,1.7354048,1.6808099,1.6136788,1.5348761,1.3465757,1.2178032,1.1561393,1.0368345,0.8996724,0.78145385,0.6253407,0.6483308,0.78255254,0.79965925,0.5122099,-0.19214466,-1.2285142,-1.528871,-1.5639187,-1.0217651,-0.53383386,-0.27196807,-0.11053184,-0.09510697,-0.54148227,-0.93166065,-1.0455256,-1.2260356,-1.2810185,-1.3047107,-1.4911519,-1.7896886,-2.2777586,-2.578107,-2.7998576,-2.6713243,-3.085079,-3.0851667,-3.0851614
-5.332771,-4.449512,-5.263549,-5.2498593,-5.1922245,-5.183114,-5.089302,-4.996874,-5.051065,-5.2626343,-4.970778,-4.177513,-3.562973,-3.7836576,-4.147445,-4.203183,-4.6055074,-4.7878156,-4.869528,-4.574227,-3.8347743,-2.8352966,-1.6908107,-1.1419027,-1.1658636,-1.2244241,-1.5793192,-2.1894994,-3.046753,-3.7199109,-4.03786,-3.1395917,-2.560889,-2.3035643,-2.2436252,-2.2882955,-2.4628253,-2.4841533,-2.2445474,-2.162352,-2.3620384,-2.9340236,-3.2757103,-3.7643106,-4.174712,-4.6381874,-4.9394393,-5.1544437,-5.178022,-5.067731,-4.655717,-4.280087,-4.150441,-3.987703,-3.8122115,-3.3757346,-2.8344307,-2.4981194,-2.0021617,-1.56154,-1.286715,-0.98718536,-0.97588503,-0.9872849,-0.82048666,-0.90595746,-0.51469916,-0.804873,-1.5042986,-1.8798782,-1.9209025,-1.9069989,-1.9176989,-1.8645539,-1.9745412,-2.0885346,-2.2392468,-2.678123,-3.1822476,-3.5094094,-3.363776,-3.1618645,-3.178116,-3.2274425,-3.3565907,-3.4556146,-3.6501014,-3.6622853,-3.7301478,-3.1587873,-1.6374314,-0.94560814,-0.99033934,-0.5569477,-0.2701263,-0.418153,-0.94168836,-1.5255866,-1.4910922,-1.9110754,-3.244182,-3.652042,-3.6125855,-3.7306118,-3.931779,-3.7619505,-3.220297,-2.6642604,-2.554958,-2.5707898,-2.6495605,-2.7523875,-2.7721534,-2.8301966,-2.914574,-3.0439136,-3.213803,-3.3787143,-3.5511189,-3.6311526,-3.670958,-3.661958,-3.6503987,-3.616277,-3.612575,-3.6862729,-3.7397318,-3.8086512,-3.822382,-3.6700046,-3.292488,-3.2857025,-3.7336783,-3.8261604,-3.6934242,-3.5073879,-3.6283789,-3.9962053,-4.145217,-4.20689,-4.482725,-4.6739473,-4.739807,-4.8316584,-5.0483136,-5.0895176,-5.1743774,-5.361992,-5.44898,-5.4865155,-5.242194,-5.351238,-4.4240394,-4.4239693,-4.4239945
0.6008664,0.16111554,0.6452538,0.6331879,0.68181694,0.69695556,0.70413923,0.5665818,0.10445246,-0.89013,-0.70571566,0.15845028,0.6336932,0.3524178,-0.60989755,-1.1062454,-1.1325366,-0.9341972,-0.20788115,0.33623058,0.31194228,0.46081606,1.3284811,1.8651439,2.0300384,2.167111,2.3130472,2.2950356,1.7234111,1.148124,0.8944489,2.1554692,2.3741162,2.51123,2.4901028,2.3870883,2.1974664,2.0587666,2.1648397,1.848352,0.9885737,0.041130424,-0.35106423,-0.7890044,-0.8222673,-0.93928826,-0.91357243,-0.6039291,0.14470625,1.207695,2.8799481,4.0898037,3.937388,3.8335295,3.8402884,3.982574,4.030191,4.082678,4.154666,3.8525853,3.377486,2.9341846,2.494328,2.4195116,2.3085766,2.1483335,1.8687541,1.4595811,1.4735191,1.237149,1.1927526,1.377394,1.446725,1.3110516,0.82671416,-0.054225773,-0.75752014,-0.80985904,-0.80000114,-0.82355046,-0.89794916,-0.8739872,-1.1430602,-1.1657032,-1.1594937,-1.1518159,-1.1137002,-1.4374878,-1.7769016,-1.7125373,-1.3670353,-0.8119086,0.4542109,1.6979885,1.9162339,1.3784435,1.3912263,1.4703689,0.7672735,0.7593945,1.3501153,0.96708304,0.4322227,-0.20627594,-0.60743535,-0.7644321,-1.1660659,-1.5737886,-1.5669148,-1.3951998,-1.0603971,-0.7011993,-0.4748867,-0.39355615,-0.34484953,-0.21966298,-0.2448983,-0.23057131,-0.18401107,-0.16523789,-0.08597868,-0.1465586,-0.17922373,-0.12801063,-0.025762238,-0.14872473,-0.25028232,-0.50710166,-0.8970847,-1.0972267,-1.0951346,-0.89135677,-0.18632604,0.74345803,0.9065447,0.23121196,-0.06832899,-0.35261983,-0.47445437,-0.31974983,0.06025693,0.54195565,0.67865574,0.922786,0.91946626,0.84576535,0.59302044,0.63263226,0.71836036,0.7826056,0.56055003,0.42305094,0.15957594,0.1602334,0.16027799
-2.4108658,-3.183339,-2.4804964,-2.487194,-2.513876,-2.4810123,-2.4631555,-2.3215866,-2.07255,-1.3550193,-0.94241464,-0.85103333,-1.0395131,-0.6034751,0.34488118,1.4009037,2.693832,3.237131,3.2032714,2.8728333,2.0978024,0.86205494,-0.104390234,-0.51452583,-0.4044392,-0.35547203,-0.366074,-0.36861476,-0.34666523,-0.52332217,-0.5901136,-0.3906374,-0.12423164,-0.047976643,0.055813044,0.11890799,0.80368894,1.564829,1.7440895,2.5062234,4.31927,6.3338356,7.1619415,7.673,7.774575,7.857506,7.8176537,7.7429,7.5425425,7.143899,5.8334317,3.6438322,3.08137,3.3058105,3.9054716,4.166248,3.7976065,3.3520145,2.29817,1.0402706,0.50230616,0.227148,0.26254088,0.21162254,-0.05263773,-0.13329132,-0.48898336,-1.1646984,-1.5303328,-1.7414494,-1.7078648,-1.6719644,-1.7250254,-1.8189738,-1.7649405,-1.2686902,-0.77749646,-0.40607628,0.07230322,0.75235903,0.9504893,1.2569067,1.5944209,1.43909,1.0941483,0.81858397,0.50799435,0.90166825,1.3990097,1.4427533,1.4181045,1.7885222,0.80288255,-0.8412599,-1.4500322,-1.8622247,-2.206501,-2.646926,-2.7018747,-2.3385453,-2.1260858,-1.7234597,-1.4302682,-0.7751361,-0.04121574,1.3179142,1.9911476,2.3661244,2.674667,2.9697363,3.311201,3.4488819,3.4429283,3.4603844,3.4157367,3.4266796,3.4335475,3.393054,3.251059,3.0482287,2.8791308,2.7467299,2.6421974,2.5017395,2.3633814,2.4085631,2.4962068,2.6573973,2.9433346,2.9653265,2.4389179,1.4445734,0.21495236,-0.29945317,-0.49188444,-0.056003094,0.57876784,0.88687146,1.0742954,0.9427038,0.014444655,-0.43557054,-0.48417294,-0.5039864,-0.1927183,-0.17193256,-0.34459203,-0.5387424,-0.99439096,-1.5333685,-2.4268565,-2.5047054,-3.1808267,-3.1811516,-3.1811543
-2.4739933,-2.6264784,-2.4008927,-2.3406034,-2.3110988,-2.3006694,-2.2413824,-2.1563325,-2.1012218,-2.0069518,-1.4162912,-0.89184415,-0.641086,-0.74946606,-1.061103,-1.1154741,-1.203865,-1.3811059,-1.9810352,-2.3751602,-2.4785383,-2.4631488,-2.1015081,-1.8514504,-1.7268121,-1.6555831,-1.7516838,-2.1161523,-2.6178265,-3.0680346,-2.7523334,-1.3722353,-0.9377513,-0.8251078,-0.74518013,-0.6283479,-0.43580377,-0.1782408,0.3244589,1.0955002,1.3332016,0.5008409,0.097210675,-0.09709481,-0.5203388,-1.2062492,-1.7214007,-2.239585,-2.559515,-2.833911,-3.2675104,-3.1121411,-2.993807,-2.951109,-2.9751275,-2.8763652,-2.6649473,-2.5449119,-2.3608344,-2.0989425,-2.0039358,-1.9324255,-1.8926493,-1.8808811,-1.901499,-1.9354117,-1.9448999,-1.7691948,-1.7681475,-1.7729683,-1.7365655,-1.7245272,-1.7041044,-1.62981,-1.1841421,-0.90850884,-1.5861782,-2.1809356,-2.6734898,-2.8405993,-2.5295053,-2.0630815,-1.7857268,-1.7584587,-1.7984159,-1.8372853,-1.8779023,-1.8393676,-1.8206458,-2.1235633,-2.5723987,-3.242417,-3.2606325,-2.678945,-2.3714757,-2.403862,-2.544229,-2.7856429,-2.6007543,-2.1069827,-1.8153244,-1.5025296,-1.3483624,-1.477454,-2.072019,-2.547304,-2.4826107,-2.3301225,-2.4405003,-2.5356293,-2.6869757,-2.7913003,-2.7942119,-2.8039103,-2.8391175,-2.9010067,-2.986032,-3.0780969,-3.15666,-3.1219296,-3.0348337,-2.9538894,-2.9079156,-2.8504114,-2.7945752,-2.7708855,-2.6923795,-2.627413,-2.5544086,-2.5068595,-2.4443922,-2.4855623,-2.352459,-2.266564,-2.038869,-1.6098242,-1.4596648,-1.6023667,-1.7654648,-1.9971555,-2.2502367,-2.4814172,-2.5291538,-2.576851,-2.6020346,-2.5092154,-2.5459971,-2.6978061,-2.727758,-2.608313,-2.4491735,-2.5952995,-2.6234508,-2.6236227,-2.623632
-1.2675735,-0.13802287,-1.1829848,-1.1181359,-1.1428548,-1.0755472,-0.99907416,-0.85794336,-0.3080215,0.31912276,0.6864852,0.4264405,0.15157849,0.88315994,2.4153607,3.6738281,4.872716,5.1837687,4.9463935,4.274132,4.039367,3.8745573,2.4264627,1.1784042,1.0042365,1.0265694,1.1824236,1.4743669,1.6612737,1.4057087,1.1562907,0.0048464686,-0.25300506,-0.20757332,-0.06465633,-0.09281464,0.24557073,0.6949182,0.68007714,1.0826503,1.9589607,2.40802,2.402716,2.557105,2.4724693,2.5462596,2.4685926,2.3706355,2.2300134,2.0520265,1.6174982,1.0233903,1.0608777,1.2095073,1.2979286,1.2995744,1.4756937,1.5429777,1.3990095,1.0840881,0.8759383,0.78737473,0.92023444,1.0158012,1.0573169,1.0950638,1.1036692,1.0038075,0.45121646,-0.16912772,-0.47385123,-0.5897323,-0.6122655,-0.5792216,-0.49833894,-0.5498321,-0.8575083,-0.30840835,0.27258214,0.35624477,0.6144971,1.2069616,1.7512306,1.8741424,2.173962,2.2593408,2.280328,2.8948188,3.5378523,3.7702012,3.3300433,3.8869908,3.8437326,2.2691264,1.3680242,1.3854651,1.7595294,1.7045022,0.9592718,0.55645955,0.2638737,0.3181652,0.65196514,1.8333154,3.3130102,3.3577685,1.9121834,0.9358722,1.0270716,1.267266,1.62011,1.8529079,1.9571878,2.0338466,2.0249505,1.9550936,2.0112576,1.9839118,1.9459577,1.906013,1.8003109,1.7082136,1.7215953,1.6699302,1.669353,1.7578338,1.9029601,2.2083292,2.5592551,2.5142055,2.1468387,2.1863627,2.0335112,1.5400171,1.1185538,1.458927,2.420493,3.4787288,3.9790018,3.6983676,3.2070713,3.1292298,3.073548,3.0363832,3.081831,3.1151507,3.0741985,2.7453618,2.3383665,1.7303052,-0.2754494,-0.69156563,-0.12578125,-0.12532079,-0.12531178
-1.966381,1.1029676,-1.732611,-1.5553532,-1.183928,-0.94494534,-0.31142753,0.017295396,-0.0706093,-0.33218247,0.025531001,0.6137756,1.0812716,0.8172918,-0.10263868,-1.1319988,-2.659831,-3.3557496,-3.73849,-3.7864528,-3.7542667,-3.2146134,-3.0043883,-2.8950856,-3.1620522,-3.3886135,-3.7022321,-4.040744,-4.2158885,-4.0778008,-3.827577,-3.0948598,-2.7878075,-2.7674131,-2.8714013,-2.7049322,-2.5134425,-2.5213065,-2.3861809,-2.4134765,-3.0321836,-3.550054,-3.5833526,-3.3604174,-3.0344145,-2.745086,-2.4915636,-2.1799402,-1.7418971,-1.1694636,-0.4399668,0.35108286,0.63715506,0.59536374,0.23860008,-0.2829255,-0.65097046,-1.0290409,-1.3834672,-1.5967793,-1.7662234,-2.003461,-2.302396,-2.5933404,-2.7936957,-2.8072062,-2.757277,-1.909946,-1.044811,-0.2776683,-0.1415629,-0.21593203,-0.27070034,-0.27646488,-0.19413908,-0.6418272,-1.0863034,-1.5222716,-1.9623255,-2.2136018,-2.0262074,-2.0012503,-2.203654,-2.2522721,-2.2898588,-2.2967415,-2.2347333,-2.4863477,-2.8416834,-2.8274374,-2.4679916,-2.3268142,-1.972688,-1.3372542,-0.9068549,-0.4728962,0.40199438,2.1400552,5.5069933,8.402156,10.0415125,10.721746,10.948247,10.905912,10.513056,10.217054,9.380617,7.889834,6.544628,5.380208,3.7086184,2.3437421,1.5142905,0.9944685,0.921334,0.8144864,0.47390056,-0.009470791,-0.45089024,-0.7693267,-0.93613386,-1.036311,-1.0251685,-1.0190116,-0.99354106,-0.9670795,-0.80501384,-0.7075138,-0.68679166,-0.57752526,-0.23522505,-0.042338908,0.3536473,0.8025824,1.3169166,1.3150703,0.5773309,-0.056236625,-0.6066848,-0.6481802,-0.8419494,-1.0906575,-1.2133411,-1.2306082,-1.2615877,-1.2895582,-1.158056,-0.7814791,-0.31668252,-0.16064453,-0.38743708,-0.81736064,1.1620662,1.161699,1.1616012
-1.2146937,-0.1479267,-0.99412954,-0.7938718,-0.50989133,-0.40157497,-0.2138321,-0.115204945,-0.39339447,-1.0544015,-1.0066205,-0.68998504,-0.31891295,-0.70953196,-1.5966548,-2.2166114,-3.1497366,-3.4366577,-3.2120183,-2.6718535,-2.4152455,-2.196328,-2.0094285,-1.63818,-1.7360344,-1.840194,-2.060862,-2.1851296,-2.1687589,-1.6832426,-1.0488739,0.43915796,0.7443622,0.90187985,0.79230964,1.0508788,1.378159,1.3676683,1.3260847,1.1035236,0.4429306,-0.2880411,-0.76885355,-1.46081,-1.7007227,-1.9798017,-2.1360502,-2.2246313,-2.1457515,-1.9270134,-1.1054443,-0.29203427,-0.38633892,-0.63692826,-0.92455006,-1.110544,-1.3441027,-1.5250096,-1.6301011,-1.6707019,-1.61978,-1.5121762,-1.5686134,-1.5851667,-1.614522,-1.6164362,-1.476707,-0.6568972,0.18071285,0.77241886,0.8597731,0.83024883,0.76279616,0.6175877,0.21115366,-0.33446681,-0.67817104,-1.164449,-1.5472803,-1.7481637,-1.6208475,-1.6348271,-2.0011423,-2.1221244,-2.305754,-2.444277,-2.550827,-2.7130694,-3.0356178,-3.401807,-3.1942782,-2.8838708,-2.220117,-1.810679,-1.7796667,-2.015029,-2.0075786,-1.3601968,-0.32106337,0.6026019,1.1170497,1.1438928,0.9385699,0.41572008,-0.23121786,-0.58567584,-0.4779384,0.22996056,0.7593346,0.84903026,0.5921812,0.2065785,-0.022546351,-0.22602516,-0.27611792,-0.3833632,-0.7002549,-1.0865421,-1.4024031,-1.5925192,-1.7658675,-1.8856415,-1.8776587,-1.9313703,-1.9585576,-2.0340638,-2.1336432,-2.2728338,-2.5862389,-2.7090845,-2.4813626,-2.0099514,-1.2878748,-0.52440864,-0.4033257,-1.1084543,-1.6154194,-1.9689155,-2.336998,-2.2114835,-1.8404081,-1.52478,-1.5772647,-1.2919968,-1.3966036,-1.579494,-1.6194932,-1.3369998,-1.1287131,-1.16916,-1.3930457,-1.1852295,-0.13803244,-0.13735929,-0.13734117
-1.076506,-1.3964067,-0.94033885,-0.8576559,-0.61963904,-0.5797783,-0.3496899,-0.29994184,-0.1389101,0.42331806,0.74963886,1.138861,1.3668292,1.2083112,0.4671009,0.02223146,-1.0072187,-1.633573,-1.3682954,-0.72740376,-0.10524461,0.46703714,1.1294942,1.5978943,1.618224,1.5677402,1.4213983,1.1457117,0.43710458,-0.16608025,-0.95212555,-0.5768023,-0.34672284,-0.266743,-0.29474905,-0.39949828,-0.61600137,-0.83406746,-0.72758085,-0.8823576,-1.3449144,-1.9661102,-2.4564319,-3.2315059,-3.4848347,-3.6465755,-3.6958873,-3.6249075,-3.3990705,-2.848787,-1.4334097,0.03737487,0.30560374,0.43095785,0.5119574,0.6958602,0.86228716,1.0191071,1.2868227,1.5114152,1.5736221,1.5895064,1.4860361,1.4933562,1.5387177,1.488746,1.3180157,1.2240032,1.961325,2.6958318,3.006636,3.227425,3.4478052,3.4313273,3.20415,2.1869702,1.232542,0.44467154,-0.50148904,-1.366601,-1.7224562,-1.9987233,-2.2098446,-2.2657657,-2.390564,-2.4653301,-2.6255195,-2.9452224,-3.2696652,-3.1383677,-2.30767,-1.6157537,-1.0278107,-0.4497965,-0.21251924,-0.63241696,-1.1952298,-1.5609905,-1.6900816,-0.9118121,-0.16098118,0.018076599,-0.052989304,-0.27583617,-0.6337203,-1.0778103,-1.2477883,-1.639199,-1.8627329,-1.9343598,-1.9261773,-1.8678293,-1.7727191,-1.7561408,-1.7467718,-1.729897,-1.7657061,-1.7888372,-1.8142378,-1.7810383,-1.7887461,-1.8123631,-1.7982552,-1.7735064,-1.7453761,-1.7821811,-1.9062645,-2.041068,-2.3202744,-2.3517985,-1.8535644,-0.87718433,-0.05682362,0.24853182,0.3515698,-0.0394556,-0.5463954,-1.0893054,-1.3203127,-1.1165257,-1.035805,-1.1558163,-1.2913225,-1.3442206,-1.7014998,-1.8061213,-2.0029085,-2.158602,-2.1149693,-2.1521678,-1.8095993,-1.6239734,-1.4054635,-1.4049132,-1.4048734
0.6004705,-0.17514105,1.2479296,1.6967752,2.5269518,3.1058314,4.852993,6.06707,7.5099897,9.380095,10.144455,10.59491,10.489508,10.11348,8.778026,7.2234173,4.2316656,1.8432018,0.20552218,-0.8080862,-1.8960903,-2.0682015,-1.6120299,-1.2818038,-1.1928185,-1.1623502,-1.1490364,-1.3828025,-2.1364343,-2.4264307,-1.8422586,-0.8665997,-0.6570298,-0.7142848,-0.9207967,-1.1699197,-1.4036081,-1.5786763,-1.2597978,-1.1839818,-1.7687356,-2.531987,-2.9166462,-3.2779846,-3.3348956,-3.2967978,-3.2937346,-3.2720003,-3.0927875,-2.5995226,-1.8193289,-0.6498968,-0.07089428,0.24095216,0.3981663,0.5174456,0.44407672,0.2261421,0.089815736,-0.103690505,-0.36771548,-0.5837995,-0.75815815,-0.93922925,-1.1480737,-1.2628274,-1.677691,-1.7666086,-1.2050548,-0.49312803,-0.13388193,0.037827283,0.12296201,0.05625491,-0.010416925,-0.9026164,-1.2574242,-1.2999413,-1.5226555,-1.7629722,-1.9387403,-2.3763838,-2.6320984,-2.6792722,-2.611888,-2.4086723,-2.018533,-2.1687832,-2.2773266,-2.009229,-1.1347331,-0.8917795,-0.90640664,-0.6791895,-0.6156032,-0.91095614,-1.5003271,-2.0208368,-1.742666,-0.49616578,0.9160342,1.3296044,1.5544884,1.2906897,0.3734192,-0.33036327,-0.4657892,-0.55383104,-0.6495846,-0.81905055,-1.086605,-1.2190131,-1.2483801,-1.3066995,-1.2420635,-1.1824253,-1.2217026,-1.3047419,-1.4033014,-1.4110879,-1.3401335,-1.3249404,-1.3514197,-1.3019723,-1.2430596,-1.2239703,-1.1275046,-1.0618112,-1.2903428,-1.4593378,-1.6904482,-1.7254145,-1.0261394,-0.7357978,-0.26449153,0.13619986,-0.11763066,-0.85074353,-1.3580364,-1.619128,-2.0913067,-2.4636602,-2.570509,-2.5279024,-2.393109,-2.3768444,-2.2360096,-1.9526293,-1.3802809,-0.93752897,-0.4582688,-0.7131671,-0.18197231,-0.18165752,-0.18165854
-2.3024461,-2.4610069,-2.121801,-1.990049,-1.9936101,-1.9858416,-2.1407084,-2.2486982,-2.1397657,-1.645855,-1.3090956,-1.3774117,-1.4235445,-1.670514,-2.388921,-2.7165499,-2.0587146,-1.4972465,-1.9141722,-2.419455,-2.5503495,-2.4631934,-2.426464,-2.2727804,-2.1062331,-1.9532006,-2.154351,-2.6757371,-3.0142179,-2.95683,-3.1527715,-3.4822204,-3.4360578,-3.272305,-3.1610684,-3.2885885,-3.3996716,-3.4926019,-3.6375787,-3.491821,-2.825009,-1.9487374,-1.9125943,-1.8620021,-1.8796561,-1.7840617,-1.7360096,-1.8224884,-2.1173677,-2.5247698,-3.218027,-3.6585054,-3.4504938,-3.156371,-2.8874688,-2.699558,-2.776959,-2.8468375,-2.8293407,-2.6992886,-2.5332325,-2.33291,-2.1260731,-2.2046032,-2.1985614,-2.2204068,-1.9924512,-1.904779,-2.0368793,-1.9419041,-1.8287272,-1.7785633,-1.726018,-1.6007476,-1.02801,0.052422255,0.46281433,0.30704856,0.01691541,0.11175983,0.89794016,2.2402987,3.2151425,3.5150375,3.6713037,3.5531707,3.1878767,3.1684546,2.8849242,2.2345672,1.1866515,-0.5654514,-2.2867563,-2.8985653,-2.764247,-2.3251193,-2.22113,-2.1911635,-1.6997786,-1.592409,-2.0774071,-1.7002794,-1.2811521,-0.8084197,-0.6761515,-0.76751745,-0.73087615,-1.0253472,-1.0714339,-1.0989941,-0.9232567,-0.7535433,-0.5941278,-0.45933032,-0.40402788,-0.38049608,-0.2533066,-0.129524,-0.06756528,0.022206068,-0.051017582,-0.0015213788,-0.037174836,-0.20885128,-0.3673525,-0.43293068,-0.5720928,-0.49817583,-0.40023968,-0.38900927,-0.61341596,-1.4696732,-2.8087244,-3.1406577,-2.896461,-2.4219506,-2.1272616,-2.0696013,-2.1854062,-2.3362274,-2.7428136,-2.8469577,-2.7632742,-2.7843523,-2.6628413,-2.5612445,-2.5306172,-2.4708242,-2.392859,-2.147695,-2.2456536,-2.186769,-2.4715595,-2.4720278,-2.4720385
-2.2501783,-1.6455731,-2.2541354,-2.242044,-2.2009711,-2.1901665,-2.1509717,-2.0979483,-2.2947795,-2.526484,-2.1330974,-1.3552034,-0.8219867,-0.9222628,-1.2882984,-1.8873757,-2.9301383,-3.422069,-3.532805,-3.3175101,-2.8873734,-2.3669987,-2.05205,-1.837017,-1.8873813,-1.8168718,-1.5233549,-1.0987508,-0.368502,0.16388662,0.99015033,1.6044991,1.9480035,1.7841263,1.5807637,1.5051788,1.5757282,1.56307,1.6211674,1.4709713,0.93698037,0.74782085,0.94844216,0.66675484,0.48260733,-0.054508045,-0.5516341,-0.83736223,-0.718844,-0.54584134,-0.41547891,-0.33934408,-0.3388321,-0.5226987,-0.9936621,-1.3157351,-1.334043,-1.4011778,-1.4727665,-1.4963827,-1.5820435,-1.769299,-2.046874,-2.3234296,-2.4685721,-2.451031,-2.3605433,-2.0158129,-1.6194146,-1.2151341,-1.0657135,-1.0294671,-1.0105289,-1.0288255,-1.1192445,-1.557358,-1.7693508,-1.841343,-1.9124012,-1.7973475,-1.5289022,-1.5884614,-1.7805,-1.8056016,-1.7740784,-1.7135401,-1.6764324,-1.9409347,-2.2981775,-2.0584505,-1.5275233,-1.3369198,-1.4808862,-0.92597014,-0.6094,-0.5645175,-0.5525883,-0.45761827,-0.06641102,-0.4190566,-0.81700075,-0.7775955,-0.69943714,-1.0188946,-1.2257788,-1.2147355,-1.2929125,-0.97388864,-0.8695073,-1.0410862,-1.3247857,-1.5449743,-1.6590087,-1.7591658,-1.8030862,-1.874806,-1.9898767,-2.0995843,-2.1583905,-2.1562915,-2.0362086,-1.9435729,-1.8572744,-1.7531667,-1.6405275,-1.5833308,-1.450355,-1.3800458,-1.2899783,-1.1734729,-0.75354934,-0.37905955,0.08221176,0.08491336,0.07926153,-0.07771734,-0.32330588,-0.4102578,-0.19270769,-0.115628615,-0.11349301,-0.37988597,-0.5214165,-0.7197088,-1.0563536,-1.2794561,-1.4120197,-1.6689551,-1.75315,-1.7188841,-1.5810448,-1.7537405,-1.6221671,-1.6222086,-1.6222386
-0.9007491,0.09152034,-0.6573278,-0.5094541,-0.35100585,-0.37029272,-0.41465145,-0.299104,0.11284648,1.9666104,2.7193274,2.6578298,2.754419,3.168122,3.1493933,1.8273997,0.61370397,0.5872456,0.48044404,0.56545615,0.26705915,-0.32982543,-1.0428357,-1.0947382,-1.0364425,-0.95841146,-1.1297768,-1.4259737,-1.915638,-2.0639098,-1.6090498,-1.0564559,-0.78832674,-0.7894278,-0.87781584,-0.85873616,-0.5337198,-0.22833538,0.0016434789,0.5518037,0.90715826,0.5255815,-0.19275548,-0.5193825,-0.44753543,-0.24003233,-0.022152577,0.14244293,0.12345382,0.25252125,0.30192688,-0.104153484,-0.31557065,-0.44923165,-0.49984592,-0.26206934,0.0007031262,-0.041094765,-0.23976837,-0.6550321,-0.8111788,-1.0037124,-1.1767107,-1.4608076,-1.6937952,-1.7326865,-1.8567845,-1.6821814,-1.5253818,-1.3029922,-1.1586436,-1.1506829,-1.1331155,-1.0721838,-0.38781413,1.1083179,1.6398522,1.4488877,0.98365813,0.47112256,0.43837214,0.4976337,0.8982668,1.1452136,1.5793726,1.9246637,2.3595443,2.392567,2.4717977,2.3871682,1.4754409,0.9003618,0.7219817,-0.38813156,-0.96020836,-1.4585199,-1.9090137,-2.1247756,-1.959271,-1.3329517,-0.6301646,-0.08573958,0.33911788,0.6962043,0.7650267,0.5924787,0.33802488,0.054986805,0.022351205,-0.036827907,-0.2063829,-0.32159337,-0.35792378,-0.3933906,-0.31689262,-0.304733,-0.21234481,-0.11955907,0.033551708,0.27908084,0.63801396,1.0160952,1.068878,1.12197,1.2187366,1.1960176,1.1855787,1.1471615,0.8404452,0.7179861,0.08423555,-0.7083085,-1.1973945,-1.3962425,-1.3428597,-1.088166,-1.1062498,-1.3129787,-1.2092084,-1.3105977,-1.5208647,-1.738159,-1.6923349,-1.7077447,-1.6861353,-1.5383699,-1.4475486,-1.3818405,-1.3174648,-1.3156528,-1.3974793,-1.2632546,0.080972314,0.08116609,0.08119279
-2.775526,-1.6977422,-2.9076092,-2.9801412,-2.9663634,-2.9420266,-2.8634024,-2.809782,-2.7675374,-2.96108,-2.7547677,-2.1256146,-1.8487236,-2.030405,-2.208243,-2.1575284,-2.8062904,-3.3068736,-3.6191635,-3.500337,-2.7987344,-1.7649539,-1.0231004,-0.9021339,-1.1365446,-1.2996513,-1.549833,-1.9761667,-2.4147015,-2.6668723,-2.552854,-1.3886335,-0.7570667,-0.68557984,-0.6894344,-0.6788962,-0.7725113,-0.83851945,-0.7011648,-0.7774944,-1.1604507,-1.8140261,-2.163101,-2.4531434,-2.6040606,-2.8290186,-2.9794683,-2.9433997,-2.6153638,-2.0821805,-1.2340959,-0.6699079,-0.61094487,-0.56891227,-0.69188607,-0.5622416,-0.21400899,-0.060872708,0.13927834,0.112614624,-0.015409024,-0.081728965,-0.25775772,-0.23148435,-0.12967297,-0.16890673,0.20164287,0.50342435,0.12635362,-0.2531563,-0.32913435,-0.2857903,-0.31717765,-0.41817856,-0.6998423,-1.0889473,-1.2712901,-1.5368435,-1.800492,-2.0390239,-2.1264124,-2.3867507,-2.9689932,-3.1320255,-3.339333,-3.4675655,-3.5450459,-3.7342334,-3.8986464,-3.4531007,-2.4603395,-1.8347522,-1.3974007,-0.3370092,0.10134934,0.020670291,-0.059113365,-0.20795085,-0.23866664,-0.5979294,-1.3074776,-1.5879418,-1.6383567,-1.8912368,-2.0764036,-1.955662,-1.4909528,-1.1307402,-1.2504684,-1.398708,-1.573505,-1.6940546,-1.7703148,-1.8485388,-1.8886588,-1.9238784,-2.021605,-2.1174603,-2.212644,-2.2874563,-2.2846003,-2.3069673,-2.2760258,-2.1667814,-2.0441284,-2.0039098,-1.8646303,-1.8375993,-1.669531,-1.4460285,-0.8122456,-0.46077275,-0.63003415,-0.8237944,-0.70778924,-0.5995921,-0.7734362,-1.109949,-1.2123308,-1.1734606,-1.1991569,-1.3206385,-1.3538347,-1.4185328,-1.6100615,-1.5954261,-1.6443009,-1.8337806,-1.9003906,-1.880238,-1.5042088,-1.8471469,-1.6649822,-1.66501,-1.6650431
-3.872388,-5.434271,-3.779468,-3.6957629,-3.6981044,-3.7523172,-3.9019058,-3.94914,-3.9596424,-3.8259268,-3.4297101,-3.0351467,-2.5569477,-2.6726642,-2.8794837,-2.8501225,-2.5587807,-2.254316,-2.6518102,-3.0629456,-2.8707116,-2.647065,-2.6242776,-2.5687954,-2.5840206,-2.5936122,-2.8855534,-3.4443717,-3.9516976,-4.222499,-4.4496145,-4.280695,-3.8756304,-3.6521358,-3.6542377,-3.7327437,-3.8413124,-3.8751576,-3.750448,-3.4573815,-3.0528069,-2.9338038,-3.1261487,-3.2357774,-3.2895324,-3.3062935,-3.2704742,-3.3572745,-3.5455747,-3.8465207,-3.988452,-4.0190287,-3.8265066,-3.7423532,-3.694215,-3.506456,-3.3043134,-3.2535698,-3.2301311,-3.1374345,-2.9844208,-2.857297,-2.8643715,-3.0178008,-3.0855653,-3.1865225,-3.0321512,-2.791975,-2.9866023,-2.9949763,-2.9067373,-2.8648832,-2.7953756,-2.6562722,-2.2296026,-1.5922337,-1.2272065,-1.2272973,-1.1042677,-0.9537935,-0.71456385,-0.3692738,-0.058832407,0.059311703,0.19704033,0.26593316,0.24485609,0.17473465,-0.028316021,-0.27155858,-0.56406415,-0.8533634,-1.3525236,-1.8790555,-2.1115868,-2.4057243,-2.9361844,-3.2542918,-2.8775988,-2.539095,-3.108914,-3.0168421,-2.8209703,-2.8861046,-3.2759573,-3.3281307,-3.0411854,-2.9735904,-3.1636965,-3.3310049,-3.4573362,-3.5527022,-3.5737634,-3.593872,-3.6733973,-3.8234468,-3.8529294,-3.8531222,-3.8245094,-3.7757175,-3.796011,-3.7186594,-3.668428,-3.7046418,-3.7328184,-3.7474442,-3.8573573,-3.8913045,-3.9124367,-3.8965626,-3.8680828,-3.9735732,-4.1673307,-4.173628,-3.9996493,-3.6608093,-3.5834184,-3.5794308,-3.5698748,-3.576727,-3.879934,-4.174953,-4.2741766,-4.4523478,-4.6182823,-4.5896473,-4.7111654,-4.960677,-5.209116,-5.2477446,-4.87125,-4.623375,-5.4409537,-5.4411592,-5.441167
-1.6682627,-1.2076735,-1.7397771,-1.8631217,-1.994715,-2.1007476,-2.233223,-2.2847757,-2.2770157,-2.6066875,-2.6464803,-2.2989013,-2.2970464,-2.5809288,-2.920007,-2.8130834,-3.2126687,-3.519649,-3.6440542,-3.060415,-1.5613116,0.39181072,1.8992553,2.343307,2.2199757,2.121698,1.9069145,1.5549445,1.054502,0.5152636,-0.21074767,-0.07667552,0.15842958,0.31631178,0.4332869,0.3812656,-0.016194895,-0.21768707,-0.22612463,-0.321885,-0.5031387,-1.0160327,-1.4616832,-2.5516026,-3.2515383,-3.8267734,-4.226837,-4.4974403,-4.521765,-4.3077936,-3.740072,-3.2457752,-3.286711,-3.294384,-3.1101809,-2.652612,-2.0734968,-1.5898738,-0.94046205,-0.42375574,-0.16617163,0.075481914,-0.028936848,0.021408066,0.25353223,0.17488496,0.54017204,0.49568784,0.28644103,0.08184433,0.07225786,0.11826067,0.101514325,0.109497786,0.035752386,0.23863539,0.23423435,-0.455566,-1.3779156,-2.456855,-2.9423437,-3.0879416,-3.2486808,-3.3090346,-3.4366546,-3.5505888,-3.713103,-3.784168,-3.9500556,-3.8418388,-2.9511688,-2.506668,-2.119998,-0.9388053,-0.3400665,-0.35914406,-0.8231644,-1.3816186,-1.900881,-2.2359538,-2.7741756,-2.927308,-2.850901,-2.7528753,-2.6694613,-2.3718193,-1.7118652,-1.3243032,-1.450139,-1.5301688,-1.666421,-1.7655954,-1.7771432,-1.8013527,-1.8277876,-1.8438344,-2.0065336,-2.1503558,-2.29285,-2.3643334,-2.397944,-2.424087,-2.4525728,-2.3886583,-2.3666553,-2.4959288,-2.5854683,-2.7764504,-2.8501234,-2.7341948,-2.311324,-2.3505347,-2.8765297,-2.7868457,-2.5950289,-2.6419785,-2.7553713,-3.106822,-3.3448062,-3.3191028,-3.1003356,-2.9973836,-2.970491,-2.940588,-2.9750068,-2.768978,-2.6651568,-2.676495,-2.5709624,-2.5564094,-2.1065385,-2.176495,-1.194922,-1.1946709,-1.1946654
-0.3672346,1.5982888,-0.6167593,-0.7821097,-0.81785697,-0.7560647,-0.51574206,-0.43163127,-0.41225696,0.021353483,0.740893,1.5912672,1.5764238,1.3314425,0.53102946,0.0077424645,-0.73322207,-1.0665631,-1.0345898,-1.0863881,-1.0756373,-0.369031,0.05505562,-0.2837689,-0.6029375,-0.800012,-0.79415923,-0.9249165,-1.3354172,-1.6358035,-1.5937157,-0.7195618,-0.29509753,-0.06186291,-0.0080334805,-0.15596004,-0.31495497,-0.52302206,-0.58990663,-0.95857096,-1.5608745,-1.8430032,-1.7023208,-1.1181296,-0.40961477,0.23461857,0.80074525,1.6852381,3.0106292,4.794752,7.0471077,8.390816,8.759001,8.767445,8.475457,8.15346,7.7799683,7.4074097,6.9030466,5.9658756,5.044053,4.063246,3.3373127,3.0436168,2.6968756,2.661045,2.4000716,2.5236106,2.440414,1.9904974,1.735343,1.7596229,1.7524053,1.5868472,1.2761612,0.67893505,0.225746,0.07142003,-0.10816734,-0.401047,-0.7544799,-1.2150438,-1.5987406,-1.6645327,-1.7365382,-1.8490279,-1.8753407,-2.2393925,-2.5491576,-2.3024015,-2.0532613,-1.6285498,-0.55032426,0.88913375,1.3763008,1.2971957,1.8004329,2.036412,1.927496,1.3408189,1.449713,1.2680404,1.1224985,0.57164204,0.202479,-0.11843133,-0.49848783,-0.4108741,0.0037819147,0.2191248,0.5668639,0.9715248,1.1565396,1.1561301,1.2619349,1.4558876,1.4748418,1.5600743,1.732621,1.836545,2.342975,2.4960928,2.7204304,3.2267275,3.9035397,4.4371867,5.234416,5.526058,5.86732,6.218378,7.486883,9.031369,10.073141,10.333233,10.261574,10.573828,10.659953,10.401674,10.253943,10.226297,10.142977,10.05928,10.050641,9.763868,9.28393,9.293811,9.202753,8.81431,8.1729,7.1763473,4.406585,2.6538467,1.6294739,1.629334,1.6292989
-0.28441405,-0.8285939,-0.3639636,-0.36786753,-0.5223695,-0.5419663,-0.5587489,-0.5488264,-0.52881336,-0.5802807,-0.4867796,-0.62240124,-0.8654546,-0.884869,-0.3237358,0.14537813,1.1460781,1.9868369,1.9730833,1.4914262,0.7689502,-0.43895793,-1.2680676,-1.5677997,-1.4321613,-1.3352015,-1.3085773,-1.4190402,-1.4728365,-1.4177175,-1.341246,-1.782757,-1.5868919,-1.552327,-1.5822762,-1.6578267,-1.5211613,-1.3266499,-1.481539,-1.4093903,-0.7373502,0.12036978,0.13017488,0.12104854,-0.033829182,-0.13093257,-0.1791794,-0.3145191,-0.50438726,-0.85262525,-1.5626135,-2.4775224,-2.3313007,-2.0820682,-1.833138,-1.5669777,-1.3993542,-1.372338,-1.4983373,-1.523951,-1.3959303,-1.2474141,-1.0295248,-0.94228023,-0.9320079,-0.9410038,-0.8418297,-0.9306059,-1.3905313,-1.6000345,-1.5217826,-1.4691836,-1.4283903,-1.3808082,-1.3077887,-1.1890538,-0.8477971,-0.45890456,0.013718635,0.19258496,0.1715886,0.37284976,0.75065166,0.9141981,0.9864054,1.103323,1.0964074,1.0636541,1.1095828,0.72834986,-0.055077586,-0.5580672,-1.0077603,-1.5195707,-1.7565131,-1.6264553,-1.5779424,-1.7406855,-1.7980645,-2.2341197,-2.5680506,-2.1510646,-1.912298,-1.7007058,-1.4474194,-0.6334633,0.093062714,0.58355993,0.7031341,0.6684424,0.72308666,0.76416254,0.79174614,0.81669843,0.80774224,0.6806247,0.6297612,0.6805146,0.83331925,0.9544209,0.9430143,0.9660739,0.9560633,0.8480499,0.7210165,0.6055742,0.24321605,0.035600215,-0.18112077,-0.31108868,-0.47810417,-1.0481222,-1.7985318,-2.0430727,-1.9337616,-1.2244719,-0.634482,-0.3418483,-0.269934,-0.17559485,-0.6344571,-0.9246447,-1.1100497,-1.3666638,-1.4430566,-1.3281546,-1.4911926,-1.7113281,-1.8454722,-1.3390265,-0.59409934,-0.27664882,-0.81554145,-0.81558555,-0.8155924
0.5840677,0.5072525,0.5154854,0.33401382,0.2625841,0.038073197,0.121767536,0.23176235,-0.07482144,-0.23412825,-0.5332409,-0.68518674,-0.8184718,-0.841172,-1.0839072,-1.2340502,-1.5673865,-1.3679267,0.39731675,3.1148348,6.416009,8.7206955,10.01216,10.346283,10.378723,10.361593,10.2042885,9.791873,8.905877,8.0266075,5.9171643,2.9833784,2.3646913,2.4320507,2.7387545,2.5170605,1.605177,1.1178918,1.204867,1.1644299,0.8708613,-0.27904868,-1.4361024,-2.619279,-3.024579,-3.262591,-3.3146515,-3.157106,-3.0007563,-2.6527953,-1.5216999,-0.57100666,-0.5233629,-0.29965246,0.2754877,1.1502719,2.2411373,3.1177876,4.366087,5.3679695,5.695666,5.7836466,5.479435,5.054469,4.6261125,4.26839,3.4693005,1.7977226,1.3554573,1.4239889,1.6522509,1.7844888,1.8496232,1.8033983,1.1897564,0.37105155,-0.23577017,-0.8813907,-1.4073412,-1.7161443,-1.5607619,-1.1932335,-1.4457488,-1.5705171,-1.7773691,-1.8918364,-1.9543924,-2.0010953,-2.0492184,-1.386744,0.17758283,1.6039033,3.5026531,4.7065215,4.99976,4.610657,3.838982,3.2261262,2.1710534,1.0764228,-0.022983488,-0.34486818,-0.42549396,-0.46154556,-0.618933,-0.55181634,-0.4164229,-0.74973667,-1.2223996,-1.4616554,-1.7468065,-1.9579701,-2.03145,-2.078112,-2.1125355,-2.1646996,-2.2173836,-2.3106663,-2.4110055,-2.4961963,-2.682487,-2.8945937,-2.9922023,-2.961607,-3.031279,-3.1181989,-3.2062483,-3.3496318,-3.4575372,-3.334561,-2.6631517,-1.6344082,-1.2151003,-0.89536643,-0.60901254,-0.73510534,-1.1585733,-1.4758512,-1.7038258,-1.6671114,-1.4896684,-1.1076044,-1.0212171,-1.0842243,-1.3441527,-1.3970001,-1.3662356,-1.388567,-1.2873722,-1.2642851,-0.58612895,-0.5550544,0.47902024,0.47942227,0.47947067
-0.6012019,-2.0599232,-0.7818346,-0.8542949,-0.97092366,-1.0025665,-1.2065427,-1.384633,-1.3755856,-1.2455972,-0.39908516,0.11968401,0.24359548,2.2682598,6.1175146,8.695963,9.642672,9.872913,9.9154005,9.781476,9.133917,7.5018497,4.3912206,1.9847846,1.3026578,1.0179048,1.1477609,1.6633288,2.0207322,1.4637669,0.9045501,-0.14760306,-0.2722146,-0.13515067,0.1376729,0.24301635,0.66356015,1.0115862,0.9975364,1.6679575,3.2094855,4.5010734,5.040559,5.680316,5.7270374,5.7247624,5.6742363,5.4510965,5.084471,4.44614,3.171716,1.220253,0.6847013,0.58507776,0.7004154,0.5849001,0.59140444,0.6722535,0.4451101,0.22622937,0.1013401,0.11618486,0.32380348,0.5113085,0.4904086,0.4589415,0.13568166,-0.7284548,-1.45615,-1.980155,-2.2120893,-2.3240848,-2.373896,-2.4311674,-2.3445723,-1.854599,-1.4307655,-0.8034157,-0.025711015,0.66532034,0.87170243,0.85827684,0.77038443,0.55522764,0.4109053,0.3651501,0.5402572,1.151449,1.955517,2.2532024,1.7650114,1.7450733,1.0426015,-0.011021391,-0.47061312,-0.4718592,-0.26403883,-0.35702217,-1.0640706,-1.2431659,-1.0217533,-1.0038617,-0.96515363,-0.43121523,0.24261959,0.363321,-0.41431883,-1.1497618,-1.3985554,-1.3819913,-1.2946754,-1.2376697,-1.2222393,-1.1930246,-1.2442734,-1.2433178,-1.1460752,-1.038949,-0.97434336,-0.9277822,-0.9720048,-1.0448334,-1.147243,-1.2120311,-1.2656486,-1.2979293,-1.3282052,-1.3399327,-1.2724541,-1.379079,-1.8974441,-2.239159,-2.1733873,-2.1025972,-2.0865214,-1.6875178,-1.0702181,-0.24969377,0.20134391,0.059861444,-0.5302979,-0.90722644,-0.97670853,-1.0607843,-0.9823034,-1.3066275,-1.5151814,-1.8016262,-2.396094,-2.6767437,-2.365179,-1.8412939,-2.0858305,-2.0864327,-2.086441
-0.07504396,-0.49640435,-0.32090068,-0.4201869,-0.47302717,-0.58500826,-0.845324,-0.8013164,-0.650874,0.66453886,1.979514,2.3318932,2.2774951,2.2973578,1.9382055,2.0096543,3.1265569,3.8463254,4.3884373,4.5893006,4.507068,4.8505435,5.892207,6.400651,6.514663,6.5267954,6.3484564,5.8768153,5.081793,4.2742085,4.2641864,5.190194,5.497175,5.627121,5.6616096,5.529717,5.3305902,5.141357,4.9536204,4.6518855,4.1703057,3.6265335,3.5435815,3.8891902,4.0004606,4.0527906,4.017439,4.0151052,3.874525,3.599647,3.8473997,4.6265564,4.912526,4.814135,4.351,3.938804,3.7600105,3.7818968,4.0388803,4.5313244,4.9149737,5.1932135,5.2490683,4.90085,4.666276,4.4524527,4.3404007,4.631886,5.1428328,5.3557625,5.394278,5.3325453,5.1916533,5.011519,4.548068,4.0264544,4.8347025,5.416393,5.6352663,5.3185225,4.784934,4.1554375,4.108361,4.1726103,4.328846,4.346548,4.2193165,4.2269144,4.0652056,3.7779279,2.9395375,2.6262603,3.5786572,4.343856,4.458728,4.1886935,3.6444926,3.0785043,2.515739,2.3502176,3.3117125,4.15891,4.5532265,4.644004,4.3149457,3.5124931,2.3916905,1.8461759,2.0869527,2.2772264,2.514028,2.58999,2.6138072,2.670924,2.5922017,2.4634213,2.5296466,2.5264251,2.4648252,2.4518547,2.3082078,2.1859686,2.1618922,2.088841,1.9651334,1.8752694,1.8720773,2.0045671,2.2460632,2.2590961,1.9183209,2.1886213,3.3665535,3.8382697,4.065746,4.5271173,4.5018578,4.2791057,4.0034113,3.928071,3.5656419,3.3342736,3.1648226,2.9769669,2.6288805,2.6635144,2.4438832,1.9774368,1.2866192,0.5275014,0.21280465,0.37060672,-0.505803,-0.5057965,-0.50576836
-5.606954,-4.7143664,-5.4805155,-5.427223,-5.3513985,-5.3131943,-5.082681,-4.939336,-4.8558145,-5.012823,-4.958123,-4.3585954,-3.8156424,-3.993411,-4.257249,-4.4880905,-5.3410177,-5.6377554,-5.983657,-5.959963,-5.36024,-4.749406,-4.351015,-4.026776,-4.036898,-4.048085,-4.322453,-4.814324,-5.3035574,-5.4381886,-5.683872,-5.3632183,-4.9441476,-4.7473316,-4.737754,-4.8012495,-4.8986597,-4.899499,-4.7217684,-4.5590544,-4.409634,-4.3494463,-4.593866,-5.0987887,-5.4149423,-5.739662,-5.9256883,-6.072495,-6.106015,-6.0746374,-6.081627,-6.0764637,-5.992401,-5.852277,-5.6439896,-5.2714915,-4.9799147,-4.8993206,-4.7520084,-4.6928916,-4.64405,-4.5720468,-4.6659303,-4.707956,-4.6500597,-4.6971765,-4.407985,-4.304263,-4.3867116,-4.230092,-4.0398808,-3.962583,-3.9314928,-3.8225667,-3.5003796,-3.1768942,-3.5491853,-4.260483,-4.9226365,-5.104197,-4.637288,-3.9998837,-3.7389412,-3.7084727,-3.8428702,-3.9373097,-4.1285777,-4.302705,-4.522169,-4.4164267,-3.7346532,-3.7384026,-4.4185457,-4.343848,-4.114597,-4.267436,-4.743882,-5.066631,-4.5386896,-4.251334,-4.802905,-4.751605,-4.532955,-4.5207715,-4.6489596,-4.143401,-3.0014434,-2.3093286,-2.41114,-2.6190886,-2.9430068,-3.190385,-3.2840872,-3.3913312,-3.430637,-3.5321448,-3.699204,-3.826953,-3.9354036,-3.9722843,-3.9389396,-3.8723202,-3.8626761,-3.8344288,-3.8088346,-3.8581426,-3.927064,-4.068306,-4.260559,-4.1894937,-3.9036744,-4.1907697,-5.041486,-5.294013,-5.255913,-5.186187,-5.365265,-5.7145114,-5.856309,-5.8618536,-5.9939384,-6.0242786,-6.0120134,-6.0746593,-6.233345,-6.2194095,-6.1029387,-6.054031,-5.9193783,-5.7898297,-5.4756284,-5.5877304,-4.6915936,-4.691543,-4.691576
