0,1,2,3,4,5,6,7,8,9,10,11,12,13,14,15,16,17,18,19,20,21,22,23,24,25,26,27,28,29,30,31,32,33,34,35,36,37,38,39,40,41,42,43,44,45,46,47,48,49,50,51,52,53,54,55,56,57,58,59,60,61,62,63,64,65,66,67,68,69,70,71,72,73,74,75,76,77,78,79,80,81,82,83,84,85,86,87,88,89,90,91,92,93,94,95,96,97,98,99,100,101,102,103,104,105,106
12.4189,12.421037,12.28693,11.903891,11.585691,11.451538,11.618835,11.88945,11.563223,10.557957,9.015116,5.945506,2.8069224,1.2448843,0.63597417,-0.094972625,-1.1775209,-1.4914632,-1.6754055,-1.63412,-1.5340371,-0.7396108,0.26348868,1.1482855,1.9206488,3.0464694,3.9409842,4.5083776,4.571766,4.2323484,3.6983004,2.7656531,1.3558016,0.51951766,-0.13425076,-1.254524,-1.3266503,-1.1554636,-0.8529831,-0.6256936,-0.32485336,-0.008925617,0.28667152,0.4482302,0.7598422,0.58323616,0.23789921,0.4261884,0.98322695,2.467508,2.6493556,1.9601471,1.1065444,0.6550903,1.2379756,1.5429097,1.930366,2.325188,3.9691331,5.6140366,6.24405,6.2601156,4.6044517,3.215158,2.4451542,2.28589,1.7180454,1.5255554,1.4246416,1.1164203,0.34440053,-0.36430532,-0.69635224,-0.817159,-0.83831656,-0.87467,-0.91321766,-0.9253165,-0.98295635,-0.99029905,-1.060977,-1.0194706,-0.99219215,-0.86092263,-0.8060918,-0.7403873,-0.6322746,-0.27810076,0.2282869,0.7245606,1.393189,2.0765152,2.7804217,3.2639592,3.8887613,4.7066164,5.064817,5.530305,6.401364,7.0604267,7.7627745,8.186416,8.818855,9.320045,9.552134,9.760782,9.760969
-3.6853857,-3.7976942,-3.9183798,-3.9546127,-3.8777432,-3.7517695,-3.461227,-3.2799916,-3.2567868,-3.4396691,-3.3264213,-3.2418537,-2.9500465,-2.7955017,-2.7038815,-2.7667692,-3.0411062,-3.0309577,-2.860179,-2.6836991,-2.6875336,-3.13451,-3.4976027,-3.5473628,-3.3447056,-2.9205794,-2.519309,-2.443077,-2.455535,-2.409242,-2.186799,-1.7628485,-1.500677,-1.4141666,-1.4413888,-1.9622209,-2.6042142,-2.7059567,-2.3304267,-1.9539169,-1.6650608,-1.5342481,-1.3637931,-1.0607074,-1.0353425,-0.37340146,1.7346457,5.2052855,7.175115,7.9309883,7.7339563,7.3754907,6.1742725,3.0709014,1.0421677,0.5273014,0.26311582,-0.05545245,-0.8952004,-1.6206362,-1.8996062,-2.4624627,-2.846193,-2.129815,-1.652829,-1.5393629,-1.4705384,-1.4725716,-1.6206717,-1.4196922,-0.8494749,-0.73083377,-0.90931714,-1.0389752,-1.1116806,-1.1932168,-1.2062337,-1.2295403,-1.220132,-1.2458987,-1.3135083,-1.3987365,-1.5135534,-1.6542854,-1.7517276,-1.815964,-1.7366754,-1.564353,-1.3688285,-1.2032094,-1.033385,-1.0009444,-1.0728825,-1.1920915,-1.2552676,-1.3061951,-1.3513935,-1.424,-1.5097996,-1.5943589,-1.7733368,-1.8669336,-1.9121909,-1.9059584,-1.837307,-0.8578061,-0.85781044
-1.365566,-1.4721535,-1.5752609,-1.6933398,-1.4258417,-1.0355269,-0.9739061,-0.9306489,-0.86272395,-0.8679627,-0.6528517,-0.0927656,0.27075532,0.30445984,0.1191772,-0.19418073,-0.98998284,-1.850966,-2.542748,-3.0597076,-3.3118937,-3.1806154,-2.9111109,-2.7802281,-2.5504003,-2.075542,-1.7585689,-1.6410547,-1.8690184,-1.7507306,-1.5594058,-1.4999268,-1.295947,-1.3816226,-1.6913178,-2.3149142,-2.8390868,-3.29845,-3.287839,-3.0176764,-2.6989093,-2.3834617,-2.1493587,-2.1358492,-2.4647436,-2.8417528,-3.1231706,-3.2269912,-3.169767,-2.970917,-3.1270769,-3.5104144,-3.7938309,-3.8556862,-3.7506304,-3.7535949,-3.5893526,-3.4210663,-3.0322037,-2.74372,-2.7871425,-3.2182155,-3.1144176,-3.0949478,-3.1729138,-3.1091313,-2.8505332,-2.5556974,-2.2086604,-2.021081,-1.704434,-1.6831548,-1.6175565,-1.5675545,-1.5245707,-1.4908662,-1.4693197,-1.4484346,-1.4682513,-1.503519,-1.5092611,-1.4971321,-1.4816921,-1.4870485,-1.5084369,-1.5829406,-1.63562,-1.6912764,-1.7703822,-1.888361,-1.869741,-1.7164165,-1.5356702,-1.357783,-1.2685888,-1.3193662,-1.3236253,-1.2928046,-1.2982486,-1.3215814,-1.3164184,-1.3345695,-1.3986559,-1.4570441,-1.4782388,-1.1568999,-1.1567239
-2.7091002,-2.6937037,-2.7448912,-2.6754327,-2.606963,-2.3360536,-2.0116265,-1.8337265,-1.6954639,-1.6156282,-1.2887516,-0.7697239,-0.39070112,-0.25588036,-0.106159985,0.052389145,-0.40364364,-0.8424398,-1.0895907,-1.2862663,-1.4856492,-1.8993912,-2.2362819,-2.3159192,-2.2015867,-1.8234202,-1.4557157,-1.2124931,-1.0772588,-1.285007,-1.1321149,-0.82639515,-0.75595796,-0.7408385,-0.78894585,-1.0573738,-1.3438895,-1.5589013,-1.3290304,-0.84236974,-0.36174375,-0.11319086,-0.0027309358,0.22177412,-0.32439926,-0.81255543,-1.3843553,-1.1407044,-0.4638884,0.3885939,0.65440553,0.5448419,0.554391,-0.14977589,-1.1263504,-1.3371578,-1.0170945,-0.59785116,0.16861077,0.4921231,0.32514298,-0.39779776,-0.9716679,-0.5085169,-0.31438333,-0.14901215,0.038300335,-0.014181733,-0.03249249,0.36363527,0.681179,0.5654243,0.36255923,0.2739219,0.19730008,0.13388705,0.10158404,0.10302632,0.14103772,0.14180806,0.13201751,0.08767214,0.028993204,-0.09656939,-0.19446805,-0.2864615,-0.21642548,-0.06415814,-0.021566898,-0.046634957,-0.06370959,-0.062380344,-0.091855764,-0.31758255,-0.4421451,-0.5123325,-0.58581334,-0.7997229,-0.81744474,-0.9976378,-1.1182809,-1.2309793,-1.2397434,-1.2148359,-1.1247581,-0.21701199,-0.21696165
2.288402,2.2196405,2.1102555,1.8884884,1.754715,1.0050173,0.7018854,0.5727797,0.3545375,0.2663941,0.04774739,0.020498708,-0.1393635,-0.28972292,-0.22689784,0.05767864,1.0561836,2.021335,2.3044076,2.2230844,1.715054,1.2435985,1.1570642,0.8809403,0.42845735,-0.64439875,-1.4649352,-2.0925984,-2.0499701,-1.6739491,-1.5181186,-1.3577553,-1.2219813,-1.455404,-1.651099,-1.7046896,-1.0090215,-0.3397606,-0.19937159,-0.43515638,-0.6634436,-0.86739635,-1.0568159,-1.1349562,-0.66090095,-0.10799562,0.81913745,0.98352,0.21049698,0.08385935,0.3916179,0.7205178,1.2497034,3.0773795,4.034402,3.9519756,3.2686372,2.2330446,0.5673411,-0.16284472,0.1963642,0.86971265,1.2620147,1.1407012,1.146028,1.0986406,0.9600265,0.7834812,0.87528414,1.0688063,1.4802356,2.0100846,2.350846,2.533022,2.637923,2.6972666,2.6800447,2.657992,2.6135042,2.613762,2.6269808,2.6308653,2.6176736,2.542823,2.4076495,2.2328887,1.9189284,1.5934353,1.2844079,1.0162141,0.7621961,0.48951596,0.2551011,-0.07445252,-0.19228137,-0.16017127,-0.15826458,-0.21679753,-0.26476586,-0.1964426,-0.17141682,-0.20121878,-0.3414412,-0.34434563,-0.32599148,-0.0040533245,-0.003884226
-1.3106456,-1.4340918,-1.6235676,-1.6514246,-2.454225,-2.6692832,-2.739918,-2.6697464,-2.6388927,-2.3864503,-1.6177814,-0.7398393,-0.36192027,-0.35962307,-0.3034724,-0.23827475,-0.1793991,1.0020597,2.3880424,4.239749,6.420472,7.969425,8.32067,8.253162,7.8171706,7.0338993,6.1327744,4.866906,3.1739726,0.99890727,-0.5214577,-1.6141205,-1.8310066,-1.2225183,-0.585238,0.28661627,-0.26113167,-0.20443645,0.22390425,0.29107222,0.3083459,0.27638343,0.1926449,-0.027808636,-0.45049575,-0.6724144,-0.9233797,-1.1069868,-0.95359695,-0.94927233,-0.9392328,-0.99445635,-1.2103176,-1.0416919,-0.88342637,-0.9404956,-1.3168923,-1.6413915,-1.8284808,-2.232779,-2.2362669,-2.3132463,-2.1521158,-2.0544412,-1.6135595,-1.5246886,-1.1969984,-0.9700798,-0.92240757,-0.8838702,-0.8889604,-0.47365338,-0.25415158,-0.19044787,-0.13367695,-0.09695497,-0.11508399,-0.11547756,-0.08723557,-0.10048875,-0.061322868,-0.08124325,-0.06824741,-0.096402764,-0.10354325,-0.05972308,0.014367908,0.12208679,0.14327992,0.059818983,-0.19701333,-0.41072327,-0.50876474,-0.33779758,-0.251297,-0.2899022,-0.20845246,-0.20901762,-0.22959438,-0.29738724,-0.31098005,-0.43357405,-0.6306609,-0.8943311,-0.92779434,-0.6385608,-0.63853836
-3.2712405,-3.3221831,-3.32471,-3.2870417,-3.4002204,-3.5825577,-3.5965476,-3.690405,-3.7243066,-3.6509104,-3.5239964,-3.353006,-3.0974617,-2.9544897,-2.9260905,-2.826479,-2.475408,-2.0154731,-1.6739012,-1.4194365,-1.1849592,-1.2011716,-1.383645,-1.6254773,-1.8149983,-2.1378314,-2.3224623,-2.4217844,-2.282196,-1.6690011,-1.3724594,-1.0427816,-0.16085756,0.9710331,2.5428915,7.2942524,9.384387,10.200324,10.6092615,10.774076,10.908216,11.013496,10.968997,10.63623,9.8541765,8.34197,5.897446,2.5755286,0.41110963,-1.3368357,-2.1206393,-1.9028529,-1.0840912,0.039507657,0.10155219,-0.08638659,-0.7094632,-1.0219297,-1.3707116,-1.6018937,-1.8141693,-1.7211447,-1.1228025,-1.2659237,-1.1505752,-1.1531996,-1.1926883,-1.2498631,-1.241956,-0.96064204,-0.8407823,-0.6545508,-0.51012874,-0.46363595,-0.43099713,-0.39769197,-0.3717972,-0.35897005,-0.3045776,-0.26097023,-0.1873255,-0.15244205,-0.13232882,-0.0976763,-0.041066244,0.004120186,0.007002622,-0.095332116,-0.2552368,-0.4089628,-0.8070705,-1.1520526,-1.3382881,-1.2301812,-1.1759124,-1.2383072,-1.1844523,-1.1601835,-1.3159293,-1.4123476,-1.6116568,-1.6543124,-1.6504573,-1.7357104,-1.7152103,-2.0529091,-2.0530152
-0.44099566,-0.5856977,-0.7413648,-0.7588754,-1.0140896,-1.2268646,-1.1358273,-1.0372787,-0.9062594,-0.8760709,-0.7460982,-0.22747007,-0.06452409,-0.16014042,0.0069119707,-0.13799044,-0.9442116,-1.0120897,-0.846566,-0.6167953,-0.28758582,-0.07470529,0.1052939,0.602432,1.0748068,1.1453912,1.0444369,0.97811437,1.2527539,1.2723907,0.79750025,0.7259817,0.81748354,1.2116809,1.6412685,1.8696194,1.3531755,0.95714474,1.0522168,1.2868589,1.3561347,1.0262476,0.56914914,0.25443083,-0.52975243,-0.82808506,0.24649206,2.953906,5.7036276,7.110386,7.3140774,7.013002,6.528329,4.3299017,2.2794871,2.179824,2.7710986,3.5547822,4.293365,4.9526396,5.1925507,6.194461,7.7492876,10.191969,11.1077385,11.241413,11.461304,11.60499,11.409537,10.1742525,7.9836545,5.6253824,4.1772594,3.50174,3.009561,2.5929022,2.416803,2.2359414,2.241888,2.1808639,1.9669193,1.6500729,1.29769,0.89862674,0.6016504,0.3864366,0.45172787,0.75142777,1.0111026,1.3300004,1.7421181,1.8018336,1.4550686,0.9794048,0.5559833,0.4059946,0.30909005,0.00039887428,-0.20541525,-0.43072003,-0.56247246,-0.7135146,-0.79779625,-0.7912533,-0.7747738,0.6165817,0.61665165
-1.3175817,-1.276263,-1.2515513,-1.4578222,-1.6822243,-1.7337185,-1.6634837,-1.5997233,-1.5581474,-1.5408492,-1.5010564,-1.5215527,-1.4347264,-1.1275349,-0.8536655,-0.25904602,0.8539609,1.0616452,1.1118251,0.8243727,0.08259463,-1.1626557,-1.6071908,-1.5404669,-1.3005294,-1.117615,-0.973416,-0.68776566,-0.13812222,-0.005064711,-0.2793544,-0.32437634,-0.39170158,-0.2856214,0.18989438,1.1958137,1.539549,1.8817124,1.5606153,0.95018005,0.35504448,-0.31272072,-0.8425101,-1.2155004,-1.0663258,-0.5352653,0.14604372,0.2883957,-0.1139497,-0.61236817,-0.88134164,-0.8792182,-0.5575786,0.11540082,0.4434171,0.4492175,0.3678071,0.3972026,0.32075974,-0.15705967,-0.4436238,-0.21310791,-0.27290434,-0.15834379,-0.043507606,0.056461714,-0.15170625,-0.4953738,-0.9374219,-1.3785912,-1.8046696,-1.7561953,-1.8421835,-1.9122167,-1.9646511,-2.005371,-2.011272,-2.016194,-2.0214977,-2.0160744,-2.0772908,-2.1345024,-2.2287982,-2.2925894,-2.3146205,-2.3154912,-2.2668905,-2.1587365,-1.9774885,-1.7827954,-1.7084835,-1.7018691,-1.616961,-1.5219643,-1.4362082,-1.4883764,-1.6026895,-1.5603876,-1.5456104,-1.5476089,-1.722244,-1.819282,-1.9205251,-1.903692,-1.8471844,-2.2485785,-2.2487988
-3.4091136,-3.5452495,-3.5728705,-3.2580893,-2.8920455,-2.9595702,-3.0626585,-3.172923,-3.1210098,-2.7495253,-2.708662,-2.8243985,-2.7785802,-2.6495235,-2.5819862,-2.4362307,-1.6178505,-1.0260932,-0.6842915,-0.5199473,-0.42447066,-0.48249745,-0.62555075,-1.0347546,-1.5362933,-2.4815555,-3.2955322,-3.8030581,-4.063983,-4.166509,-4.0108166,-3.443038,-2.803827,-2.593774,-2.4249494,-1.654701,-0.62659127,0.2590359,0.5972042,0.5197408,0.28300261,0.07701844,-0.09397629,-0.41015932,-0.78302693,-1.5353943,-2.4308443,-3.038727,-3.6258268,-3.5815642,-3.125661,-2.965906,-2.775669,-1.9764696,-1.1886944,-1.0474732,-1.3920368,-2.047556,-3.318369,-3.5533013,-3.2766585,-3.0902336,-3.0284257,-2.987252,-2.378811,-1.7183734,-0.49227926,0.24543127,2.6820998,6.495261,9.583889,10.881802,11.382006,11.565235,11.692221,11.788158,11.843098,11.893254,11.928092,11.946663,12.007885,12.07609,12.13992,12.184477,12.191576,12.143904,12.080202,12.010168,11.889988,11.656027,11.346454,11.073341,10.860905,10.723742,10.611605,10.381093,10.219614,9.943529,9.441463,9.006714,8.499184,8.156683,7.543927,7.001277,6.696375,5.264889,5.2641287
-1.9229751,-2.0337257,-2.054059,-1.9305334,-1.5251356,-1.1101333,-1.0743146,-1.1432881,-1.0734435,-1.0072366,-0.74359447,-0.55944175,-0.29579943,-0.29948795,-0.47376367,-0.63513833,-1.123793,-1.8632479,-2.3173757,-2.5554457,-2.306207,-1.5730873,-1.1628416,-0.83702886,-0.37894687,0.3269372,0.58422685,0.44096753,-0.018334419,0.21031515,0.16338813,-0.1700719,-0.5642532,-0.8887352,-1.3297856,-1.7621441,-1.6406074,-1.7005818,-1.5737581,-1.247472,-0.94245195,-0.7039293,-0.56280303,-0.56498563,-1.0612069,-1.5681074,-1.9483137,-1.7571512,-1.166369,-0.61509216,-0.45011657,-0.75196195,-1.2416335,-1.8059539,-2.2701178,-2.317703,-2.0434403,-1.8701084,-2.0805125,-2.0160456,-2.1656506,-2.4857812,-2.2549,-1.5358235,-1.2879608,-1.1637684,-1.1451885,-1.211651,-1.5552425,-1.9776095,-1.9632891,-1.8511536,-1.7521777,-1.6829991,-1.6364993,-1.6007946,-1.5782236,-1.5547178,-1.5440676,-1.5443512,-1.5157545,-1.4949054,-1.465277,-1.4597284,-1.4374676,-1.4559963,-1.45559,-1.4971921,-1.6088673,-1.6426225,-1.5351543,-1.4367399,-1.5223961,-1.598374,-1.8205278,-2.0932517,-2.2059948,-2.2890708,-2.4349551,-2.5302546,-2.6472294,-2.649158,-2.6078084,-2.5878158,-2.5475965,-2.3750663,-2.3748333
-4.788636,-4.7483716,-4.711648,-4.55414,-4.545625,-4.495977,-4.489968,-4.521236,-4.5423174,-4.2399282,-3.916374,-3.6526816,-3.4911318,-3.3818307,-3.3740652,-3.1688578,-2.120294,-1.5428632,-1.1100746,-0.7667504,-0.43785498,-0.19021162,-0.14859703,-0.37104923,-0.58358556,-1.1264685,-1.8738091,-2.698785,-3.1424577,-3.2400246,-3.26163,-3.1422844,-2.7153602,-2.3867328,-1.8667637,0.03816113,0.7070375,0.68003035,0.47390947,0.24777028,0.058202118,0.082442135,0.22576767,0.45964116,0.60613984,1.0895122,1.2884812,0.6209746,-0.5441751,-2.454432,-3.3592377,-3.2675962,-2.9023862,-1.9796441,-2.0439467,-2.2686408,-2.837259,-2.9447446,-3.1201658,-3.7682335,-3.9847612,-4.0111127,-3.8976107,-4.3297753,-4.1214247,-3.9201152,-3.602303,-3.5072777,-2.9789393,-2.0532603,-1.675082,-1.6658942,-1.5231665,-1.4528992,-1.4170899,-1.368253,-1.3227608,-1.2896733,-1.2416853,-1.1948286,-1.1107826,-1.0465351,-0.9718618,-0.87937605,-0.7945378,-0.70999295,-0.710027,-0.8486198,-0.99046636,-1.1416641,-1.465529,-1.7558157,-1.9338969,-1.8165919,-1.7716175,-1.8726957,-1.8191447,-1.7402964,-1.9411787,-2.0270412,-2.1901097,-2.2819195,-2.4416008,-2.6770704,-2.7841258,-2.9158003,-2.9159603
-1.7638365,-1.8271613,-1.6393392,-1.2355821,-1.1231291,-1.1846744,-1.2941967,-1.4315343,-1.3874912,-1.0469286,-0.9640514,-1.0275027,-1.3931075,-1.5675949,-1.6571785,-1.5795223,-0.98059326,-0.59699047,-0.23131047,-0.0291792,0.28044403,0.92443603,1.5063232,1.6977116,1.5022255,0.6749392,-0.100183636,-0.7915425,-1.1033696,-0.9886557,-1.0190777,-1.0682427,-0.88909084,-0.6069325,-0.32766217,1.0163996,1.9809928,2.762937,3.1037939,3.0890753,2.972056,2.921375,2.8631814,2.627017,2.2388592,1.7553995,1.134279,0.47353962,-0.20781225,-1.0048759,-1.3242394,-1.3397584,-1.3894079,-0.72135735,-0.2487253,-0.21314691,-0.65917003,-1.0255371,-1.3039457,-1.399837,-1.4351786,-1.65643,-1.629802,-2.0903945,-1.8272356,-1.5061553,-1.252737,-1.1769654,-0.65729576,0.49942815,1.5832579,2.048127,2.2485347,2.3035614,2.3032572,2.3094313,2.3341942,2.34223,2.3851464,2.4346807,2.5317345,2.5858738,2.678102,2.8257246,3.0005808,3.1983929,3.3274736,3.147462,2.946888,2.8573465,2.6969118,2.5571356,2.4898372,2.6298478,2.5829625,2.3921454,2.3806772,2.4275205,2.2457106,2.1389437,1.9457493,1.9470725,1.8024752,1.5128686,1.3433473,-0.17273673,-0.17317235
-1.7418288,-1.7667961,-1.7642052,-1.7102296,-1.6919506,-2.095254,-2.2930434,-2.4399402,-2.4245894,-2.0878136,-1.9094689,-1.5092295,-1.3967826,-1.2823764,-1.2104564,-0.9945036,0.14105809,1.3054063,1.9263177,2.3421729,2.4236822,2.0655484,1.5210066,0.54215586,-0.72771704,-2.3311634,-3.2088811,-3.5474448,-3.6010132,-3.4520319,-3.2111893,-2.9588213,-2.6955624,-2.6903293,-2.7089338,-2.2731092,-1.1995633,-0.47944608,-0.49554607,-0.80469304,-1.1732652,-1.3553102,-1.3179238,-1.1574191,-0.76447904,-0.046975493,0.5293096,0.119348675,-1.0744867,-1.8189132,-2.1020327,-2.2948198,-2.4266183,-1.5989853,-0.88858175,-0.9163512,-1.3979864,-1.932689,-2.7103379,-2.9947467,-2.7503521,-2.4344716,-2.0072384,-1.7165773,-1.3258392,-1.0295,-0.392399,-0.08595604,0.8008555,1.577754,1.523604,1.2767048,1.297088,1.3052249,1.2938206,1.2845232,1.282099,1.2665141,1.3030417,1.3467153,1.43005,1.4561968,1.4996624,1.5872035,1.6117203,1.6716844,1.5961218,1.2435913,0.91972876,0.45207918,-0.1947112,-0.6598207,-0.96667725,-1.1500185,-1.1575687,-1.0427731,-0.8840643,-0.7584472,-0.7061957,-0.60567063,-0.5397843,-0.5435507,-0.6612454,-0.8009484,-0.8771583,-1.5374004,-1.5377688
1.0119286,0.99284184,0.9162589,1.1690688,0.5961637,0.23393333,-0.06998627,-0.15594853,-0.21828899,-0.34269503,-0.53512645,-0.8462401,-1.2578866,-1.4780034,-1.351037,-0.88841486,0.22730601,1.4923518,2.5093188,3.5268793,4.623391,6.055565,6.8904476,7.0436797,6.798856,6.1232505,5.0354624,3.992466,2.8849404,1.3464642,0.062816784,-1.0019419,-1.7695093,-1.8614552,-1.8062218,-1.1041404,-0.610269,-0.616578,-1.0458167,-1.5166566,-1.9341242,-2.074728,-2.032617,-2.0255604,-1.9909734,-1.8510225,-1.4620897,-1.3694471,-1.179983,-1.4037623,-1.614696,-1.7425759,-1.8996027,-1.4460666,-1.2546306,-1.4440109,-1.9451715,-1.9503016,-1.5386565,-1.7014775,-1.7266796,-1.5062392,-1.1740887,-1.0460109,-1.0898926,-1.2694638,-1.071271,-0.83855927,-0.3915732,0.23206769,-0.07557058,-0.36649692,-0.38661057,-0.39996672,-0.3873593,-0.36136478,-0.3340329,-0.29856634,-0.24617374,-0.21090603,-0.1510855,-0.10454202,-0.020528138,0.06504309,0.16526586,0.38810626,0.5618954,0.70948076,0.7149782,0.5310974,0.25321192,0.12407817,0.19710863,0.37332365,0.6073855,0.71335703,0.81396115,0.9172248,1.0542223,1.0928313,1.1668322,1.035481,0.9424021,0.85220337,0.87693906,1.4418329,1.441792
2.2495751,2.1731687,1.8979495,1.4473326,1.343201,1.4974275,1.604007,1.8109462,1.6630812,1.0322626,0.39666438,0.4181145,1.1762524,1.2968493,1.4015806,1.1429297,0.40547213,0.13622527,0.41700625,0.7309997,0.9978185,0.8203248,0.08595133,-0.72060466,-1.3224511,-1.4304104,-1.4927564,-1.4575839,-1.2747158,-1.1113406,-0.878925,-0.6044402,0.1051043,0.4842438,0.75977015,0.06482434,-0.4398645,-0.46901128,-0.2971598,-0.18413682,-0.056726903,0.0408538,0.072035596,0.21834551,0.40629405,-0.019526295,-0.7028535,-1.6669703,-1.8513976,-0.93575376,-0.01383283,0.5275078,0.56654525,0.6913947,0.31980702,0.05638978,-0.41933554,-1.0083505,-1.0695008,-0.55721474,-0.30257624,-0.6036627,-1.0028915,-0.7950655,-0.045530006,0.40219578,0.6748556,0.5976741,0.36140376,-0.0057711527,0.34751403,0.56898093,0.69797117,0.709489,0.7255974,0.71826196,0.7116631,0.72788835,0.5991349,0.54514396,0.39995453,0.30289423,0.15660784,-0.004500665,-0.17845903,-0.4355485,-0.61433643,-0.7585633,-0.7951004,-0.79128385,-0.6059683,-0.29325247,0.017570809,0.19509012,0.22621073,0.20236468,0.15205775,0.20482112,0.18001938,0.30189937,0.41862544,0.530937,0.75236374,1.0055498,1.2502522,1.9564991,1.9567981
-0.8806645,-0.91115665,-0.9739516,-0.95617497,-0.36458856,-0.11336274,-0.1247724,-0.20552914,-0.0139327645,-0.24730419,-0.49388292,-1.2989249,-1.3620489,-1.1081626,-1.1082319,-1.2913734,-1.6538568,-2.0166523,-2.3082838,-2.3513896,-1.9958501,-1.5898793,-1.4370588,-0.99619555,-0.29708496,1.1253958,2.2849247,2.9249024,2.8474932,2.414003,2.1244175,1.6735888,1.1847482,1.075673,0.70890844,-0.19087887,-1.2131047,-1.8869174,-1.8826799,-1.5998516,-1.2927389,-1.010509,-0.9260186,-1.0624282,-1.4538057,-2.1475453,-2.398117,-2.207185,-1.8496478,-1.2023933,-0.30903414,-0.15509818,-0.21746475,-1.5245535,-2.2465982,-2.3608518,-2.2263362,-1.909344,-1.7516632,-1.4700077,-1.4189904,-1.0431366,-0.69446844,-0.91240597,-1.1940475,-1.2141522,-0.92382014,-0.60703576,-0.46758956,-0.76179427,-1.4693274,-1.885067,-1.8919077,-1.8453318,-1.7922976,-1.7092991,-1.6456001,-1.6159577,-1.5994285,-1.6026814,-1.5426785,-1.4790454,-1.4090681,-1.3400552,-1.2769628,-1.2816424,-1.3172703,-1.3071293,-1.2652066,-1.1959634,-1.037703,-0.8329091,-0.6012144,-0.5270426,-0.4268541,-0.36632615,-0.45677605,-0.5637226,-0.4468685,-0.512203,-0.4544817,-0.44487962,-0.37880883,-0.29858539,-0.33520073,-0.19344348,-0.1934528
0.252485,0.4082694,0.44697824,0.2546234,0.14872105,0.2987996,0.3573755,0.5247695,0.45496184,0.22613111,0.14445746,0.49840975,1.0115831,1.2532821,1.0816132,0.6826499,-0.0845457,-0.8340755,-1.1289213,-1.24944,-1.3947991,-1.7893972,-2.1079636,-2.1236303,-1.9337548,-1.337173,-0.8226615,-0.7093442,-1.0239791,-1.2182419,-0.9368924,-0.64663684,-0.4128519,-0.42477745,-0.6121071,-1.6845113,-2.5159261,-2.802031,-2.707727,-2.5290296,-2.3225358,-2.1206012,-1.9208791,-1.7402072,-1.8099318,-2.0999846,-2.5320563,-2.6185317,-2.3409834,-2.1618533,-2.2472415,-2.5363078,-2.7487402,-2.6604545,-1.953963,-1.6741114,-1.2208884,-0.86879367,-0.48731837,-0.7059474,-0.9670491,-1.7484434,-1.916989,-1.5246749,-1.5499365,-1.7258153,-2.044041,-2.2313302,-2.6105397,-2.8886638,-2.208661,-1.545533,-1.3277187,-1.2144762,-1.1449249,-1.0856273,-1.0807494,-1.0661855,-1.1033273,-1.1246667,-1.1604464,-1.1349187,-1.1214718,-1.1158576,-1.1330491,-1.2037191,-1.2378483,-1.2138548,-1.1252073,-1.0280238,-0.7032757,-0.3521226,-0.057715,0.1425147,0.20338029,0.15458703,0.13287544,0.13328904,-0.047379613,-0.13898435,-0.2299447,-0.25704655,-0.32646656,-0.37488568,-0.4546683,0.10318446,0.103438675
-3.5537987,-3.5129323,-3.5916274,-3.7926805,-3.5800145,-3.3490825,-3.2448678,-3.1253476,-3.1661093,-3.3996968,-3.4329624,-3.3069525,-2.5982234,-2.1815915,-2.2021854,-2.3575008,-2.3726287,-2.5016446,-2.750629,-2.91591,-3.0665154,-3.4898252,-3.8854406,-3.9868207,-3.892939,-3.3809807,-2.9220738,-2.7751045,-2.843553,-3.3526044,-3.4772666,-3.1337948,-2.362708,-2.0910833,-2.07507,-2.31611,-2.476985,-2.8784683,-3.1363583,-3.244029,-3.2641878,-3.2430453,-3.1759334,-3.1158266,-3.2132645,-3.4131818,-3.6063476,-3.6964757,-3.705519,-4.0205083,-4.3523164,-4.303937,-3.8511865,-3.4295597,-3.157102,-3.0500836,-2.917004,-3.0043292,-3.343668,-3.458307,-3.668363,-4.173918,-3.9792426,-3.4745383,-3.5594635,-3.6197543,-3.4387884,-3.2708442,-3.1719875,-2.8744836,-2.2212842,-2.156624,-2.1673467,-2.1594036,-2.150879,-2.1442323,-2.1429014,-2.1463273,-2.165737,-2.1953,-2.2112768,-2.2251527,-2.2483912,-2.3035269,-2.3652287,-2.4716675,-2.5603428,-2.6303096,-2.6961186,-2.7890158,-2.743895,-2.6213045,-2.483962,-2.3587756,-2.3645158,-2.47326,-2.5925212,-2.7416072,-2.9520411,-3.1370318,-3.2757034,-3.3670526,-3.5002089,-3.5892186,-3.6261477,-3.5919077,-3.5919366
-1.722055,-1.6115193,-1.5451455,-1.5652444,-1.2159406,-0.9037882,-0.82445955,-0.74642056,-0.5806904,-0.39961496,-0.21284372,0.64664257,1.4223832,1.4376948,1.4479308,1.4408752,0.8308991,0.24927029,0.19320685,0.30095625,0.8318532,1.4650942,1.0928398,0.021957321,-1.0285058,-1.8532441,-2.3625588,-2.4390314,-2.4410152,-1.834175,-1.247974,-0.96819675,-0.81490487,-0.6878194,-0.6658601,-0.72575057,-0.8170318,-0.9798349,-0.63812673,-0.017923765,0.71541774,1.5755275,2.3203225,2.9411347,2.881159,2.1272306,-0.3436004,-2.3128977,-2.3615375,-1.5083199,-0.9816791,-0.9296796,-1.570047,-2.01421,-2.0637174,-2.235087,-2.4205399,-2.7332737,-2.8220491,-2.678648,-2.3108907,-1.7143655,-1.3050709,-0.6429864,0.05781456,0.42965698,0.58236295,0.4317127,-0.0004676152,-0.59465426,-1.0764148,-1.2619381,-1.2915664,-1.281766,-1.2877386,-1.2743462,-1.2864449,-1.2542856,-1.2030056,-1.1583824,-1.0928538,-1.0419796,-0.95581806,-0.8731141,-0.7584448,-0.55771244,-0.32335007,-0.11533208,0.016796023,0.09528862,0.06444439,0.082561605,0.15874279,0.4412341,0.441994,0.31717822,0.30237123,0.36989918,0.24451649,0.24796431,0.14163512,0.03536252,-0.20687121,-0.46624583,-0.508079,0.40913364,0.40906286
-1.9050189,-1.8966166,-2.0233505,-2.3470194,-2.5508995,-2.6949782,-2.746432,-2.7760212,-2.6501107,-2.2007134,-1.6269932,-0.9150443,-0.21001783,0.2931506,0.9526764,2.5764885,5.7021565,6.794977,6.9361143,6.6044745,5.4638114,3.5411243,2.1299634,0.93756175,-0.17507607,-1.8310674,-2.8386378,-2.9757743,-2.516176,-2.1284735,-1.7822237,-1.2572124,-0.9018853,-0.82025015,-0.6027274,0.019547164,0.7276723,1.3132868,1.2558854,0.7456527,0.10493553,-0.5965548,-1.149765,-1.5741618,-1.4051485,-1.0836853,-0.8635868,-0.9306991,-1.3790548,-2.0822651,-2.19773,-1.9586344,-1.2833428,-0.10977112,0.5063504,0.44597328,0.079025045,-0.20201412,-0.61943805,-1.331536,-1.6211321,-1.8336023,-2.0593245,-2.036046,-1.7842251,-1.7003227,-1.7132574,-1.8883476,-2.0065389,-1.9558153,-1.6123829,-0.9057996,-0.4974562,-0.3262769,-0.20398909,-0.1272765,-0.09675057,-0.077128924,-0.08839716,-0.097712055,-0.109763965,-0.1192496,-0.14933449,-0.20949349,-0.26586816,-0.34356117,-0.45883065,-0.61034006,-0.7315449,-0.81049156,-1.0062921,-1.2592292,-1.5455556,-1.9159307,-2.0856462,-2.155523,-2.2464135,-2.3722007,-2.44879,-2.485899,-2.5382326,-2.5532963,-2.719417,-2.8159297,-2.8835254,-3.3021915,-3.3023705
-6.209284,-6.2573204,-6.3664875,-6.3615556,-5.814448,-5.4351506,-5.332757,-5.3006735,-5.217079,-5.2634554,-5.4440365,-5.6268845,-4.826412,-4.2903085,-4.0561,-3.834979,-2.9763083,-2.5938802,-2.6655595,-2.7501993,-2.8435273,-3.375309,-3.9452183,-4.3461075,-4.560906,-4.442095,-4.3019633,-4.273956,-4.452286,-4.696855,-4.5978146,-4.1032915,-3.2622592,-2.9339528,-2.8330204,-2.6593966,-2.6835039,-3.0789685,-3.442078,-3.6251652,-3.7000465,-3.6516123,-3.562242,-3.5083635,-3.5905426,-3.7894926,-4.137568,-4.5747313,-4.987465,-5.3452106,-5.0684795,-4.8079944,-4.702943,-4.988147,-5.2421803,-5.4398756,-5.7296686,-5.9198236,-6.2969,-6.4018173,-6.472784,-6.27911,-5.7490616,-5.199448,-4.8044434,-4.551007,-4.087206,-3.8815186,-3.7048209,-3.3644068,-2.8636389,-2.7978287,-2.6763759,-2.6158974,-2.5629826,-2.5072412,-2.4576764,-2.4287734,-2.4194996,-2.4279342,-2.4003878,-2.3876503,-2.3802998,-2.405119,-2.43404,-2.5339122,-2.637855,-2.7913013,-2.99854,-3.2557588,-3.484676,-3.5669768,-3.5549717,-3.5112128,-3.536127,-3.6569457,-3.7785664,-3.9002614,-4.0593104,-4.206362,-4.377529,-4.499467,-4.658265,-4.7708035,-4.808311,-4.539624,-4.539749
-0.062215388,-0.0364936,-0.08060014,-0.21769348,-0.34803182,-0.102709204,-0.106943935,-0.06467563,-0.07712099,-0.3007743,-0.514775,-0.28071755,0.40002176,0.7726005,0.47209936,-0.24580249,-1.2900743,-1.4888456,-1.6891358,-1.7249348,-1.6000121,-1.7063658,-1.7553418,-1.3023629,-0.63174325,0.10614011,0.3302834,0.34663624,0.4435303,0.49330002,0.77218026,1.1264105,1.8177528,1.9806888,1.7200971,0.41134575,0.08487342,0.04265643,-0.05714176,0.052731633,0.13250189,0.099143855,4.5135617e-05,-0.23563516,-0.68608844,-1.1759982,-1.5664811,-1.0961528,-0.013239682,0.9953856,1.6635165,1.6700561,1.635407,0.9015695,1.3422335,2.3661256,4.658847,6.9073534,8.64715,9.182462,9.131724,8.709774,8.402298,6.32617,3.8453412,2.5527642,1.3115087,0.7996227,-0.06341782,-1.098918,-1.0956059,-0.6906836,-0.48484838,-0.38860813,-0.31808925,-0.2775069,-0.27702177,-0.26041412,-0.31004322,-0.34768325,-0.3816166,-0.3774796,-0.3670857,-0.38482195,-0.36485988,-0.37426275,-0.39956367,-0.41048372,-0.48864907,-0.40290263,0.12608103,0.5914385,0.8123172,0.5775593,0.21383339,-0.12930378,-0.38184685,-0.76433736,-1.0807223,-1.3951182,-1.5079243,-1.5711931,-1.6610218,-1.6637856,-1.7315792,-1.845665,-1.8454176
-0.65699565,-0.65958124,-0.66923493,-0.774492,-1.0677779,-1.5189152,-1.8067693,-2.0402594,-2.0944834,-1.6491375,-0.9615923,-0.008417822,0.906516,1.5885794,2.4628592,4.1861596,7.481989,8.930371,9.319532,9.413656,8.795275,6.9577127,4.767178,2.8970249,1.1880912,-0.6319562,-1.5595446,-1.8057945,-1.8936235,-1.4882686,-0.84115887,-0.43124273,-0.44131237,-0.72821987,-0.88576555,-0.92249215,-0.28894988,0.33662915,0.21883036,-0.1714934,-0.57059115,-0.8665222,-1.0521412,-1.1274076,-0.33179232,0.53961104,0.8612169,0.5028004,-0.22021562,-0.85422885,-0.53815526,0.06494345,0.79077363,1.6715573,2.1075382,2.0655231,1.5148247,0.73110664,-0.46011245,-1.339485,-1.4822307,-1.3842821,-1.452431,-1.1275457,-0.57670146,-0.4707238,-0.39043626,-0.4320898,-0.23280253,0.41232282,1.0117197,1.7783809,2.1586695,2.2755687,2.349522,2.3714716,2.388713,2.3928528,2.3703303,2.3778348,2.3776848,2.3738275,2.3934312,2.423314,2.4546356,2.4899402,2.4260025,2.2369943,1.9609613,1.6407287,1.204465,0.83661747,0.48957676,0.11199419,-0.11604148,-0.22343425,-0.23170091,-0.25633523,-0.29679283,-0.2829597,-0.2846408,-0.25552082,-0.3020188,-0.2859332,-0.30431512,-0.7291179,-0.7291714
-3.3129244,-3.326971,-3.316741,-3.2680168,-2.997951,-2.7667565,-2.686583,-2.681259,-2.455542,-2.1276622,-1.999902,-1.8899853,-1.431138,-1.196151,-1.0589224,-0.94911575,-0.4136175,-0.21201026,-0.2696008,-0.55402863,-1.2124257,-2.220685,-2.8325362,-3.2236786,-3.5126467,-3.5057063,-3.255182,-2.8456874,-2.5510747,-2.529185,-2.2277498,-1.4571648,-0.21388544,0.5477722,1.2291374,1.8692696,1.8653082,1.5226939,0.95008457,0.422049,0.040787928,-0.14264955,-0.13943005,-0.10215595,-0.19515762,-0.31242502,-0.5038422,-1.0166646,-1.4002043,-1.836831,-1.6871119,-1.2440828,-0.94173884,-1.2784448,-1.9950659,-2.4281795,-3.0492878,-3.4954476,-3.7340736,-3.6553075,-3.5209227,-2.8640618,-2.2326038,-1.3337471,-0.438587,0.078953475,0.31902993,0.017726973,-0.36368215,-0.8713931,-1.2408049,-1.5672499,-1.6849864,-1.7479489,-1.7688532,-1.788947,-1.7745507,-1.7713287,-1.7859061,-1.8113604,-1.8551116,-1.9000491,-1.9482228,-1.9813952,-2.0061173,-2.0204062,-1.9948374,-2.0032454,-2.0596304,-2.212591,-2.4378612,-2.597331,-2.667932,-2.6651168,-2.6716585,-2.7041426,-2.7143333,-2.6694403,-2.6891313,-2.646995,-2.6836376,-2.6840813,-2.7067564,-2.6994007,-2.6320682,-2.057596,-2.0576077
-0.1505521,-0.00997106,0.13517724,0.23411849,0.1130722,-0.22661725,-0.38657928,-0.7202134,-0.8551896,-0.4626509,-0.12023723,0.3268882,0.39900613,0.5771694,0.6469707,0.99051285,0.9607121,0.719352,0.81814486,0.76853204,0.6497439,1.0913765,1.8952092,2.278177,2.2672582,1.4647194,0.659646,0.3084481,0.87094176,1.5811833,1.4276845,0.82893634,0.079898536,-0.11615331,-0.0411437,0.6779667,1.4141672,2.2164607,2.4119813,2.3807752,2.2527263,2.1137006,1.9744494,2.0153809,2.5254536,3.0371609,3.2782075,2.8951304,2.2784543,1.1140455,0.25782055,0.5485196,1.2226661,2.2325716,2.5744448,2.4081101,1.8715503,1.5871671,0.9710402,0.44040394,0.38134253,1.119072,1.9290931,1.6718411,1.3130277,0.9217,0.8730799,1.20572,1.5927045,1.8535748,1.5448173,1.7778945,1.9220607,1.9616274,1.9431869,1.9438311,1.9380574,1.904833,1.9441665,1.9908276,2.0567718,2.0694811,2.0948331,2.106397,2.1267395,2.20376,2.144445,1.9623561,1.7654716,1.6341809,1.2501602,0.8377672,0.4665885,0.20940088,0.078689516,0.04496929,0.06249012,0.07183896,0.0589741,0.04269895,-0.011656292,-0.0985918,-0.3000157,-0.45461097,-0.5862804,-0.74398994,-0.7440564
-2.5461433,-2.4400864,-2.1987174,-1.7225258,-1.1710479,-0.7888045,-0.64885217,-0.5112081,-0.32528344,-0.3038142,-0.56317526,-0.5086369,0.08755225,0.10506764,-0.05070232,-0.34249276,-0.82942307,-1.4832575,-2.074246,-2.4866366,-2.5241132,-2.0916045,-1.8185346,-1.7228469,-1.4833373,-0.850844,-0.34576902,-0.24241284,-0.6972208,-1.0034239,-0.7140613,-0.35079074,-0.45472997,-0.7471292,-1.1530998,-1.6368612,-1.9113827,-2.5329576,-2.9532585,-2.9538445,-2.781035,-2.5290637,-2.3807411,-2.4102392,-3.0285797,-3.3623395,-3.852848,-3.795423,-3.3687992,-2.6663375,-2.2580488,-2.3200717,-2.6848316,-2.870278,-3.201568,-3.351675,-3.1231303,-3.1241498,-2.8683076,-2.2665143,-2.117588,-2.0745268,-2.0325868,-1.5048226,-1.2984214,-1.0244821,-0.7360124,-0.75260013,-0.7388481,-0.6456852,-0.54867613,-0.68268377,-0.7143382,-0.68671536,-0.6784348,-0.649397,-0.6434504,-0.6179246,-0.56851083,-0.5461622,-0.49201426,-0.45085064,-0.39897537,-0.37771836,-0.36434087,-0.39887902,-0.4226883,-0.4424849,-0.52677333,-0.61318004,-0.68347627,-0.7070832,-0.7613198,-0.7496489,-0.8219212,-0.86475825,-0.90389264,-0.9406048,-0.92708474,-0.9342797,-0.9821635,-1.0903275,-1.1915134,-1.2948742,-1.3026152,-0.92799866,-0.9279319
-1.7455941,-1.570825,-1.3167112,-1.036181,-0.9591501,-0.7211307,-0.61549044,-0.4273798,-0.43550026,-0.6650626,-1.018464,-0.86861944,-0.2725785,-0.24091655,-0.44538474,-0.85835207,-1.7647732,-2.2036939,-2.4119701,-2.4676485,-2.5122166,-2.6108594,-2.7066789,-2.681069,-2.4561896,-1.8257186,-1.1358979,-0.7043941,-0.6158279,-0.55640864,-0.112562776,0.32406995,0.24566847,-0.064872965,-0.40015113,-1.517844,-2.476418,-3.0834277,-3.1117578,-2.8857722,-2.6041067,-2.2927015,-2.0130706,-1.806401,-1.922816,-2.2605834,-2.9296122,-3.257578,-3.2797496,-3.2864075,-3.3643076,-3.461369,-3.059587,-2.6963685,-2.475356,-2.1992054,-1.6276779,-1.2190667,-0.44223264,-0.029901236,-0.3036184,-1.0722306,-0.92879844,-1.2629553,-1.657189,-1.6972009,-1.6884884,-1.6768554,-1.8581882,-2.0591505,-1.7744077,-1.8167559,-1.82553,-1.7970412,-1.7771847,-1.7633963,-1.7804909,-1.782515,-1.8018779,-1.8268914,-1.8325894,-1.813633,-1.7778497,-1.7581036,-1.7353871,-1.7429328,-1.7553225,-1.7635546,-1.7989475,-1.8264464,-1.7061341,-1.4514927,-1.1561404,-0.8927979,-0.8056248,-0.8221342,-0.85719705,-0.8424177,-0.9139338,-0.9411906,-0.90347826,-0.9022832,-0.9258752,-0.9902429,-1.0690901,-1.3977044,-1.3975837
-1.4756621,-1.4824193,-1.314782,-0.8795935,-0.4606302,-0.03463871,-0.08558116,-0.19905068,-0.14668423,-0.104980305,0.28327057,0.8267957,1.4644707,1.817228,1.9019091,1.7138385,1.206655,0.46527895,-0.39377987,-1.2864239,-1.9254652,-2.5668437,-3.0808604,-3.2112417,-2.9275212,-1.9139055,-0.9256878,-0.42341173,-0.525006,-0.63615805,-0.42914456,-0.31654036,0.026981741,0.09904457,-0.20846462,-1.369993,-2.2898564,-3.0206742,-3.1169436,-2.9139495,-2.6928413,-2.529337,-2.4246213,-2.4608898,-2.7059617,-2.8857088,-2.7191136,-2.4307694,-2.267183,-2.2796445,-2.0525174,-2.1778107,-2.4650517,-3.159493,-3.4555326,-3.330793,-2.8448496,-2.4416971,-2.296135,-2.1192663,-2.251077,-2.6341345,-2.3190267,-1.9539714,-1.9023803,-1.7824988,-1.5546333,-1.3693236,-1.332163,-1.4681835,-1.3231444,-1.4633881,-1.4582083,-1.4450463,-1.4102409,-1.3840845,-1.3698733,-1.3540788,-1.3954957,-1.445334,-1.4852881,-1.5035284,-1.5275196,-1.5767021,-1.6465425,-1.8019955,-1.9037399,-1.9714284,-2.0735161,-2.1686223,-2.106893,-1.8882756,-1.6249042,-1.3785691,-1.2712686,-1.2447059,-1.2910686,-1.2871137,-1.2928779,-1.2738392,-1.2505021,-1.255034,-1.3313267,-1.3584213,-1.3991328,-0.9649254,-0.9647726
0.45074368,0.72279227,1.2848291,2.5362244,4.232952,5.3042593,5.4289618,4.9826784,5.633315,7.2401056,8.859519,9.949882,10.692467,10.889839,10.851839,10.489579,8.482662,5.835191,3.887488,1.7764447,0.20130035,-0.6623138,-0.9418384,-1.0880692,-1.0182612,-0.48212695,-0.004383713,0.15893492,-0.018637087,0.21268794,0.526201,0.658666,1.1583629,1.1962285,0.87934977,-0.06207148,-0.70578086,-1.3444196,-1.4325254,-1.1326996,-0.83416855,-0.6673014,-0.744027,-0.8503011,-1.1475208,-1.6866727,-2.1981096,-1.8662778,-1.071778,-0.43880257,0.3598354,0.93749756,0.22261387,-1.0672083,-2.115874,-2.3660822,-2.2855532,-2.2624903,-1.7225204,-0.94886255,-0.93991816,-1.1372981,-0.70121557,0.9198777,1.9394387,2.4368882,2.725801,2.7537897,2.0301235,0.8208264,-0.04120162,-0.60218495,-0.8666564,-0.95580554,-1.0372727,-1.0733137,-1.0977819,-1.093223,-1.0891523,-1.0771025,-1.0858986,-1.1061432,-1.1363268,-1.193348,-1.242112,-1.3522156,-1.4171596,-1.488918,-1.655058,-1.812704,-1.8684201,-1.7863989,-1.723894,-1.6256425,-1.7733697,-1.9202135,-2.0367045,-2.0614376,-2.1972425,-2.1689413,-2.098051,-2.0614667,-2.1083882,-2.1183841,-2.1726408,-1.400634,-1.4002846
-1.1527458,-1.0596461,-0.94739044,-0.8538104,-0.87230325,-1.2155094,-1.3678153,-1.3566265,-1.3870559,-1.3142133,-1.4233747,-1.1234386,-0.90900254,-0.79020774,-0.7046286,-0.49080214,-0.0021241605,0.44594324,0.82576907,1.1795213,1.536063,1.5710912,1.0667553,0.264557,-0.6108924,-1.4299955,-1.8202775,-2.3646846,-2.8875718,-2.97291,-2.9541402,-2.9442294,-2.95661,-2.9380577,-2.8144207,-1.8555635,-0.7675005,-0.09446734,0.13446108,0.117993474,0.0508935,0.14156513,0.2800696,0.2931046,0.07139959,0.35485873,1.0529172,1.2061468,0.07520572,-0.9140645,-1.3938587,-1.5356486,-1.8391497,-1.506994,-1.2593921,-1.3265648,-1.9158908,-2.4006267,-2.6959221,-2.5966456,-2.2698338,-1.9300185,-1.7077589,-1.6822215,-1.6933584,-1.6621593,-1.5736797,-1.573977,-1.4255693,-1.3394175,-1.3830688,-1.2784309,-1.0371414,-0.91932374,-0.84636605,-0.7701192,-0.7183268,-0.6767874,-0.605859,-0.5334474,-0.4008593,-0.2956683,-0.1447234,0.08285692,0.295492,0.6233654,0.817762,0.7022997,0.53538525,0.26430508,-0.28930104,-0.7348678,-0.9976009,-1.0105501,-0.9476998,-0.86851966,-0.71047235,-0.5439937,-0.5312464,-0.4527526,-0.42734113,-0.3609307,-0.40282047,-0.617437,-0.77555424,-1.3575028,-1.357726
-2.9624856,-2.9802103,-2.9810429,-2.8888793,-2.5383399,-2.2759407,-2.1856031,-2.109817,-1.9850035,-1.9598634,-1.902247,-1.6115739,-1.2190912,-0.9674268,-1.0394523,-1.1879472,-1.0264237,-1.4235697,-1.7165548,-1.8750151,-1.9455172,-1.9521307,-1.9100525,-1.7278324,-1.4675931,-0.97670025,-0.63552797,-0.73401546,-1.1177665,-1.2939484,-1.3239068,-1.1654294,-0.990644,-0.89869046,-1.0019187,-1.2586048,-1.5308988,-2.0551105,-2.3328962,-2.3533604,-2.2864823,-2.2160115,-2.1440878,-2.088911,-2.376939,-2.3033319,-2.3041713,-2.0091693,-1.5175803,-1.2097799,-1.0534041,-1.248758,-1.8535426,-2.6957178,-3.3504927,-3.6018915,-3.5003717,-3.3484755,-3.3430662,-3.3962698,-3.4278736,-3.3751068,-3.1574254,-1.745423,-1.4376588,-1.5297182,-1.8651402,-2.205426,-2.6542246,-2.8630464,-2.3435583,-2.0519109,-1.9418768,-1.8827451,-1.8461698,-1.8037353,-1.7866051,-1.7598023,-1.754926,-1.7593507,-1.7592268,-1.7596625,-1.7779421,-1.8104002,-1.8597732,-1.9767694,-2.036907,-2.08238,-2.1175687,-2.1797342,-2.1071503,-2.0027773,-1.978568,-1.9839307,-1.9920752,-2.0511658,-2.0600088,-2.0768485,-2.1379566,-2.2040234,-2.3901079,-2.4987817,-2.5816603,-2.6291437,-2.5937617,-2.34028,-2.3402443
-1.6148282,-1.6121374,-1.360867,-0.9374616,-0.8670036,-0.81787103,-0.7998093,-0.7276216,-0.75805724,-0.55409956,-0.23722047,0.23629442,-0.17709565,-0.542025,-0.67882097,-0.89064944,-1.0208948,-0.9319025,-0.9884512,-0.9945281,-0.55040866,0.6122212,1.3599238,1.7050257,1.7272612,1.4950552,0.72059983,-0.13413128,-0.89878154,-1.1010356,-0.8440529,-0.4841311,-0.121395916,-0.04025045,0.1749992,0.55841374,-0.021335006,-0.09122059,0.4977681,1.1431361,1.7068088,2.0934978,2.3035645,2.7283187,2.9835339,2.8355322,2.2675622,1.7395074,1.9818504,2.460792,2.3608532,2.3787394,1.7334902,0.40534115,-0.35677215,-0.4026447,-0.5256306,-0.3532606,-0.10546242,-0.35810748,-0.58714175,-0.6654494,-0.9983623,-1.1219163,-0.59730387,-0.15466551,-0.054379538,0.020783618,-0.08058478,-0.3280906,-0.15043318,-0.0049099624,0.06462753,0.11090203,0.12883787,0.17236596,0.21347898,0.28931153,0.34378088,0.35744604,0.40840864,0.4680139,0.61614454,0.79657346,1.0727142,1.5504534,2.0826056,2.5289502,2.8047178,3.061275,3.0930204,3.0195904,2.9193168,3.1750379,3.0812352,2.777044,2.7055259,2.75523,2.503526,2.3668175,2.183621,2.186402,2.118975,1.814568,1.5829136,0.36537623,0.36539906
-4.120164,-4.1985426,-4.378153,-4.4944096,-3.98342,-3.5969973,-3.448018,-3.3744626,-3.2335472,-3.1439352,-3.059249,-3.1598241,-2.7951188,-2.513757,-2.5355663,-2.6255949,-2.2607002,-2.2595625,-2.5724092,-2.8167596,-2.9740791,-3.1374693,-3.0667179,-2.7792194,-2.4377534,-1.7601196,-1.2728798,-1.2320639,-1.4553974,-1.9139438,-2.0346293,-1.6986899,-0.9945501,-0.7837331,-0.86608595,-1.081547,-1.0922382,-1.6676722,-2.3670442,-2.8246188,-3.1377425,-3.3831735,-3.5357642,-3.6035037,-3.7440615,-3.621743,-3.4275107,-2.9965532,-2.6973815,-2.649685,-2.520162,-2.357198,-2.393999,-2.9461048,-3.5661788,-3.8144598,-3.8550186,-3.943905,-4.187686,-4.0182076,-3.9936907,-3.838887,-3.611259,-3.0630887,-2.9792004,-3.0013998,-2.9201462,-2.9374394,-2.8997602,-2.5361004,-2.0319662,-2.0605807,-2.1302648,-2.1645436,-2.1840835,-2.1922135,-2.1827323,-2.1865377,-2.1845946,-2.2026148,-2.2201848,-2.2677584,-2.3582997,-2.480449,-2.624398,-2.8782258,-3.0865173,-3.2560058,-3.4249632,-3.5921717,-3.6648407,-3.7118301,-3.8230858,-3.9398453,-4.0503497,-4.0975795,-4.163242,-4.28807,-4.3217487,-4.4060616,-4.504831,-4.5836,-4.6027794,-4.583724,-4.526829,-4.2268524,-4.2268677
-4.2374616,-4.2742505,-4.280824,-4.310097,-4.1020107,-3.861353,-3.7233233,-3.644839,-3.5502794,-3.49865,-3.4701095,-3.220019,-2.6856794,-2.4137611,-2.2650957,-2.0397549,-1.4251432,-1.2921537,-1.167601,-1.1049719,-0.9619907,-0.89050883,-1.1139699,-1.5926652,-2.113584,-2.735591,-3.1900969,-3.5270064,-3.8098903,-3.7368011,-3.4779978,-3.1308815,-2.6804223,-2.3621259,-2.1654892,-1.5795584,-1.0741843,-0.93750083,-0.9209391,-0.9024292,-0.82975817,-0.61140573,-0.2851581,0.042752735,0.3388206,1.1028111,2.017873,1.9547035,0.36427712,-1.9127781,-2.870604,-2.9945192,-3.10252,-2.9527183,-3.0022569,-3.0436096,-3.340219,-3.452801,-3.6458879,-3.9903808,-4.1708913,-4.305225,-4.148613,-4.006675,-3.6530554,-3.4949324,-3.493005,-3.6299229,-4.1847568,-4.71737,-5.079176,-5.2944994,-5.214383,-5.161904,-5.1329627,-5.0927024,-5.068632,-5.04709,-5.0090117,-4.97567,-4.901556,-4.870668,-4.820466,-4.758995,-4.6784472,-4.545508,-4.4259253,-4.4779935,-4.5637436,-4.698458,-5.016454,-5.2843046,-5.446191,-5.4023523,-5.3827424,-5.4598603,-5.4287734,-5.361044,-5.447978,-5.4218254,-5.438438,-5.3403826,-5.271284,-5.3193817,-5.3416166,-5.712001,-5.712179
-2.8105927,-2.8641367,-3.0499187,-3.1449804,-2.7877731,-2.469162,-2.431305,-2.4434483,-2.4870763,-2.5768318,-2.8190355,-3.247779,-3.0129104,-2.6687171,-2.5651274,-2.5043807,-1.6365979,-1.1718152,-1.4622693,-1.8026595,-2.1930845,-2.8628082,-3.3578587,-3.6577656,-3.7848394,-3.5723157,-3.2745564,-3.066282,-3.1787164,-3.5991764,-3.6269069,-3.2305365,-2.44881,-2.1837788,-2.0332437,-1.9905511,-2.154407,-2.6433175,-3.064752,-3.268592,-3.3523932,-3.3578188,-3.3355346,-3.305236,-3.2561913,-3.3749177,-3.5352776,-3.749263,-4.083289,-4.62667,-4.892138,-4.9214387,-4.583371,-4.211009,-4.069495,-4.122575,-4.2064834,-4.304822,-4.246303,-3.9683843,-3.8638215,-3.877574,-4.065049,-4.1259017,-4.0950212,-3.937568,-3.4810839,-3.1510005,-2.6878104,-2.0500965,-1.1932163,-1.1542834,-1.1437196,-1.1256629,-1.10041,-1.0767404,-1.0515323,-1.0393333,-1.070842,-1.1099699,-1.1421502,-1.152426,-1.1818101,-1.2469143,-1.3287979,-1.4834087,-1.602049,-1.6934795,-1.7762339,-1.8811364,-1.8316429,-1.6945186,-1.5238526,-1.4887708,-1.46892,-1.507355,-1.6355754,-1.7755933,-1.8678071,-2.0001185,-2.0795743,-2.1893315,-2.3832273,-2.4597647,-2.4862494,-1.8128276,-1.8128762
0.13403049,0.044240564,-0.10801907,-0.25488943,-0.44125488,-0.43886453,-0.5334055,-0.5132501,-0.31648624,0.079010025,0.95491546,2.097728,2.771516,2.9766848,2.70339,1.9440619,0.8506892,0.04941219,-0.5778358,-1.0258896,-1.2341607,-1.0572481,-0.06840466,1.5648656,3.4177942,5.6923027,7.259902,8.360821,9.265129,10.143629,10.634907,10.985817,11.454937,11.419008,11.328692,9.989263,8.123344,5.6726336,3.8672876,2.9784431,2.1453357,1.187705,0.17017075,-0.8166635,-2.0715303,-2.1906936,-1.4579302,-0.1757381,1.229391,2.3740702,3.108242,3.113664,2.47459,0.7772419,-0.5916632,-0.8872534,-0.42452478,0.032831352,0.76379085,1.7954216,2.173676,2.7941203,3.2943773,3.3248868,2.9348817,2.498745,2.0836215,1.7349508,1.2198248,0.8709116,0.8682395,0.7977578,0.59470654,0.49677405,0.4306853,0.37720484,0.3590705,0.3424019,0.3203869,0.29273665,0.21259151,0.1042359,-0.05588928,-0.24720779,-0.4140264,-0.6885683,-0.90227294,-0.9997121,-1.1014261,-1.0132416,-0.6334754,-0.40920594,-0.4986527,-0.81306255,-1.1634234,-1.3590702,-1.5224351,-1.8060071,-1.9244137,-2.0918999,-2.1995325,-2.3190472,-2.3012502,-2.2079668,-2.1434019,-1.131726,-1.1313775
0.35115576,0.21629363,0.16488624,0.14799461,0.4333125,0.39009094,0.4013557,0.4271664,0.46680066,0.46610934,0.16331267,0.14023803,0.009912908,-0.01672998,0.09651807,0.31175753,0.6299234,0.73883325,1.0083435,1.0032395,0.69489026,0.3179562,0.228605,-0.1432808,-0.72308624,-1.7471366,-2.3594007,-2.4305143,-2.2643619,-1.9383744,-1.3362489,-0.77598906,-0.3790956,-0.30153802,-0.32022947,-0.7940928,-0.69004494,-0.086630985,-0.08436857,-0.46377808,-0.7892248,-0.9762809,-1.0391946,-1.1011387,-0.7139485,-0.24014321,0.43417305,0.44097868,-0.3967384,-1.228183,-1.5723662,-1.7132932,-1.8092765,-1.0307794,0.099445134,0.52133584,0.52220464,-0.024937179,-1.4440411,-2.3725376,-2.2725806,-2.3131778,-2.4522796,-2.5916188,-2.074983,-1.7273794,-1.1915388,-0.88742167,-0.38530526,0.4715823,0.8000692,0.95361376,1.1750376,1.3277175,1.3782024,1.4344814,1.4146105,1.4248426,1.4307112,1.4727043,1.5222694,1.4878652,1.4372923,1.3135371,1.171366,1.0302353,0.83674955,0.5776168,0.5222451,0.41996402,0.05824527,-0.30333918,-0.5413649,-0.6728538,-0.6294464,-0.63305163,-0.640967,-0.6231905,-0.64315224,-0.5441244,-0.45828623,-0.2984733,-0.12779604,0.051313594,0.13989343,0.48925835,0.48927653
-0.4118827,-0.26332968,-0.019306853,0.3176519,0.7453867,0.9672065,0.9149378,0.7791412,0.87373704,0.5400481,0.14295533,-0.7840159,-1.1517397,-0.98934317,-1.0033712,-1.1572366,-1.2201273,-1.5506268,-2.0440297,-2.4228125,-2.5444522,-2.9402,-3.597961,-3.8122773,-3.6195922,-2.6546407,-1.4781106,-0.4899771,-0.11484398,-0.311498,-0.47281376,-0.59305674,-0.7488423,-0.8601496,-1.0014737,-1.3704672,-2.0717363,-2.6505656,-2.7492023,-2.62412,-2.4046986,-2.102364,-1.8916814,-1.8867035,-2.0106678,-2.3419256,-2.333551,-2.2834918,-2.2776494,-2.2204404,-2.0200136,-2.0961323,-2.2180142,-2.9770398,-2.9251711,-2.660861,-2.2284398,-1.6129553,-1.140168,-0.73947036,-0.71947056,-0.7433717,-0.912928,-1.7168514,-2.3099585,-2.3894122,-2.0996602,-1.6280297,-1.1868514,-0.7409252,-0.55397785,-0.9284364,-1.0828652,-1.0833528,-1.0857928,-1.052252,-1.0153081,-1.0077674,-1.0018965,-1.0136187,-0.96637166,-0.8900082,-0.8085393,-0.74536514,-0.7152901,-0.7835689,-0.88122505,-0.95373285,-0.9530331,-0.957006,-0.84242606,-0.6714698,-0.3768522,-0.14526078,0.11799254,0.2337328,0.23364498,0.27479082,0.45328003,0.44985178,0.6322354,0.71245193,0.8766577,1.0840938,1.0883361,0.8217511,0.82168615
-0.973603,-0.87371343,-0.72872925,-0.89264095,-1.2657747,-1.5000877,-1.552151,-1.6848459,-1.826261,-1.6128016,-1.1123432,-0.30728418,0.28197998,0.50518906,0.88506603,1.566462,1.7095242,1.5910476,1.8988862,1.9782574,1.6364391,0.9100222,0.461124,0.3602225,0.30190992,-0.36283934,-1.0144277,-1.2869906,-0.87568104,-0.39786285,-0.40517232,-0.5972204,-0.86374116,-0.8398469,-0.37661138,1.5179439,2.2958872,2.6226354,2.60073,2.5166273,2.3309007,2.1915495,2.2920315,3.096539,5.3596363,7.666977,9.0185375,8.756893,7.5054636,4.8492923,4.0152597,5.452834,8.130056,10.324854,10.64299,10.565026,10.1416445,9.205278,6.699266,3.4290557,2.130044,1.5676216,1.4142165,1.0080984,0.94222796,0.7142602,0.26401272,-0.032027557,-0.343629,-0.7772864,-1.2390528,-1.0267794,-0.9686488,-1.0022677,-1.0228543,-1.0647874,-1.0705383,-1.1001343,-1.1169457,-1.1152531,-1.128698,-1.1111059,-1.0908242,-1.0459185,-0.9693982,-0.8597911,-0.85849786,-0.8508488,-0.78294796,-0.6803694,-0.8254857,-1.2093521,-1.6770817,-1.9108784,-2.089951,-2.2597818,-2.2147324,-2.1322126,-2.3015697,-2.2713242,-2.298148,-2.2073743,-2.0294669,-1.8973668,-1.8668294,-2.8902464,-2.8903327
-0.37481326,-0.5031682,-0.51002,-0.5780846,-1.0188451,-1.3041102,-1.4571928,-1.5764844,-1.5718879,-1.2394265,-0.6669548,0.53093606,1.2372531,1.5511453,1.5573878,1.2628664,0.5350303,0.714968,0.97119683,1.185911,1.3728132,1.8938589,2.3580332,2.447221,2.2657678,1.7279482,1.5200895,1.8788913,2.4161952,3.1602802,3.744406,4.2782884,4.345984,4.2542477,3.8910801,2.6709442,2.496816,2.7940993,2.9440575,2.9445708,2.860021,2.7685633,2.7425838,2.6468449,2.4427845,2.4657493,3.0097427,2.9092383,2.4695988,2.5580132,2.4343915,2.0811539,2.0136602,2.7615304,2.9658663,2.7387152,2.17431,1.5419748,1.1234848,1.0941161,0.9095674,0.3133215,0.29763046,1.1518945,1.6845578,1.8219807,1.8839362,1.763005,1.6322646,1.4136059,1.6539383,2.4513009,2.748379,2.8564835,2.9141362,2.980277,3.023047,3.0484915,3.080071,3.0968204,3.1446395,3.201221,3.263621,3.3594341,3.4428132,3.524457,3.55849,3.493909,3.388742,3.2369494,2.9775257,2.6625493,2.4197001,2.2595518,2.1178653,1.9386692,1.9145069,1.8093003,1.6000419,1.3534626,1.0073593,0.825711,0.64213276,0.55910206,0.5746825,-0.72907335,-0.72939366
-6.138501,-6.1137123,-6.122717,-5.972885,-5.3725767,-4.970158,-4.8088045,-4.709337,-4.5866456,-4.601481,-4.747253,-5.0386834,-4.4910583,-4.1082954,-3.9217794,-3.6198463,-2.6479034,-2.5686092,-2.7902803,-3.044313,-3.3057432,-3.998397,-4.7258644,-5.2508225,-5.5093412,-5.3877516,-5.2126484,-5.303309,-5.6639366,-5.920742,-5.7368736,-5.232957,-4.44351,-4.189112,-4.0140405,-3.5125628,-3.5246968,-4.019492,-4.372584,-4.527338,-4.5648274,-4.504447,-4.406021,-4.2986684,-4.3645725,-4.376031,-4.433916,-4.345686,-4.562906,-5.1689487,-5.129031,-4.9568863,-4.987138,-5.480885,-5.828705,-5.889242,-5.9054003,-5.896572,-6.217699,-6.326378,-6.3646955,-6.3245354,-6.0496244,-5.6050606,-5.2356114,-4.9373827,-4.499384,-4.3209076,-4.021957,-3.333173,-2.6257875,-2.7684991,-2.785234,-2.7709684,-2.7594087,-2.7451124,-2.7226958,-2.7045856,-2.6855729,-2.6890626,-2.666017,-2.6704593,-2.6759055,-2.720525,-2.7648592,-2.8482313,-2.8961163,-2.9780602,-3.0994577,-3.2819567,-3.463532,-3.5347598,-3.5466363,-3.458403,-3.445922,-3.5444088,-3.6296732,-3.6918201,-3.837883,-3.925363,-4.0093784,-4.0635138,-4.1718636,-4.3009524,-4.3678346,-3.839794,-3.8398137
