0,1,2,3,4,5,6,7,8,9,10,11,12,13,14,15,16,17,18,19,20,21,22,23,24,25,26,27,28,29,30,31,32,33,34,35,36,37,38,39,40,41,42,43,44,45,46,47,48,49,50,51,52,53,54,55,56,57,58,59,60,61,62,63,64,65,66,67,68,69,70,71,72,73,74,75,76,77,78,79,80,81,82,83,84,85,86,87,88,89,90,91,92,93,94,95,96,97,98,99,100,101,102,103,104,105,106,107,108,109,110,111,112,113,114,115,116,117,118,119,120,121,122,123,124,125,126,127,128,129,130,131,132,133,134,135,136,137,138,139,140,141,142,143,144,145,146,147,148,149,150,151,152,153,154,155,156,157,158,159,160,161,162,163,164,165,166,167,168,169,170,171,172,173,174,175,176,177,178,179,180,181,182,183,184,185,186,187,188,189,190,191,192,193,194,195,196,197,198,199,200,201,202,203,204,205,206,207,208,209,210,211,212,213,214,215,216,217
12.558056,9.994405,12.761602,12.742836,12.601844,12.377113,9.981288,12.0107565,10.8358135,9.611095,8.429758,6.4127564,5.3541136,3.8681417,2.741725,1.3338165,0.6336463,0.42173904,0.3179164,0.61546373,0.9801456,0.94421256,0.7333509,0.35251173,-0.3283459,-0.26879516,0.2089132,0.33404177,0.123167336,-0.31518236,-0.6347504,-1.0202686,-1.2504678,-1.2877623,-1.3445624,-1.0820826,-0.56567454,0.30155867,1.254376,1.7049335,1.7414566,1.1797676,0.5787667,0.2474249,-0.2414164,-1.011479,-0.860127,-0.9939982,-0.3086138,0.66411555,1.2562575,1.7823457,2.38034,2.9179819,2.9135394,2.8576765,2.8677077,3.0916333,3.7145298,4.059009,3.7665133,3.877935,4.0723767,3.5585666,2.6553864,1.8751268,1.2195204,0.84555775,0.58956945,0.7414745,0.86499524,1.2024322,1.1483912,0.8173148,0.64510876,0.26582888,-0.26851094,-0.7076141,-0.9474811,-0.95818734,-0.97850776,-0.7892566,-0.79700494,-0.8089663,-0.7104664,-0.6983996,-0.9179745,-0.92372364,-0.78588843,-0.59938264,-0.36072558,-0.3511816,-0.628147,-1.0729567,-1.2377636,-1.1332538,-0.78611183,-0.594835,-0.8122529,-0.52912,0.7812333,3.0179782,3.3821712,1.6770728,0.6808951,0.73957664,1.7726467,2.4414365,3.373885,4.417575,6.2406387,7.9295664,8.90924,9.012004,7.5344734,4.993744,3.9660382,4.1785097,3.6204638,2.816384,2.1437755,1.3992727,1.1369421,0.8066838,0.36595216,-0.06530586,-0.39294177,-0.5477024,-0.6082964,-0.47011173,-0.065324396,0.14807543,0.37307045,0.11024013,-0.04570797,0.027214125,-0.0026577115,0.13133404,0.60499054,1.9134209,3.9393897,5.621337,6.4032917,6.367339,5.0216074,2.7362323,2.0703197,1.9825981,1.3763247,0.8464461,0.34170938,0.0008945018,-0.22125536,-0.45678082,-0.67204064,-0.7006554,-0.66851115,-0.6879195,-0.82091033,-0.89308065,-0.83743703,-0.93254673,-0.99759483,-0.98283625,-0.9770575,-1.1035597,-1.1864783,-1.255623,-1.352541,-1.456953,-1.4983312,-1.377394,-0.7045718,0.55392426,1.3691924,1.7179372,1.7639399,1.6355984,1.5675356,1.2933604,0.96951866,0.7646539,0.6843572,0.71042633,0.7570758,0.77036095,0.8263279,0.8234067,1.0013819,1.5057349,1.7996625,1.9722774,2.170354,2.4188743,2.6792321,2.7136621,2.8173535,2.9919066,3.425127,3.8659587,4.436149,5.0467806,5.107313,6.1843977,7.6683216,8.87393,9.515907,10.027424,10.490718,10.652619,10.727296,10.963254,11.146557,9.981601,9.981407,9.980935,9.981189,9.980801
-2.580295,-0.37882495,-2.616808,-2.6204078,-2.5997245,-2.590731,-0.37703174,-2.678259,-2.5696845,-2.2487667,-2.1633143,-2.3190975,-2.4316,-2.4877775,-2.3173904,-1.8289373,-1.4218782,-1.0483749,-0.7665447,-0.5617048,-0.5293581,-0.54297584,-0.502644,-0.36030743,0.38119987,0.75190645,0.3131749,0.06396556,-0.06354323,-0.16739434,-0.17882639,-0.20038608,-0.30890048,-0.43123558,-0.6180694,-0.85301393,-0.87834287,-0.52167076,0.17326935,0.72001463,0.54783404,-0.45836455,-0.8618106,-1.2167515,-1.4017005,-1.5785992,-1.7800372,-1.9780455,-2.2058396,-2.704073,-3.0227046,-3.1940947,-3.3024225,-3.173907,-3.0876236,-3.081879,-3.1477542,-3.228359,-3.475182,-3.6955051,-3.594451,-2.984936,-2.3894181,-2.2457714,-1.965138,-1.7856917,-1.7848573,-1.7717752,-1.6665604,-1.2124724,-0.6793658,-0.6365572,-0.99639344,-1.6192654,-2.0825272,-2.4232464,-2.65597,-2.5963712,-1.8998,-0.6579362,-0.2843678,-0.7129358,-1.4209801,-1.653222,-1.7241032,-1.9563732,-2.2326913,-2.224999,-2.0863957,-1.947748,-1.8855793,-1.5850849,-1.1562762,-1.0516639,-1.0032976,-0.9807387,-1.2339512,-1.3757546,-1.0088955,-0.64579463,-0.39717603,-1.1290375,-1.5944767,-1.4262385,-1.3112272,-1.7411621,-1.7181511,-1.4865036,-1.4179411,-1.9552138,-2.586604,-2.7649882,-2.6767335,-2.4402184,-2.452046,-2.4773293,-2.5040174,-2.431665,-2.157349,-2.1418607,-2.0944042,-2.2422261,-2.5077116,-2.6106262,-2.583624,-2.448762,-2.4353497,-2.5876484,-2.8160958,-3.0564773,-3.225183,-3.1239214,-2.703238,-2.369178,-2.1081,-1.9355657,-1.8270948,-1.8174477,-1.7357668,-1.4550136,-1.7746015,-1.8543792,-2.0680923,-2.4995704,-2.795679,-3.0574436,-3.0671542,-3.0956345,-3.077037,-3.210642,-3.2482033,-3.0680637,-2.8824878,-2.7789564,-2.6881123,-2.4962642,-2.3276343,-2.1930337,-2.2606907,-2.4420686,-2.762271,-2.9122512,-2.9055715,-2.893827,-2.776351,-2.5285192,-2.24791,-2.030604,-1.8863816,-1.8287811,-1.8590481,-2.0354156,-2.486629,-2.970594,-2.9674048,-2.8248067,-2.7810626,-2.9935563,-3.2189255,-3.2957196,-3.2857578,-3.3108191,-3.216976,-2.9968169,-2.866311,-2.789157,-2.7604942,-2.709773,-2.8238652,-2.840716,-2.7003598,-2.6035748,-2.5510726,-2.5285137,-2.5324254,-2.5273085,-2.54987,-2.494875,-2.4710655,-2.462844,-2.4408927,-2.3468559,-2.320118,-2.1670973,-1.8952665,-1.6839819,-1.5733482,-1.4798307,-1.6199884,-1.6244127,-1.6348379,-1.5671904,-1.4419005,-0.3758762,-0.37602198,-0.37627238,-0.37622556,-0.3766183
-0.67264134,0.05308877,-0.6926982,-0.77649975,-0.8290048,-0.879445,0.05405818,-1.039853,-1.3018379,-1.4969895,-1.4719765,-1.3371161,-1.2355998,-1.2921374,-1.4703298,-1.7911086,-2.1448483,-2.501686,-2.9388585,-3.0746946,-2.9899287,-2.9885855,-3.0237715,-2.950614,-2.5622349,-2.4840808,-2.8281882,-2.899919,-2.9534364,-3.01786,-3.0869224,-3.0682733,-2.9956927,-2.964962,-2.97691,-2.966799,-2.6933796,-1.1470628,-0.3086517,-0.38908663,-0.9658592,-1.1370105,-1.0518042,-0.7628021,-0.53615516,-1.0203817,-1.3454295,-1.9521966,-2.0958045,-1.7729704,-1.5233178,-1.2426419,-0.9346521,-0.6788819,-0.6436496,-0.7222027,-0.6974391,-0.6324618,-0.6176181,-0.605681,-0.19740391,0.18465647,0.20912972,0.2643896,0.32305244,0.41849265,0.6508678,0.94411486,1.3803511,1.0900035,0.54659724,0.10612211,-0.7109499,-1.1886134,-1.2907268,-1.3868768,-1.6691523,-2.1926029,-2.849789,-3.264173,-3.189486,-3.2466373,-3.4910312,-3.5396194,-3.5139184,-3.424295,-3.329636,-3.1521158,-3.013084,-2.8959336,-2.6375484,-2.3240366,-2.207901,-2.0799513,-1.9232593,-1.7914046,-1.8848226,-2.508756,-2.666997,-2.1041987,-1.119336,-0.37713033,0.07027755,-0.09590028,-0.57293993,-0.9138336,-1.7666632,-2.150349,-2.118325,-1.9739206,-1.9277322,-1.6770583,-1.001158,-0.48212308,-0.3454818,-0.35338333,-0.53594166,-0.56842357,-0.9503945,-1.2227831,-1.4326751,-1.435302,-1.6880808,-2.1443677,-2.312683,-2.3353925,-2.3183362,-2.3441563,-2.4391122,-2.5930727,-2.5806823,-2.4459202,-2.07049,-1.8383555,-2.0114436,-2.2738297,-2.3672788,-2.0356488,-1.3842007,-0.8435347,-0.61921984,-1.4044698,-1.2043964,-0.9969225,-1.4566638,-1.6962273,-1.7713166,-1.7694256,-1.7714295,-1.8134557,-1.8970863,-1.8467661,-1.8027563,-1.8190466,-1.8590355,-2.0409737,-2.2000928,-2.2432086,-2.4328468,-2.747703,-3.2130406,-3.4893553,-3.688579,-3.8160377,-3.8905013,-3.8176713,-3.6711063,-3.519434,-3.391906,-3.3237503,-3.2309976,-2.8491127,-2.3440392,-1.6695228,-1.0685319,-0.76341873,-0.8896552,-1.6145566,-2.2193007,-2.528636,-2.3463035,-2.164566,-2.3466287,-2.6697867,-2.6666517,-2.4539232,-2.221006,-1.9495205,-1.4634647,-1.0001981,-0.7563431,-0.55969673,-0.35748643,-0.29872128,-0.31153744,-0.34417206,-0.38520834,-0.4131285,-0.43447676,-0.40402573,-0.39963758,-0.49039644,-0.5731525,-0.8367206,-1.1104534,-1.3005555,-1.386939,-1.6250398,-1.5960717,-1.6721288,-1.4437816,-1.2969925,-1.1342499,0.053639516,0.05370809,0.053860232,0.05367917,0.054023013
-1.8958284,0.25897795,-1.74264,-1.592786,-1.4625678,-1.1689838,0.26559952,-0.88464725,-0.33382744,-0.008835673,0.2743194,0.73946005,0.9190953,1.4670146,2.2269678,3.383637,4.1350827,4.7699804,5.923517,7.1080923,7.6831665,7.9392233,8.567893,9.515826,10.842123,11.198248,10.546973,9.91668,9.046608,7.661394,6.5720806,5.0731573,3.7938163,2.9758444,1.9799713,0.6480333,0.024502158,0.5529914,1.0190966,1.2694901,0.9974406,0.42722458,0.38415754,0.3902562,0.38311225,0.14211255,-0.23436734,-0.87378216,-1.2461064,-1.2689935,-1.3869616,-1.5376484,-1.6525266,-1.6196527,-1.6820743,-1.6692085,-1.5571067,-1.2462089,-0.9952559,-0.5772966,-0.28530872,0.6105416,0.56432724,0.34049886,0.04987192,-0.21199134,-0.51572174,-0.8461907,-0.9529034,-0.802274,-0.63296485,-0.84340525,-1.1915903,-1.6050191,-1.7536956,-1.7071176,-1.7731597,-1.9626882,-2.036895,-1.0690436,-0.10126525,-0.12283906,-1.0275226,-1.4238513,-1.5942398,-1.8483596,-2.0529191,-1.7806941,-1.3768358,-0.9429054,-0.37960535,0.3560581,0.7677917,0.71556777,0.40963522,0.21487445,0.041987717,-0.329502,-0.26876575,-0.30880815,-0.46169817,-0.88605565,-0.9806026,-0.74867666,-0.42577523,-0.73087907,-0.87997985,-0.87997776,-0.5691789,-0.4514838,-0.7535023,-0.86794204,-0.87708926,-0.984692,-0.9727573,-0.89242625,-0.79689014,-0.80379516,-0.5482708,-0.33473837,-0.55674285,-0.8902186,-1.1049757,-1.4036032,-1.5650613,-1.5943063,-1.5577344,-1.5942789,-1.7244545,-1.9731306,-2.2112553,-2.161977,-1.8955547,-1.8474776,-1.8075662,-1.5476854,-1.2333851,-0.9604881,-0.5596996,-0.17835546,-0.67840683,-1.277648,-1.1306752,-1.0362895,-1.0063207,-1.3261029,-1.8318095,-2.09206,-2.3088522,-2.346893,-2.2494645,-2.0165188,-1.7036357,-1.5049632,-1.4370103,-1.312657,-1.2672647,-1.1631334,-1.1324389,-1.2008296,-1.3494126,-1.46716,-1.6167471,-1.6796246,-1.7631019,-1.9450139,-2.0903137,-2.2218676,-2.381969,-2.455968,-2.4031281,-2.1281052,-1.8136756,-1.7080085,-1.6577821,-1.6002375,-1.5799485,-1.7270362,-1.8096138,-1.844272,-1.792087,-1.821124,-2.122404,-2.2571764,-2.069539,-1.8479084,-1.7316178,-1.5727195,-1.3359098,-1.1477355,-0.86154306,-0.78780663,-0.8276618,-0.88949734,-0.94158703,-0.94478285,-1.0186241,-0.9989726,-0.9863049,-0.98667175,-1.0372396,-1.0988877,-1.1304246,-1.2016684,-1.2670915,-1.3883532,-1.4618253,-1.297313,-1.6193419,-1.6683891,-1.8117633,-1.725522,-1.7428571,0.2652484,0.26542154,0.2657591,0.2656464,0.26588282
-1.609555,-0.40556008,-1.7220305,-1.8917155,-2.0490842,-2.1070309,-0.40032965,-2.170562,-2.3621118,-2.3692331,-2.3565621,-2.3827229,-2.332438,-2.2261767,-2.1472955,-2.0784237,-1.9239967,-1.7525127,-1.4231821,-0.9423913,-0.57780564,-0.3621589,-0.35969138,-0.39884537,-1.1890349,-1.5705951,-1.2281091,-0.83874255,-0.30693665,0.40594414,0.81565154,1.1060789,1.2636509,1.3233166,1.476168,1.8426362,2.3380132,1.459993,0.06765309,-0.35872826,-0.83218706,-0.8083083,-0.84890354,-1.1704836,-1.1264493,-0.7265228,-0.17788774,0.046642423,-0.0922198,-0.5743499,-1.0319172,-1.0982031,-0.8841548,-0.6305371,-0.55757076,-0.54922503,-0.55628747,-0.62421966,-0.8168853,-1.0760598,-1.5239265,-1.9190617,-1.7039979,-1.431789,-1.0982087,-0.8896388,-0.7883898,-0.76867354,-0.9093785,-0.94548166,-0.9854754,-0.8261051,-0.0769638,0.49723485,0.8197205,1.3826822,2.1307056,2.8295302,3.3927865,3.115197,2.1306152,1.4639535,0.96299005,0.6164689,0.45306224,0.30064708,0.1900951,-0.07396543,-0.23835242,-0.3690038,-0.7351253,-1.4228787,-1.7817082,-1.6428154,-1.2994056,-1.1961687,-0.6825526,0.14397472,0.09752765,-0.107648194,-0.47008473,-1.0041785,-1.2925695,-1.0485237,-0.552543,0.5882129,1.0423547,0.782927,0.32479256,-0.2004019,-0.2979105,-0.44536132,-0.5741786,-0.5622222,-0.5191874,-0.27319843,0.11914693,0.0010018647,0.09840131,0.43733597,1.0768799,1.7024269,2.2567697,2.8206322,2.8544626,2.5519855,2.1659842,1.7119212,1.2901549,0.8058196,0.48044285,0.26203358,-0.16063555,-0.18510571,0.2308231,0.32768667,0.12922244,-0.21935162,-0.8331448,-1.4750619,-1.5849192,-0.77581084,-0.99096453,-1.5270519,-1.979543,-1.4581511,-1.1821895,-1.0684979,-0.95342684,-1.369982,-1.6577823,-1.8015537,-1.8233795,-1.6212585,-1.3456482,-1.2396827,-1.1045951,-0.977247,-0.8107393,-0.5659566,-0.20411807,0.058690906,0.34323597,0.5485612,0.74449503,1.0600765,1.3328984,1.5455546,1.7082659,1.6272378,1.486131,0.8103973,-0.63817006,-2.524527,-3.2634945,-3.5248127,-3.6358018,-3.4738493,-2.9348285,-2.2366025,-1.8309838,-1.5652112,-1.2434545,-1.0702366,-1.2886655,-1.5721631,-1.7341468,-1.8498032,-2.12654,-2.3766217,-2.4465134,-2.460208,-2.3975866,-2.2257164,-2.1407332,-2.1338046,-2.0634089,-2.0529068,-1.995309,-1.9915179,-1.954887,-1.7777437,-1.7671449,-1.5486933,-1.382859,-1.2371385,-1.3592914,-1.4057242,-1.1358174,-1.0565532,-1.0710831,-1.0114549,-0.940994,-0.40160066,-0.4013535,-0.40081596,-0.4010697,-0.40038574
0.35244533,-1.8470261,0.31929928,0.8324483,1.7930865,2.7403603,-1.8420018,3.692135,5.6139884,6.9293118,7.64589,8.282557,8.45188,8.741596,8.968572,8.973299,8.545988,7.595243,6.101125,4.296655,2.8475225,2.0986366,1.5804635,0.30693734,-0.023751903,0.76550436,0.69234824,0.40639597,0.14184771,-0.10574201,-0.17499818,-0.39396414,-0.63156915,-0.8247297,-0.9682094,-1.1231955,-1.4146006,-1.923162,-1.9655428,-2.185647,-2.16709,-1.882071,-1.5662224,-0.7832038,0.02189304,-0.069113374,-0.51323885,-0.6433429,-1.1361415,-1.3239889,-1.250164,-1.441188,-2.0499542,-2.497731,-2.3201022,-1.9833958,-1.7389772,-1.4611783,-1.289159,-0.9814831,-0.8710784,-1.1064706,-1.2508249,-1.1603549,-1.0083421,-0.89789355,-0.73110676,-0.65468836,-0.70004857,-0.06856263,1.0543756,1.3580842,1.6297865,1.6358957,1.5447161,1.1130548,0.07637498,-0.7440113,-1.2227403,-1.0264962,-0.357969,0.5064364,1.4255745,1.4756238,1.797931,2.7923064,4.0364313,5.108788,5.585819,5.61103,5.3336134,5.053964,4.9124775,4.5639057,4.1454496,3.7208848,2.5818791,1.3410224,0.5899455,-0.31725493,-0.89545596,-1.927643,-1.9363406,-1.116853,-0.71684885,-0.7078137,-0.61240274,-0.7598876,-1.3018689,-1.5067284,-1.5716126,-2.242042,-2.670683,-2.4603827,-1.823901,-1.1214542,-0.7091232,-0.53824633,0.15333846,0.80416405,1.286224,1.7940992,2.867136,4.479894,6.0200834,7.375121,8.301716,9.226351,9.961836,10.790649,11.068892,11.027166,10.714687,9.813141,8.098014,6.4994884,4.942817,3.9205866,3.0888753,1.7091669,0.026299596,-1.2673863,-2.1902547,-2.966905,-3.4218686,-3.2830725,-3.1857424,-3.1961355,-2.7604136,-1.7923592,-0.9223484,-0.3120702,0.18247908,0.5588816,0.80138934,0.93856907,0.92456543,0.9448308,0.956174,0.96334547,0.8554446,0.7994448,0.6991595,0.61378324,0.44984943,0.25100684,0.08727303,-0.010962695,-0.049404353,-0.17532611,-0.34314382,-0.6977972,-1.3367867,-2.0564063,-2.28614,-2.1544614,-1.6645145,-0.5716944,-0.107153416,0.20160893,0.55278873,0.9686215,2.4314108,3.457818,3.6461484,3.2352917,2.7286277,2.1255429,1.0423135,0.13872886,-0.53141433,-1.110404,-1.6174943,-1.9431815,-2.1386228,-2.216148,-2.3688626,-2.359453,-2.3190947,-2.311408,-2.299276,-2.1808968,-2.1451695,-2.142576,-2.05251,-1.9779141,-2.075171,-2.1532083,-2.2855837,-2.2532182,-2.3605223,-2.147984,-2.300817,-1.8423071,-1.8421516,-1.841888,-1.8418958,-1.8418133
-2.3588324,-1.7413409,-2.4585233,-2.4922028,-2.4043152,-2.324296,-1.7412353,-2.2685776,-2.1464336,-2.0660691,-1.8899008,-1.6718276,-1.6760659,-1.6591218,-1.4719555,-1.0007436,0.058630887,1.2533654,1.589937,1.3510262,1.4764122,1.5915523,1.5749546,1.9736629,3.3696117,4.5129094,6.1053476,6.9545927,7.6889787,8.509006,8.967379,9.571199,9.938133,10.136362,10.2518015,10.252184,9.908724,8.141369,5.126474,2.3416739,-0.83457816,-1.4377195,-1.2932713,-1.6615157,-1.792424,-1.3293651,-1.1267643,-1.0628285,-1.2647964,-1.5450668,-1.5542067,-1.5791125,-1.8573375,-2.4315646,-2.450505,-2.3590047,-2.2925525,-2.3561368,-2.6059902,-2.7575796,-2.6669831,-2.2629025,-1.8351408,-1.7612702,-1.6941254,-1.6375374,-1.5214953,-1.4696126,-1.4383129,-1.399548,-0.9335091,-0.6673499,-0.45869124,-0.3347832,-0.37327603,-0.3288066,-0.18652837,-0.04895565,0.011580765,-0.28699535,-0.70379055,-1.2888447,-2.192026,-2.2857509,-2.1401186,-1.8545291,-1.3604927,-0.99523413,-0.7757788,-0.7609404,-1.1091025,-1.0949202,-0.78240716,-0.33360374,-0.34514916,-0.5535306,-0.8371734,-0.7459915,-0.64674145,-0.75790966,-0.78204185,-1.5472136,-2.0118322,-1.4005759,-0.72569644,-0.646824,-0.7726446,-0.696136,-1.0346035,-1.2874982,-1.666004,-2.0148082,-2.4680238,-2.6320875,-2.7396293,-2.653411,-2.556149,-2.433389,-2.1512325,-1.9858675,-1.8761797,-1.9746332,-1.8549764,-1.5142897,-1.4153094,-1.3233993,-1.295171,-1.2912221,-1.1595919,-0.78760684,-0.40075538,-0.21660566,-0.13640413,-0.09011668,-0.2852333,-0.69868207,-1.1421183,-1.3973894,-1.3357825,-1.453929,-1.9873295,-1.6046447,-1.431646,-1.2003012,-1.2011855,-1.4483805,-1.0280219,-0.5340383,0.7905468,3.2268305,4.5860777,4.989899,5.1638308,5.4677305,5.7003174,5.8405557,5.9838133,6.103857,6.2353325,6.212554,6.0014296,5.687786,5.2671523,4.886386,4.41207,3.8753958,3.4556088,3.2259338,3.0378718,2.5521088,1.9631336,1.4323897,0.7702811,-0.54114527,-1.2742009,-1.5312905,-1.4870846,-1.0987605,-1.0649123,-1.0940757,-1.2822038,-1.4090803,-1.2224846,-0.8002932,-0.6625915,-0.6901413,-0.7853998,-0.8866651,-1.1806166,-1.6093991,-1.8332827,-1.9966695,-2.1146026,-2.123299,-2.1100314,-2.0534904,-2.0811996,-2.060694,-2.1101823,-2.2030437,-2.305417,-2.448754,-2.5003018,-2.5593197,-2.5841408,-2.5314555,-2.4297607,-1.6889658,-1.4927337,-1.4058735,-1.5046406,-1.7153171,-1.9252267,-1.7410843,-1.7410831,-1.7411075,-1.7410102,-1.7411618
-1.3140928,0.06199467,-1.3721455,-1.4653419,-1.5968586,-1.7162358,0.06179267,-1.8816361,-1.9444612,-2.1367598,-2.4425497,-2.5830467,-2.5220997,-2.057553,-1.3144788,-0.18598378,0.48646072,0.8311964,1.0753819,1.1889452,0.93830436,0.8479508,0.79127693,0.5629521,1.0870943,1.5527889,1.7010813,1.6623447,1.6964717,1.6966549,1.6978887,1.6428654,1.263521,0.9778698,0.5946118,0.16210309,0.18439674,1.0304466,1.8950524,2.1206257,1.354861,0.3348236,0.27593425,0.7343626,1.1176641,1.1648735,0.75560033,0.5915477,0.31457135,-0.2367834,-0.82495165,-1.3028669,-1.7461131,-2.0118988,-2.1990511,-2.1878107,-2.0973682,-1.8069658,-1.6278404,-1.6378918,-1.8095732,-1.2427471,-0.69349504,-0.53474104,-0.24813609,-0.13285351,-0.2438659,-0.25156683,-0.14344761,0.16563584,0.026876405,-0.38080454,-0.7233491,-1.0574893,-1.1421559,-0.9926729,-0.41162285,0.8851805,3.0599365,6.500145,8.0538845,8.240863,6.756217,5.7759914,5.173655,4.0464826,2.8545945,2.0227308,1.8426777,1.768856,1.5397835,1.2198013,0.89626694,0.2757702,-0.2286195,-0.5878092,-0.77952397,-0.42068696,0.057502672,0.26272514,0.026181668,-0.5017664,-0.66558415,-0.44551566,-0.3411612,-0.85109615,-0.08734813,0.7896611,1.5448797,1.4462228,0.23760606,-0.68287534,-0.88051033,-0.8456198,-0.8607217,-0.8088947,-0.76525855,-0.819234,-0.5829583,-0.43171108,-0.40629786,-0.5415975,-0.8085338,-1.0506419,-1.1101403,-1.0002317,-0.84995127,-0.7679493,-0.7818753,-0.8045341,-0.9946283,-1.075432,-1.0333655,-1.3149908,-1.3157051,-0.7357669,0.018292919,0.39865977,0.571253,0.7275067,0.025181502,-0.5236816,-1.0047729,-1.2784241,-0.8602501,-0.49099457,-0.58826286,-0.54352635,-0.21707985,-0.37353846,-0.75085366,-0.95776474,-1.0922086,-1.3234057,-1.5449688,-1.5104005,-1.4421492,-1.328419,-1.3274391,-1.3739641,-1.3852736,-1.1907594,-0.8774669,-0.6237418,-0.35247386,-0.23785692,-0.3009146,-0.4812653,-0.57840145,-0.54482365,-0.4797569,-0.5621067,-1.0068251,-1.7623078,-2.0768957,-2.1717572,-2.1083276,-1.9385765,-1.6214696,-1.2564882,-0.99441504,-0.8093494,-0.56494296,-0.3025803,0.01947425,0.14427927,-0.061892048,-0.60288954,-1.488569,-2.1521008,-2.3750973,-2.4516997,-2.50556,-2.520038,-2.4780383,-2.4574463,-2.441178,-2.2653763,-2.0943687,-1.9738042,-1.8332912,-1.6168416,-1.541299,-1.3192505,-1.0438948,-0.83411986,-0.72919285,-0.6919166,-1.0000991,-1.0449531,-1.2365214,-1.1204981,-1.1284105,0.06226945,0.062177718,0.06200707,0.061984003,0.06187755
-0.17479046,-1.3396306,-0.33876625,-0.6102709,-0.89862835,-1.2345877,-1.3541454,-1.4906732,-1.7126023,-1.382052,-0.6014639,0.49719098,1.1112807,2.363143,3.384025,5.3116183,7.482597,8.750226,9.165691,9.182066,8.924247,8.838359,8.579153,7.4919715,4.248157,2.1483276,0.9837755,0.99029,1.3024029,1.4200333,1.4921081,1.6734099,1.9089559,2.0317535,2.124593,2.0679977,1.5512371,0.077270985,-0.50492924,-0.6447629,-0.58437943,-0.13748986,0.015562952,-0.06607896,-0.14103797,0.72107625,1.7429878,2.5279222,2.0409079,1.3370233,0.9543411,0.17880142,-0.86897564,-1.6136599,-1.5622861,-1.2924824,-1.1797308,-1.0046839,-0.91024286,-1.2662129,-1.9457341,-2.0771182,-1.9067502,-1.6877707,-1.3783582,-1.1543913,-0.93043846,-0.7162007,-0.58102614,-0.51020503,-0.11424637,-0.069648474,-0.24466059,-0.4034425,-0.69622415,-0.7654027,-0.2895921,0.77125156,1.8813813,1.8834813,0.9792341,-0.06430806,-0.7030604,-0.8144351,-0.7355248,-0.54153794,-0.4134041,-0.5097949,-0.61981314,-0.8603722,-1.3839607,-1.6701636,-1.6324556,-1.3730149,-0.8215269,-0.010111103,0.9606459,1.4373069,1.1194513,0.17173088,-0.78471994,-1.5350373,-1.846272,-1.3626764,-0.8102732,-0.489043,-0.077771485,0.02930662,-0.27429974,-0.6981797,-0.9325544,-1.2666994,-1.5893607,-1.7554722,-1.595289,-1.5010917,-1.5018086,-1.4026027,-1.1129327,-0.7573871,-0.33714545,-0.2577798,0.13383766,0.72448766,0.9797156,1.0205504,0.81884736,0.51696134,0.26560932,-0.063146144,-0.27134138,-0.25123948,0.097482085,0.9695299,1.6392319,1.4527812,0.9045911,0.2101117,-0.73389745,-1.5122141,-1.8191833,-1.484204,-1.1746837,-1.2290109,-1.2933334,-1.2189351,-0.979186,-0.7677921,-0.32096255,-0.29281688,-0.5685278,-0.8745177,-1.1265632,-1.3337979,-1.6041759,-1.4839352,-1.1165432,-0.9071536,-0.45452553,0.204575,1.3900938,2.4654293,3.6415815,4.294738,4.8343287,5.2487,5.4955015,5.6296906,5.6562986,5.612915,5.530397,5.0769844,4.316116,2.5717425,0.999926,0.09435174,-0.30441964,-0.37289932,-0.3864202,-0.25424826,-0.3181509,-0.4141978,-0.28906134,0.03458456,0.06836297,0.079578236,-0.027920753,-0.18861498,-0.54139614,-0.94749355,-1.1373019,-1.1652122,-1.1180172,-0.96148914,-0.8302735,-0.7285965,-0.65966463,-0.61148787,-0.5935782,-0.6343702,-0.6699849,-0.69729704,-0.732471,-0.5072602,-0.21614583,-0.18905786,-0.19835067,-0.31464916,-0.322398,-0.34847516,-0.2688113,-0.49495745,-0.52624464,-1.351476,-1.3521608,-1.3533885,-1.3527476,-1.3542371
-3.633422,-3.744512,-3.5145438,-3.5568247,-3.58147,-3.6336768,-3.7454777,-3.6966672,-3.4416206,-3.3244612,-3.3386776,-3.6833158,-3.8098454,-3.8056407,-3.894269,-3.9230192,-3.7374876,-3.2255995,-2.7278576,-2.366442,-2.1144419,-2.0518863,-2.0796192,-1.8734784,-1.3395051,-0.85290194,-0.2077208,0.07155502,0.46593893,1.0280241,1.3682117,1.5323071,1.5439857,1.4711411,1.5663594,1.5179081,0.9980403,-0.46975133,-1.660497,-2.2551703,-2.822234,-2.6766274,-2.5408664,-2.5639613,-2.5567963,-2.314147,-2.286866,-1.9803042,-1.7830155,-2.1619747,-2.6862543,-3.0128605,-3.0435836,-2.667465,-2.4286215,-2.410061,-2.5019438,-2.760581,-3.0948193,-3.2001345,-3.0530314,-3.0597744,-2.9161332,-2.6936662,-2.2807574,-1.8036103,-1.3306762,-0.9827274,-1.0618455,-1.5043702,-1.6466866,-1.5470673,-1.4311337,-1.3586352,-1.2603472,-1.173892,-1.1498702,-1.0322652,-0.8315519,-0.9687389,-1.8825433,-1.9038321,-0.58188593,0.03650479,0.3551194,0.7307276,1.1269993,1.3517358,1.3791826,1.373428,0.99337316,0.37214333,0.073257,-0.38609314,-0.92878705,-1.4828972,-2.0279648,-1.9755062,-1.9608481,-2.1924906,-2.590767,-2.9864256,-2.4818602,-1.9971244,-1.60231,-1.0988624,-1.0350609,-1.1014473,-1.3797562,-1.8508707,-2.6869845,-3.404482,-3.532303,-3.23351,-2.8455684,-2.4572468,-2.1405463,-2.1926572,-2.1476517,-2.0363767,-2.024673,-2.164856,-2.334821,-2.0248039,-1.5511923,-1.2485971,-1.1382866,-1.1271677,-1.1918783,-1.4062636,-1.6299988,-1.8339925,-2.0842922,-1.8544947,-1.1480731,-0.8883706,-1.1560881,-1.741175,-2.4699152,-2.942266,-2.9420428,-2.6889958,-2.7529535,-2.6303282,-2.6215644,-2.5654378,-2.6182644,-2.7656686,-2.9221454,-3.0668755,-3.0150766,-2.8762403,-2.7089436,-2.3067575,-1.6587017,-1.2566781,-0.8838118,-0.54018164,-0.32792872,-0.35528022,-0.64866996,-0.9733174,-1.3381138,-1.5254071,-1.6375955,-1.6912256,-1.7501738,-1.7960706,-1.8584774,-1.972568,-2.1865592,-2.7241364,-3.4991837,-4.1390767,-3.8460212,-3.4208784,-3.0525427,-2.4394102,-1.8584604,-1.3190392,-1.0910976,-1.1333295,-1.4833531,-1.826174,-2.1038752,-2.4467566,-2.6033647,-2.6419148,-2.7287517,-2.9674892,-3.1465344,-3.1344047,-3.0667589,-3.0510786,-3.0856557,-3.1448884,-3.1355,-3.1815653,-3.2701926,-3.3635242,-3.4567876,-3.4507139,-3.4197671,-3.5169163,-3.6044657,-3.6136885,-3.7407906,-3.6213124,-3.5681372,-3.5011103,-3.5054739,-3.4540942,-3.4495788,-3.7460716,-3.7459645,-3.7457924,-3.7458656,-3.7456331
-1.7838733,-0.6434733,-1.8155026,-1.822983,-1.8190565,-1.6851912,-0.6390821,-1.6158148,-1.7374449,-1.9591894,-2.2460077,-2.1817257,-2.1260617,-2.1811826,-2.1592638,-2.1267505,-2.1283784,-2.1187992,-2.2450585,-2.2608492,-2.3254614,-2.306037,-2.187585,-2.0023196,-1.1801307,-1.0002539,-1.5518448,-1.70172,-1.719876,-1.372596,-0.9593963,0.04252702,0.77244973,1.1517426,1.4452626,2.0325723,4.113448,8.06688,9.152811,9.192322,8.308041,6.4494286,4.93254,2.8539994,1.0450592,0.3248698,0.20948735,-0.013417035,-0.18733445,-0.40812105,-0.4932707,-0.5343948,-0.8213752,-0.93966115,-1.0837011,-1.2051167,-1.1943657,-1.2492173,-1.404098,-1.4009724,-0.6566622,0.00793691,0.26593035,0.21705356,0.16998354,0.06942823,-0.053020947,-0.23673443,-0.13610217,0.20995113,0.39803725,0.17600308,-0.5241756,-0.99599123,-1.3024086,-1.8251743,-2.5448563,-3.1871123,-3.5393763,-2.8679965,-2.1467175,-1.9656494,-1.7508461,-1.7503555,-1.9067518,-2.0361187,-2.1063325,-1.825725,-1.5421059,-1.3720396,-1.1179107,-0.6674178,-0.43384132,-0.46955693,-0.7820427,-1.029897,-1.4324334,-1.5702081,-1.010864,0.1163903,0.45593518,0.100459754,0.0041867793,-0.25957918,-0.51287574,-0.44769013,-0.8494466,-0.775355,-0.116340935,0.35016662,-0.21309263,-0.48351648,-0.40442845,-0.27407292,-0.16729404,-0.07404263,-0.12024139,0.077821255,0.06387,-0.18323445,-0.75918466,-0.9917833,-1.2656798,-1.4796911,-1.3722223,-1.1575599,-0.9473904,-0.7634968,-0.7238196,-0.8460692,-0.8996544,-0.8031361,-0.5772776,-0.32394063,0.56697416,2.2763243,4.6502876,6.8487053,9.065579,10.66041,10.608583,9.038658,7.4780836,6.0443864,3.9173,0.086703,-0.49656183,-0.8331205,-1.3726301,-1.6378787,-1.6221458,-1.489416,-1.366177,-1.2603862,-1.0339029,-1.0078475,-1.1219437,-1.0760118,-1.0520396,-1.1744419,-1.4300877,-1.5227022,-1.5675292,-1.5857539,-1.6071514,-1.6590254,-1.7175598,-1.7559586,-1.6207869,-1.1973422,-0.7672996,-0.15430588,-0.17562205,-0.32216486,-0.026348978,0.053326815,-0.1130811,-0.6185539,-0.99724805,-1.2595668,-1.2913866,-1.3877213,-1.6326085,-1.5546095,-1.1378156,-0.68859094,-0.39713386,-0.09817898,0.21392913,0.29132998,0.38967067,0.41353688,0.34944463,0.17088263,0.041154712,-0.046407208,-0.18811181,-0.2514213,-0.2981869,-0.30454284,-0.37394792,-0.5757313,-0.64578843,-0.90501124,-1.1306484,-1.2084872,-1.1344281,-1.2713125,-1.2256366,-1.2904556,-1.255861,-1.1875848,-1.1485384,-0.6398047,-0.63961595,-0.63936263,-0.6396216,-0.6391264
-4.270561,-3.362401,-4.352641,-4.437399,-4.4260864,-4.475689,-3.3588295,-4.466929,-4.2487845,-3.860815,-3.294345,-2.5984263,-2.3446133,-2.1861255,-2.2253814,-2.1682792,-1.9772007,-1.7990057,-1.8113732,-2.0363579,-2.0038292,-1.9373271,-1.7642257,-1.2574128,-0.54948646,-0.013496175,0.791594,0.92500824,0.795086,0.6160705,0.42200872,0.16763149,0.10998901,0.102807514,0.16601282,0.24253881,0.080257595,0.061748922,-0.45944086,-1.2698387,-2.3642654,-2.4409451,-2.2934742,-2.6183624,-2.7602239,-1.9516485,-1.3834686,-1.3461877,-1.7924993,-2.2440076,-2.2904134,-2.3244467,-2.4731543,-2.862284,-2.866996,-2.7699933,-2.6621873,-2.6065018,-2.7841525,-2.720337,-2.6856263,-3.122763,-3.2301502,-3.205989,-3.0137072,-2.643509,-2.1755922,-1.7433656,-1.3687552,-1.5944214,-1.9842706,-2.1405697,-2.0738063,-1.9440099,-1.8436214,-1.5486054,-1.1667092,-1.0117203,-1.1798428,-2.0074532,-2.7613654,-3.0081906,-2.4225123,-1.7978944,-1.2842568,-0.8395269,-0.41983894,-0.10037983,-0.22291063,-0.5435186,-0.9108385,-0.8402352,-0.34973496,0.33071202,0.57992554,0.5404426,0.26513094,0.14367115,-0.02304089,-0.33759192,-1.1221448,-2.4169285,-3.1192062,-2.770863,-2.1988277,-1.7084236,-1.8169222,-2.0019345,-2.521667,-2.889497,-3.1620812,-3.4556055,-3.908045,-4.1264944,-4.0011625,-3.6859803,-3.4914422,-3.4297988,-3.2363558,-3.0481677,-2.745411,-2.5276453,-2.2705455,-1.7786356,-1.51124,-1.3107022,-1.2451873,-1.258071,-1.2381828,-1.2124288,-1.2052746,-1.1969931,-1.2304657,-1.0472164,-0.8717455,-0.98804355,-1.2545613,-1.5697501,-1.9656366,-2.614522,-3.2057385,-3.4973698,-3.968945,-3.953786,-3.820022,-3.4003305,-3.12455,-2.954418,-2.3389616,-0.6815517,0.50001395,0.95878077,1.2536002,1.708349,2.0140603,2.0204964,1.8699741,1.6589453,1.3258393,1.1293427,0.7621626,0.36859733,-0.22881366,-0.70888376,-1.0863628,-1.3360116,-1.4224616,-1.3813641,-1.4674692,-1.8989993,-2.374442,-2.812828,-3.2121773,-3.660294,-3.755426,-3.620988,-3.3291826,-2.5976899,-2.023694,-1.353959,-0.7706419,-0.3279525,0.07564549,-0.19310695,-0.75260603,-1.4770701,-1.9853983,-2.3566527,-2.7203488,-2.9292173,-3.0068984,-3.0514774,-3.0681458,-3.0751302,-3.1197546,-3.1187727,-3.1570578,-3.214192,-3.336966,-3.4603806,-3.6182842,-3.7607849,-3.7967563,-3.869744,-3.8596787,-3.7651215,-3.6298656,-3.2265136,-3.2042747,-3.0991902,-3.2490494,-3.3674273,-3.4735727,-3.3583574,-3.358391,-3.3584154,-3.3583922,-3.3585458
-3.708519,-3.9227502,-3.5531542,-3.4632356,-3.4280872,-3.3967857,-3.9258614,-3.16566,-2.3803537,-1.5304003,-1.0519419,-0.91418076,-1.0149283,-1.1331036,-1.2333009,-1.240695,-1.004143,-0.57976145,-0.2219358,-0.14724989,0.08140181,0.17028399,0.27512848,0.7015541,1.468668,2.060791,3.5312781,4.321686,4.9018173,5.2182364,5.1687403,4.8905606,4.715397,4.545326,4.539691,4.3244724,3.8015523,1.787585,0.29144335,-0.449608,-1.1078557,-1.1866444,-1.1095183,-1.4414893,-1.729806,-1.2827661,-0.8473251,-0.091946,0.10203833,-0.37071705,-0.9573537,-1.4717366,-2.1008985,-2.573718,-2.4310727,-2.2045467,-2.0801682,-2.0801632,-2.2560909,-2.266699,-2.1886525,-2.2518625,-2.2766254,-2.2481709,-2.08756,-1.8190906,-1.2878402,-0.7826457,-0.46132103,-0.41362956,-0.2046335,0.03736631,0.36265215,0.47472882,0.4013332,0.41704112,0.48869756,0.48527205,0.4233729,-0.026955634,-0.936113,-1.1002852,-0.15568978,0.45299143,0.87985027,1.3772444,1.7976978,1.9228902,1.9349812,1.8941264,1.5096009,1.0501432,1.0368245,0.9019835,0.33788157,-0.17135549,-0.831812,-0.85915864,-0.8346346,-1.0296011,-1.4623983,-2.0851998,-1.9374527,-1.567796,-1.5513062,-1.6638231,-1.6878339,-1.4731957,-1.6162692,-1.6601169,-2.0652785,-2.3406587,-2.62549,-2.6410887,-2.5863528,-2.5008936,-2.3317032,-2.2141917,-1.989553,-1.7818308,-1.7574658,-1.880687,-1.7521403,-1.3828359,-1.13495,-0.88168585,-0.70219326,-0.5074327,-0.28297928,-0.024138927,0.11505735,0.08532506,-0.17523663,-0.24280655,-0.072979584,-0.013578832,-0.06909181,-0.346479,-0.69093883,-1.0876876,-1.5660682,-1.3733107,-1.4663787,-1.8666399,-2.4314058,-2.90385,-2.8993793,-2.7963197,-2.4580789,-1.5873138,-0.80637246,-0.33896232,0.15659383,0.939024,1.8484788,2.2826736,2.6662333,2.9303432,3.0284598,2.9540002,2.7006383,2.4756389,2.1411605,1.9223809,1.729013,1.5816936,1.4727869,1.4319656,1.4518127,1.3764956,1.0927756,0.5728394,-0.20592538,-1.276425,-1.5538785,-1.5461931,-1.3862997,-0.7472821,-0.10005611,0.47824746,0.5848813,0.5382662,0.6448976,0.7521726,0.6538771,0.28861636,-0.12823561,-0.43243802,-0.7235699,-1.0237336,-1.192699,-1.2448474,-1.2339928,-1.2108383,-1.2022581,-1.1720315,-1.1658484,-1.1860749,-1.2394152,-1.34045,-1.3795764,-1.3762895,-1.3688358,-1.3630897,-1.4206977,-1.4590682,-1.5680083,-1.2800156,-1.3370934,-1.2400986,-1.3304219,-1.6482948,-1.8902385,-3.9246821,-3.9248886,-3.9253368,-3.9250064,-3.9257352
-3.4520593,-3.4208717,-3.392334,-3.389303,-3.3852208,-3.4061964,-3.420673,-3.4843044,-3.2177281,-2.7479763,-2.3993719,-2.326737,-2.2992702,-2.1235063,-2.034385,-1.9783561,-1.9190494,-1.7912037,-1.7697947,-1.9275166,-2.0852122,-2.0885172,-1.921969,-1.6078717,-1.3782057,-1.2456737,-0.9913622,-0.9284726,-0.88311714,-0.8257101,-0.8099637,-0.89205146,-0.9333322,-0.976644,-0.9011252,-0.9161565,-1.415305,-2.5709007,-3.1034598,-3.206809,-3.0828032,-2.495479,-2.1978452,-2.248191,-1.9381862,-1.0543609,-0.66906804,-0.52144206,-0.71934044,-1.08564,-1.5022602,-1.7433094,-1.8016129,-1.8195708,-1.7144816,-1.7172736,-1.7439588,-1.8641372,-2.0170474,-1.8943323,-1.8691895,-1.9962157,-1.8035858,-1.5325506,-1.2226942,-0.9068116,-0.51610637,-0.18862723,-0.29390904,-0.73645574,-1.0142757,-0.9150939,-0.41139555,-0.10137755,-0.069749296,0.1090318,0.44897032,0.9263654,1.289849,1.1520222,0.19980988,-0.23218903,0.17599212,0.2584678,0.38143495,0.51650727,0.63752,0.5592973,0.39105922,0.20302117,-0.113591835,-0.21083297,0.08749615,0.30913806,0.20088814,-0.077611834,0.021211505,0.28776237,-0.13121681,-0.99139524,-2.1707273,-2.5819623,-2.2232614,-1.6775019,-1.3286328,-0.8599241,-0.52248776,-0.57479167,-1.2562867,-1.9282106,-2.2045002,-2.2611985,-2.312771,-2.2436981,-1.9780722,-1.7013302,-1.4123081,-1.4139249,-1.3372104,-0.90888,0.012022585,0.9496231,1.5332491,1.9049088,2.09135,2.1153116,2.0124383,1.8467182,1.681324,1.2608624,0.75835365,0.4650857,0.031360447,0.038801044,0.11922103,-0.03204882,-0.39992484,-0.86270195,-1.4896598,-2.1718323,-2.48213,-2.3830175,-2.4447157,-2.6289253,-2.8471093,-2.5828397,-2.4977078,-2.5125685,-2.3980832,-2.0612211,-1.6583267,-1.4890084,-1.2566135,-0.74592054,-0.0562355,0.3976763,0.8236847,1.0957098,1.2618029,1.4859498,1.6747139,1.7098434,1.603096,1.507082,1.3810604,1.2850214,1.2159753,1.1766346,1.1487008,0.8671165,0.46084374,-0.3326923,-1.4343086,-2.7165594,-3.0695581,-2.9961476,-2.7391233,-2.0034397,-1.1803554,-0.31165022,0.18680933,0.47872552,0.6031063,0.37584275,-0.09134852,-0.66175663,-1.0682404,-1.408266,-1.7721903,-2.0660746,-2.2071576,-2.2604465,-2.2274237,-2.181858,-2.2194304,-2.2519984,-2.2568393,-2.3524234,-2.412286,-2.5039117,-2.5469148,-2.4297698,-2.4054446,-2.2994413,-2.0200768,-1.5791056,-1.3256891,-0.98732865,-1.0943736,-1.2690381,-1.5109918,-1.8733871,-2.2075434,-3.4202862,-3.420384,-3.4204624,-3.420384,-3.4205627
-1.5065968,-1.8794624,-1.4653603,-1.2872161,-1.0427053,-0.76837265,-1.8772068,-0.45068228,0.24414769,0.59839225,0.58502877,0.46645185,0.412706,0.5309234,0.7149707,1.1224973,1.571919,1.6060044,1.1993165,0.06752581,-0.84594107,-1.2267189,-1.3914862,-1.8314666,-2.0432513,-1.3434689,-0.46904516,-0.23705894,-0.18675008,-0.3280052,-0.5271195,-0.8108341,-0.9369617,-0.99473435,-0.9207841,-0.7398969,-0.64793444,-0.96848243,-0.99577546,-0.94272304,-0.9210665,-0.46977735,-0.5925472,-1.0007247,-1.463336,-0.6659007,-0.1235365,-0.0019150674,-0.39716244,-1.0253496,-0.97383124,-1.0333294,-1.304102,-1.6671298,-1.740166,-1.5980334,-1.446563,-1.3329532,-1.3474367,-1.119753,-0.84815747,-1.4025311,-1.777992,-1.9697396,-2.2150402,-2.3536468,-2.151784,-2.0286288,-2.0029182,-1.8244963,-1.686958,-1.7980572,-1.4958997,-0.9913181,-0.8066356,-0.6968659,-0.8752474,-1.0140545,-0.9459862,-0.49738377,0.12875211,1.3186209,3.93438,4.9531393,5.7588353,6.739588,7.5451446,8.105433,8.225487,7.990008,7.504657,6.7459097,5.9325676,5.0055714,4.5476475,4.1864944,3.1773477,2.2372215,1.7090154,1.0248888,-0.13137475,-1.9403529,-2.6538622,-2.5891206,-1.7696213,-0.11603993,1.1008918,1.1657118,0.69131017,0.09922758,-0.63510567,-1.602803,-2.1843529,-2.122913,-1.7010871,-1.3495251,-1.1178634,-0.9874979,-0.6965129,-0.17583202,0.49811688,1.1345884,1.8077817,2.21979,2.2174795,2.0192664,1.9085902,1.9344602,2.242094,3.1483002,4.199102,4.5579395,4.396492,3.7230282,2.7128901,2.112367,1.7667747,1.4684331,1.1180149,0.41983476,-0.4468411,-0.43980032,-0.9390317,-1.2515945,-1.4198987,-1.8240557,-2.0658062,-2.2080162,-2.2514446,-2.2633245,-2.1500819,-1.9111085,-1.5971136,-1.0549438,-0.37249738,0.07073635,0.36411256,0.4227077,0.335001,0.32324672,0.16799447,0.005148664,-0.20843785,-0.37031806,-0.58488274,-0.7981713,-0.92470515,-0.95734406,-0.90467346,-0.9600898,-1.105322,-1.3757915,-1.7851031,-2.4095044,-2.7009878,-2.5580387,-1.8946058,0.11908537,2.1528106,4.511664,6.406413,7.6912255,9.163412,9.7634945,9.895688,9.653301,9.141409,8.142345,5.923732,3.6515646,1.7318225,0.4653514,-0.46664268,-0.9325576,-1.2424583,-1.4333925,-1.7332671,-1.8159488,-1.9086673,-2.0393968,-2.186764,-2.1628373,-2.190094,-1.9925036,-1.5269544,-1.0051302,-0.89181656,-0.8245351,-0.8887386,-1.245429,-1.6254989,-1.7654316,-2.2829309,-1.8765632,-1.8766944,-1.8768432,-1.8767176,-1.8770418
4.594436,2.7173314,4.3269815,3.946465,3.6573148,3.33805,2.7150178,3.04389,2.554977,2.2073102,2.2689936,2.6952176,2.9632134,3.2994967,3.0424771,2.3339784,1.2137493,0.008930504,-0.86964566,-1.0099812,-0.55185616,-0.43480754,-0.6005281,-0.74835134,-0.8759831,-0.96601284,-0.91743463,-0.8325714,-0.5975237,-0.24104407,0.0053442717,0.217603,0.20103446,0.078605324,-0.13688767,-0.46801373,-0.7944464,-1.227584,-1.2869526,-1.3916345,-1.2023257,-0.41504627,0.038775623,0.7227057,1.1115918,-0.15420178,-0.8382075,-1.3898524,-1.739728,-1.7642705,-1.8379327,-1.8131126,-1.6641896,-1.135226,-0.92988276,-0.9118475,-1.0450059,-1.1856208,-1.342798,-1.6889323,-2.0661323,-2.1421058,-2.0456147,-2.1378818,-2.2269938,-2.3416705,-2.6852646,-3.0731778,-3.2765884,-2.8769531,-2.3451285,-1.9200675,-1.2358272,-0.60810393,-0.20119968,0.0743963,0.24699774,0.16129413,-0.031906754,-0.6174863,-0.7496166,0.3254285,1.0203611,1.0591283,0.9302288,0.24572082,-0.31452644,-1.0309697,-1.4786901,-1.7701402,-1.7369244,-1.5411637,-1.5432018,-1.6637065,-1.7932696,-1.6163673,-0.96832633,-0.78831565,-1.0883924,-1.1792185,-0.835044,0.16953228,1.2431362,2.2639031,1.1281765,0.075198114,-0.68526304,-1.1006011,-1.2381488,-1.0792397,-1.0677193,-1.059285,-0.4835262,0.024730727,-0.25408447,-0.12631774,0.039065063,-0.23256692,-0.8131901,-1.4281781,-1.7525146,-1.3049098,-0.9038048,-0.708767,-0.64868504,-0.6383167,-0.66511023,-0.6664266,-0.66324514,-0.6980361,-0.7521381,-0.73382604,-0.78018683,-1.0884752,-1.6620834,-1.9859638,-2.2203484,-2.240376,-2.0516927,-1.7148972,-0.8541171,-0.7662953,-0.8235196,-0.52627635,-0.40032864,0.20895506,0.6822605,0.83203757,0.9851796,0.7282541,-0.04643583,-0.6246325,-1.0876336,-1.4263976,-1.7131842,-1.9609923,-2.0285506,-1.946479,-1.8454655,-1.7038054,-1.4392891,-1.3678598,-1.380798,-1.3214962,-1.1518273,-0.8457906,-0.6506149,-0.65285015,-0.9432991,-1.4550606,-1.789695,-2.4210923,-2.7046895,-2.1818619,-1.0717702,0.0541121,0.9097918,1.5828946,1.8304751,1.7791514,1.4487236,1.0376139,0.22945905,-0.5075239,-0.8990612,-0.92432594,-0.7444893,-0.46012965,-0.19704339,0.11220115,0.38080814,0.55523014,0.7450434,0.8115396,0.8576142,0.8062231,0.92091966,1.0898405,1.3130167,1.5132889,1.4964128,1.2715693,1.1339225,0.75157773,0.21468787,0.24169405,0.6652943,1.5071265,1.7392354,1.9399531,2.106037,2.2411182,2.4777179,2.7150574,2.715011,2.7149427,2.714944,2.714911
0.7202286,5.152355,0.5109909,0.5866235,0.5013982,0.38737547,5.152331,-0.09463837,-0.6288228,-0.8733993,-1.1637838,-1.5090461,-1.6070652,-1.9307818,-2.2009706,-2.5426755,-2.9783144,-3.2779412,-3.0494776,-2.7109137,-2.559613,-2.5022066,-2.539041,-2.662001,-2.5465295,-2.278089,-2.0362535,-2.0626886,-2.2607975,-2.5168915,-2.6338944,-2.561248,-2.495307,-2.4509583,-2.5350132,-2.5860744,-2.1390574,-0.64034146,0.068518996,0.5574195,1.418339,2.3426337,2.5135348,1.9375416,1.2986372,0.48890162,-0.7341449,-1.2363826,-0.30493376,0.7910804,0.8941406,0.9547024,1.5165992,2.3833058,2.3018231,1.8454108,1.5413089,1.0695437,0.8825807,0.76927954,1.3166647,1.1791712,0.40166873,-0.07613188,-0.7021495,-1.1944333,-1.4578733,-1.4309361,-1.1377957,-1.2821679,-1.9490638,-2.2261724,-2.6090412,-2.6417751,-2.5981462,-2.760212,-3.0306888,-3.320682,-3.5090723,-3.3338366,-2.5849602,-1.9772761,-1.3304298,-1.2987199,-1.4341724,-1.73577,-1.7870319,-1.3435824,-0.88126343,-0.60944736,-0.37056816,-0.59498364,-1.0914085,-1.8732324,-2.2754364,-2.3898246,-2.6538649,-2.59108,-2.0491636,-1.1696854,-0.06003625,0.9331124,1.4387383,1.1056516,0.40189987,-1.1870228,-2.3096724,-2.3412712,-1.7887751,-0.9764683,-0.54614085,-0.42336714,-0.32717738,-0.2915865,-0.41451162,-0.94678533,-1.3694477,-1.4542147,-1.6535372,-1.7017937,-1.7918854,-1.85001,-2.2441788,-2.6167881,-2.556025,-2.306717,-2.034216,-1.6890785,-1.3627759,-1.0682166,-0.84564805,-0.75671816,-0.7083169,-0.9216093,-1.4469882,-1.6710863,-1.4600935,-1.013102,-0.3469937,0.45279163,0.63747585,-0.40122154,-0.46801102,-0.6495815,-0.89621174,-0.86725765,-0.9569155,-1.1005194,-1.6384654,-2.1119556,-2.0898006,-1.9794452,-1.9452915,-1.9716836,-2.0949008,-2.268459,-2.512042,-2.6855273,-2.7131324,-2.7436957,-2.7127695,-2.5734644,-2.3915606,-2.1725671,-1.9190762,-1.5986388,-1.3031653,-0.9675009,-0.1256236,1.6797842,3.3718302,5.5231457,7.035529,8.571713,9.460987,9.820549,9.890974,9.751764,9.491813,8.955791,8.354767,7.438676,5.220259,3.857126,4.1267896,5.632809,7.1098747,8.539913,9.9868765,10.622989,10.773893,10.820056,10.836363,10.8400545,10.808255,10.780634,10.748529,10.687624,10.582337,10.500189,10.393817,10.328541,10.347286,10.056435,9.439888,8.538652,7.717435,6.707515,6.286009,6.120482,6.403943,6.4671106,6.4390354,5.153288,5.153083,5.152817,5.152935,5.152509
0.22060247,0.6549189,0.3435596,0.44036156,0.58965194,0.6495364,0.66034585,0.82770896,0.5521646,0.18253618,0.16568995,0.42200047,0.65553594,0.70842284,0.5736762,0.22256523,-0.29888642,-0.84445834,-1.1409265,-0.93632907,-0.75378656,-0.8308851,-1.0219743,-1.178115,-1.2648672,-1.4971195,-2.2919738,-2.6729891,-2.9489167,-3.1464968,-3.119072,-2.9725022,-2.7980485,-2.659639,-2.5902371,-2.5203338,-2.5543942,-2.200265,-1.5246229,-1.3169993,-1.2276406,-1.7913668,-1.7163308,-1.0167114,-0.6192873,-1.2367752,-1.5044897,-1.881018,-1.6462592,-1.0055877,-0.80186856,-0.63447237,-0.48157892,-0.3248611,-0.15676205,-0.047442093,-0.072047204,-0.12790151,-0.02551265,0.122270286,0.037064,-0.5569038,-0.6309979,-0.58192635,-0.43099183,-0.23051293,-0.2908281,-0.33646357,-0.0060761273,0.21239114,-0.039563447,-0.038069367,-0.13581252,-0.3724625,-0.5271865,-0.76443446,-0.8800558,-1.127217,-1.4929587,-1.6800419,-1.3929685,-1.4059255,-1.8749399,-1.9006884,-1.8679084,-1.8538897,-2.1911151,-2.5599895,-2.8356986,-2.9967308,-3.1028588,-3.1374414,-2.9658241,-2.549011,-2.2678094,-2.1465888,-2.1167479,-2.5832095,-2.6987975,-2.0338671,-0.28490528,0.71852577,0.5643438,-0.10520956,-0.5827431,-0.6429489,-0.88883924,-1.0912577,-0.80493444,-0.35414013,0.25238392,0.5132071,0.46520877,0.27522632,-0.24868721,-0.45291406,-0.33930987,-0.28390983,-0.09034137,-0.024787664,0.14874607,0.22124904,-0.15287739,-0.6406329,-0.8181847,-0.9293102,-0.9917348,-1.0607044,-1.16335,-1.312529,-1.4113276,-1.4668806,-1.4575942,-1.6506832,-1.9775803,-2.1154249,-2.0919514,-1.9262824,-1.4515094,-0.47735795,-0.08779085,0.16548097,0.38882348,0.47658676,0.42868122,0.19728741,-0.05124733,-0.16219467,-0.45643723,-0.83831674,-0.9092712,-0.7377404,-0.6325329,-0.74288714,-1.0261452,-1.5019066,-1.8272191,-1.9144286,-2.0252547,-2.1315155,-2.253255,-2.4043107,-2.4605954,-2.440402,-2.4575624,-2.4428866,-2.4894137,-2.5487442,-2.6743715,-2.9626145,-3.0794692,-2.9356809,-2.446908,-1.9287691,-1.5756793,-1.442003,-1.6537521,-2.4228005,-2.94915,-3.257924,-3.1640453,-2.947184,-2.71752,-2.7774248,-2.8402212,-2.828855,-2.6937642,-2.3927746,-2.0339105,-1.6912801,-1.5566581,-1.4540112,-1.4032722,-1.4422827,-1.5048099,-1.5350945,-1.4927168,-1.5726998,-1.6178906,-1.5682267,-1.537474,-1.5396559,-1.4809325,-1.7080269,-2.0435343,-2.2461586,-2.2054858,-1.9757313,-1.6247177,-1.425715,-1.1664987,-0.9381237,-0.41738868,0.6584512,0.6588476,0.6595095,0.659131,0.66011226
-1.9178674,-2.3650212,-1.8577893,-1.8875601,-1.9113994,-2.0342393,-2.3613858,-2.2449374,-2.5066457,-2.7431335,-3.003118,-3.024333,-2.9609814,-2.8941333,-2.9120576,-2.8801699,-2.6737702,-2.5383728,-2.5036106,-2.37812,-2.51023,-2.562561,-2.6517978,-2.773724,-2.7609448,-2.9491248,-3.2640505,-3.195806,-3.0400813,-2.9429762,-2.9093776,-2.8571339,-2.7658954,-2.6970887,-2.6503782,-2.6072114,-2.572093,-2.4252815,-2.5908175,-3.0216522,-3.595418,-3.578536,-3.1500282,-2.5397806,-2.3232017,-2.9409273,-3.168501,-3.2785025,-3.1542492,-2.6893966,-2.215278,-1.7657461,-1.0901084,-0.44644842,-0.33309123,-0.42753822,-0.54116154,-0.76010484,-0.93459255,-0.944428,-0.6001487,-0.7051867,-1.1344154,-1.2634959,-1.3724843,-1.3799666,-1.4025681,-1.4105828,-1.172368,-1.334633,-1.9646552,-2.3117464,-2.7023582,-2.9144342,-3.022155,-3.1336946,-3.1862054,-3.2486377,-3.3532157,-3.2826686,-3.1714635,-3.1795368,-3.2035935,-3.3093822,-3.4325385,-3.5831614,-3.6752424,-3.9773211,-4.079087,-4.0294914,-3.7555952,-3.5066,-3.4904656,-3.277446,-2.8569162,-2.458218,-2.347194,-2.7385302,-2.5784538,-1.9945008,-0.7271086,0.22135377,-0.06950817,-0.81524944,-1.7914493,-2.2859442,-2.8375497,-3.0330803,-2.7041485,-2.1509843,-1.5626187,-1.3578169,-1.488872,-1.8559076,-2.012894,-2.1010096,-2.2134893,-2.2481728,-2.290474,-2.3469613,-2.0744925,-1.6769722,-1.790348,-2.2229085,-2.4114594,-2.4759169,-2.5032296,-2.5747476,-2.7214003,-3.1056838,-3.5112867,-3.6472936,-3.6379063,-3.542739,-3.246698,-2.8743267,-2.5351748,-2.2141933,-1.929374,-1.8002506,-1.4236289,-0.9442359,-0.27221638,0.17098129,0.5252505,0.83581483,1.2891734,1.1632329,0.84799373,0.47116613,0.17508982,0.08297048,-0.025143012,-0.25982276,-0.6588989,-1.1511683,-1.5241641,-1.7597826,-1.9701182,-2.190722,-2.4072924,-2.4395156,-2.4066997,-2.4065666,-2.4710205,-2.5748467,-2.7121408,-2.8334727,-2.945872,-3.0982275,-3.1850142,-3.10614,-2.9300265,-2.111082,-1.5738263,-1.4642787,-1.7251549,-2.648445,-3.4881454,-3.8900008,-3.7416658,-3.582489,-3.6678514,-3.800634,-3.7924118,-3.533225,-3.186107,-2.8320985,-2.3950362,-1.8894463,-1.6425472,-1.5492282,-1.5261886,-1.5776167,-1.688269,-1.7579174,-1.8170571,-1.8742349,-1.9908414,-2.038883,-2.1999173,-2.3412578,-2.3374205,-2.4872923,-2.6243024,-2.7364626,-2.6885881,-2.8905206,-2.8486605,-2.962346,-2.8284445,-3.0385294,-2.9496558,-2.3621445,-2.3619761,-2.3616605,-2.3618813,-2.3614283
-0.61487436,-0.8124147,-0.62581384,-0.42745286,0.044416204,0.6309712,-0.81190443,1.2784251,2.207125,3.1620507,3.7946577,4.5857267,4.7888193,4.4072294,3.7856035,2.844813,1.2198772,-0.13918813,-0.8587722,-1.3081656,-1.4142485,-1.4347329,-1.1907063,-0.8928994,-0.4436551,-0.6709677,-1.4490553,-1.8276901,-2.103408,-2.2553463,-2.3200877,-2.27667,-2.2738323,-2.3184257,-2.3810484,-2.6159685,-2.746108,-2.6459846,-2.6113272,-2.6053526,-2.0660188,-1.2374669,-0.94611084,-0.28561068,0.1358913,-0.45163646,-0.97989583,-2.203581,-3.3885293,-3.5439806,-3.1747494,-2.9117634,-2.6167464,-2.4024897,-2.2302136,-2.3354177,-2.441572,-2.4399712,-2.3322244,-2.3632197,-2.3690665,-2.4122057,-2.6135814,-2.564405,-2.4180675,-2.3325148,-2.372954,-2.6191463,-2.8885384,-2.880807,-1.5412033,-0.56762487,0.29387137,0.84054387,1.1719271,1.1197356,0.45495743,-0.5045818,-1.6536263,-2.30457,-1.968565,-1.5516019,-1.8988115,-2.064288,-2.0265596,-1.8459103,-1.4021134,-0.77746594,0.094873145,1.7374893,4.4306707,7.2007732,8.770628,9.598562,9.419809,8.854452,7.738627,5.3142667,3.3471308,0.84464717,-1.7290118,-2.0408928,-1.4016305,-0.7076359,-0.7036752,-0.9926597,-1.4099183,-1.8395704,-2.3577845,-2.4053059,-2.2770667,-2.0533428,-1.906212,-2.0216858,-2.4445271,-2.2001612,-2.002657,-2.2051954,-2.3301978,-2.2734976,-1.9865936,-1.7364311,-1.784049,-2.1228786,-2.1999664,-2.077087,-1.7759728,-1.410828,-1.1146731,-0.8610252,-0.93205804,-0.98523957,-0.9624852,-0.92175746,-1.1389234,-1.3658853,-1.4517629,-1.1781026,-0.8245635,-1.0848919,-1.5978801,-2.6408372,-2.709888,-2.569581,-2.0593562,-1.1565443,-0.9748528,-0.91732645,-0.4087149,1.3672512,3.2032208,4.408503,5.173132,5.348924,5.199992,5.171825,5.034608,4.848091,4.5552793,4.0276437,3.0417256,2.0274577,0.869711,0.009967156,-0.73238957,-1.3288226,-1.5928099,-1.6886377,-1.9538112,-2.3241558,-2.5987015,-2.9515893,-3.0311556,-2.7912815,-2.2225862,-1.5413718,-1.0148649,-0.6970822,-0.8244424,-1.065988,-1.1849433,-1.2816161,-1.640342,-2.0045063,-2.165723,-2.2257178,-2.153546,-2.0967693,-1.9636593,-1.8707325,-1.7278388,-1.6036966,-1.5361035,-1.6332502,-1.7031682,-1.7393016,-1.766778,-1.7574604,-1.7351944,-1.7035159,-1.745429,-1.8074622,-1.8187982,-2.023244,-2.1352012,-1.9560187,-1.5558496,-0.98766553,-1.6763475,-1.737122,-1.876426,-1.9471059,-1.9275453,-0.810778,-0.8109647,-0.81127656,-0.811146,-0.81161463
-2.0670733,-3.690951,-2.1443925,-2.3614726,-2.6181507,-2.832443,-3.6976566,-2.8992574,-2.7743855,-2.3554592,-2.134527,-2.1642044,-2.100113,-1.7776709,-1.4613298,-0.8523211,-0.26407745,0.138866,0.62233746,0.92557466,1.0329158,1.1790695,1.2070317,1.2052616,0.1822792,-0.6636048,-0.71803206,-0.15776628,0.7696079,1.697309,2.1815703,2.409391,2.5243914,2.5370944,2.6262095,2.5429578,1.7505658,-0.27568746,-1.4353153,-1.5324214,-1.2264321,-0.7937456,-0.75848675,-0.9868667,-1.230315,-1.1293627,-1.0295466,-0.85878074,-1.1202961,-1.6588082,-1.800223,-1.9749724,-2.2945905,-2.4822974,-2.3190897,-2.149341,-2.1585605,-2.272721,-2.3992488,-2.5523238,-2.5126617,-2.186906,-1.972712,-1.6222621,-1.242978,-0.96908987,-0.75425005,-0.6227368,-0.7182374,-1.0041015,-0.9816795,-1.0137042,-0.9725535,-0.94112545,-1.0006042,-0.8422201,-0.39285812,0.20933455,0.7568708,0.38850185,-0.31593663,-0.87721384,-0.7535722,-0.75621694,-0.7350157,-0.64558864,-0.60261786,-0.9757023,-1.311899,-1.6927314,-2.0132072,-2.0240858,-2.0208747,-1.7875267,-1.4281245,-1.074558,-0.5042238,-0.23494855,-0.5404761,-1.3037462,-1.7050947,-2.1597178,-2.2581096,-1.7892499,-1.201047,-0.3666327,0.20755841,0.09474462,-0.58458924,-1.4912682,-1.8574307,-2.2245765,-2.2107253,-2.2113218,-2.0255759,-1.7228673,-1.5938724,-1.6605761,-1.5887051,-1.2615583,-0.67633486,-0.22904119,0.3399718,1.0029469,1.299801,1.3665785,1.2077764,0.9326654,0.640048,0.033340394,-0.74761975,-1.1363722,-1.5406632,-1.3174958,-0.8401538,-0.71050596,-0.83920276,-1.2331501,-2.0936325,-3.0052438,-3.0680714,-2.1947534,-1.6008087,-1.7170095,-2.1263382,-1.9194262,-1.6654599,-1.5606853,-1.364954,-1.4194746,-1.2930981,-1.3663948,-1.5143397,-1.6263447,-1.6532648,-1.4285047,-1.0250112,-0.72961533,-0.2482259,0.316742,1.184342,1.9035165,2.6834383,3.1458235,3.4117365,3.6818728,3.844271,3.8972452,3.9353848,3.963162,3.8880734,3.5566013,2.733547,0.9784838,-0.5237009,-1.5228761,-2.1347458,-2.5266478,-2.492952,-2.0648615,-1.7801814,-1.5663733,-1.2457597,-0.94016004,-1.0187263,-1.2111804,-1.4253871,-1.5917006,-1.9164549,-2.3194604,-2.5288534,-2.540885,-2.4946904,-2.3707604,-2.2673821,-2.1960657,-2.1238778,-2.1265054,-2.1622655,-2.2419183,-2.3008356,-2.304143,-2.3096716,-2.1298003,-1.9562747,-2.0047092,-2.198831,-2.6775177,-2.7745485,-2.8369584,-2.7946737,-2.8408184,-2.7695923,-3.6972811,-3.6974492,-3.6977167,-3.697585,-3.697865
-5.0256114,-2.8770895,-4.9831896,-4.9087224,-4.8383803,-4.8024106,-2.875309,-4.9653134,-5.112168,-4.984268,-4.939365,-4.8574986,-4.806695,-4.7686095,-4.802306,-4.7718964,-4.8638525,-4.958377,-4.9320273,-4.918788,-4.968641,-4.893518,-4.7848597,-4.578281,-4.245409,-4.1375294,-4.1037827,-3.899448,-3.610814,-3.2815752,-3.095539,-2.7687147,-2.469538,-2.31638,-2.1970875,-2.168882,-2.2240539,-2.4596715,-2.950539,-3.2496438,-3.3947682,-2.9440575,-2.7019567,-2.6894991,-2.8125992,-3.186441,-3.6358988,-4.3363557,-4.7423916,-4.78102,-4.5952034,-4.3761845,-3.8510976,-3.190531,-3.1249723,-3.4584389,-3.7287202,-4.2049155,-4.6141176,-4.6135874,-3.775033,-3.36477,-3.3703551,-3.303217,-3.1016033,-2.8743873,-2.6568668,-2.4318626,-2.1805916,-2.7583032,-3.5696805,-3.977139,-4.3067403,-4.3379564,-4.3901734,-4.4851317,-4.647947,-4.9029226,-5.0416055,-4.949119,-4.890542,-4.722001,-4.185012,-4.1214046,-4.2590666,-4.5089407,-4.6373467,-4.7473717,-4.7709928,-4.7914786,-4.623819,-4.2749567,-4.08138,-4.0290613,-4.0059557,-3.881555,-3.9532435,-4.262578,-4.183862,-3.9592657,-3.4573288,-3.3366647,-2.8939147,-2.4679246,-2.5688925,-3.0217485,-3.862101,-4.3491096,-4.5137625,-4.3936653,-4.4262524,-4.5861473,-4.4269156,-4.180875,-4.0688133,-3.8443997,-3.7380595,-3.7681346,-3.6124601,-3.3376808,-2.9438868,-2.7063076,-2.9235876,-3.2050366,-3.1510983,-2.9895477,-2.840639,-2.7578762,-2.7525792,-2.9105356,-3.193396,-3.366016,-3.5926747,-3.7340624,-3.8809474,-3.8793201,-3.7379048,-3.5865645,-3.6222079,-3.8486643,-3.8417997,-4.172684,-4.1305943,-3.9935303,-3.6649399,-2.7977433,-2.3029304,-2.350562,-2.4879715,-2.4600468,-2.3165467,-2.1870563,-2.1978202,-2.310675,-2.4928577,-2.6778426,-2.8698783,-3.051398,-3.2327213,-3.458157,-3.773204,-3.907032,-3.9503396,-4.019818,-4.0527134,-3.9140162,-3.7397795,-3.5664124,-3.3415415,-2.9216323,-2.482059,-1.6198316,-0.92807215,-0.3647568,0.0043103695,0.3365008,0.4329491,0.21549487,0.0029637814,-0.047834635,-0.17829208,-0.6148198,-1.8442119,-2.5602436,-2.566988,-1.889492,-1.0745937,-0.23262367,0.39049265,0.57451206,0.62007046,0.66968316,0.65114975,0.5813339,0.41725922,0.28363425,0.14492199,0.06096244,-0.113548934,-0.3235704,-0.66024035,-0.90977657,-0.98511326,-1.226444,-1.4849384,-1.6162472,-1.5753706,-2.0193431,-2.4865344,-2.6887484,-2.6330364,-2.9540985,-3.039534,-2.874298,-2.874464,-2.8747082,-2.8746815,-2.8750238
0.41163588,0.19477461,0.37015098,0.33677918,0.3489998,0.2949707,0.19629714,0.34346557,-0.23442426,-1.1658806,-1.7989631,-1.8908153,-1.7097791,-1.5709416,-1.5199409,-1.3838038,-0.8164828,-0.04018277,0.45106098,1.0035112,1.2059727,1.2015865,1.022156,0.6117955,0.11389546,-0.4702921,-1.3660711,-1.6458228,-1.7157301,-1.725746,-1.643637,-1.544184,-1.4568915,-1.3578863,-1.2815022,-1.1407146,-0.7307602,0.0445998,0.5834017,0.79622734,1.002437,0.52789384,0.5285029,1.1578662,1.3862338,0.49596235,0.09486574,0.08397886,0.6184933,0.92813754,0.5681571,0.3473801,0.51743716,1.3229868,1.4130251,1.4654603,1.4089769,1.3017237,1.061213,0.78089404,0.4683486,0.83781594,1.1780229,1.438238,1.5363135,1.4793024,1.169624,0.87685204,0.7412474,0.6284764,0.31413496,0.15863079,-0.33667055,-0.7530799,-0.82156295,-0.7205576,-0.14339085,0.59962726,1.1193929,2.6822834,4.3881025,5.6782417,6.3908157,6.411388,6.2339087,5.812461,5.1355867,4.0900497,3.317306,2.9376824,2.53698,1.7626626,0.6104134,-0.5732117,-0.98091835,-1.0882145,-1.2190945,-1.3958046,-1.0120442,-0.15564868,0.49976176,1.0355644,1.1665363,0.5013113,-0.23844711,-0.32212976,-0.2213352,-0.064466774,0.53314877,0.90005505,0.25200063,0.14863855,0.39115128,0.60140705,0.8487786,1.1061637,1.0050014,0.9565923,0.59445316,0.05657904,-0.61309826,-0.9307718,-1.3008064,-1.5643005,-1.5690213,-1.468308,-1.2613447,-0.9892937,-0.82656634,-0.7938974,-0.6711103,-0.51285315,-0.2465372,-0.2812978,-0.5997447,-0.67470646,-0.2934625,0.25824422,1.1393402,2.596078,4.2487574,6.0298567,7.5601964,8.71843,10.034367,10.684044,10.6272545,10.544057,10.193561,9.33472,8.30771,7.402347,6.316765,4.9269876,3.1678793,1.7951323,0.8998541,0.52847415,0.46287453,0.48958537,0.7277092,1.0901753,1.3616152,1.6408365,1.7992957,1.6085331,1.1023787,0.5570446,0.14162804,0.07375299,0.21616277,0.6793955,1.2749617,2.0255153,2.31386,2.25962,2.0085993,1.2407442,0.6974455,0.22533724,0.051754206,-0.089431256,-0.5284803,-0.876206,-0.8881649,-0.7351171,-0.6201829,-0.4554215,-0.064130455,0.39511788,0.70909905,0.9415121,1.0718546,1.0586388,1.0346081,1.0067291,1.0536311,0.99913704,0.92927796,0.97900563,1.0464538,1.0549502,1.1340162,1.0341784,0.77461594,0.34653315,0.1253896,-0.5449356,-0.45012406,-0.5359374,-0.50973547,-0.4783218,-0.44956854,0.19535778,0.19551808,0.1957086,0.19550449,0.1960017
-2.5553079,-4.881199,-2.6261258,-2.7126584,-2.7937677,-2.815556,-4.8773346,-2.719598,-2.3786447,-1.80462,-1.4563997,-1.2580053,-1.1738291,-0.91148734,-0.6045238,-0.16323403,0.2416017,0.53871197,0.67067397,0.57702905,0.46455985,0.5481186,0.53185934,0.41151452,-0.2982426,-0.60652375,0.02111438,0.35859388,0.676054,0.961363,1.1484601,1.3270878,1.4935104,1.5494952,1.700068,1.8773172,1.6263347,-0.08768362,-1.3982854,-1.2539591,-0.54091346,-0.36508566,-0.44729215,-0.66942346,-0.42942914,0.43321538,0.83975005,1.174155,0.8319787,0.18886882,-0.2501324,-0.4156349,-0.5619561,-0.70416117,-0.66693604,-0.46176136,-0.3549043,-0.35141322,-0.582302,-0.6828603,-0.48642242,-0.9843985,-1.4691083,-1.4333773,-1.3281566,-1.2442331,-1.0855414,-0.96523696,-0.8140998,-0.49907148,0.11876586,0.86050874,3.0136936,5.303055,6.7596416,8.224317,9.282008,9.6541815,9.651484,8.886069,7.5273957,5.758621,3.9467502,3.5418687,3.3996255,3.0962136,2.4572663,1.4267019,0.60370135,0.024601325,-0.3576033,-0.42767859,-0.21241087,0.4975138,1.0958235,1.3105912,1.3629287,1.4508562,1.1005387,0.51808983,-0.13126041,-0.90523964,-1.4404758,-1.1291078,-0.89319116,-0.7124474,-1.2077403,-1.468727,-2.0579295,-2.5867453,-2.217402,-2.0950713,-1.9790927,-1.2718112,-0.41104808,1.0100493,2.2165432,2.47998,4.004857,5.977091,8.052799,9.456009,10.372332,11.030282,11.195774,11.114595,10.861074,10.356318,9.714474,8.309024,5.962645,4.0995374,1.709454,0.32659152,-0.50672144,-1.1051457,-1.4928234,-1.8562536,-2.2339604,-2.3864431,-2.3433504,-1.538025,-1.472581,-1.3408163,-1.3974948,-0.9492568,-0.75909853,-0.68546623,-0.5403036,-0.65668446,-0.69409424,-0.797197,-0.83931506,-0.6443583,-0.29839852,0.007832117,0.20811369,0.26156542,0.42532557,0.6225361,0.7492846,0.73763233,0.92285734,1.035664,1.225009,1.6233416,2.0410562,2.3912482,2.6219401,2.6462598,2.6902406,2.5821207,2.185871,0.7966113,-0.28025013,-0.8539834,-1.0335034,-0.79098296,-0.23254587,0.33699697,0.41795436,0.3871878,0.48460665,0.7700603,0.7728723,0.76483035,0.8586693,0.9151983,0.6956972,0.20699811,-0.18123172,-0.42153057,-0.6097989,-0.6330118,-0.64491165,-0.64655674,-0.64105064,-0.7116349,-0.84319586,-1.055785,-1.2626059,-1.5120327,-1.5890412,-1.9435222,-2.6775928,-3.2149992,-3.718643,-4.153142,-4.0618863,-4.067453,-3.8938785,-3.8515935,-3.8850994,-4.8791447,-4.8787975,-4.8781304,-4.878456,-4.8775415
-2.4378543,-2.3418696,-2.5426097,-2.62071,-2.664338,-2.6497178,-2.343085,-2.6255453,-2.6769867,-2.5973163,-2.4080467,-1.9651496,-1.7355838,-1.3135514,-1.0574255,-0.7157216,-0.42940915,-0.39729512,-0.56150204,-0.73787034,-0.6806003,-0.5622655,-0.34444684,0.5553776,1.1761101,0.68443525,0.012027442,-0.06573662,0.13805664,0.40793824,0.6152061,0.999089,1.2819619,1.4051096,1.3286381,0.9347171,0.069235325,-0.8196887,-1.2458979,-1.7576358,-2.2128768,-1.4086994,-0.9761681,-0.85794127,-0.8751053,-1.9068251,-2.6007948,-2.9191737,-3.520548,-3.8580387,-3.7350159,-3.6369057,-3.2664757,-2.779523,-2.6216743,-2.6388655,-2.7896347,-3.0305536,-3.3116355,-3.6241102,-3.473059,-2.9458842,-2.4415607,-2.187159,-1.7140021,-1.2847595,-1.0668025,-0.9344258,-1.0320543,-1.7485293,-2.0486305,-1.9640038,-1.8452001,-1.748621,-1.85415,-2.0244462,-2.03863,-1.8952665,-1.71865,-1.778765,-1.7857736,-1.5281072,-1.1840858,-1.3072776,-1.7153137,-2.1646736,-2.5728843,-3.0891676,-3.437366,-3.7252614,-3.8609695,-3.5624616,-3.2613256,-3.0235066,-2.7948592,-2.3712394,-1.7200006,-1.2685406,-1.017444,-0.95545816,-1.417565,-1.8395891,-1.6607767,-1.2453446,-1.940402,-2.7832613,-3.1759074,-3.259841,-3.5881548,-3.8334835,-4.1283054,-4.045131,-3.5378366,-2.8778706,-2.4870915,-1.934463,-1.7343986,-1.8168095,-1.7564687,-1.6347353,-1.3607838,-1.2533101,-1.378103,-1.6265907,-1.7395785,-1.8137865,-1.9297123,-2.1741745,-2.5166335,-3.175781,-3.8516104,-4.126626,-4.245946,-3.9787152,-3.5380445,-3.418942,-3.4396696,-3.4019327,-3.510488,-3.5110407,-2.9992874,-2.782505,-2.7126622,-2.2768512,-1.6979052,-0.66468,-0.1692586,-0.05035287,0.40940917,1.289489,1.7314297,1.7002878,1.4584433,1.120187,0.72426164,0.61515117,0.60366935,0.5297999,0.41007322,0.32040042,0.31899017,0.44125417,0.6960191,0.7396417,0.8301372,1.0168221,1.1727357,1.2170916,0.9865563,0.47433552,0.059290767,-0.5285764,-1.1509774,-1.3342214,-1.2666177,-1.0168738,-0.7981559,-0.7733847,-1.0543756,-1.2862538,-1.3887362,-1.4412203,-1.698139,-1.9316058,-2.031313,-1.9188061,-1.7498736,-1.7370338,-1.9023557,-1.888902,-1.8189934,-1.7283688,-1.7081326,-1.7773287,-1.8596799,-1.9128412,-1.9329302,-1.959605,-2.0100193,-2.0602381,-2.183356,-2.2765489,-2.274094,-2.28438,-2.1961155,-2.0565605,-1.8925035,-1.9801031,-2.3043299,-2.3828235,-2.4286973,-2.6211743,-2.7300298,-2.342708,-2.3428135,-2.3429208,-2.3428752,-2.3430521
-1.5437524,0.48778775,-1.4656231,-1.4371147,-1.481255,-1.4395813,0.48907414,-1.1217566,-0.38163722,0.2412006,0.37640026,0.3900667,0.30825648,0.23208949,0.32886082,0.45803425,0.7779596,1.0483887,1.0785818,0.797038,0.6446955,0.71376526,0.79478145,0.9723076,0.9400953,0.8723777,1.2962043,1.1629952,0.91420513,0.7751289,0.72002435,0.7005791,0.76993304,0.94388807,1.2971387,1.9366119,2.1821954,1.1426032,0.42164534,0.3484517,0.69277084,0.86726743,0.9441176,1.4422829,2.9076633,7.2940726,9.507583,10.7115555,10.695341,9.88641,9.508218,9.077502,7.6539245,4.9818435,4.1228085,3.834302,3.9276676,4.0859237,4.132572,3.640483,2.3675666,0.379648,-0.11859487,-0.22065365,-0.35219613,-0.28843477,0.029545967,0.30729485,0.21748704,-0.023422025,-0.20924458,-0.33273813,0.1286313,0.8499329,1.3088139,1.9051337,2.5517316,3.115432,3.5323324,3.2939396,2.7505798,1.8092133,0.7679946,0.5789107,0.75594527,1.2923577,2.147281,2.9194317,3.3885303,3.721647,3.6552377,3.1503997,2.924045,3.4882135,3.9031515,3.664,3.505763,3.7633715,3.6647234,2.5677803,1.0606366,0.4312695,0.8403708,2.705442,6.486703,9.461518,11.191499,11.455509,10.895031,9.790897,8.235582,6.032231,3.8356466,1.3518622,0.31529713,-0.11769758,-0.19827323,-0.2360965,-0.2349666,0.1813541,0.4636435,0.33529913,0.40330696,0.6839058,0.7476086,0.71446276,0.75689936,1.0126218,1.5901699,3.0541575,5.1160364,6.2166524,7.353265,8.591143,9.751909,10.213245,10.066999,9.245043,7.607279,4.710291,2.679213,1.7066151,0.7083667,0.2495579,0.08658024,-0.06999888,0.18960306,0.5643884,1.2470615,1.5453999,1.307749,0.97805965,0.76241565,0.6581988,0.9105708,1.3143276,1.5843028,1.6170528,1.6814479,1.8083392,1.9191828,1.9976952,2.062889,2.064921,2.0710323,2.19812,2.401611,2.641756,2.931752,3.001202,2.8852248,2.7464032,3.0716875,2.940567,1.9077544,1.2236536,1.184713,1.8068583,2.1989474,2.141459,1.6668841,1.4440035,1.9037399,2.4746447,2.5374448,2.3695683,2.1915815,2.1819487,2.3846679,2.226078,1.9939792,1.6458266,1.3990879,1.4093491,1.5038891,1.6213684,1.6803796,1.7676692,1.85586,1.8111095,1.8369246,1.7386022,1.6954973,1.5576006,1.1540542,0.95501494,0.9562673,1.3141661,1.4912819,1.5205452,1.2012913,0.89426863,0.4477234,0.49056494,0.4903063,0.4898774,0.49015182,0.4894318
-1.7010344,-0.3085163,-1.537977,-1.2396448,-0.89601576,-0.43889332,-0.30399367,-0.0070362687,0.32200223,0.15080172,0.0976305,0.3523419,0.5057167,0.53657717,0.5191107,0.2840857,-0.32672152,-0.85417897,-1.2923516,-1.6563058,-1.9656951,-2.043898,-1.943605,-2.0090528,-1.6863811,-1.7817373,-2.292491,-2.4275568,-2.5817518,-2.6468854,-2.6755304,-2.6103992,-2.500089,-2.3914633,-2.2900105,-2.289914,-2.0654092,-1.3391035,-0.9292898,-0.0709416,1.0453013,0.7146618,0.16097116,0.1913087,-0.05730495,-0.95153874,-1.3049071,-1.9503086,-2.2913902,-2.2551684,-2.142529,-2.1891894,-2.2736673,-2.0970283,-2.0818474,-2.244067,-2.2031212,-1.9397168,-1.4669675,-0.39603257,0.78863806,2.2984903,3.2068744,3.6152937,4.0808167,4.2650695,4.0193253,3.4618347,2.6168933,1.6375303,0.673544,0.018530047,-1.0105011,-1.7370214,-2.090949,-2.4731112,-2.8020592,-3.1646836,-3.6478486,-3.458564,-2.9247084,-2.7002592,-2.4930115,-2.2982426,-2.310687,-2.182301,-2.052648,-1.705836,-1.4924414,-1.2904557,-0.91861284,-0.45000672,-0.24543399,-0.38705528,-0.6834951,-0.8448091,-1.2762547,-1.9224961,-2.041667,-1.9250693,-2.013926,-1.7536871,-1.2731732,-1.1797917,-1.240114,-1.635982,-1.9643509,-1.9661345,-1.2522244,-0.080539376,0.07250875,0.406116,0.9770099,1.1755958,1.5587666,2.2162628,2.3273103,2.1964421,1.9761317,1.6997722,1.213487,1.0749056,0.70630586,-0.14932442,-0.6953362,-1.1477296,-1.2055492,-1.2166948,-1.3255631,-1.571545,-1.6702567,-1.5489749,-1.1827636,-0.71870553,-0.419656,-0.23919001,0.08554201,0.6771612,1.1040716,0.8656541,0.17189108,-1.2119871,-1.2639291,-1.0898309,-0.29376897,0.03877896,-0.37207946,-0.58846515,-0.96036416,-1.3344687,-1.6249733,-1.739722,-1.7376313,-1.7518349,-1.7146696,-1.7366288,-1.9161801,-2.032274,-2.1619565,-2.3924432,-2.722127,-2.9919627,-3.2512164,-3.3910637,-3.4918485,-3.5996668,-3.67287,-3.7389429,-3.817772,-3.8219893,-3.7200089,-3.466569,-3.2052455,-2.6567383,-2.0350988,-1.5263569,-1.3195816,-1.4288404,-1.604662,-1.693483,-1.4914272,-1.334801,-1.7237124,-2.0761101,-2.0190415,-1.9332098,-1.8389571,-1.7098013,-1.4386454,-1.2418442,-0.9809526,-0.8690964,-0.86416554,-1.0037833,-1.1361918,-1.1840805,-1.3130094,-1.3829985,-1.4632492,-1.5120203,-1.6288893,-1.7826229,-1.8347855,-2.0106602,-1.9585586,-1.7457116,-1.523211,-1.3429302,-1.7274418,-1.7763346,-1.946472,-1.9059051,-1.9331794,-0.3043918,-0.3042737,-0.3040445,-0.30420744,-0.3038769
-0.8258686,-0.53650206,-0.557142,-0.34963328,-0.14339274,0.02914691,-0.53238887,0.38574243,0.21672514,-0.79398966,-1.2307663,-1.0909739,-0.8509442,-0.6194917,-0.5332948,-0.58616394,-0.89959323,-1.4088211,-1.7218835,-1.2594986,-0.84433675,-0.7425171,-0.8031013,-0.9183941,-0.9628346,-1.0594839,-1.4561274,-1.618257,-1.8379605,-2.1556683,-2.3421068,-2.5276475,-2.6079247,-2.6259232,-2.695759,-2.8611062,-2.9745393,-2.1529894,-1.1783161,-0.89481586,-1.0271665,-2.1005921,-2.3720772,-2.0131278,-1.8400297,-2.4511216,-2.5712225,-2.738703,-2.4325652,-1.7234935,-1.5825702,-1.6058878,-1.801558,-1.763767,-1.6605002,-1.3827239,-0.9770249,-0.24015182,1.0106856,4.134643,7.177088,9.943722,10.866335,11.089713,11.277187,11.3018055,11.066232,10.432107,9.294426,7.1020823,4.2795367,2.85116,1.083934,-0.30941465,-0.98578787,-1.3368487,-1.4373213,-1.5602547,-1.978301,-2.301556,-2.3244648,-2.5155582,-2.8676333,-2.8503551,-2.9784353,-3.0232275,-3.0580812,-3.0571346,-3.0762315,-3.05091,-3.007916,-3.054048,-2.9283104,-2.5750463,-2.538313,-2.5197997,-2.6921463,-3.3707466,-3.6559095,-3.238339,-1.8733073,-0.92294884,-0.7543669,-1.122682,-1.2115605,-0.91107994,-0.5339234,-0.053533748,1.540607,4.344049,6.6041446,7.860055,8.663576,9.630357,10.5399475,11.286528,11.455505,11.413397,11.233288,10.675849,9.570442,8.276679,6.3358383,3.7799606,1.9886601,0.45484585,-0.16021049,-0.5728251,-1.000958,-1.4847453,-1.7958989,-1.8887663,-1.9468827,-2.0734687,-2.2460904,-2.206053,-1.9739752,-1.5102637,-0.8800887,-0.28679934,-0.20329708,-0.42516842,0.26992735,0.89864194,1.0386064,0.35245582,-0.15950476,-0.3274129,-0.5509519,-0.6995666,-0.53274447,-0.36401737,-0.30520567,-0.51088476,-0.963993,-1.4474342,-1.7603254,-1.8386378,-1.9585946,-2.119956,-2.2730784,-2.383851,-2.501036,-2.5218663,-2.5901647,-2.709889,-2.8852687,-3.0816197,-3.3330812,-3.6484818,-3.8090618,-3.6718183,-3.1943061,-2.5643096,-2.257378,-2.0864263,-2.1945539,-2.7642736,-3.2380438,-3.5243764,-3.4673626,-3.325333,-3.2709062,-3.3049917,-3.2622986,-3.2302446,-3.1068718,-2.8449118,-2.2934012,-1.8036313,-1.5350934,-1.4600567,-1.5001493,-1.6339111,-1.7607301,-1.7992008,-1.9132423,-2.0056748,-2.0681882,-2.0667162,-2.1222925,-2.2288895,-2.2371817,-2.4435244,-2.5035417,-2.3172197,-2.0990348,-1.9013638,-1.752074,-1.6792846,-1.695635,-1.6061536,-1.4219935,-0.5341737,-0.53380346,-0.53322005,-0.5335411,-0.5326422
-1.9105111,-0.7671108,-1.8492633,-1.7821066,-1.701021,-1.6298293,-0.7595094,-1.579182,-1.6788795,-2.02206,-2.3294678,-2.3821068,-2.3430462,-2.3728142,-2.3772385,-2.4334307,-2.472829,-2.472118,-2.5370865,-2.4178867,-2.3675926,-2.3689275,-2.3198757,-2.003868,-1.4466951,-1.3838956,-1.8013811,-1.9805396,-2.189253,-2.4179564,-2.5779924,-2.6630478,-2.653189,-2.6410577,-2.6799746,-2.8032544,-2.7537508,-1.8125148,-1.3166466,-1.2681651,-0.55057824,0.77543443,1.4943533,1.810666,1.8333881,0.6078006,-0.25500977,-0.8309625,-0.89168835,-0.5410173,-0.38706863,-0.28577492,-0.16791251,0.09694612,0.025526196,-0.24233568,-0.45051232,-0.66393495,-0.7183088,-0.5964377,-0.22711828,-0.26417428,-0.6214404,-0.6098282,-0.58230656,-0.56092405,-0.50994015,-0.32451996,0.019191265,-0.10685636,-0.41933087,-0.5849035,-1.1410764,-1.5429841,-1.6977563,-2.0127451,-2.4556308,-2.852105,-3.2582688,-3.4686546,-3.1831534,-2.8585858,-2.601573,-2.581211,-2.76528,-3.0221388,-3.2495203,-3.440576,-3.6233099,-3.6853666,-3.4294858,-3.144486,-3.0211976,-2.9498067,-3.017964,-2.9276266,-2.4843051,-1.7734392,-0.086545885,3.1485012,7.206308,9.238419,9.573741,9.300144,8.258926,5.565318,1.1084932,-0.5717235,-1.1640532,-1.4945898,-1.1949688,-1.1833215,-1.042826,-0.9537127,-0.84922326,-0.6730163,-0.6267818,-0.61952776,-0.6745769,-0.830973,-0.9322716,-0.81185675,-0.9351122,-1.3644285,-1.5959306,-1.7073545,-1.7222035,-1.7409562,-1.8702021,-2.2138216,-2.5472193,-2.6889844,-2.8057003,-2.9365194,-2.960711,-2.760563,-2.4325278,-1.9511493,-1.1095932,-0.020939112,0.6590935,-0.2357649,-0.85884714,-0.9566646,-0.71591103,-0.08597661,0.20128137,0.25006384,0.10302552,-0.32734355,-0.612393,-0.6537901,-0.7630547,-1.0319746,-1.439564,-1.8205593,-2.114841,-2.314012,-2.5613055,-2.8470883,-3.1743257,-3.3120167,-3.366635,-3.3489044,-3.3332896,-3.3567,-3.376216,-3.3677382,-3.3102021,-3.1100764,-2.7933617,-2.150593,-1.6518055,-0.6625017,0.025133163,0.2855004,0.13929811,-0.631598,-1.2239556,-1.7472593,-1.8908612,-2.0350053,-2.5601172,-2.9364347,-2.912137,-2.5844057,-2.1926105,-1.8170465,-1.4567896,-1.0918013,-0.87290007,-0.64328176,-0.4615391,-0.49203354,-0.56156784,-0.62818575,-0.61698824,-0.6868147,-0.75396734,-0.725116,-0.70798475,-0.7429061,-0.7461606,-0.991101,-1.2430933,-1.4637129,-1.6046354,-1.8689518,-1.7485294,-1.7421522,-1.5867624,-1.4836738,-1.3427973,-0.760935,-0.7605784,-0.75992846,-0.76033163,-0.7594669
-2.1162546,-0.36667913,-2.1422157,-2.064132,-1.8827149,-1.3944982,-0.35659355,-0.86698425,-0.521012,-0.39215448,-0.30940375,0.47617033,0.8503054,1.1204579,1.4264177,1.3652986,0.5087464,-0.5406333,-1.2469578,-1.6270461,-1.7896789,-1.7763476,-1.456892,-0.83944005,0.2440469,0.2553068,-0.3127268,-0.730441,-1.1303378,-1.3704894,-1.5339767,-1.5216705,-1.5305582,-1.5199856,-1.5827286,-1.7476399,-1.4428566,-0.24516253,0.17373076,0.53185105,3.2071688,7.398274,9.37215,11.034066,11.654631,10.497173,8.555991,5.122942,1.9483559,-0.038524732,-0.5241211,-0.6194277,-0.7240029,-0.6529095,-0.82561743,-1.2707112,-1.5979182,-1.8599548,-1.8937447,-1.9260585,-1.5690142,-0.9852725,-1.2100246,-1.3541676,-1.3850405,-1.4164306,-1.7251097,-2.0269861,-2.2738557,-2.5173044,-2.399374,-2.191702,-2.0010283,-1.7730842,-1.493469,-1.4294323,-1.3592442,-1.5355784,-1.9068646,-1.9469943,-1.4165623,-1.0882214,-1.1188538,-1.19586,-1.527592,-1.935418,-2.2070022,-2.234037,-2.240552,-2.1920469,-1.8378365,-1.4130305,-1.2334161,-1.2043616,-1.247305,-1.1613159,-0.6581163,0.3465004,2.0364807,4.705716,7.323024,8.916347,9.530994,9.573359,8.378517,6.379751,3.7129724,1.9212297,1.2136426,0.65757227,0.69404626,1.0784247,1.2028856,0.85150534,0.3536469,0.58378935,0.74359936,0.31899276,-0.15089959,-0.65963495,-1.0662917,-0.8190626,-0.71819377,-1.1162999,-1.386851,-1.6087123,-1.5829704,-1.4964062,-1.4970891,-1.5153489,-1.4165142,-1.3445026,-1.2341702,-1.1640736,-1.0810416,-0.97177505,-0.68732274,-0.2826773,0.23513246,0.62164843,0.44129956,-1.3118149,-1.7705008,-1.2630311,0.19750598,1.4851248,1.1591887,0.7219923,-0.12973103,-1.2971807,-2.0085902,-2.2959259,-2.5080442,-2.7909298,-2.8820474,-2.943264,-3.150177,-3.286934,-3.3873818,-3.492537,-3.530303,-3.4894462,-3.4052105,-3.2903934,-3.1823707,-3.2283745,-3.3504245,-3.4911633,-3.641466,-3.5249226,-3.1308913,-2.5154884,-2.1830194,-1.2508819,-0.4143913,0.08971022,0.3156055,0.16370952,-0.044686615,-0.51920027,-0.7059305,-0.7187768,-1.2122146,-1.7223226,-1.6590395,-1.3250012,-1.0171214,-1.0338502,-1.2861301,-1.2982354,-1.16601,-1.004994,-0.9805521,-1.171757,-1.3226951,-1.4188564,-1.4514052,-1.5654836,-1.6983329,-1.7572839,-1.8642361,-2.0462525,-2.054904,-2.42035,-2.6619663,-2.4885464,-2.1001124,-1.7282667,-1.8818121,-1.8576543,-1.8962524,-1.7981318,-1.6293106,-0.35790026,-0.35756832,-0.35683337,-0.3572003,-0.35638517
-1.6602626,-2.2143962,-1.5874032,-1.5875125,-1.5649927,-1.640547,-2.2145321,-1.8021722,-1.6428559,-1.2752755,-0.9599564,-0.8880036,-0.9194143,-1.0130728,-1.0778956,-1.094899,-1.2294867,-1.4620466,-1.673003,-1.7555933,-1.6617179,-1.6077794,-1.398903,-1.0302376,-0.60324174,-0.21028341,0.1516647,0.13976482,0.041530848,-0.06889489,-0.23319145,-0.61430377,-0.91082746,-1.1390806,-1.2633432,-1.5097047,-2.1161823,-2.453483,-2.331974,-2.4824922,-2.703788,-2.3737612,-2.079323,-1.9643426,-1.7095313,-1.387927,-1.251275,-1.1410481,-1.14791,-1.4245093,-1.6131115,-1.7075627,-1.7762675,-2.032003,-1.980227,-1.9143956,-1.8843932,-1.8804091,-1.9374987,-1.6381711,-1.2651068,-0.987333,-0.86824083,-0.7159193,-0.46808955,-0.10905357,0.3972819,0.7935449,0.7750001,0.689005,1.1328123,1.7042522,2.1062415,1.8852308,1.4161048,1.009829,0.7367612,0.6246276,0.43135163,-0.14122763,-1.013124,-1.1528952,-0.2727064,0.2595434,0.91182184,1.5551491,2.0976915,2.561896,2.6907825,2.807899,2.8483546,2.9712954,3.4604902,3.339519,2.3954663,1.3034925,0.5749859,0.40916574,-0.053304188,-0.6083148,-1.4579501,-2.0612144,-1.8921946,-1.4310331,-1.2216885,-0.7803814,-0.40355968,-0.5234809,-1.2373042,-1.9106364,-1.9440036,-2.028418,-2.0799549,-1.6806535,-1.2161115,-0.89260095,-0.5997895,-0.6085391,-0.6499361,-0.52108705,-0.08638292,0.37310207,0.48099056,0.43649513,0.44242567,0.517771,0.51462007,0.47432196,0.43984506,0.3096858,0.13464993,0.030561745,-0.20799568,-0.30142415,-0.39226234,-0.74352884,-1.2135701,-1.6448478,-2.029517,-2.4044292,-2.649942,-2.5423856,-2.5977097,-2.5708103,-2.7579422,-2.8662438,-3.1241813,-3.2778258,-3.279365,-2.5939214,-1.4886537,-0.60749584,0.22902352,1.271302,2.0652418,2.2339687,2.1869004,1.9731264,1.5487806,1.1835502,0.72455627,0.41146457,-0.019439653,-0.34830987,-0.5894193,-0.7451881,-0.7850927,-0.74990475,-0.7712121,-0.98494905,-1.3287724,-1.9145755,-2.6178763,-3.2015047,-3.0644007,-2.7248352,-2.3143399,-1.3855003,-0.43337,0.6901808,1.555115,2.006148,2.0787077,1.4341865,0.5720093,-0.46387982,-1.2415509,-1.8293319,-2.3288167,-2.5700326,-2.5610015,-2.483477,-2.3532457,-2.2853365,-2.2833743,-2.290834,-2.2790189,-2.3412197,-2.4176064,-2.5320673,-2.6350837,-2.626225,-2.6278543,-2.6125336,-2.3429854,-2.0021882,-1.7828033,-1.3652599,-1.5057592,-1.452044,-1.5871301,-1.617557,-1.6966517,-2.213657,-2.213815,-2.2140734,-2.213883,-2.2143412
-2.8688164,-1.4845843,-2.788669,-2.5881083,-2.3293736,-2.0188644,-1.4784255,-1.8500279,-1.6719842,-1.0510697,-0.4745233,0.073265135,0.1735234,-0.07248044,-0.30032888,-0.7098554,-1.3754562,-2.0123065,-2.5800996,-3.0885623,-3.511794,-3.6306005,-3.4628205,-3.1994903,-2.4690602,-2.3101366,-2.8731449,-3.0717654,-3.1673765,-3.064173,-2.8835897,-2.5126555,-2.15142,-1.9156824,-1.6828008,-1.4268135,-1.0420159,-0.55979127,-0.44407877,-0.06550051,0.24753498,-0.096404344,-0.22511975,-0.25064096,-0.4962951,-1.1183438,-1.3486111,-1.9407065,-2.3579106,-2.5717564,-2.451429,-2.3886786,-2.420683,-2.4070113,-2.3591182,-2.5701807,-2.798166,-3.1786687,-3.4752102,-3.7092917,-3.4107838,-2.9691453,-2.3233924,-1.9817169,-1.4789925,-1.2006917,-1.2102169,-1.4383872,-1.6035776,-1.5837802,-1.5054364,-1.6035595,-1.8474821,-2.0187228,-2.1838524,-2.4992158,-2.8391666,-3.3020208,-3.6813173,-3.4525228,-2.7596583,-2.320047,-1.7549144,-1.6309139,-1.7872934,-1.8396034,-2.1535172,-2.3730962,-2.4841323,-2.6624427,-2.7256522,-2.4010353,-2.1890795,-2.4383624,-2.6797922,-2.7585845,-3.0486894,-3.3245788,-3.1177711,-2.498577,-1.7783892,-1.3617682,-1.0507257,-1.2112112,-1.5915554,-1.8987212,-2.4488416,-2.7326665,-2.7287502,-2.6873384,-2.8307366,-2.9111767,-2.9107735,-3.0269985,-3.0180922,-2.6961846,-2.5295568,-2.4081464,-2.168704,-2.105667,-1.9897828,-1.820394,-1.8547132,-1.982378,-1.887805,-1.7513945,-1.6322656,-1.5555676,-1.5159512,-1.5827923,-1.6999779,-1.6922028,-1.50271,-1.4187331,-1.3850348,-1.281219,-1.0918508,-0.8929988,-1.0027514,-0.9570009,-1.2134893,-1.7594037,-2.3541555,-2.3723285,-1.6787082,-1.3381481,-1.3914137,-1.5353526,-1.9119558,-2.22752,-2.384092,-2.2633214,-2.086474,-1.923437,-1.7456446,-1.6907234,-1.8287045,-1.904399,-1.9281768,-1.9558091,-2.0582843,-2.2042437,-2.279521,-2.3339162,-2.4129772,-2.4518824,-2.4711454,-2.4936638,-2.5057423,-2.4348254,-2.258304,-1.8666289,-1.6197338,-1.4300365,-1.0423814,-0.81686866,-0.93870777,-1.4605931,-1.8277941,-2.0306318,-1.9318473,-1.7884016,-1.635082,-1.6079185,-1.5065453,-1.3550805,-1.2079917,-1.1337982,-1.2518573,-1.2716125,-1.2789822,-1.235372,-1.2429112,-1.3832365,-1.5116494,-1.5606529,-1.5737311,-1.619495,-1.6760297,-1.6656983,-1.6662693,-1.6132399,-1.5403235,-1.653846,-1.7515165,-1.8166933,-1.8505212,-2.030003,-2.2787266,-2.3295023,-2.2526255,-2.2194583,-2.0801115,-1.4785707,-1.4784648,-1.4782352,-1.4784389,-1.4781718
-2.9881945,0.27193683,-2.991719,-2.9983952,-2.8812127,-2.7124083,0.27787873,-2.2725692,-1.7881583,-1.5174576,-1.0787884,-0.5944755,-0.53677547,-0.42276788,-0.1779767,-0.020676702,-0.32280856,-0.60694814,-0.88689196,-0.957737,-0.47523975,-0.36639595,-0.1892424,0.15844879,0.8659378,1.2078921,1.2246661,0.79512966,0.4377393,0.27148846,0.18788713,0.09507278,-0.061290316,-0.22982413,-0.31777853,-0.4766416,-0.4843707,-0.7214092,-0.9524224,-1.2698426,-1.1405451,-0.87000155,-0.716651,-0.5841527,-0.6817856,-0.687937,-1.0754961,-1.6914569,-2.4917965,-2.8075929,-2.477096,-2.176515,-2.0484085,-2.2492607,-2.1409073,-2.1192164,-2.1578023,-2.219419,-2.2798195,-2.318923,-2.248043,-1.1821978,-0.33811435,0.35412407,1.673588,3.2714682,4.7316732,6.511627,8.44614,10.40345,11.578333,11.795017,11.724447,11.191204,10.501964,9.45996,7.9746876,6.142915,3.6342168,0.90425295,0.53954566,0.72554886,-0.15363953,-0.33587962,-0.5305906,-0.60755646,-0.39765245,0.29276204,0.7557539,1.1626738,1.5281792,2.0030754,2.6248474,2.949963,2.6811957,2.2710562,1.7098727,1.5007596,1.3739645,0.83888125,0.11379281,-0.7945041,-1.5491378,-1.4423585,-1.2078136,-1.6090485,-1.2554555,-1.0380805,-1.2390382,-1.231744,-1.3708913,-1.4356047,-1.4520538,-1.1050279,-0.78828996,-0.33407584,0.10443337,-0.15064555,-0.050253145,0.19211078,0.032474056,-0.5131938,-1.1747713,-1.6549761,-1.6829114,-1.448651,-1.19734,-0.99952185,-0.96745175,-1.0827912,-1.4178194,-1.502755,-1.5888507,-1.568548,-1.5277216,-1.2830187,-1.0528646,-0.8204162,-0.43677887,-0.17620364,-1.093694,-2.3580656,-2.3809884,-1.5964787,-0.7903974,-0.75457597,-1.416203,-1.8082576,-2.1074228,-1.9457785,-1.2554717,-0.62413585,-0.0078113675,0.5378505,0.97797024,1.1704028,1.1906865,1.2009721,1.138763,0.96264094,0.59585917,0.3864292,0.06338481,-0.15894948,-0.3736329,-0.6794271,-0.84220546,-0.84015656,-0.8682398,-0.73419774,-0.72345674,-0.8426551,-0.6886648,-0.7936261,-1.06218,-1.1657692,-1.0894357,-0.8277827,-0.6804237,-0.77538407,-0.8269863,-0.67928815,-0.21446389,0.11049415,0.23691407,0.011328548,-0.35783562,-0.76108295,-1.0807159,-1.3106356,-1.4408594,-1.4613398,-1.5566367,-1.7216865,-1.7727158,-1.7397187,-1.6906617,-1.6654863,-1.6697289,-1.6661174,-1.6210735,-1.5968366,-1.5331008,-1.6445701,-1.6646909,-1.6074462,-1.4947362,-1.1363736,-1.1334912,-0.7011614,-0.77613103,-0.50705457,-0.38648474,0.27770755,0.27787268,0.278134,0.27810365,0.2781715
-2.9248362,-1.6678274,-2.9678,-2.974872,-2.9544222,-2.9261339,-1.6653914,-3.1296227,-3.3182845,-3.0494795,-3.0504065,-2.9903717,-2.9816382,-3.1138072,-3.2594695,-3.4165566,-3.5122008,-3.4878287,-3.5914702,-3.8518977,-4.283986,-4.3271155,-4.1305637,-3.8900983,-3.3506927,-3.2381146,-3.4271832,-3.3260596,-3.1709747,-2.9445982,-2.7955766,-2.5585682,-2.3318,-2.177511,-2.0572119,-1.9197428,-1.6120642,-0.7347448,-0.32501093,-0.096765384,-0.048005596,0.027969696,0.13736555,0.044195965,-0.4903985,-1.2461447,-1.5946956,-2.2822871,-2.8978038,-3.1060116,-2.7952204,-2.4739408,-1.9880615,-1.577206,-1.6460187,-1.970553,-2.1957636,-2.5480838,-2.8914886,-3.1687698,-2.6998699,-2.3395145,-2.1368,-2.0500197,-1.898114,-1.8237629,-1.7838026,-1.8449898,-1.9591193,-2.505343,-3.008578,-3.3612027,-3.6385946,-3.646544,-3.6353407,-3.6845272,-3.801033,-3.9954705,-4.040051,-3.6500466,-3.2816496,-2.9525375,-2.1829708,-2.0995407,-2.3515444,-2.549449,-2.740109,-3.1146207,-3.2955291,-3.488505,-3.4482994,-3.1799562,-3.2557058,-3.4522712,-3.385572,-3.136619,-3.0438943,-3.1002471,-2.6930103,-2.086044,-1.7763991,-1.514374,-1.3639429,-1.5464852,-2.0165412,-2.4709496,-3.1461074,-3.5232697,-3.5056486,-3.3570092,-3.4118888,-3.3541965,-3.155516,-3.147952,-3.0112119,-2.8789713,-2.9432776,-2.8484259,-2.7479854,-2.795178,-2.696548,-2.4138184,-2.3152795,-2.3359447,-2.1868305,-1.960995,-1.7990665,-1.6882844,-1.6507409,-1.9103422,-2.364272,-2.5323794,-2.548286,-2.4249132,-2.1123414,-1.6908354,-1.2549897,-0.81975514,-0.83262265,-0.94758725,-0.5381733,-0.7399429,-1.0382947,-1.0682411,-0.24819952,0.65293175,1.0258588,0.8289509,0.3379403,-0.097578764,-0.39945245,-0.471241,-0.5103322,-0.5794461,-0.73574257,-0.9978529,-1.4062877,-1.7579842,-2.022548,-2.2555037,-2.522441,-2.5837183,-2.5277061,-2.525725,-2.4934855,-2.4048624,-2.3424308,-2.3412247,-2.3226151,-2.1190107,-1.8406401,-1.3129799,-1.0121784,-0.45846504,0.045527846,0.19892971,0.059018955,-0.47267973,-0.9111959,-1.1314558,-1.1004717,-1.1968819,-1.716423,-2.059716,-1.9711038,-1.508733,-1.0391794,-0.6656481,-0.3317027,0.109194845,0.44985396,0.56571984,0.56420135,0.52035534,0.41495568,0.31068566,0.23043884,0.24846318,0.22597162,0.19255717,0.024748102,-0.06768153,-0.10334834,-0.12876032,-0.14335904,-0.14146428,0.006630376,-0.47977436,-0.9415325,-1.3288602,-1.299973,-1.6601789,-1.8016474,-1.6642765,-1.66446,-1.6647141,-1.6646969,-1.6650512
-3.9849806,-4.790463,-3.9348447,-3.870973,-3.7867608,-3.7512128,-4.7913837,-3.7848964,-3.6262236,-3.2388227,-2.9110022,-2.6613746,-2.5254598,-2.3673072,-2.3274105,-2.2149837,-2.2500405,-2.352431,-2.3305793,-2.4716425,-2.542999,-2.487841,-2.3438668,-2.0615253,-1.5673486,-1.3190969,-1.0280244,-0.6869155,-0.34410125,-0.16628459,-0.15579812,-0.16107893,-0.15335187,-0.21745859,-0.2934621,-0.6069539,-1.0867715,-1.434181,-1.8678303,-2.5030684,-3.0659616,-2.9171631,-2.703736,-2.946605,-3.2047825,-3.4887662,-3.4500663,-3.354359,-3.7465324,-4.35758,-4.3393445,-4.2670884,-4.168169,-3.9766107,-3.8344283,-3.8917673,-3.9985733,-4.1926794,-4.3687563,-4.181545,-3.553308,-3.0245233,-2.829599,-2.624332,-2.2551916,-1.884596,-1.5253079,-1.3100659,-1.2263075,-1.3676157,-0.8777654,-0.41094983,-0.096865624,-0.15090084,-0.4494739,-0.9054427,-1.4936025,-1.9153991,-2.214293,-2.7951605,-3.2151637,-3.4617033,-3.2504644,-3.1853063,-3.1216393,-2.8966794,-2.476479,-2.1105115,-1.9539095,-1.8564334,-1.6073029,-1.060981,-0.57039165,-0.38248137,-0.76782995,-1.1804359,-1.5306482,-1.561622,-1.5679711,-1.8335569,-2.3414662,-3.0030136,-3.0355973,-2.7713287,-3.0134814,-3.3641224,-3.8101401,-4.109592,-4.615923,-4.765109,-4.483903,-4.450943,-4.418709,-4.1196704,-3.8429441,-3.4468136,-3.2768679,-3.2387378,-3.082107,-2.9509993,-2.6811166,-2.5309439,-2.5644221,-2.5972419,-2.5070438,-2.3364482,-2.1549895,-1.976116,-1.846111,-1.8091834,-2.0672617,-2.2877152,-2.7199259,-3.0505323,-3.1952677,-3.2824175,-3.178394,-3.0621068,-3.0606961,-3.1433787,-3.3541405,-3.1541333,-2.9405427,-3.0403988,-3.4969168,-3.4119644,-3.0367217,-2.902927,-2.3699949,-0.20988536,2.259791,3.7832522,4.882956,5.770029,6.3521185,6.487232,6.540001,6.4461927,6.177763,5.8621607,5.345344,5.0275426,4.6102853,4.09401,3.6840549,3.62139,3.8171415,4.037787,4.0490313,3.889507,3.5570436,3.2887557,2.6807344,0.9096973,-0.6207085,-1.3349867,-1.6570699,-1.8530104,-1.9054092,-1.712034,-1.5929221,-1.5754824,-1.4825507,-1.3753507,-1.4621198,-1.6047416,-1.7574431,-1.7630122,-1.7907856,-1.8675139,-1.9025342,-1.9051485,-1.9345715,-1.9818625,-2.040882,-2.0303035,-2.0969033,-2.1768718,-2.321738,-2.4731874,-2.6733894,-2.8367434,-2.8523052,-2.9609818,-3.0112238,-3.0173736,-3.0024643,-3.092261,-3.3562872,-3.4904702,-3.4561284,-3.6199446,-3.7046618,-4.790669,-4.790812,-4.7910194,-4.7909403,-4.7912464
-1.295133,-1.3799683,-1.2707583,-1.3873701,-1.5189178,-1.7795224,-1.3800493,-2.2244885,-2.5809116,-2.667159,-2.6385486,-2.7667034,-2.763316,-2.6537566,-2.7453113,-2.812217,-2.8715153,-2.9798808,-2.8731685,-2.5466242,-2.3997998,-2.3464346,-2.444872,-2.6346784,-3.0624728,-3.2964242,-3.189067,-2.9063208,-2.6055665,-2.4661357,-2.4908044,-2.594829,-2.6183274,-2.6254065,-2.6651149,-2.7641568,-2.89404,-2.5926263,-2.5904503,-2.834151,-3.230478,-3.040335,-2.763237,-2.3748221,-2.2751305,-2.5286374,-2.6551719,-2.7944913,-2.6084964,-2.05795,-1.5626434,-1.1511409,-0.37947822,0.37646902,0.39489055,0.14346337,-0.111632705,-0.4925969,-0.8894896,-1.2777855,-1.2467637,-1.5791823,-2.3907752,-2.6505446,-2.898584,-2.8493268,-2.704054,-2.3602026,-1.6368176,-1.4674124,-2.0188055,-2.4290962,-2.8920684,-3.0619082,-3.0755615,-3.0734882,-3.0518286,-3.1405118,-3.2610915,-3.2919755,-3.529457,-3.5974894,-3.4189365,-3.3990006,-3.4696403,-3.7246666,-3.9378395,-4.206215,-4.3579645,-4.428883,-4.312848,-4.202092,-4.256575,-4.248276,-3.8960972,-3.3793821,-3.0310435,-3.234389,-3.1824493,-2.836204,-2.0887468,-1.7628444,-1.506247,-1.5241663,-1.9775734,-2.2948768,-2.980661,-3.4899764,-3.6272817,-3.6194181,-3.4113941,-3.1980567,-2.8578491,-2.838486,-3.0738585,-3.4127917,-3.573493,-3.6660395,-3.8101883,-3.7602108,-3.4318714,-3.0325367,-2.9486885,-3.0257874,-2.9245777,-2.71964,-2.5685475,-2.491595,-2.5471249,-2.857685,-3.2582793,-3.4646602,-3.5984168,-3.6261475,-3.6198177,-3.6421,-3.6236086,-3.5648851,-3.4906216,-3.540687,-3.1324835,-3.0036595,-2.6635487,-2.3171747,-1.9639077,-1.0659361,-0.50822115,-0.58704865,-0.8119573,-1.0922923,-1.4730461,-1.7022598,-1.8962307,-2.1197317,-2.4576766,-2.7979128,-3.040688,-3.2483234,-3.466856,-3.6687407,-3.882866,-3.9637942,-4.027143,-4.117898,-4.194335,-4.1761103,-4.165856,-4.158971,-4.20721,-4.255316,-4.150975,-3.681312,-3.0270305,-1.6134977,-0.7538954,-0.46923023,-0.6297903,-1.5465086,-2.4401631,-2.951045,-2.894357,-2.8094563,-3.1949809,-3.6004372,-3.6772962,-3.42538,-3.069941,-2.6541767,-2.0824788,-1.538635,-1.1996,-0.94488806,-0.715067,-0.5963022,-0.6351548,-0.71041745,-0.7480401,-0.81076,-0.9711479,-1.0651453,-1.2743635,-1.4773223,-1.5132011,-1.5757788,-1.5281844,-1.4865639,-1.3696802,-1.7443886,-1.9358344,-1.9777852,-1.9315801,-2.1243668,-2.0563397,-1.3801044,-1.380096,-1.3800685,-1.3801508,-1.3800673
-1.0397367,0.07147354,-1.346903,-1.5290084,-1.5598269,-1.4951758,0.07536635,-1.361165,-1.4080361,-1.6407145,-1.8287652,-1.459389,-1.1658852,-1.0531526,-0.9997803,-1.1124039,-1.308761,-1.1110394,-0.7390971,-0.426508,-0.42646512,-0.41857374,-0.31247813,-0.38869113,-0.10795671,-0.28412038,-0.9941619,-1.3028805,-1.4772681,-1.4960546,-1.4683468,-1.5558121,-1.6350192,-1.6020019,-1.560389,-1.3598671,-0.45954883,3.5187452,6.950676,8.781137,10.27702,10.183156,9.597588,8.3147335,5.9295034,3.4508781,1.8916155,0.973266,0.6907474,0.28916594,0.0921395,-0.073099345,-0.26187015,-0.58320767,-0.8545935,-0.92447054,-0.9562801,-0.94581556,-0.9196179,-1.1167412,-1.2578487,-1.0393999,-0.6894001,-0.567199,-0.43258014,-0.5495516,-0.8936116,-1.2259463,-1.322363,-1.488505,-1.9617863,-2.4379911,-3.0571094,-3.2897663,-3.2603474,-3.1813474,-2.7548156,-2.1943617,-1.6367055,-0.3973765,0.9843751,2.5096574,3.903521,4.0443935,3.5021505,3.1363423,2.748658,2.6118898,2.6692219,2.60061,2.428091,2.013027,0.8560641,-0.49651262,-1.1930875,-1.4941008,-1.7735724,-1.6285907,-1.0795056,-0.2586841,0.14025332,0.96475875,1.713315,1.3601139,0.4151671,-0.36228195,-0.97577685,-0.9196496,-0.36595607,-0.36367577,-1.1687508,-1.0039449,-0.94242543,-1.2281791,-0.9143149,-0.1921421,-0.15667054,-0.16277246,-0.4159041,-1.0789983,-1.8474427,-1.8748933,-1.7408886,-1.6225741,-1.4920025,-1.3470061,-1.2069498,-1.1187001,-1.0880699,-1.1902746,-1.1352108,-0.9075646,-0.47200087,-0.21443123,0.02191937,0.31851745,0.80571955,1.2533553,1.3055664,1.5488365,1.8854644,0.9457821,0.06926894,0.318397,2.1184006,3.291202,3.1063004,2.8940082,2.3436303,1.3155357,0.7988967,0.70533395,0.690571,0.47923088,-0.086782224,-0.54135793,-0.9913694,-1.2221817,-1.2859263,-1.2604818,-1.0527034,-0.75149745,-0.51248777,-0.2683912,-0.023780152,-0.071959555,-0.38356313,-0.7805667,-1.0106672,-0.78457713,-0.3781731,0.28267267,0.77491325,1.5056844,1.8261828,1.771349,1.5674591,0.9895114,0.6155376,0.19556467,0.17221552,0.19624968,0.1686121,0.116832,0.38744852,0.6194277,0.7197161,0.66533095,0.6408863,0.8097376,1.0576532,1.2469475,1.3284994,1.2818167,1.2307596,1.1937973,1.197299,1.1645886,1.0946302,1.0832428,1.010285,0.9241762,0.96268576,0.8884357,0.7532983,0.49447623,0.3310901,-0.37777486,-0.63529116,-0.9057918,-1.0423774,-1.0078124,-1.0997956,0.07467413,0.0748294,0.075133175,0.07491392,0.075342745
-2.1660266,-2.5245342,-2.155187,-2.238892,-2.3203359,-2.3366027,-2.521766,-2.241949,-1.8256541,-1.347028,-1.0352079,-0.9666507,-0.927814,-0.6241058,-0.5575129,-0.5019284,-0.43697482,-0.22738492,0.31775445,0.53267074,0.6654566,0.6591745,0.47460628,0.33403778,-0.025815269,-0.062663674,0.12036128,0.24924001,0.54803836,0.8629693,1.0519499,1.1993083,1.2519772,1.2372715,1.219118,0.985613,0.118283294,-1.3687363,-1.9653568,-2.0346026,-1.895499,-1.5516946,-1.2577218,-1.4921424,-1.5392253,-1.1161218,-0.9339122,-0.82314444,-1.0711393,-1.8838859,-2.352703,-2.5262976,-2.581112,-2.3655996,-2.2206922,-2.3639755,-2.5608835,-2.8373442,-3.0870748,-3.1827025,-3.1905146,-3.1758714,-3.044379,-2.849218,-2.477931,-2.2487915,-2.0485365,-2.0315359,-2.3443193,-2.5865273,-2.1192756,-1.543621,-0.5087457,0.34341106,0.8903413,1.2135983,1.2184287,1.0651906,1.1028672,0.4183291,-0.67329526,-1.2969642,-1.2229868,-1.1759984,-1.126781,-0.8470927,-0.4707239,-0.3667083,-0.5233753,-0.76786435,-1.0584606,-1.2945142,-1.3680308,-1.2570312,-1.0317378,-0.87020767,-0.23400927,0.6324177,0.7235283,0.20196082,-1.1029092,-2.1074781,-1.9265841,-1.5983667,-1.4635128,-1.5215843,-1.800627,-2.0341322,-2.7597535,-3.1311858,-2.94476,-3.0490046,-3.196375,-3.0484242,-2.796681,-2.3737328,-2.2379045,-2.287253,-2.419956,-2.5047417,-2.4247587,-2.16474,-1.5547134,-0.75162596,-0.16001916,0.19781697,0.28193453,0.26402527,0.17636853,0.040901214,-0.0857735,-0.3159871,-0.8175397,-1.058073,-1.1527247,-1.4384996,-1.7447712,-2.1221418,-2.614293,-2.926669,-2.835756,-2.0185337,-2.1227622,-2.8466816,-3.3863416,-2.7875311,-2.21017,-2.036665,-1.7593381,-1.22175,-0.63098806,-0.49427202,-0.5014132,-0.34815827,0.20009501,0.73882836,1.4346001,1.9614294,2.4274216,2.8370287,3.3249416,3.608309,3.9016953,4.1629972,4.4551916,4.8163424,5.129712,5.3556795,5.551154,5.459786,5.0606027,3.879023,2.2440975,0.009281278,-1.2229432,-1.7315823,-1.9150143,-1.7734935,-1.3805797,-0.8267566,-0.53577036,-0.5190656,-0.5384441,-0.6209501,-0.9067379,-1.2313299,-1.4348601,-1.4238997,-1.3718729,-1.461448,-1.6290743,-1.7227416,-1.7377455,-1.6796498,-1.667338,-1.6395164,-1.6141186,-1.6868854,-1.7283758,-1.791273,-1.8091385,-1.6948886,-1.6375492,-1.4752725,-1.190083,-0.87263954,-0.83330715,-0.9316754,-1.0786062,-1.4013587,-1.4142711,-1.6370773,-1.7901928,-2.5223026,-2.5222056,-2.521853,-2.5219364,-2.5216613
2.713463,1.1671001,2.7664948,2.9586787,2.7438402,2.3375776,1.1677569,1.5796969,0.7946737,0.101685025,-0.2538322,-0.7051699,-0.77997833,-0.8902847,-1.161844,-1.4666545,-1.7137774,-2.0129232,-1.9527705,-1.7523212,-1.6426979,-1.6445223,-1.8869642,-2.1442888,-2.5810916,-2.5564466,-2.172661,-1.9230947,-1.8700845,-2.0440333,-2.2017324,-2.253112,-2.27961,-2.3333006,-2.5078008,-2.7373838,-2.753139,-2.395588,-2.2028942,-2.0131035,-1.7710913,-1.22451,-0.94558096,-0.8828008,-0.5890347,-0.5579787,-0.7527002,0.25871205,2.762553,6.0073037,7.6229734,8.626305,10.1103115,11.417493,11.688702,11.714648,11.632437,11.452597,11.145323,10.423876,9.41844,6.6047397,3.5996184,2.674763,1.5298076,0.85619867,0.6493836,0.7522906,1.0719721,0.70403594,-0.17696732,-0.55744195,-1.095118,-1.2451665,-1.109188,-1.0130548,-1.0879581,-1.4477594,-1.890768,-2.3783052,-2.3604383,-2.451755,-2.3238566,-2.106443,-2.0676396,-2.3763342,-2.7160897,-2.9726582,-3.0248575,-2.8202567,-2.2553673,-2.1353412,-2.336142,-2.563444,-2.3851902,-2.1136944,-2.1658983,-2.4838722,-2.344827,-1.6218886,-0.32136247,1.3339771,2.1641939,1.6561184,0.83015764,-0.48395586,-1.8122638,-2.0695863,-1.7672691,-1.2846375,-0.5396276,0.017548315,0.17470314,0.47763723,0.7515085,0.29059207,-0.12880667,-0.34239334,-0.6480581,-0.77729726,-0.93406105,-1.0527282,-1.5274552,-2.0935583,-2.3468847,-2.3931522,-2.2866828,-2.0725336,-1.8723224,-1.861337,-2.0083108,-2.1138606,-2.1209915,-2.036389,-2.035931,-2.0440705,-1.9312449,-1.6915162,-1.3635104,-1.1154978,-0.8714433,-1.2245593,-0.57898486,-0.41517824,-0.47399482,-0.03796217,0.041605353,-0.037619233,-0.47452828,-0.8476208,-0.7558011,-0.5833054,-0.58376545,-0.7093994,-1.0171438,-1.3437881,-1.6482377,-1.915125,-2.0818295,-2.2207985,-2.2807302,-2.2533348,-2.1878147,-2.1327198,-2.1067867,-2.064012,-2.03043,-1.9597535,-1.7433645,-1.2887187,-0.7108362,0.38108224,1.8416406,4.0030146,4.96404,5.108207,4.866384,4.0541773,3.105566,2.1531036,1.4856727,0.7802162,-0.6864894,-1.5419052,-1.5772514,-1.1281096,-0.63973784,-0.099736035,0.8839829,1.6841215,2.0298402,2.3719888,2.7071846,2.7954311,2.8291774,2.9060423,3.0066524,2.9341059,2.7399073,2.7019162,2.743488,2.6953528,2.740712,2.4164948,1.891391,1.086086,0.46571037,-0.022987798,0.0607934,0.1804081,0.43164244,0.63456565,0.82494164,1.1665033,1.1667497,1.1671292,1.1669759,1.1675129
0.3359601,-2.4592319,-0.058713585,-0.4429283,-0.8040518,-1.1319199,-2.462368,-1.3284833,-1.4085821,-0.90327036,-0.22792843,0.6341281,1.0058919,1.5705152,2.0569859,2.6074603,3.0914483,3.2578638,3.3571792,2.9131129,2.5173042,2.4925199,2.5155902,2.4442463,1.6637454,1.0888793,1.1816041,1.3374653,1.5783849,1.9257818,2.1522012,2.3366895,2.558904,2.7263207,2.943388,3.1211233,2.888544,1.6280825,0.3750958,-0.096307516,-0.12562233,-0.22499213,-0.2934967,-0.7581738,-0.519879,0.6601553,1.3554223,2.5428786,2.5486174,1.9310882,1.5932648,1.3322997,0.8110574,-0.16629083,-0.37081987,-0.049981378,0.22447918,0.5200738,0.48299956,0.0367648,-0.4231326,-0.68900776,-0.66097957,-0.6779727,-0.6562828,-0.6981627,-0.65211254,-0.618745,-0.46786466,-0.3054192,-0.10101921,-0.1770574,0.31657076,0.9579369,1.590519,2.8471289,4.231614,4.95006,5.2149696,4.4461603,3.7534828,2.7516193,1.7332267,1.804326,1.8631296,1.7154317,1.4563503,1.059763,0.78261197,0.54216766,0.19139664,0.16182114,0.9503264,2.9822507,5.443229,7.3641214,9.194143,10.289929,10.692028,10.453236,8.539631,4.1852202,0.016011417,-0.6206318,-0.03506273,0.36862126,0.5826825,0.7855649,0.4681053,-0.20695579,-0.4055274,-0.28273952,-0.7311954,-0.8845416,-0.55695087,0.03534648,0.21938255,0.28505594,0.6722957,0.9371106,1.1006467,1.0200287,1.2089201,1.7592287,1.8593256,1.8720595,1.7187119,1.3636963,1.1008141,0.9684509,0.8578968,0.84812784,1.0491303,1.6379031,2.0526462,1.8848045,1.4048994,0.76834345,0.28385705,-0.54409444,-1.4134471,-0.76831114,-0.8594504,-1.0784984,-1.0602528,-0.25869977,0.21438518,0.6594088,1.3739952,1.3360307,0.7166755,0.12652206,-0.24059178,-0.41830617,-0.27686134,0.16542298,0.59446144,0.86926615,1.3958222,2.0040364,2.6686757,2.9233096,3.0493774,3.0505624,3.1068778,3.257217,3.5054855,3.7605925,3.9175773,3.9791424,3.8680098,3.4462473,3.195408,2.1646376,0.8954244,0.0013713092,-0.34014332,-0.12433839,0.07246364,0.29814574,0.36148363,0.5369407,1.1317816,1.7437547,1.8384068,1.6746824,1.4171014,1.1136725,0.6973349,0.16337052,-0.15525198,-0.36485344,-0.48426005,-0.3906031,-0.25306842,-0.11576295,-0.05554811,-0.047636688,-0.14545576,-0.3114277,-0.44280964,-0.75044656,-0.87963265,-1.1117189,-1.6295676,-2.1249568,-2.3789876,-2.3020651,-1.7674624,-1.7371943,-1.413954,-1.2968538,-1.0625904,-2.4623168,-2.4623516,-2.4624152,-2.462349,-2.4624054
-0.8768001,-0.972496,-0.815937,-0.713004,-0.7115924,-0.79699826,-0.9729302,-0.8618224,-0.7609278,-0.657833,-0.3624813,0.17577673,0.37500003,0.62428725,0.72066224,0.6732748,0.45543092,0.49699482,0.6898045,0.67638624,0.5915812,0.6399204,0.91837394,1.6285287,2.4686701,2.639101,1.9579159,1.5158156,1.1947808,1.1835605,1.3962382,1.8066231,2.142377,2.3181462,2.4916399,2.63426,2.3016891,1.3523381,1.3607699,1.5600123,1.379051,0.500844,0.09308162,0.119050525,0.42993772,-0.152705,-0.25621337,0.80396307,1.6796682,1.9376744,1.8134694,1.8955681,2.5189803,3.5822906,3.9710798,4.2364073,4.2667956,4.102684,3.8153152,3.3996491,3.2236686,3.6788697,4.2258964,4.4526377,4.503625,4.179105,3.8009238,3.0724769,2.421683,3.0459852,3.8685014,4.0248895,3.923198,3.5955534,3.126619,2.4152465,1.7911255,1.6461953,1.6808571,1.2944559,1.1675127,1.3702323,1.6711019,1.6562673,1.6349733,1.8801863,2.2707434,2.6203594,2.5541866,2.1506805,1.6541336,1.5270425,1.8604686,2.025362,1.6096294,1.2117233,1.041331,1.3793013,1.2530715,0.5190842,-0.54362744,-0.09868361,0.6484449,0.512795,-0.35445577,-0.67535424,-0.30335444,-0.16153784,-0.43148273,-0.9076774,-1.3290682,-0.9768721,-0.39062643,0.44731432,1.7508475,2.8078058,2.7289004,2.7062078,2.4222999,1.9823315,1.2173808,0.7983968,0.844931,1.2272363,1.3777664,1.4123892,1.2689257,1.0799319,1.0928798,1.3623577,1.5126847,1.4887937,1.1733563,0.5796137,0.1265902,0.07649872,0.15506603,0.17454058,0.43194115,1.2257891,1.5769637,1.4655203,1.4991481,1.9926891,3.1183267,4.3501334,4.5736876,4.629844,4.746959,4.3121443,3.7154522,3.4216397,3.3078308,3.4008527,3.7882605,4.0607634,4.188108,4.258513,4.2994037,4.2941103,4.156852,4.012248,3.8753169,3.7533607,3.6689045,3.6654086,3.7056496,3.7389083,3.701388,3.6051054,3.4346874,3.1232033,3.3023577,4.4328585,5.149535,5.338762,5.251462,4.912055,4.336769,3.556613,3.0302408,3.0635552,4.0028076,4.6465893,4.7618423,4.5704303,4.3100386,4.1654367,4.413758,4.8652873,5.203323,5.3986025,5.484616,5.4526706,5.3867383,5.3967466,5.3585973,5.298759,5.120571,4.9300895,4.7030244,4.487693,4.489511,3.9492779,3.0175319,1.9848495,1.3337394,0.7981906,0.5995374,0.59487045,0.5997019,0.43835172,0.34520054,-0.97248757,-0.9725487,-0.9727037,-0.9725804,-0.97287583
-5.316045,-4.1559606,-5.2825356,-5.264847,-5.2104683,-5.149829,-4.150693,-5.224724,-5.224243,-5.076285,-4.9819727,-4.944868,-4.8848,-4.78285,-4.7090163,-4.4810753,-4.3963914,-4.459266,-4.491926,-4.4423847,-4.4396167,-4.39844,-4.342509,-4.23036,-3.8551092,-3.6397152,-3.4424078,-3.191399,-2.9325511,-2.7971072,-2.8164582,-2.839466,-2.8523297,-2.9157693,-3.0071871,-3.2701027,-3.4034514,-3.0780525,-3.2497532,-3.4966016,-3.679438,-3.2294002,-2.928032,-3.075273,-3.4716423,-3.937502,-4.2909994,-4.9481797,-5.46526,-5.5954313,-5.424463,-5.2409873,-4.9252434,-4.5137157,-4.42029,-4.653997,-4.8421984,-5.1147904,-5.3406343,-5.054691,-4.1711597,-3.7922862,-3.9314806,-3.8613305,-3.569948,-3.15453,-2.7886064,-2.402195,-2.0549192,-2.6452932,-3.3767776,-3.628569,-3.8814268,-3.9839416,-4.0111723,-4.021811,-4.150983,-4.4582186,-4.7104125,-4.7722187,-4.9570246,-5.129201,-4.868616,-4.721561,-4.7681975,-4.9513574,-5.1372604,-5.2805085,-5.3060503,-5.234069,-4.9504023,-4.4885015,-4.2030373,-4.0873737,-4.028787,-3.9186575,-4.0064397,-4.337614,-4.1586475,-3.5919669,-2.913049,-3.2088435,-3.1912055,-3.0216172,-3.245914,-3.7688239,-4.746973,-5.1588736,-5.223564,-4.9795737,-4.770667,-4.8077927,-4.7024508,-4.4165697,-4.350996,-4.086572,-3.8159928,-3.8537524,-3.6116805,-3.303808,-2.7866576,-2.4085977,-2.680428,-3.1591575,-3.2299428,-3.1679225,-3.055029,-3.0396385,-3.2139485,-3.7934432,-4.5270414,-4.875997,-5.1353035,-5.092188,-4.885647,-4.7522926,-4.5939317,-4.423485,-4.442743,-4.6290445,-4.8158927,-5.1601706,-5.0927467,-5.052558,-5.04692,-4.6969523,-4.60552,-4.7801976,-5.030921,-4.715885,-3.997301,-3.453046,-3.0951927,-2.8591943,-2.8099523,-2.9355764,-3.0463643,-3.1303742,-3.3015676,-3.5413127,-3.9158208,-4.123101,-4.2821445,-4.4278717,-4.5201874,-4.470719,-4.36026,-4.246455,-4.1787243,-4.139851,-4.094948,-3.9258096,-4.1488338,-4.6248317,-4.6387362,-4.460227,-4.4544578,-4.7220554,-4.7914104,-4.496561,-4.0954647,-4.0421515,-4.6808705,-5.1836176,-5.280699,-5.0824018,-4.7883253,-4.495466,-4.4067,-4.422306,-4.432565,-4.3696337,-4.3280506,-4.380834,-4.5075574,-4.5982523,-4.677672,-4.7730255,-4.9241333,-5.0342994,-5.223697,-5.3414135,-5.3526607,-5.4688807,-5.4187694,-5.2318053,-5.075002,-5.123529,-5.353278,-5.435212,-5.3782387,-5.4031267,-5.3162374,-4.151406,-4.151227,-4.1508274,-4.151115,-4.1505833
