0,1,2,3,4,5,6,7,8,9,10,11,12,13,14,15,16,17,18,19,20,21,22,23,24,25,26,27,28,29,30,31,32,33,34,35,36,37,38,39,40,41,42,43,44,45,46,47,48,49,50,51,52,53,54,55,56,57,58,59,60,61,62,63,64,65,66,67,68,69,70,71,72,73,74,75,76,77,78,79,80,81,82,83,84,85,86,87,88,89,90,91,92,93,94,95,96,97,98,99,100,101,102,103,104,105,106,107,108,109,110,111,112,113,114,115,116,117,118,119,120,121,122,123,124,125,126,127,128,129,130,131,132,133,134,135,136,137,138,139,140,141,142,143,144,145,146,147,148,149,150,151,152,153,154,155,156,157,158,159,160,161,162,163,164,165,166,167,168,169,170,171,172,173,174,175,176,177,178,179,180,181,182,183,184,185,186,187,188,189,190,191,192,193,194,195,196,197,198,199,200,201,202,203,204,205,206,207,208,209,210,211
12.350021,12.397476,12.516293,12.49691,11.996188,11.382591,10.3549595,10.1561575,9.541983,8.899446,8.211991,7.752522,7.3362923,6.806444,6.193895,5.458206,5.5705094,5.402688,4.431735,3.9374604,3.4224582,2.2773502,1.413647,1.0619696,1.0351965,1.0825089,0.9901538,1.0217971,1.0977521,1.0649067,0.9719497,0.8694904,0.9211791,1.0603335,1.257757,1.4681643,1.53958,1.5457126,1.634978,1.4745184,1.3053657,1.0492698,0.9248935,0.85449547,0.8132335,0.6997818,0.69370604,0.70010746,0.63709164,0.49186617,0.4649901,0.33208728,1.037537,1.0429888,0.4816253,0.14747542,0.60618824,1.0996017,1.3754845,1.5269457,1.4526324,1.1356833,1.0594875,1.0864882,1.1253618,1.2027165,1.149145,1.0213176,0.7390994,0.41314638,0.34384066,0.37849426,0.05756241,-0.10854387,-0.77252287,-0.8930801,-0.4687026,0.05088675,0.3854631,0.62757754,0.59399176,0.54285365,0.51170594,0.611969,1.024682,2.1575513,3.165371,3.0565567,3.3118844,2.827502,2.2324765,1.6051698,0.3316822,-0.30732837,-0.6218878,-1.0270538,-1.6007662,-1.5255833,-1.1795125,-0.7989114,-0.6352847,-0.56134826,-0.43614212,-0.410766,-0.43454167,-0.5485793,-0.54442513,-0.37710357,-0.08233462,0.19455005,0.7305902,1.516887,1.6811416,2.1357598,2.1373084,2.129867,1.7794766,1.2919338,0.6728575,0.60445046,0.96814203,1.0715111,0.67139435,0.11057083,-0.29051772,-0.4543023,-0.6071875,-0.76733935,-0.81523126,-0.80355126,-0.5165701,-0.3320096,-0.0688296,1.3091729,0.9186773,-0.15605147,-0.6429595,-0.3015523,0.34698,0.82653725,0.8566435,0.69793093,0.82784057,1.4621686,1.9391869,1.8604021,1.7264702,1.7774274,1.4713781,1.0527611,0.5956526,0.6168824,1.088598,1.7768943,2.346869,2.747412,2.9707332,4.0584064,6.1112614,7.3529806,8.778727,10.241092,10.494186,10.698555,10.949687,11.177958,11.59392,11.718636,11.661243,11.613384,11.629669,11.803376,11.845954,11.954725,12.233837,12.4066105,12.570952,12.669022,11.534905,11.534829,11.59413,12.408664,12.135578,11.866217,11.361174,11.13858,10.788533,10.463497,10.805948,10.584484,10.750656,10.824843,10.56531,10.585216,10.447028,10.516132,10.612426,10.613478,10.676675,10.503523,10.59744,10.782684,10.824681,10.996262,11.222639,11.416425,11.536367,11.534882,11.540447,11.539539,11.535251,11.534772
-2.8269305,-2.842032,-2.8232527,-2.8495638,-2.723435,-2.4336433,-2.3486972,-2.370644,-2.4920564,-2.6165004,-2.708489,-2.7784824,-2.8361712,-2.8710017,-2.8448367,-2.778821,-2.779451,-2.8031301,-2.677661,-2.5365644,-2.1954818,-1.6900872,-1.3805982,-1.257132,-1.2979119,-1.3269482,-1.3822069,-1.4155612,-1.4345071,-1.3923702,-1.2757438,-1.0887038,-0.926461,-0.7810982,-0.8083964,-0.7555723,-0.6597057,-0.5754746,-0.48917282,-0.4197008,-0.33070913,-0.35449752,-0.39943725,-0.46680468,-0.4904818,-0.49484432,-0.624514,-0.65325546,-0.63648105,-0.4523058,0.061454028,0.19835725,0.3734353,0.2103987,-0.13193536,-0.56593144,-1.268133,-1.6139932,-1.8116109,-1.9663093,-2.0438118,-2.1004543,-2.2501273,-2.3600504,-2.4528182,-2.4692159,-2.49863,-2.5272655,-2.5062714,-2.529594,-2.3900225,-2.2091246,-1.9479262,-1.9158502,-1.9072216,-2.0466878,-2.31369,-2.2533638,-2.1769636,-2.1229367,-2.078045,-2.0050855,-2.0248127,-2.0574107,-2.0425358,-2.0965428,-2.0957036,-2.0549731,-1.7717582,-1.250252,-0.93555397,-0.7869837,-0.80995405,-1.4032494,-1.8536823,-1.7522942,-0.7635021,0.24495944,0.5317243,0.517156,0.3912742,0.20476767,-0.033983305,-0.09295845,-0.20039529,-0.4773764,-0.6633612,-0.7134781,-0.63159776,-0.30032465,0.04809788,0.34443185,0.30333954,0.50940543,0.69550323,0.29731113,-0.2172325,-0.74383175,-1.0480112,-1.4903176,-1.6208642,-1.0999062,-0.35813525,0.23191911,0.30745596,0.2802179,0.17944133,0.12391442,-0.110005766,-0.37654644,-0.3779235,0.31514952,-0.58177197,0.14522356,0.43195283,0.2400429,-0.1675407,-0.21765138,-0.5097414,-0.5913019,-0.42556697,-0.2297521,-0.3960648,-0.2365095,0.15610102,0.49246758,0.55268484,0.42563638,0.5402204,0.6231545,0.5737078,0.38342628,0.075559735,-0.13374764,-0.01678893,0.09678976,0.084234625,-0.68822,-1.3287437,-1.7264377,-2.0968053,-2.2568083,-2.2083285,-2.270783,-2.3200388,-2.3899202,-2.284152,-2.134733,-2.1055,-2.032981,-1.7969465,-1.7395954,-1.9003698,-2.0478792,-2.2467308,-2.2255893,-2.1720161,-2.1104825,-1.8435367,-1.8434602,-1.8880138,-2.201443,-2.2497978,-2.2817626,-2.5763152,-2.6657958,-2.6658316,-2.4893074,-2.4848847,-2.797135,-2.8809433,-2.8238797,-2.5551336,-2.361749,-2.3652413,-2.6297371,-2.6588435,-2.56316,-2.6003845,-2.4971495,-2.5208483,-2.445959,-2.3852465,-2.5496325,-2.5662987,-2.3841534,-1.8450283,-1.8435855,-1.8482946,-1.8475394,-1.8439273,-1.8434596
-0.7284155,-0.71987295,-0.7053766,-0.7443392,-0.9132682,-0.94965374,-1.0501335,-1.0983939,-1.195919,-1.3105164,-1.302125,-1.3402113,-1.3101059,-1.2653797,-1.2370635,-1.1947339,-1.1021885,-0.9956775,-0.92772603,-0.7636962,-0.75860626,-0.46038228,-0.06279824,0.116494805,0.11461401,0.12078497,0.15016237,0.21798769,0.33501977,0.44042888,0.48170954,0.5240926,0.5456627,0.598248,0.6083466,0.54682434,0.4789068,0.35256135,0.2632528,0.13726392,-0.026908837,-0.16594961,-0.21033514,-0.24152833,-0.2573388,-0.27375072,-0.24076553,-0.27161926,-0.4126957,-0.7367847,-1.0595512,-1.4034616,-1.593276,-1.9418613,-2.3476305,-2.4879022,-2.1418972,-1.8482093,-1.9361035,-2.1019309,-2.2064064,-2.274627,-2.242331,-2.107177,-2.0781457,-1.968116,-1.867319,-1.8480666,-1.832509,-1.924058,-1.9553297,-1.8547122,-1.3567618,-0.7801913,-0.54280365,-0.3596316,0.21032579,0.6681295,1.0292856,1.203566,1.1594296,1.1512058,1.0284884,0.92805076,0.8898622,1.2231398,1.6012924,1.7032812,1.4988635,0.77818894,0.046085,-0.24724576,-1.2145023,-1.4928007,-1.7786162,-2.1499388,-2.0785716,-1.6578476,-1.4034374,-1.4409807,-1.5122689,-1.5759861,-1.6788005,-1.7255874,-1.6972833,-1.4361124,-1.4011431,-1.7038758,-1.9184678,-2.0165982,-1.897459,-1.5074997,-1.6202767,-1.5989301,-1.6520369,-1.7003856,-1.5177189,-1.3013126,-1.424967,-1.437819,-1.1413947,-0.81856203,-0.67590463,-0.73348725,-0.8034918,-0.82061076,-0.8497919,-0.8572446,-0.9545848,-1.1247354,-1.3129513,-1.4394766,-1.558994,-1.5402961,-1.652369,-2.1540055,-2.3070674,-2.1501822,-2.6031168,-2.9240546,-2.9964142,-2.8778152,-2.8828163,-3.2058845,-2.8782082,-2.050068,-1.613873,-1.4367697,-1.5036237,-1.6746519,-1.879664,-1.9607358,-2.1193948,-2.6145797,-3.0557427,-3.056233,-2.6591825,-2.1746054,-1.667247,-1.44195,-1.3835576,-1.2395577,-1.4238236,-1.2745891,-1.0730692,-0.9515188,-0.99851215,-1.0773251,-1.2267523,-1.2583109,-1.1206496,-0.9160192,-0.83316433,-0.8080468,-0.5475531,-0.48943317,-0.3939488,-0.33388048,-0.22790375,-0.22788796,-0.22898935,-0.56341517,-0.7735361,-0.99576247,-1.3127812,-1.4792163,-1.6426642,-1.7881346,-1.6632988,-1.5579317,-1.5653435,-1.6559861,-1.8135927,-1.8030124,-1.8105072,-1.8297384,-1.9328052,-1.972372,-1.9471672,-1.9829841,-1.9513874,-1.8527961,-1.869276,-1.7589655,-1.5374198,-1.2967212,-0.22834086,-0.22798651,-0.22864743,-0.22861406,-0.22822699,-0.22805879
-2.0340745,-2.0513504,-1.9661967,-1.9470713,-1.8981616,-1.7313136,-1.5352911,-1.6148231,-1.6273996,-1.6433337,-1.6686373,-1.7756739,-1.7890755,-1.8794827,-2.0250692,-2.103736,-2.0880575,-2.113161,-2.1045544,-2.0169718,-1.9000561,-1.6103563,-1.1779883,-0.7931799,-0.7552546,-0.75867766,-0.77178574,-0.78760064,-0.7367085,-0.61204034,-0.47112837,-0.31100804,-0.20480463,-0.033978492,0.08500543,0.09749222,0.14005089,0.07491812,0.027174115,-0.0379923,-0.07142553,-0.28801894,-0.440893,-0.61693037,-0.73562264,-0.8543583,-1.1588643,-1.4383454,-1.864873,-2.2883291,-2.083489,-1.411474,-0.1525991,-0.20792872,-0.88331693,-1.4759184,-1.7946064,-1.554482,-1.3484098,-1.073757,-0.78368795,-0.5596828,-0.4650724,-0.49184847,-0.68910426,-0.67095095,-0.7273492,-0.92784256,-1.107279,-1.3832622,-1.4834347,-1.4065633,-1.0190024,-0.698522,-0.49590388,-0.76960415,-1.4673297,-2.196327,-2.6763048,-2.7480676,-2.7257051,-2.7036324,-2.7488754,-2.845581,-2.9609962,-2.9395337,-2.607576,-2.2918632,-2.041262,-1.4687123,-1.2801421,-1.2228963,-0.9189557,-0.83603764,-0.9062933,-0.8862448,-0.78127503,-0.50424224,-0.21576986,0.047982126,0.047488958,-0.12413049,-0.31960127,-0.37834358,-0.5165891,-0.8127262,-0.67490506,0.044240564,1.1240258,2.9704645,5.561865,9.008862,10.474649,11.565514,12.118435,12.209556,12.159946,12.106353,12.304617,11.978881,10.839168,9.634823,8.379435,6.496771,5.1128397,4.5632253,3.7535777,3.3226533,2.4763017,1.2536554,0.2906064,-0.05321097,-0.619982,-0.44076234,-0.4771925,-0.6593933,-0.6244235,-0.2912122,-1.1863049,-1.9961147,-2.1095314,-2.1626472,-1.9266622,-1.380613,-0.33176214,0.36997497,0.28762808,0.03423108,-0.034945145,-0.16746655,-0.21569774,-0.20021419,-0.3047478,-0.8188891,-1.2507019,-1.2847024,-0.98429596,-0.24738744,0.2840469,0.28947723,0.018853545,-0.8539975,-1.1719786,-1.0686345,-1.1870053,-1.2667501,-1.8718119,-2.00554,-1.8923103,-1.8367786,-1.8233532,-1.7528459,-1.7887034,-1.9105681,-1.9105654,-2.0129514,-2.0845153,-2.093798,-1.2258862,-1.2257388,-1.3211966,-2.1626368,-2.2400532,-2.2376015,-2.5110636,-2.5463457,-2.4956636,-2.3278806,-2.1943035,-2.2706456,-2.6437678,-2.6616557,-2.5052354,-2.4162145,-2.3960938,-2.4093473,-2.2880273,-2.242961,-2.0725453,-1.8464087,-1.8478384,-1.8078481,-1.8006546,-1.9516053,-2.0796738,-2.185158,-1.2285749,-1.2259272,-1.2350472,-1.233623,-1.2266853,-1.2257628
1.9114782,1.869577,1.7421362,1.738933,1.5920162,1.2404188,0.98334885,1.0154762,1.0879266,1.1558841,1.2320465,1.3563855,1.3894726,1.4665158,1.5572532,1.6187315,1.5917623,1.6232729,1.540121,1.1723751,0.7196076,0.57748365,0.97275484,1.3023316,1.4157822,1.4730325,1.5450221,1.6186717,1.7071024,1.8010552,1.8339229,1.7909427,1.7061548,1.5177749,1.2262096,1.0086722,0.8517832,0.7681291,0.70609677,0.6824906,0.6806948,0.6751512,0.6509547,0.6580516,0.6606611,0.5901305,0.3793332,0.21724245,0.060034797,0.07324984,-0.02107427,-0.386669,-1.0588284,-0.3896913,0.008322038,0.39936376,0.42667297,0.51709896,0.74058235,0.96147466,0.98436946,0.94287276,0.8834537,0.7855818,0.7624824,0.6385102,0.5374819,0.5342995,0.5093788,0.68210244,0.8075923,0.70094687,0.30036482,0.19191533,-0.5320065,-1.1868064,-1.4303645,-1.3290782,-1.2323684,-1.2489659,-1.2009419,-1.1676615,-1.3526803,-1.4620206,-1.616472,-2.0219316,-2.2047353,-2.163655,-2.0947726,-2.0101128,-1.9039321,-1.8645451,-1.493847,-1.2769411,-1.1872537,-1.0688713,-1.035546,-1.1468737,-1.0980678,-0.8313142,-0.5988344,-0.56618166,-0.62390864,-0.6771548,-0.72626936,-0.77506375,-0.5527248,-0.17596957,0.35232148,0.50484324,0.35344493,-0.043278784,0.052127898,0.16659945,0.28595635,0.42251566,0.44089437,0.60347444,1.4047472,3.7897487,6.647293,8.523255,9.700454,10.759967,11.292073,11.465128,11.67447,11.769789,11.945549,12.139871,12.077067,10.532011,7.208933,1.1105171,-0.29239774,0.118231654,-0.019313663,-0.50621116,0.25183722,0.7178248,0.67111933,0.32082278,-0.022151947,-0.019266576,-0.44487256,-1.1081775,-1.4749651,-1.5992455,-1.6740521,-1.6816975,-1.4710969,-0.90164125,0.009364694,0.9250883,1.4002974,1.3956932,1.0781977,0.19744521,-1.1163123,-1.2524536,-1.0766852,-0.3979265,-0.268357,-0.5564172,-0.5438068,-0.45359647,-0.4047737,-0.3471834,-0.52710956,-0.6370036,-0.6658414,-0.6580471,-0.5408596,-0.48881853,-0.42506862,-0.4829942,-0.5580075,-0.58374244,0.41531432,0.4153319,0.40879548,-0.51237655,-0.2835575,-0.16577467,0.30811802,0.37072867,0.41481167,0.6295928,0.37479946,0.34787488,0.6852845,0.5965446,0.55525553,0.4949443,0.7332879,0.6138439,0.46371806,0.46528566,0.18001664,0.25208774,0.25027072,0.089093655,0.21194062,0.3207572,0.016465634,-0.017012954,0.41529,0.41533494,0.4154698,0.41553462,0.41532132,0.4153214
-1.6204995,-1.7002976,-1.8111436,-1.8781058,-2.0519564,-1.9197614,-1.4171107,-1.1889338,-1.0434538,-0.88672566,-0.6977619,-0.5794163,-0.5150309,-0.5244792,-0.63546973,-0.7044554,-0.7312935,-0.6769589,-0.5580434,-0.39681426,-0.32783306,-0.43314993,-0.54817516,-0.6242785,-0.54023623,-0.46210557,-0.32060477,-0.22440323,-0.15767875,-0.066004515,0.117280155,0.3819871,0.58973086,0.72714156,0.74460846,0.6791618,0.663594,0.70697916,0.6684323,0.75672674,0.8179382,0.9552665,1.0866294,1.1883665,1.3382714,1.4376652,1.705845,1.9369503,2.1120977,2.1462843,1.8375638,1.9140637,1.6544269,1.387312,1.3773341,1.0920897,0.13483183,-0.527071,-0.33960706,0.06990935,0.5306961,1.1850876,1.9499207,2.7463968,3.065031,3.2751937,3.5239396,3.7212877,3.876713,3.7855394,3.5578213,3.3111634,2.952304,2.4402406,2.1448996,1.4151905,-0.009995967,-1.2462716,-1.5631926,-1.676442,-1.7558777,-1.7796807,-1.9223446,-1.9027451,-1.9788179,-2.2645428,-2.0581224,-2.2140763,-2.521559,-1.8736954,-1.0891371,-0.48209256,0.94651395,1.418546,1.0634096,0.7919749,0.6025196,0.10663031,-0.1488354,-0.44237036,-0.8911876,-1.1703608,-1.2014985,-1.1517633,-1.1612089,-1.0106275,-0.62032086,-0.22063726,0.08015007,0.11089593,-0.12844285,-0.39595976,-0.27377468,-0.23805615,-0.3325113,-0.27011672,-0.19030595,-0.11793764,0.33441883,0.18126628,-0.8230028,-1.4894506,-1.7269121,-1.7176421,-1.6788595,-1.6441193,-1.6489706,-1.6356999,-1.6012564,-1.4837093,-1.4013975,-1.5998048,-1.3115455,-0.22503999,-0.3999464,-0.95150125,-1.6701139,-1.9547418,-1.4298666,-1.2048715,-1.4013741,-1.4198949,-0.7558969,-0.620656,-0.9781539,-1.4685483,-1.5526468,-1.6760951,-1.5948116,-1.3360183,-0.91096056,-0.7224277,-0.94661546,-1.2659937,-1.5474312,-1.9634569,-2.5156488,-2.3555408,-2.2528038,-2.4661863,-2.4433198,-2.535562,-2.4264364,-2.2235146,-2.2352154,-2.3443863,-2.6863387,-2.7608223,-2.805325,-2.5754547,-2.5915785,-2.6757839,-2.77215,-2.8055634,-2.855123,-2.9013987,-2.9878445,-2.997838,-2.0763397,-2.076262,-2.1276674,-3.012167,-3.0867171,-3.0613315,-3.0871363,-3.08424,-2.9836905,-3.1425312,-3.1674564,-3.0899038,-3.092245,-3.0556712,-3.06829,-3.0412588,-3.080939,-3.0461028,-2.8663816,-2.8252811,-2.7084167,-2.6709354,-2.6576753,-2.535881,-2.4682322,-2.6237528,-2.8264995,-3.0083013,-2.0777116,-2.0763583,-2.0812485,-2.0804977,-2.0767884,-2.076291
-2.785564,-2.797373,-2.7868836,-2.790021,-2.6885672,-2.6269064,-2.606234,-2.4952707,-2.4811544,-2.3971217,-2.2602694,-2.1428256,-2.0868251,-1.9028127,-1.6440177,-1.5134362,-1.5745302,-1.4940431,-1.3089385,-1.2434696,-0.8518725,-0.2603315,-0.32160276,-0.63056636,-0.6685848,-0.69421947,-0.6801553,-0.7530919,-0.8236706,-0.8697088,-0.8592684,-0.8715433,-0.87907267,-0.91651005,-0.85984486,-0.7686192,-0.6794387,-0.5790076,-0.55249184,-0.3757288,-0.18518335,-0.06463221,-0.042177446,-0.08083976,-0.12439601,-0.18068466,-0.16198324,-0.20108539,-0.23048843,-0.3934356,-0.86145335,-0.7353128,-0.29751635,-0.5663463,-0.898465,-1.110013,-1.3989711,-1.65151,-1.681098,-1.6685295,-1.6081868,-1.5263801,-1.5228021,-1.5571036,-1.5526571,-1.5939902,-1.5838305,-1.4779326,-1.3949304,-1.3139888,-1.3074535,-1.3319198,-1.4344676,-1.5095426,-1.1788306,-1.0766499,-1.5883747,-1.8223062,-1.8213525,-1.7829773,-1.7579169,-1.6974323,-1.5791256,-1.5678337,-1.620574,-1.950688,-2.0595896,-1.8726993,-1.8675864,-0.9788798,0.29901814,1.53477,4.798908,7.827344,9.544503,10.742077,11.118409,10.060536,8.859887,7.1805105,5.9027824,5.385398,5.775363,6.52777,7.5508633,9.588761,11.15096,11.902512,12.055086,11.8799925,11.29825,9.4685955,7.509185,5.0257387,2.8405378,1.0473717,-0.17834342,-1.0052896,-1.2245638,-1.2656214,-1.3485861,-1.3076427,-1.1891242,-0.9850117,-0.9703839,-0.9398755,-0.9468979,-0.94303966,-0.9485588,-0.9724371,-1.0150702,-1.0311308,-0.37727034,-0.3396654,-0.94197875,-1.0698421,-0.9628451,-1.113037,-0.8815373,-0.6632003,-0.74115115,-0.58875376,-0.19641897,-0.15561473,-0.7101574,-1.700398,-1.9554927,-2.0906355,-2.0260584,-1.7883549,-1.3929002,-1.1082265,-0.8642077,-0.50617146,-0.4027406,-0.6191166,-0.9321384,-0.9316652,-0.9781479,-1.290458,-1.5631678,-2.0068884,-2.105874,-2.1730804,-2.3082385,-2.2970452,-2.3363051,-2.348932,-2.19617,-2.0257094,-2.0886936,-2.2511399,-2.4433959,-2.4919486,-2.5825348,-2.596911,-2.6009088,-2.5977652,-2.0789435,-2.0789042,-2.1152523,-2.5488622,-2.5408006,-2.4920294,-2.4526715,-2.3488696,-2.294209,-2.4701521,-2.607381,-2.6467335,-2.5934753,-2.4809508,-2.3490863,-2.3738666,-2.519294,-2.4844604,-2.3807945,-2.40099,-2.3271809,-2.407914,-2.4746664,-2.4679935,-2.5024796,-2.7039,-2.6310976,-2.5910492,-2.079784,-2.0789878,-2.0820723,-2.0815108,-2.0792367,-2.0789273
-0.7135067,-0.7058612,-0.6460542,-0.6086545,-0.3757956,-0.24293438,-0.2474541,-0.31590825,-0.3938735,-0.48257625,-0.53573006,-0.5746176,-0.58719873,-0.5979117,-0.56081474,-0.47496825,-0.4299531,-0.41949326,-0.36440456,-0.27668685,-0.213273,-0.18805522,-0.2516625,-0.22864659,-0.29078543,-0.33309078,-0.39797547,-0.4054348,-0.3059047,-0.14820759,-0.008023977,0.13691014,0.2292619,0.28199637,0.11546303,0.03833072,0.057104707,0.09517525,0.17889431,0.30899057,0.52531266,0.7751538,0.91477865,1.0738432,1.2034155,1.4326766,1.4791498,1.7394047,2.272149,3.6339195,6.646555,9.766606,11.606962,11.439199,10.775656,10.139143,9.213071,7.9827566,6.8993435,5.948302,5.23034,4.484508,3.6222072,2.8010654,2.3980286,2.2266326,2.054037,1.8138149,1.8186187,1.6400073,1.612575,1.8035411,1.9492689,1.5229783,0.7948038,0.36887762,-0.21473119,-0.67379594,-0.8037977,-0.76161534,-0.72378737,-0.7083423,-0.97080064,-1.15148,-1.2256516,-1.0828046,-0.6521561,-0.37668023,-0.27474436,-0.1894086,0.26419842,0.6696571,1.5446689,1.4624584,0.9990928,0.7411604,0.93006146,1.3163567,1.5868778,2.055296,2.0553317,1.696077,1.284845,1.0946023,0.8584908,0.3120398,-0.118509054,-0.31200308,-0.4933276,-0.41270268,-0.29269207,-0.87981784,-1.3322041,-1.1196465,-0.51909834,-0.16262075,0.030229509,-0.026514128,0.0019812882,-0.56439847,-1.0251029,-0.633288,-0.10571271,0.38312635,0.74212533,0.91028404,1.1321139,1.3501976,1.6152232,2.2529836,4.149865,8.848566,11.158041,11.767918,11.568804,11.35669,9.544326,7.013837,3.4757762,1.707444,1.2145798,0.7706429,0.5964547,1.2579182,1.6482089,1.5002574,0.98684084,0.5204629,0.53464663,0.64550185,0.7487516,0.4852459,0.1892457,-0.0040397383,0.2047391,0.55974543,1.1750402,1.8583673,2.2700362,1.7933657,0.83106625,-0.17164242,-0.24408619,-0.27709255,-0.41931865,-0.28775668,-0.4145707,-0.44660252,-0.45893353,-0.54895777,-0.5045964,-0.3981228,-0.36694092,-0.41737396,-0.48978525,-0.6565647,-0.75437707,-0.7576993,-0.59419477,-0.5940647,-0.6448728,-0.79285157,-0.77406466,-0.71575797,-0.9103376,-1.0449166,-1.120231,-0.61365706,-0.26539212,-0.46938214,-0.864941,-0.98843825,-0.8558307,-0.67698604,-0.42172018,-0.371555,-0.40028703,-0.22019559,-0.15451694,0.19731349,0.34702644,0.42743182,0.4177169,0.09922278,-0.2915364,-0.5187376,-0.5959846,-0.59428555,-0.5989724,-0.59812367,-0.59471285,-0.5941541
-0.83419293,-0.88756216,-0.9619692,-0.9572619,-1.0828538,-1.3569996,-1.7226658,-1.7114286,-1.8649741,-1.921541,-1.9588101,-1.879962,-1.8311642,-1.7282085,-1.5587178,-1.3778789,-1.3239658,-1.220596,-1.0666249,-0.95409817,-0.63895977,-0.4605698,-0.62874985,-0.946172,-1.0725049,-1.1731026,-1.2645992,-1.3511692,-1.4947444,-1.6417632,-1.7698948,-1.8261404,-1.8512596,-1.8328915,-1.7053951,-1.5392115,-1.3649834,-1.2509792,-1.2476789,-1.3136287,-1.3321037,-1.4045585,-1.4619694,-1.5270212,-1.5931921,-1.596264,-1.6823529,-1.6496439,-1.440502,-1.1576004,-0.6779241,-0.257146,-0.21074307,-0.117411256,-0.24437848,-0.6836018,-1.250318,-1.644059,-1.7875342,-1.8291254,-1.8868272,-1.858743,-1.8254347,-1.7316189,-1.6053231,-1.5636911,-1.4801329,-1.3263898,-1.1622199,-0.9472149,-0.81453955,-0.8258786,-1.1363506,-1.400028,-1.3017961,-1.2826641,-1.5854038,-1.7980494,-1.8256065,-1.7531964,-1.6317456,-1.5659726,-1.4219828,-1.2886205,-1.1333642,-1.0229403,-0.8670958,-0.9668906,-1.0925028,-0.4675365,-0.002530694,0.26591,1.0359981,1.2035885,1.1131077,1.2540154,1.9798304,2.6841187,2.9046774,3.0114822,2.6991782,2.6248465,2.6553774,2.679953,2.6044474,2.3568323,2.4082603,2.452478,2.164248,1.7285162,0.9872104,-0.18579224,-0.61560774,-0.48558372,0.23742044,0.346546,0.21363743,-0.044384614,-0.43856382,-0.612125,-0.712657,-1.0079232,-1.257288,-1.566428,-1.795084,-1.8680792,-1.940285,-1.9663675,-1.873177,-1.7263143,-1.7801735,-1.4135869,-0.922722,-0.66542697,-0.6268171,0.09803863,0.53049016,0.5927202,1.0266734,0.88695645,0.41365558,-0.46251652,-0.6489426,-0.6352819,-0.82956755,-1.2869408,-1.4671798,-1.3891428,-1.1783624,-0.8761846,-0.41775632,-0.022126928,-0.022266269,0.098804,0.09545457,-0.13492376,-0.39227587,-0.29537773,-0.6897292,-1.1466205,-1.5002344,-1.5846043,-1.3053576,-1.3900756,-1.49497,-1.5914894,-1.649825,-1.6351434,-1.4994757,-1.3018532,-1.3448528,-1.5256075,-1.6997851,-1.7738999,-1.7024873,-1.6648148,-1.6621745,-1.640441,-2.245418,-2.2454107,-2.2408369,-1.6719537,-1.7028298,-1.7114683,-1.6863774,-1.6750158,-1.6818671,-1.9096395,-2.0661826,-2.1191585,-1.8275938,-1.716883,-1.5234195,-1.5830396,-1.7794857,-1.8595273,-1.5292006,-1.4214982,-1.4638568,-1.6819031,-1.6908699,-1.6546848,-1.7814043,-1.9146711,-1.7008669,-1.6666147,-2.2455003,-2.245482,-2.2452126,-2.2452772,-2.2455857,-2.2455459
-3.8192995,-3.8391285,-3.8393488,-3.832572,-3.5512524,-3.0324855,-2.1472716,-1.7191713,-1.2458181,-0.7563229,-0.0572055,0.43401074,0.8511574,1.3366765,2.1827512,2.723239,2.6968794,3.0613844,3.5000749,3.34686,4.139472,7.010763,9.336971,10.566212,10.897346,11.139084,11.52537,11.777493,12.038927,11.985242,11.614765,11.026358,10.477068,9.799662,8.836454,8.321112,7.9590425,7.7596455,7.549958,7.263689,6.850379,6.407902,6.2053967,6.0562115,5.991964,5.686597,5.0903807,4.5050745,3.646255,2.8222387,1.5930507,-0.40085906,-2.357895,-2.3010023,-1.7001867,-0.6270108,-0.034356616,0.3309327,0.32866648,0.1822123,0.10532353,-0.058461577,-0.3952638,-0.9044468,-1.1795579,-1.4375906,-1.6544751,-1.808517,-1.8818011,-1.8051243,-1.8109746,-1.839843,-1.6408447,-1.2460028,-0.90239537,-0.9942335,-1.1794777,-1.2662127,-1.1992908,-1.2378911,-1.2346909,-1.1860864,-1.1419561,-1.0967894,-1.1979537,-1.4974381,-1.9454167,-2.449076,-2.8198571,-3.0117502,-2.9857988,-2.7935138,-2.319042,-1.9451902,-1.387958,-0.662946,-0.2950555,-0.64449775,-1.1276964,-1.7016468,-1.9881687,-2.0456047,-2.047254,-2.0341709,-1.965658,-1.7134304,-1.2527444,-0.8260747,-0.4126324,-0.25089797,-0.47287712,-1.4957179,-2.1043108,-2.6199615,-2.9194255,-2.8640487,-2.6591861,-2.4205275,-2.2226627,-2.397775,-2.4979155,-2.1967268,-1.8001044,-1.5495932,-1.4405864,-1.445411,-1.4500122,-1.4188825,-1.4267476,-1.2283983,-0.8503294,-0.11703092,-1.2496259,-2.8050375,-2.445528,-2.232243,-2.5267715,-3.1058202,-3.0773456,-2.8708162,-2.9244862,-3.216673,-3.4959087,-3.5840511,-3.6317587,-3.6599963,-3.5222306,-3.564515,-3.682261,-3.904459,-4.0839005,-4.0070195,-3.7955208,-3.4334004,-3.0561805,-2.9777842,-3.0284624,-3.7526603,-4.1941357,-3.900044,-3.5046797,-3.094205,-3.0613024,-3.02574,-2.88665,-2.7870586,-2.5304363,-2.4498575,-2.685512,-2.7340417,-2.6850164,-2.7647996,-2.893671,-2.8697197,-2.9909487,-2.9190657,-2.9291606,-2.9472535,-2.8013854,-2.8013492,-2.8131313,-2.9491117,-2.919036,-2.8859577,-2.7630987,-2.7160368,-2.663519,-2.4771826,-2.7544403,-2.776773,-2.6761656,-2.6583495,-2.687761,-2.7671733,-2.620469,-2.6178088,-2.774146,-2.8268385,-2.8043325,-2.6265345,-2.6089983,-2.7743595,-2.7024086,-2.7953026,-2.8946838,-2.7684839,-2.8013008,-2.8013873,-2.8012197,-2.8011718,-2.8014517,-2.8014286
-1.1636075,-1.129585,-1.1583954,-1.229786,-1.4064627,-1.4558542,-1.6891708,-1.7835634,-1.8736942,-1.9405985,-1.9294813,-1.9172633,-1.8405733,-1.814488,-1.7481446,-1.6397393,-1.6048511,-1.5988258,-1.4565098,-1.2816803,-1.1752608,-1.399195,-1.2148356,-0.9849819,-0.9027395,-0.84733546,-0.80159336,-0.7586317,-0.7024786,-0.64646107,-0.67744035,-0.7547652,-0.87791824,-1.0085158,-1.2502351,-1.3472435,-1.3861526,-1.4688303,-1.5584586,-1.6247644,-1.7072766,-1.7841585,-1.8180315,-1.8626192,-1.903046,-1.9496437,-2.0179102,-2.1663365,-2.4033267,-2.6145508,-2.5512288,-1.9250164,-0.47431254,0.41706744,0.47158274,0.03809555,-0.5221657,-0.9210569,-1.2542012,-1.4623165,-1.5995013,-1.6716263,-1.6694162,-1.6790515,-1.7273538,-1.7025522,-1.6843266,-1.7139518,-1.6896677,-1.7567635,-1.7608676,-1.5148787,-0.70695275,-0.15189189,-0.09040642,0.023855984,0.36315003,0.4522398,0.18541855,0.0049465895,-0.17941046,-0.24911758,-0.32452512,-0.40922916,-0.4553311,-0.32624924,-0.4453238,-0.5664122,-0.53371894,-0.47581482,-0.7164406,-0.92697877,-1.2870057,-1.3343607,-1.167142,-1.2075436,-1.1298854,-0.7689036,-0.5084067,-0.3689765,-0.26103774,-0.30676088,-0.45693216,-0.5212678,-0.5340225,-0.55166453,-0.57548,-0.5525074,-0.38729203,-0.10712761,0.27346006,-0.0042496026,-0.6158723,-0.9111563,-0.96716136,-0.8942692,-0.6799051,-0.5648043,-0.71236104,-1.091211,-0.8946135,-0.40049827,0.041021645,0.21851663,0.15750538,0.093622014,-0.006800279,-0.057627052,-0.29190034,-0.64881766,-1.0688435,-1.0784737,-0.7234026,0.25699952,0.14379895,-0.8077614,-1.7988338,-1.6866517,-2.0536873,-2.0010257,-1.568434,-0.85479367,-0.97088313,-1.1484606,-0.8522794,-0.04636666,0.16887029,0.24650802,0.29863453,0.33683288,0.32591718,0.32919857,0.16013458,-0.5479639,-1.1893765,-1.3297452,-1.316784,-1.5700457,-1.4668547,-1.4554287,-1.6183624,-2.5078635,-3.0089552,-2.8534636,-2.7478878,-2.7314374,-2.9682028,-3.1576054,-3.3741877,-3.446545,-3.1779358,-2.8456116,-2.5176845,-2.4454517,-2.3509078,-2.4677744,-2.4231224,-2.4116702,-2.1369276,-2.1368835,-2.1646643,-2.4326127,-2.4692364,-2.539794,-2.812744,-3.1561723,-3.3974917,-3.2727466,-2.8894558,-2.6295905,-2.9348254,-3.2185843,-3.2281547,-3.1035953,-3.159157,-3.1673236,-3.1337423,-3.2139301,-3.0714896,-3.2343202,-3.0867178,-2.9931135,-3.0284421,-2.78584,-2.6014838,-2.4634902,-2.1379619,-2.136962,-2.1402035,-2.1398172,-2.1372828,-2.1369169
-4.4072056,-4.425823,-4.369296,-4.3358345,-3.8763385,-3.4279728,-3.0074525,-2.973814,-2.810042,-2.6236036,-2.4437127,-2.3569388,-2.2688575,-2.1639311,-2.010253,-1.8438907,-1.8512349,-1.814417,-1.6923223,-1.6723837,-1.5945582,-1.1422675,-0.7452142,-0.669608,-0.6827571,-0.698834,-0.66572857,-0.69215864,-0.7517103,-0.8048222,-0.79171085,-0.83834857,-0.89300036,-0.9638768,-0.9731977,-0.94782335,-0.92469543,-0.8727984,-0.8462702,-0.7431856,-0.66259646,-0.60864776,-0.5943305,-0.6194613,-0.64839476,-0.6765936,-0.63702583,-0.69145036,-0.73887515,-0.8229473,-1.2543404,-1.764243,-2.6218684,-3.1230936,-3.002964,-2.2075152,-1.2673403,-0.79830945,-0.6981833,-0.69111586,-0.59463936,-0.4284075,-0.3747084,-0.35143846,-0.31902385,-0.32389948,-0.3250368,-0.2542707,-0.25692153,-0.19635808,-0.2847508,-0.5993615,-1.1889259,-1.5193763,-1.5433476,-1.7891161,-2.3891428,-2.5701528,-2.3829353,-2.3641038,-2.3328698,-2.2974374,-2.1276793,-1.9603064,-1.9205643,-2.0292199,-1.7911838,-1.8321526,-2.0710845,-2.0872047,-1.9110262,-1.6680622,-0.93103653,-0.24209777,0.14892095,0.48655763,0.6968101,0.420604,-0.09396322,-0.77756166,-0.9798851,-0.78157824,-0.3111977,-0.00010244548,0.41012615,1.5131308,2.3271983,2.3670585,2.169558,1.736917,1.0938008,0.36048543,-0.12296653,-0.88832957,-1.3695652,-1.6572084,-1.7942462,-1.7364496,-1.5306017,-1.3839746,-1.3304183,-1.4573488,-1.6415322,-1.6960597,-1.6758542,-1.6383251,-1.6247106,-1.6108353,-1.5949048,-1.6989431,-2.0052276,-2.6395473,-3.1919346,-4.2092953,-4.1423163,-3.7970605,-2.8547652,-2.6453698,-2.5787625,-2.4845626,-2.3786964,-1.9082534,-1.5603995,-1.6783059,-1.9202826,-2.089158,-1.8826376,-1.7917292,-1.7136655,-1.5235031,-1.2030501,-0.942778,-0.75252974,-0.7113618,-1.0163103,-1.3538959,-1.7347854,-2.0450177,-2.858129,-3.191587,-3.395152,-3.3868475,-3.419208,-3.5387235,-3.6812167,-3.8114378,-3.7695155,-3.665704,-3.5695713,-3.4166105,-3.4633112,-3.6830246,-3.8585463,-3.9337206,-4.0899973,-3.991815,-3.953876,-3.9626718,-3.640088,-3.640085,-3.6570854,-3.9045181,-3.8427544,-3.788324,-3.6772046,-3.5608366,-3.4196398,-3.4318619,-3.6405256,-3.7049599,-3.6871471,-3.5083272,-3.4219143,-3.4446228,-3.51456,-3.6536274,-3.6018436,-3.537438,-3.5191622,-3.451921,-3.4071405,-3.482261,-3.6476228,-3.751343,-3.7716377,-3.7859404,-3.6403434,-3.640061,-3.6415374,-3.6412482,-3.6401248,-3.640032
-3.555674,-3.5584414,-3.5109942,-3.4595985,-3.2726617,-3.0420752,-2.612578,-2.5429435,-2.2903967,-2.0273623,-1.6626774,-1.3836461,-1.1285862,-0.8894606,-0.5433158,-0.32935962,-0.39665502,-0.32865733,-0.08912063,-0.1659722,-0.16653126,-0.13934931,-0.3817381,-0.7557365,-0.7376,-0.67024297,-0.49640256,-0.3630212,-0.04605698,0.31149828,0.6425421,0.8503377,0.9974203,1.1093645,1.3351705,1.4074954,1.4176818,1.4636369,1.5505958,1.8151379,2.056823,2.2248192,2.238519,2.1963296,2.1079545,2.0239546,1.8923602,1.7184296,1.63149,1.4949771,0.9376087,0.68020976,0.17014486,-0.25217795,-0.5525509,-0.42954075,-0.30163783,0.09508878,0.42580378,0.65073097,0.83909935,0.9078715,0.80979,0.49857968,0.33516032,0.1578458,0.029817522,0.10193306,0.21556932,0.6539386,0.98621964,1.1308053,1.1991038,1.0827255,0.8792882,0.6166478,0.016213529,-0.43741766,-0.5190842,-0.58122486,-0.549707,-0.4539264,-0.3582097,-0.29858366,-0.38862383,-0.7349663,-1.2479671,-1.6627034,-2.0408726,-1.8331299,-1.5540705,-1.4183292,-0.8170276,-0.58137447,-0.24724564,0.45234698,1.0734829,0.92796063,0.52084553,-0.24899752,-0.8097728,-0.9824697,-0.9284392,-0.7596587,-0.517789,0.15558347,1.1780474,2.0985842,2.7281706,3.006114,2.7590265,0.98103905,0.023574054,-0.673795,-0.8422967,-0.95266765,-0.9648925,-0.9441688,-0.925487,-1.0163858,-0.8178998,-0.45430535,-0.11342584,0.27080128,0.4990478,0.58106786,0.617739,0.6521105,0.59107405,0.464794,0.24683604,-0.8543823,-1.8776748,-1.7417327,-1.3607806,-1.187566,-1.1287165,-1.2964592,-0.97509557,-0.8140951,-1.0004464,-1.3221062,-1.0697634,-0.8853089,-0.8854633,-1.2644148,-1.2161424,-1.2309451,-1.2711649,-1.3173318,-1.343533,-1.4981444,-1.5973643,-1.5042877,-1.288625,-1.3919419,-1.7427016,-2.0082684,-2.1502726,-2.2379525,-2.425731,-2.560814,-2.416758,-2.3287725,-2.3904417,-2.592552,-2.2477689,-2.0431073,-2.009869,-1.759923,-1.7140175,-1.9491217,-2.1763837,-2.232605,-2.541586,-2.4324498,-2.340462,-2.3293142,-2.8930738,-2.8931239,-2.8639193,-2.266667,-2.209248,-2.1485596,-2.1108036,-2.0627844,-1.9607418,-1.8144395,-1.9182631,-2.2407722,-2.3146956,-2.1141038,-1.8770987,-1.885136,-1.8843294,-2.10372,-2.0584097,-2.0879955,-2.1391728,-2.1371238,-2.0364957,-2.1436675,-2.1615953,-2.3142018,-2.2129622,-2.0077949,-2.89185,-2.8930535,-2.8890438,-2.8895864,-2.8927183,-2.8931193
-2.869317,-2.904665,-2.9503229,-2.89453,-2.5495653,-2.1628585,-1.6405582,-1.531117,-1.3301272,-1.158931,-0.99004114,-0.875622,-0.7956667,-0.6249907,-0.36482793,-0.2386401,-0.24011075,-0.11566755,0.028152227,-0.028189093,0.0724158,0.5955973,0.76849926,0.6410301,0.6476038,0.69518465,0.8256866,1.0144774,1.329423,1.6738076,2.0289042,2.1737463,2.1638732,2.0554543,1.9853878,1.9287391,1.9517,2.1948752,2.4687796,2.839037,3.2270827,3.80793,4.106313,4.392104,4.5977387,4.8384666,5.006168,5.088714,5.303364,5.432654,4.9514265,3.0033731,0.08514774,-0.75850916,-0.8019643,0.06226456,0.8029644,1.6051253,1.9876099,2.3052752,2.5686114,2.5787394,2.3900862,2.0597525,1.7863295,1.4504942,1.1274359,0.95833933,0.6701287,0.60997665,0.4706424,0.0033060908,-0.9361614,-1.4798117,-1.9763696,-2.2062469,-2.1536334,-2.0233374,-1.9072833,-1.9342866,-1.9029715,-1.8818882,-1.8452038,-1.7937834,-1.8332269,-2.0553207,-2.3606942,-2.4540958,-2.6301684,-3.1154184,-3.2752953,-3.3237495,-3.1117394,-2.7922902,-2.1499166,-1.2898693,-0.98902595,-1.4041321,-1.6761001,-2.0494647,-2.2671332,-2.3797286,-2.5247583,-2.624866,-2.7320082,-2.611135,-2.1566656,-1.761592,-1.3252645,-1.1783826,-1.3124481,-1.5539694,-1.069897,-1.0160363,-1.0039417,-0.89946723,-0.74851286,-0.55111367,-0.1691797,0.3484948,0.6431368,0.67814183,0.6908399,0.80903846,1.068462,1.1914053,1.352056,1.4580492,1.6224525,1.8065271,1.635495,0.73057115,-0.3531341,-2.0432475,-1.9463751,-1.6898191,-1.0114219,-1.0171127,-0.6114788,-0.27051795,-0.2513544,-0.23504439,-0.27169836,-0.5115896,-1.0477954,-1.8500698,-2.0000222,-2.064832,-2.1928878,-2.2953162,-2.204357,-2.0287063,-1.8062956,-1.5418813,-1.5644844,-1.82922,-2.2393358,-2.993904,-3.6350036,-3.7048962,-3.5401382,-2.7661395,-2.2275128,-2.3600037,-2.3212829,-2.181862,-1.7196956,-1.4233079,-1.5731983,-1.5488799,-1.6264424,-1.8152158,-2.0061598,-2.0109675,-2.1921396,-2.0391517,-2.0858638,-2.1718757,-2.5328593,-2.5329123,-2.484364,-2.1083426,-1.8878282,-1.7320812,-1.318519,-1.086525,-0.90336233,-0.8137258,-1.3535681,-1.3597088,-0.8985231,-0.77629745,-0.75062203,-0.96754116,-0.72720385,-0.7933104,-0.9938806,-0.9762742,-1.0347421,-0.84085155,-0.856676,-1.0667763,-0.9945373,-1.1197681,-1.396953,-1.3086064,-2.5310879,-2.532772,-2.5268955,-2.5278018,-2.5322402,-2.5328295
-1.111538,-1.1386672,-1.1507692,-1.1459194,-1.0242065,-0.8531002,-0.70975935,-0.58108425,-0.6464108,-0.62212825,-0.51988125,-0.45504406,-0.45304048,-0.46688193,-0.415102,-0.40507177,-0.40021688,-0.29780644,-0.28878325,-0.55244595,-0.80983603,-0.46810678,0.08080575,0.5061392,0.5423985,0.54746866,0.61711454,0.65046823,0.6305693,0.57653534,0.5566495,0.44198388,0.32529277,0.19246542,0.05561149,0.09307787,0.13116589,0.21583264,0.20548737,0.2751607,0.2675905,0.25444478,0.27881253,0.2754807,0.31395745,0.28149194,0.3154481,0.20918603,0.0637905,-0.0987932,-0.7311782,-1.2792476,-1.1369789,0.06951091,1.7071133,4.220685,6.8693976,8.371937,9.085842,9.4799,9.708003,10.000817,10.290297,10.4880295,10.572779,10.618947,10.677856,10.702529,10.700451,10.552104,10.3406925,10.162283,9.644335,8.949362,7.7304115,6.1288795,3.2724595,0.25213918,-1.2531077,-1.6966054,-1.842457,-1.8825939,-2.075173,-2.1002154,-2.1278563,-2.3557405,-2.132926,-2.2867262,-2.3755417,-2.0919201,-1.9071391,-1.7630095,-1.0471503,-0.30427557,0.33596626,0.7429557,0.5893601,-0.26909992,-1.0082172,-1.7796745,-2.2147534,-2.3149076,-2.0486424,-1.8408962,-1.6218109,-1.1038976,-0.71659666,-0.592589,-0.590992,-0.65844154,-0.81734836,-1.4662855,-1.970879,-2.7648768,-3.2160952,-3.1600146,-3.0074732,-2.7791958,-2.323669,-1.8552184,-1.8222111,-1.7569256,-1.5480098,-1.1995351,-1.0116807,-0.92215717,-0.8225901,-0.7753796,-0.69257694,-0.637705,-0.7752937,-1.0686384,-0.5180945,-1.1496814,-2.1061635,-2.2087848,-1.3164887,-1.0680053,-0.7960178,-0.6505607,-0.8430092,-0.8838035,-0.47016412,-0.10835756,-0.25409076,-0.9910926,-1.2462535,-1.398858,-1.4486241,-1.3982203,-1.0608822,-0.71504134,-0.36231208,0.08208109,0.058700345,-0.37355086,-0.82707024,-0.66083705,-0.9736229,-1.2847286,-1.3082913,-1.255574,-1.3100648,-1.1953295,-1.3569348,-1.536462,-1.9589562,-2.1100411,-2.1997352,-2.2690165,-2.3408234,-2.2712922,-2.195344,-2.183469,-2.2065876,-2.189328,-2.233796,-2.2978394,-1.3915535,-1.3914816,-1.4331621,-2.2742205,-2.2511528,-2.1923912,-2.0257306,-1.9709072,-1.8118621,-1.6788486,-1.6835444,-1.7588123,-1.800156,-1.7451192,-1.7489436,-1.6549759,-1.6018488,-1.6428472,-1.6246903,-1.698318,-1.5752203,-1.5407623,-1.6199874,-1.7239635,-1.6760788,-1.7667183,-1.917867,-2.0875022,-1.39253,-1.3915907,-1.3946522,-1.3940988,-1.3918655,-1.39155
5.843012,5.819915,5.816682,5.9466825,7.0458803,8.012309,9.014299,9.243645,9.610842,9.921461,10.255096,10.461358,10.616074,10.778278,10.9298935,11.180029,11.15518,11.131764,11.465942,11.807133,11.852552,10.950685,9.3447,7.682276,7.0818973,6.61657,5.8588095,5.165412,3.8410826,2.4528155,1.2204671,0.23713432,-0.278827,-0.6456499,-0.93430257,-0.9628867,-0.97176266,-0.97740555,-0.9717623,-1.0606422,-1.1760235,-1.3301429,-1.3986495,-1.4238896,-1.4089489,-1.365763,-1.3811026,-1.3771341,-1.3780584,-1.4571142,-1.5142953,-1.0918806,-0.15586093,0.56430566,1.3621581,1.9960254,1.7515187,1.2052505,0.8047289,0.63682574,0.52921194,0.3933406,0.17808616,0.006991029,-0.14957395,-0.3412332,-0.5350237,-0.70498157,-0.9294529,-1.2496271,-1.4958509,-1.6672258,-1.616268,-1.4966688,-1.8554459,-2.0194008,-1.4215649,-0.705209,-0.43968886,-0.42165393,-0.52999187,-0.5456135,-0.37155345,-0.18577337,-0.24928017,-0.49801394,-0.72017634,-0.7140502,-0.62530625,-0.28821215,0.17241187,0.7842986,1.0903635,0.7997861,0.48214638,0.25287274,0.20546329,-0.079110935,-0.21547234,0.036122903,0.7546603,1.3915349,1.5201519,1.4022676,1.4826121,1.6769178,1.4384532,0.9789443,0.40131944,-0.19812396,-0.7849144,-0.81012225,-0.76986384,-0.76872224,-0.76337826,-0.86205333,-0.8131474,-0.6713346,-0.8230237,-0.7782132,-0.7509307,-0.7725724,-0.6166964,-0.32719046,-0.13783258,-0.0475355,0.09174283,0.21222934,0.37941825,0.50841856,0.21902405,-1.0431753,-1.274065,-0.30579707,0.102036014,0.17744777,-0.76453567,-0.59044033,-0.25564224,-0.3612165,-0.6124532,-1.3247316,-1.6982176,-1.5610659,-0.7994681,0.13032529,0.8451463,1.2882066,1.5170321,1.4645813,0.75822103,0.090538785,-0.14253226,-0.0855158,-0.23445453,-0.5616935,-1.0017695,-1.0821561,-0.5987804,-0.3690135,-0.020063907,0.35863277,0.18863271,0.20632204,0.47101146,0.97410667,1.0468596,0.988523,0.6962945,0.6753994,0.6144615,0.7618572,0.87948686,1.0424912,1.4012198,1.4470234,1.4333253,1.4510598,2.8116448,2.8118756,2.6976395,1.2080531,1.0797698,0.9221283,0.6651359,0.42902133,0.12735006,0.051866114,0.1467092,0.51712537,0.64051014,0.43379527,0.19951296,0.18322201,0.29087943,0.44356015,0.48492655,0.96011555,0.7302296,0.33147815,0.27728727,0.31944156,0.26750407,0.58645165,0.6535089,0.7829715,2.8087149,2.811538,2.8031635,2.8044689,2.8105555,2.811544
0.07182616,0.16159368,0.1305662,0.03573589,-0.23069271,-0.39980218,-0.93738663,-1.1917561,-1.5377102,-1.8219228,-2.1145651,-2.344386,-2.5137005,-2.6679678,-2.7676895,-2.8266833,-2.8109748,-2.8519485,-2.8399057,-2.6150641,-2.2298827,-1.8336351,-1.659867,-1.4018657,-1.2946539,-1.2110243,-1.116849,-1.0537348,-1.0424472,-1.0960703,-1.1462731,-1.0839179,-1.0347637,-0.99674404,-1.0226092,-1.0808089,-1.1450474,-1.2202013,-1.3060067,-1.448931,-1.6371725,-1.7057334,-1.691035,-1.6500769,-1.6253961,-1.5758739,-1.3578076,-1.068732,-0.7413559,-0.41363403,0.0005847551,-0.2756369,-1.0097678,-0.88422877,-0.063462675,0.5372794,1.0043459,0.65374726,0.07354958,-0.38801128,-0.638973,-0.84722126,-1.0722878,-1.3378887,-1.3931806,-1.3731107,-1.3270597,-1.3678783,-1.2583138,-1.2638925,-1.1913099,-0.89500237,-0.2044891,0.1350022,0.15020749,0.38685927,1.6334023,2.394412,2.3522573,2.346861,2.3365908,2.278734,2.6805985,2.9508064,3.2843246,3.6639793,2.8993511,2.342558,2.006894,1.506369,1.1294667,0.91488755,0.25933403,-0.18146592,-0.6432653,-1.2588196,-1.6566348,-1.5072672,-1.3374708,-1.0286603,-0.6613919,-0.5201742,-0.62303305,-0.77448076,-0.9103894,-1.2747386,-1.6996787,-1.9588238,-2.082329,-2.0291064,-1.7896478,-1.1445606,-1.1083986,-0.9782566,-0.9914646,-0.9129321,-0.7853032,-0.72292995,-0.5501314,-0.45281696,-0.40796643,-0.40547478,-0.55137193,-0.7871349,-0.9846841,-1.0384692,-1.143368,-1.1762378,-1.3128753,-1.4855435,-1.6122721,-1.0106728,-0.65064955,-0.60936284,-0.15305069,-0.18987677,-0.19444527,-0.42096862,-1.0564333,-1.1860294,-0.97597456,-0.6894917,-0.9608842,-1.2054219,-0.9282048,0.11218603,0.58049095,0.81424433,0.73117566,0.35670432,-0.044968784,-0.27654952,-0.6946086,-1.2831105,-1.7031989,-1.7245748,-1.3922937,-0.81510824,-0.15616651,-0.17687264,-0.550881,-1.2339535,-1.7591074,-1.5619721,-1.4087542,-1.3328116,-1.816478,-1.9725325,-1.9158933,-2.0039644,-2.132756,-1.9859161,-1.8189051,-1.9268198,-1.6201463,-1.6974772,-1.7427797,-1.7031873,-1.4119895,-1.4118831,-1.4593722,-1.8402677,-1.915056,-2.0370045,-1.9464593,-2.0256839,-2.2039995,-2.4266489,-2.1821449,-1.7470734,-1.7896613,-2.000128,-2.4393628,-2.5194216,-2.6325417,-2.1761785,-2.3645577,-2.601253,-2.5703363,-2.5896845,-2.6529868,-2.4685326,-2.1679075,-1.8373791,-1.8934374,-2.095362,-1.4137785,-1.4120779,-1.4173365,-1.4166965,-1.4127113,-1.4120754
-0.25798288,-0.22080304,-0.15957537,-0.19652092,-0.51776004,-0.77890307,-1.0103561,-0.87835217,-0.7916758,-0.7666851,-0.64879954,-0.5460346,-0.45364863,-0.38289532,-0.31851852,-0.19054502,-0.12451339,-0.11568782,-0.07862669,0.047968,0.076487616,0.0070391893,0.06773704,0.26521638,0.31178114,0.33017594,0.28038865,0.21877855,0.09289104,-0.0004886985,-0.10217029,-0.14994854,-0.15237525,-0.12606654,-0.13476938,-0.20449828,-0.2610224,-0.3736906,-0.48061216,-0.59182745,-0.7032739,-0.71536505,-0.70338905,-0.68207836,-0.6548313,-0.6512337,-0.5789852,-0.4752249,-0.48437777,-0.71951526,-1.1083264,-1.7895526,-2.2254248,-2.6247973,-2.7483737,-3.080371,-2.8865619,-2.4027781,-2.1338556,-2.0847015,-2.088491,-2.053571,-1.9714384,-1.8735764,-1.8474636,-1.8475113,-1.8900366,-2.0563855,-2.3189826,-2.651347,-2.8596587,-2.8870354,-2.4421415,-1.840005,-1.045388,-0.73745024,-0.4944287,-0.32219154,-0.4077535,-0.5073115,-0.62919724,-0.68362355,-0.73913926,-0.7951203,-0.8444908,-0.7418966,-0.81945336,-0.5992369,-0.037068896,0.39703906,0.38834262,0.37912202,-0.40917516,-1.2224251,-1.9380715,-2.5520482,-2.457934,-1.7393544,-1.3290323,-1.0783063,-0.7729025,-0.5305391,-0.49537456,-0.54586315,-0.54234755,-0.52835494,-0.79159576,-1.2303153,-1.5744201,-1.7741191,-1.8484607,-1.1035612,-0.61791885,-0.33771932,-0.36079454,-0.42916578,-0.41396528,-0.40979466,-0.89009976,-1.538611,-1.8414814,-1.8850876,-1.8073683,-1.730294,-1.7190064,-1.7318623,-1.7212898,-1.720534,-1.7726994,-1.7917004,-1.645328,-1.1716619,-1.0735862,-0.8875081,-1.267067,-1.4343407,-1.9092712,-1.6436884,-1.5885985,-1.7737579,-2.0250244,-2.4870024,-2.8140082,-2.9554176,-2.240901,-1.1047131,-0.7387001,-0.669003,-0.7827255,-0.9390088,-1.2713366,-1.6287445,-1.9519384,-2.0034432,-1.5693948,-1.0423466,-0.38835713,-0.02381134,0.06517176,0.11397472,0.35866615,1.1792308,1.5926532,1.450319,1.6757829,1.6896203,2.369193,2.5359707,2.5758295,2.6000776,2.7181711,2.6640997,2.7501419,2.7501066,2.6104567,2.63304,2.7147844,2.7354586,2.5551662,2.5550427,2.591334,2.9658537,3.1315825,3.1906667,3.2217686,3.1930213,3.3522615,3.330641,3.4984922,3.5271478,3.3070362,3.1780722,3.212085,3.411581,3.1246915,2.8301325,2.7008753,2.6170678,2.7652004,2.4360209,2.3323457,2.5763907,2.536086,2.732163,2.8876877,2.9345012,2.5563638,2.5552905,2.5574062,2.557095,2.5557709,2.5553536
-3.1413336,-3.1024184,-3.0229964,-3.0271764,-2.8884535,-2.7219226,-2.6343126,-2.507894,-2.487825,-2.5315247,-2.4703622,-2.4513006,-2.459776,-2.4594865,-2.4302077,-2.3946867,-2.4031267,-2.426527,-2.4171991,-2.3755784,-2.3471422,-1.8863008,-1.4850802,-1.5769119,-1.6970131,-1.8163135,-1.9806975,-2.1767983,-2.541947,-2.8246195,-2.9941204,-3.092171,-3.1385102,-3.1560001,-3.1814394,-3.2319443,-3.2583497,-3.302319,-3.3245115,-3.3458042,-3.3816972,-3.366591,-3.3301375,-3.3013687,-3.2951484,-3.2804964,-3.2296576,-3.18511,-3.1278367,-3.1022406,-2.8482003,-2.6349125,-2.9684117,-3.4732914,-3.6131115,-3.7510622,-3.6310015,-3.5908737,-3.7426896,-3.894944,-3.9570546,-3.9456542,-3.8850927,-3.7476,-3.6533546,-3.552637,-3.4318652,-3.3486657,-3.2208278,-3.1301575,-3.0195842,-2.8436592,-2.2595508,-1.6285529,-0.6930897,-0.17509374,0.037955433,0.16650987,-0.07923135,-0.27334708,-0.37260062,-0.40015605,-0.204907,-0.2208429,-0.23252499,-0.19566447,-0.76852584,-0.88924265,-0.64706117,-0.89520365,-1.2630683,-1.4637582,-2.2656777,-2.4467783,-2.5402355,-2.6792731,-2.1286197,-1.4704727,-1.3859553,-1.4280297,-1.2973934,-1.1339631,-1.0680258,-1.0163134,-0.8891235,-0.61663705,-0.77016723,-1.3649611,-2.0171843,-2.4260693,-2.4416604,-2.0877678,-2.1796596,-2.4286046,-2.5451775,-2.657578,-2.6673265,-2.6082683,-2.678072,-2.648549,-2.128431,-1.6810179,-1.4527496,-1.4515519,-1.5020041,-1.522378,-1.5589415,-1.5845008,-1.7261151,-1.933421,-2.1608176,-1.890428,-2.299347,-3.0166986,-3.06025,-2.862927,-3.0245805,-2.8276062,-2.7511327,-2.4927733,-2.1397412,-1.3184328,-0.82053137,-0.5480033,0.5502517,1.6796688,2.2493148,2.451935,2.3096175,2.0734112,1.6804917,1.3870984,1.0981381,0.47575694,-0.02853942,-0.15406595,-0.4726876,-1.5975363,-2.219572,-2.166721,-2.269398,-2.32414,-2.4287117,-2.5887554,-2.542851,-2.6661744,-2.5680194,-2.565454,-2.5636775,-2.738483,-2.5603657,-2.4312177,-2.333679,-2.2722576,-2.2429047,-2.2124515,-2.1040564,-2.0463762,-2.4998138,-2.4998512,-2.491382,-2.1148796,-2.1964064,-2.2726598,-2.425365,-2.338045,-2.3099732,-2.2314513,-2.15227,-2.2499251,-2.3377392,-2.303746,-2.357643,-2.2686253,-2.2211611,-2.4144206,-2.5960073,-2.6259367,-2.6054869,-2.6512418,-2.6857486,-2.6567726,-2.7787905,-2.7277322,-2.5441556,-2.5100114,-2.4996383,-2.4997978,-2.4996657,-2.4996886,-2.499714,-2.4997854
-1.261977,-1.2723358,-1.2994691,-1.2787772,-0.95141566,-0.59269184,-0.001573954,0.09531714,0.3548157,0.56873584,0.7432811,0.7555038,0.79951906,0.83218735,0.714007,0.7346052,0.83341503,0.7615452,0.76163375,1.0994997,1.3160019,0.84878176,0.2544634,-0.12241201,-0.21652777,-0.2593072,-0.32349747,-0.3213991,-0.28430313,-0.20677778,-0.13994083,-0.019183144,0.11330384,0.26809287,0.3319466,0.33766907,0.35889542,0.30342707,0.2603235,0.2641955,0.26461297,0.18243548,0.14820409,0.07886192,0.050240815,-0.020510375,-0.008559346,-0.029619098,-0.14686847,-0.44490135,-0.9820396,-0.6624676,0.9034158,1.2223397,0.79908353,0.13119581,-0.8142755,-1.2351584,-1.3601851,-1.3461542,-1.2587281,-1.209434,-1.3031583,-1.4329898,-1.6334908,-1.7642976,-1.9066952,-2.0881193,-2.3673568,-2.798788,-3.2241302,-3.531795,-3.7254992,-3.5043597,-2.825982,-2.439507,-2.1127737,-2.1559446,-2.4531395,-2.6112194,-2.7139766,-2.80774,-2.9097717,-3.042275,-3.2914498,-3.5771763,-3.5682354,-3.1940455,-2.8412735,-2.0966554,-1.7271185,-1.3593793,-1.2052041,-1.1121002,-0.9282979,-0.8166998,-0.7416644,-0.7807662,-0.87921727,-0.9954353,-0.95856833,-1.0391966,-1.1454006,-1.1098485,-1.0492593,-0.8689603,-1.0389546,-1.3906453,-1.6470056,-1.7917466,-1.8235067,-1.3073086,-0.80963004,-0.35059565,-0.26000246,-0.2516185,-0.23881792,-0.26107365,-0.56360567,-1.2704626,-1.5639008,-1.6772914,-1.9058837,-2.2352824,-2.3627257,-2.3739269,-2.3384683,-2.3121715,-2.2489004,-2.2092822,-2.2076385,-2.3930593,-1.6761203,0.27107382,0.6107886,0.06642785,-1.1906388,-1.5501438,-1.7044837,-1.8136492,-1.6756002,-1.4292157,-1.1134788,-1.2821507,-1.2024677,-0.87260914,-0.96024626,-1.0580039,-0.93186057,-0.7222967,-0.6654955,-0.6524614,-0.45940167,-0.7178607,-1.2157364,-1.6241703,-2.0146573,-2.2300007,-2.283628,-2.1761959,-2.0202417,-1.9284048,-2.050249,-2.10015,-1.987029,-1.6930983,-1.6272173,-1.7750864,-1.8358169,-1.7808746,-1.8946577,-1.9823322,-1.9406762,-1.8560319,-1.7409842,-1.7896386,-1.9170556,-1.9683564,-0.9393394,-0.93921775,-1.0196446,-1.9148475,-1.8231664,-1.7895083,-1.8329368,-1.8386023,-1.781081,-1.7616012,-1.7900145,-1.5166368,-1.662028,-1.8063915,-1.8927634,-1.8692393,-1.8848258,-1.8039811,-1.8607912,-1.6955035,-1.633189,-1.495228,-1.5841291,-1.6046054,-1.6386697,-1.743298,-1.8753307,-1.9651434,-0.9411734,-0.93929183,-0.94586277,-0.94483495,-0.93975765,-0.9391401
-1.9334362,-1.9966798,-2.1428218,-2.1626031,-2.4731867,-2.7282357,-2.7270346,-2.582382,-2.455278,-2.3101153,-2.1380014,-1.9811656,-1.875768,-1.707234,-1.5266694,-1.3632189,-1.4270337,-1.3802145,-1.1791325,-1.1632283,-1.1173435,-1.0220072,-1.0553906,-1.1885608,-1.2591457,-1.3496965,-1.4276195,-1.518084,-1.6182729,-1.600863,-1.4860127,-1.3294767,-1.2294024,-1.1450175,-1.0066801,-0.97067976,-0.9264497,-0.86828464,-0.832487,-0.82465184,-0.7883968,-0.86203533,-0.95127404,-1.0589639,-1.1535851,-1.2651957,-1.5834625,-1.8168867,-1.9774755,-2.037348,-2.0181868,-2.0343328,-2.6888578,-2.3040504,-2.1495152,-2.1183913,-2.3872466,-2.4305296,-2.3239264,-2.1416843,-2.0238411,-1.8230994,-1.6022434,-1.3602518,-1.2223388,-1.2021623,-1.1432569,-1.0232965,-0.9806293,-0.9207338,-1.0043354,-1.2836806,-1.862506,-2.1408403,-1.9488513,-1.8957599,-1.9446096,-1.882879,-1.843298,-1.8480941,-1.7718478,-1.7069864,-1.6485801,-1.5634861,-1.5866385,-1.7722362,-1.7269125,-1.6179103,-1.6304979,-1.4597895,-1.3518891,-1.2354709,-0.6294805,-0.2343446,0.13528359,0.69554603,0.9853119,0.9317767,1.0368017,1.0612297,0.65106106,0.33221835,-0.015039265,-0.16661137,-0.41790083,-0.9870624,-1.074543,-0.73551726,-0.42406794,-0.3601348,-0.67570305,-1.4767189,-1.4797404,-1.0064598,-0.3324349,-0.12094845,-0.15314639,-0.29447025,-0.36714402,-0.2152184,0.25226814,0.7365514,1.1505073,1.4199924,1.4586353,1.4275172,1.3546479,1.2905889,1.2536623,1.234371,0.91271883,0.06443448,-0.62806404,-2.0787165,-2.281343,-1.681608,-1.514188,-1.5009739,-0.69945335,-0.23241873,-0.3710673,-1.1480013,-1.5107607,-1.6617405,-1.7299995,-2.0114331,-2.1400428,-2.1666174,-2.108008,-2.0136771,-1.7875906,-1.3292443,-0.98745584,-0.82286155,-0.91051376,-1.1515025,-1.3559222,-1.4489545,-2.3118436,-2.7583356,-3.0385838,-2.8386474,-2.5071416,-2.669439,-2.6782854,-2.6902258,-2.4744458,-2.3479135,-2.289125,-2.2854776,-2.356008,-2.5012012,-2.5558667,-2.5302217,-2.5263755,-2.4717846,-2.4795961,-2.5036917,-3.3099926,-3.3100772,-3.2698054,-2.4560232,-2.3993773,-2.3282464,-2.1322086,-2.0765998,-2.0077837,-2.0658474,-2.2566822,-2.368451,-2.0488596,-1.9597352,-1.8367093,-1.9199401,-1.928097,-2.0172193,-1.8103262,-1.7699609,-1.9600415,-2.0723226,-2.063823,-2.1964746,-2.2001238,-2.2349753,-2.194515,-2.2133934,-3.308639,-3.3099608,-3.305985,-3.3065407,-3.3095489,-3.310028
-5.3822007,-5.361611,-5.3350315,-5.3256044,-5.1250796,-4.8727,-4.758709,-4.690546,-4.68824,-4.7037144,-4.6574407,-4.6427603,-4.629822,-4.581331,-4.450967,-4.2424493,-4.226777,-4.2115474,-3.9512668,-3.6578147,-3.1858916,-2.4239411,-1.8641516,-1.6890231,-1.7199814,-1.7818785,-1.8719069,-2.0348423,-2.3984709,-2.7471735,-2.9865828,-3.143327,-3.266018,-3.3877559,-3.590176,-3.720639,-3.7673182,-3.789455,-3.8258338,-3.867177,-3.937146,-3.9975047,-4.007882,-4.0400343,-4.0760655,-4.122168,-4.149306,-4.178993,-4.187112,-4.147623,-3.9795446,-3.85245,-4.2232122,-4.0510406,-3.3978157,-2.9305255,-2.7624328,-2.8477633,-3.1880546,-3.544681,-3.7457962,-3.8681812,-4.0457025,-4.145885,-4.1740494,-4.1893053,-4.15226,-4.1038785,-3.9741886,-3.8577867,-3.7437131,-3.5733886,-2.9684548,-2.3144019,-1.6098948,-1.4484427,-1.3964384,-1.6741745,-2.1065986,-2.3044472,-2.3813903,-2.4209814,-2.1503468,-1.9784753,-1.8956167,-1.8161215,-2.3293676,-2.6743028,-2.7803774,-2.6690812,-2.681933,-2.6702023,-2.8579664,-2.7995667,-2.6230984,-2.4463737,-1.7703489,-1.1676948,-1.1660768,-1.3530388,-1.2820398,-1.1655053,-1.155228,-1.1138209,-1.0084302,-0.831425,-1.1872213,-1.860791,-2.429765,-2.813033,-2.9955344,-2.7144704,-2.901228,-3.3079495,-3.6337795,-3.9689808,-4.15804,-4.238285,-4.22245,-4.16788,-3.7556734,-3.2493563,-2.865488,-2.7044315,-2.7052648,-2.7056167,-2.7039104,-2.6841826,-2.6917272,-2.7188246,-2.8382635,-2.386797,-2.77156,-3.6441827,-3.7645414,-3.7329874,-4.442381,-4.530951,-4.6349473,-4.2816772,-3.7294698,-2.4903274,-1.9231625,-1.8566259,-0.7984433,0.6752845,1.3312333,1.5435882,1.6014616,1.3271374,0.7949488,0.47301984,-0.0440616,-1.2142633,-2.7976694,-3.7237089,-4.4723244,-5.250983,-5.6386867,-5.7679396,-6.0182953,-6.4421167,-6.6903505,-6.685623,-6.593622,-6.5751944,-6.5863466,-6.6350155,-6.7016344,-6.8639297,-6.83111,-6.7652445,-6.6281548,-6.4825745,-6.3748946,-6.3023643,-6.2342625,-6.2169857,-5.7051196,-5.7050343,-5.7635503,-6.263044,-6.2719307,-6.342416,-6.5260477,-6.626012,-6.6981235,-6.6329308,-6.500702,-6.4008226,-6.4673843,-6.5700564,-6.6939096,-6.634039,-6.656262,-6.7000446,-6.810379,-6.7765293,-6.7925777,-6.821341,-6.8050036,-6.7790146,-6.7906175,-6.696952,-6.6425796,-6.6260643,-5.706764,-5.705155,-5.710619,-5.7098527,-5.7056494,-5.7050877
0.6866068,0.69234747,0.61624324,0.5142946,0.22501636,-0.023957253,-0.23335943,-0.16324309,-0.07597923,0.0141865015,0.13729501,0.2346113,0.36319032,0.45429233,0.5197692,0.48825675,0.37752813,0.3624292,0.35079247,0.34405932,0.27422455,0.12850995,-0.06453567,-0.053221688,-0.061294876,-0.07122251,-0.0976603,-0.096856266,-0.01870238,0.09377134,0.1234743,0.17073855,0.18614942,0.18864727,0.05755636,-0.112336844,-0.28974912,-0.5411675,-0.69016975,-0.81973267,-0.9527799,-0.98844826,-0.96643126,-0.8918125,-0.81598485,-0.677112,-0.5299793,-0.31788233,-0.12625359,0.07536267,0.33424443,0.37987965,0.89952517,1.1236086,1.1756278,0.36261487,-0.2621147,-0.9473033,-1.3989398,-1.709453,-1.9372087,-2.0458846,-1.9704018,-1.7723382,-1.589993,-1.4567692,-1.320106,-1.2474103,-1.0384101,-0.8845589,-0.69588745,-0.37352976,0.20470898,0.35305792,0.027547464,-0.0055075884,0.63277245,1.5762839,2.0149024,2.1080508,2.1745172,2.089594,1.9347827,1.7544296,1.6435982,1.8151397,1.3643132,1.129935,1.2223666,1.0782273,0.790096,0.67890453,-0.15869665,-0.003094852,0.04111457,-0.48029566,-0.86182106,-0.48270583,-0.28016457,-0.018626243,0.19795033,0.10258185,-0.05488152,-0.08569507,0.05766718,0.45170155,0.48476583,0.09062435,-0.38126922,-0.7008126,-0.8053234,-0.7041191,-0.6939037,-0.68285966,-0.94544005,-0.87764543,-0.6328776,-0.42866364,-0.61063135,-1.0172052,-1.2868325,-1.4747257,-1.5202246,-1.4644254,-1.3275573,-1.2829906,-1.2091484,-1.1677752,-1.2276193,-1.2211703,-1.0232885,-0.41258454,0.52029115,2.117899,2.5428286,2.4790435,1.4172907,0.576308,-0.33527517,-0.6365637,-0.36379027,0.07047492,-0.010353679,0.19631459,0.85622686,1.7151879,1.8052901,1.7363634,1.671234,1.4649417,0.98216164,0.26754358,-0.21386263,0.043738984,1.5774801,3.7473595,6.7840877,8.781276,9.534224,9.667614,9.398535,8.314283,7.681029,7.5723133,7.332684,6.9164753,5.6560483,5.1939793,5.3344884,5.2214527,5.2133913,5.1850615,5.232504,4.99052,4.9242496,4.6164856,4.3100977,4.185371,3.5657434,3.5655808,3.6503923,4.3694954,4.5067916,4.652256,5.035466,5.224044,5.5005617,5.787342,5.6857576,5.8227797,5.32192,5.323541,5.5249076,5.590262,5.629094,5.6764793,5.6214333,5.5003657,5.701745,5.9562836,5.7898965,5.6686077,5.297964,5.1586924,5.2667513,5.106843,3.5679634,3.5658207,3.5719345,3.570984,3.5664828,3.5657244
-0.68888015,-0.7726042,-0.99812514,-1.0478159,-1.3602989,-1.4094713,-1.0753462,-0.91164005,-0.7204461,-0.48540398,-0.23044087,-0.028848559,0.11532296,0.24853273,0.35383323,0.5353693,0.4819228,0.5348601,0.7746424,0.6842147,0.5905233,0.7359538,0.70613277,0.8567047,0.9628066,1.0308921,1.1472768,1.1855437,1.2190889,1.0875657,0.8328842,0.47184533,0.11342093,-0.30905357,-0.74037105,-0.92740583,-1.1083996,-1.1881052,-1.2486922,-1.2953492,-1.3169587,-1.2847977,-1.2704227,-1.2285903,-1.1872082,-1.1940066,-1.3891361,-1.572907,-1.6728069,-1.5715313,-1.367583,-1.0368749,-1.722858,-1.047581,-0.3217839,0.1836237,0.15139809,0.068418115,0.35178122,0.6952843,0.8604735,1.0264401,1.2025807,1.4074624,1.5808427,1.5706038,1.6059496,1.7369742,1.7499102,1.8334079,1.8192649,1.6154974,1.3303666,1.3916807,1.329293,1.0346618,0.57384086,0.23654984,0.10397869,-0.0052502453,0.09358372,0.12595592,-0.20958312,-0.48102188,-0.9027191,-1.7565309,-2.1613698,-1.7729075,-1.5347309,-1.4585359,-1.482433,-1.5702949,-1.3397906,-1.2968595,-1.1512175,-0.86127,-0.6045938,-0.5628694,-0.644729,-0.61395454,-0.4014527,-0.19990829,-0.018006623,0.008449405,-0.023777828,-0.29262424,-0.49182308,-0.23447728,0.11939248,0.25098616,0.15929712,-0.41924796,-0.6010181,-0.6427872,-0.46595964,-0.4406922,-0.5109878,-0.44531462,0.0034444332,1.04617,1.6934905,1.800042,1.8773545,2.1365023,2.3590214,2.429834,2.533212,2.5789466,2.9012208,3.2693853,3.2421958,2.4769235,1.9274375,-0.47039625,-0.7288382,-0.01883012,0.5081504,-0.04408215,0.3777008,0.59010756,0.3936232,0.1523491,0.32927617,0.30318043,-0.30228135,-1.248497,-1.57637,-1.5674847,-1.4904431,-1.1581556,-0.37506816,0.70286477,1.4710982,1.7234092,1.5514401,1.2124331,0.6775812,-0.14708805,-1.7208427,-2.2473404,-2.5696316,-2.609191,-2.3375432,-2.2923286,-2.1847715,-2.0899239,-2.0170372,-2.1807363,-2.0254602,-2.120922,-2.1275449,-2.108786,-2.1420286,-2.1296232,-2.240769,-2.3322203,-2.369242,-2.4227405,-2.3219008,-2.3219275,-2.3147106,-2.2556715,-2.1740222,-2.0041485,-1.6667225,-1.4423279,-1.2236257,-1.0677474,-1.2277901,-1.3207303,-1.2263887,-1.2388889,-1.0716162,-1.0968416,-0.94405144,-0.9943869,-0.8226528,-0.89728147,-1.011682,-0.9981128,-1.0938113,-1.4179232,-1.3979311,-1.5032578,-1.5969396,-1.7204025,-2.3213644,-2.3218493,-2.3205552,-2.3206582,-2.3216653,-2.3218362
-2.0760906,-2.0905602,-2.1205533,-2.0885348,-1.8178947,-1.7054582,-1.6368829,-1.644284,-1.616614,-1.5608218,-1.5619439,-1.600781,-1.6061246,-1.5729557,-1.5610847,-1.4977653,-1.458734,-1.4585233,-1.2771757,-0.86351633,-0.42972675,-0.23012179,-0.31570312,-0.5493623,-0.6290461,-0.67701745,-0.730492,-0.7708765,-0.9140638,-1.1067054,-1.2798343,-1.4363145,-1.5774405,-1.7270085,-1.8655984,-1.8967698,-1.8583586,-1.808719,-1.761405,-1.7898829,-1.7980609,-1.8853128,-1.9519467,-2.0561976,-2.1704059,-2.303906,-2.5437388,-2.7384944,-2.9236655,-3.0249658,-2.9627123,-2.7646475,-2.3004322,-1.2312273,0.15146701,0.68185425,0.0032167956,-0.7960777,-1.1354928,-1.4301322,-1.6220133,-1.7660596,-1.9596174,-2.0316675,-2.0610826,-2.054622,-2.0188344,-1.9432676,-1.8082097,-1.7036449,-1.6466672,-1.6253715,-1.5360191,-1.3746014,-0.99930155,-0.8031587,-1.0984417,-1.4768441,-1.8241029,-1.9826262,-2.0646372,-2.101286,-1.9761891,-1.8974116,-1.8896784,-1.9519552,-1.867503,-1.6389503,-1.4113469,-0.51859224,0.09528996,0.56729835,1.2311915,1.2644243,1.3423877,1.9256487,4.797,7.931116,9.341231,10.545851,11.4573345,11.932491,12.008197,11.860844,11.535196,10.252204,7.738928,5.1370835,2.9047956,1.4094708,0.35538274,-0.15480168,-0.15859173,-0.31478995,-0.40670377,-0.62456614,-0.76459026,-0.85112596,-1.0645573,-1.6026266,-1.8753765,-1.9011759,-1.9405346,-2.0953956,-2.1852984,-2.2202487,-2.2098708,-2.1976552,-2.1283693,-2.0122876,-1.9409719,-1.5496087,-1.434367,-1.5565007,-1.2172047,-0.7956904,-1.7182813,-2.2492406,-2.4022264,-2.4146266,-2.360319,-2.1809692,-2.1853578,-2.0750155,-1.4617779,-0.46118277,0.10633601,0.2749391,0.525342,0.69349056,0.49023938,0.2691612,0.30449036,0.10837695,-0.5640428,-1.1942979,-1.966534,-2.7685332,-3.2392027,-3.2403417,-3.0996995,-2.9562206,-2.8596015,-2.983376,-2.9206371,-2.693718,-2.329495,-2.3810935,-2.42607,-2.605038,-2.6685069,-2.6745598,-2.6212933,-2.3782475,-2.4474502,-2.429874,-2.4327455,-2.4907506,-2.020119,-2.020091,-2.047315,-2.3180203,-2.1766093,-2.0723681,-2.1704056,-2.1607456,-2.2305393,-2.3558748,-2.4035125,-2.270597,-2.1449208,-2.1761227,-2.3213181,-2.2920208,-2.3017144,-2.304295,-2.3810623,-2.3658848,-2.4135323,-2.4202251,-2.5617762,-2.7009954,-2.6562402,-2.6584418,-2.4848561,-2.4833229,-2.0206258,-2.020108,-2.021753,-2.021421,-2.02013,-2.0200033
-1.4585727,-1.4413848,-1.3611572,-1.266728,-0.91340667,-0.7800105,-0.50097424,-0.48844916,-0.22653937,-0.0973147,-0.015509464,0.06938628,0.032461233,0.0919354,0.0763125,0.20309356,0.18503498,0.12556319,0.112377375,0.023918398,-0.3494754,-0.5723382,-0.38912645,0.2327201,0.44032535,0.5370916,0.65989697,0.68780696,0.7047576,0.73157305,0.78091514,0.7414405,0.6509085,0.4713269,0.35775173,0.32125136,0.35937136,0.6374268,0.8321039,1.1836962,1.5887419,2.125195,2.3962038,2.640281,2.8152485,3.099391,3.5473628,3.8211398,4.088495,4.2372575,3.7332814,3.1692424,1.9836981,0.9964655,0.52109045,0.7542249,1.1483133,1.4642005,1.6737571,1.947274,2.1583688,2.354991,2.4821596,2.4481335,2.4545789,2.3837652,2.3195088,2.325497,2.253326,2.4435344,2.3800764,2.092474,1.3832977,0.7812701,0.6015443,0.5991932,0.36275047,0.02811271,0.04622811,0.104923636,0.15727964,0.24374382,0.056114733,-0.056727976,-0.2653065,-0.96974325,-1.2160741,-1.0943708,-1.2246182,-1.184186,-1.0791458,-1.0598953,-0.4018758,0.13846223,0.5628164,1.0016714,0.6146513,-0.48883086,-1.1867801,-1.553638,-1.5248212,-1.388335,-1.0641816,-0.8648927,-0.634531,-0.09403351,0.5656229,1.1105542,1.5908545,1.8688965,1.9741571,1.8730619,1.8676593,0.9767319,0.059798017,-0.31211662,-0.5082948,-0.2705199,0.71880215,1.6728445,1.4451752,0.80784994,0.6628846,1.0659244,1.5315387,1.7082007,1.9602675,2.1084185,2.3972387,2.6954808,2.7227721,2.0310068,2.5542114,1.0449566,0.8813667,2.1244566,6.0226355,7.7799444,8.756634,9.081614,9.115419,8.532257,7.3432517,6.068247,3.4442205,0.62636805,-0.32518739,-0.5034804,-0.47065052,-0.015666299,0.7261307,0.9542551,1.2066389,1.9230961,2.2800977,2.0640178,1.5205011,1.1579545,0.71646905,0.4348331,0.2795756,0.4358022,0.6059139,0.24055892,-0.12671807,-0.06985487,0.03869547,0.17712371,0.27187443,0.30900154,0.2286819,0.027115397,-0.09077465,-0.2421312,-0.37096736,-0.34274945,-0.37016535,-0.43645346,-0.08509903,-0.08518585,-0.059354015,-0.33871108,-0.15122949,0.02505923,0.5655818,0.8529933,1.0391536,1.1944311,0.82129997,0.6743566,0.9502218,1.110857,1.2892194,1.1710855,1.2934747,1.2421092,1.1971498,1.15325,1.032149,1.0301688,1.0561638,0.87697554,0.8560571,0.7130112,0.49337745,0.48499975,-0.08391009,-0.08496694,-0.082767695,-0.08305959,-0.08452415,-0.08490969
-2.0295932,-2.0208764,-1.9628767,-1.9279808,-1.6034304,-1.3174099,-1.1334448,-1.2832296,-1.2289269,-1.1488643,-1.1808387,-1.2377739,-1.204128,-1.1950258,-1.2450906,-1.2268972,-1.1382191,-1.1767273,-1.229562,-1.1344502,-1.0376265,-0.9778887,-0.7591299,-0.5493995,-0.46286517,-0.40135258,-0.31482017,-0.26235545,-0.20015758,-0.1912475,-0.2727466,-0.3764383,-0.53176486,-0.68792886,-0.88598686,-1.0088042,-1.0246766,-1.0865782,-1.1562417,-1.1765332,-1.1955774,-1.2143767,-1.2324958,-1.276461,-1.316408,-1.3672318,-1.3947042,-1.5054777,-1.8175911,-2.3384833,-2.9264731,-3.4001412,-2.70074,-2.297567,-2.248684,-2.6131985,-2.6019773,-2.232555,-2.0667176,-2.0433397,-2.014605,-1.9543978,-1.8976535,-1.8401303,-1.8826585,-1.9049191,-1.9446466,-2.0461278,-2.20071,-2.3672667,-2.5108144,-2.5593925,-2.396711,-2.1684244,-2.1170573,-2.0647318,-2.0715947,-2.1617024,-2.2171571,-2.2187362,-2.2401595,-2.2874622,-2.262309,-2.1455908,-2.0333903,-1.6019862,-1.256727,-1.2357804,-1.3739955,-1.2964475,-1.586069,-1.8640403,-2.230287,-2.2836723,-2.3209975,-2.5953896,-3.1177413,-3.1476955,-2.787688,-2.2147665,-1.8283414,-1.6597114,-1.5336025,-1.5556897,-1.651423,-1.9677656,-2.5427682,-2.9370637,-3.011629,-2.830567,-2.3256907,-1.2539704,-0.93853974,-0.73379415,-0.63064885,-0.3821152,-0.040873088,0.15843372,-0.095543474,-0.5955297,-0.44588757,-0.15529382,-0.07327533,-0.40260103,-0.6603534,-0.76065123,-0.8524753,-0.90606296,-1.0206437,-1.2813425,-1.6403111,-1.9810834,-2.473445,-1.6421058,-1.172739,-1.6451166,-2.4554892,-2.31844,-2.7240481,-2.658144,-2.1354249,-1.1764345,-0.44677076,-0.61068755,-0.59855765,-0.09198532,-0.4074483,-0.6036081,-0.5348562,-0.4829028,-0.45843846,-0.45062804,-0.6151431,-1.4661301,-2.3596275,-2.7098641,-2.9602346,-2.9259694,-2.3596182,-2.0439754,-1.858574,-2.4317267,-2.408896,-2.2374015,-2.256507,-2.486514,-2.8491507,-2.8846624,-2.851212,-2.7953324,-2.6841128,-2.6827307,-2.5748284,-2.5363197,-2.5231361,-2.645103,-2.6546402,-2.6493306,-1.6529825,-1.65294,-1.6933284,-2.573022,-2.4816792,-2.4460425,-2.712356,-2.8301063,-2.7584298,-2.52705,-2.3964624,-2.4365745,-2.8031435,-2.828877,-2.7251248,-2.6489358,-2.6475773,-2.7376845,-2.7197928,-2.6353116,-2.5259838,-2.122243,-1.9695351,-1.9723494,-2.042356,-2.156518,-2.2976434,-2.3255935,-1.654072,-1.6529112,-1.6574335,-1.6569535,-1.6532259,-1.652815
-1.3350518,-1.2840474,-1.1204591,-1.0398417,-0.7467272,-0.6164944,-0.4994256,-0.4658267,-0.31962183,-0.23351757,-0.13675357,-0.07408671,0.02356723,0.087700054,0.10411358,0.10080612,0.14717206,0.1560573,0.0761497,0.0799101,0.12890612,0.31400654,0.20630267,-0.081736356,-0.15937598,-0.19932781,-0.25007978,-0.26879662,-0.2913453,-0.30208346,-0.32764122,-0.29289833,-0.2510896,-0.15207048,-0.02889365,-0.04932499,-0.05797741,-0.15395829,-0.23952423,-0.29554194,-0.3309747,-0.28489834,-0.26328176,-0.25950432,-0.26790723,-0.27117392,-0.27471167,-0.36026806,-0.62311244,-1.1623653,-1.8108616,-2.809874,-3.0522661,-3.1385756,-2.9905276,-3.0977578,-2.6357315,-2.2801578,-2.1899858,-2.1504905,-2.1247747,-2.1335392,-2.0882032,-1.995374,-1.9934216,-1.9797268,-2.0154371,-2.1459768,-2.4160883,-2.700379,-2.8680549,-2.9715662,-2.7822523,-2.3749552,-2.029865,-1.963774,-1.9771122,-1.9979924,-2.105999,-2.1613593,-2.22472,-2.3356566,-2.4228325,-2.3760142,-2.2965121,-1.8289366,-1.327177,-0.743989,-0.25986984,0.08443907,-0.38579965,-0.6846914,-1.3662057,-1.8489699,-2.4542,-3.0883827,-3.2316694,-2.6045854,-2.0461564,-1.6573772,-1.4164562,-1.2873199,-1.2676722,-1.3117487,-1.3544521,-1.4890499,-1.8293811,-2.138698,-2.2468817,-2.265809,-2.0849183,-1.0800247,-0.58143324,-0.32321638,-0.079150036,0.100171655,0.38332874,0.48102266,-0.16888914,-0.8194938,-0.96187174,-0.60520935,-0.3097117,-0.40915784,-0.56982934,-0.66264236,-0.7686081,-0.82420665,-0.9705198,-1.1605049,-1.4129441,-1.5260321,-2.267104,-2.0631764,-1.7003,-1.6956714,-2.027923,-2.0498347,-2.6563802,-3.0346904,-3.2632122,-3.682407,-3.8289022,-4.0600834,-3.615629,-2.5855706,-2.2461264,-2.2566397,-2.3238924,-2.4409757,-2.4959497,-2.535294,-2.714664,-3.0404246,-2.92283,-2.4838634,-1.731833,-0.87056386,-0.41889492,-0.3312428,-0.084706366,-0.03381142,-0.020393163,0.2979602,0.4463833,0.23524775,-0.2546102,-0.31449464,-0.4200759,-0.29316396,-0.07122764,-0.036976784,-0.044718176,-0.051830485,-0.014059499,0.020915538,0.064621076,0.09802763,-0.041859034,-0.04187736,-0.03456092,-0.062099993,-0.25374475,-0.3577422,-0.8570722,-1.0937331,-1.1072348,-1.0097514,-0.828721,-1.0134432,-1.3204274,-1.2843449,-1.0144986,-0.9077126,-0.94097185,-1.1731453,-0.9330547,-0.81099063,-0.81511223,-0.79107445,-0.63611066,-0.47231227,-0.65840113,-0.75734484,-0.5956325,-0.32635105,-0.04170477,-0.04183927,-0.0416338,-0.04177708,-0.041880112,-0.041879706
-2.2186427,-2.2089987,-2.225655,-2.2639956,-2.3931038,-2.3355525,-2.3410027,-2.2897947,-2.3780305,-2.4637916,-2.4966269,-2.5110588,-2.5066977,-2.4686909,-2.394394,-2.3526437,-2.364725,-2.3465214,-2.2058794,-1.9439726,-1.596797,-0.94641757,-0.61883765,-0.6000109,-0.6364156,-0.6549249,-0.6819882,-0.70331454,-0.7579207,-0.84752965,-0.96476936,-1.0431968,-1.0867836,-1.1106966,-1.1547561,-1.264241,-1.3983417,-1.5774136,-1.6751494,-1.8435156,-2.0402908,-2.2443748,-2.337083,-2.419178,-2.480699,-2.5535178,-2.5644133,-2.5432873,-2.54116,-2.5220509,-2.2750607,-1.7675817,-1.4962068,-1.3778696,-0.90380377,-0.9096971,-1.1352909,-1.556115,-1.8980131,-2.194155,-2.3555346,-2.470871,-2.4742584,-2.2600427,-2.0998664,-1.8274776,-1.4962306,-1.1123612,-0.34263366,0.5304744,1.4316078,2.5403354,4.903709,6.992365,8.907059,9.842728,10.80069,11.089506,11.056984,10.999392,10.955442,10.87222,10.571708,10.3655615,10.1056595,9.444212,8.53376,7.6836762,6.5675287,3.3096056,1.8826349,1.0647926,-0.6813761,-1.4868793,-1.9559917,-2.4440942,-2.4795995,-2.1513076,-2.1042857,-2.191158,-2.1341953,-1.9896624,-1.9618616,-1.9341539,-1.8379111,-1.6367059,-1.6547198,-1.8853614,-2.120663,-2.2335103,-1.948164,-1.1539588,-0.96267927,-0.81789315,-0.8560341,-0.7901835,-0.63797146,-0.53483295,-0.7244035,-1.1336651,-1.2991734,-1.3789752,-1.4904529,-1.6238364,-1.6927384,-1.7090983,-1.7218502,-1.7335999,-1.7954414,-1.8899366,-1.9934928,-1.8155591,-1.7417692,-1.2661895,-1.2537637,-1.8683221,-3.4993901,-4.0624714,-4.11604,-4.0747676,-3.867963,-3.3241382,-3.2225518,-3.2354784,-2.5615551,-1.301913,-0.61265,-0.3949266,-0.41895932,-0.609009,-0.9466511,-1.2867668,-1.7475302,-2.352994,-2.6056557,-2.3528063,-1.744038,-1.8425972,-1.861425,-1.6419506,-1.3633605,-1.1021603,-1.1794996,-1.0667777,-0.92939246,-0.877452,-0.8612288,-0.92295074,-1.0467544,-1.116838,-1.0751839,-0.92754865,-0.8018147,-0.8027741,-0.7092867,-0.69816566,-0.7085335,-0.7160222,-1.1452801,-1.1453004,-1.130024,-0.784014,-0.94636226,-1.066397,-1.2564988,-1.4253957,-1.5469408,-1.6958346,-1.554244,-1.3121691,-1.3442372,-1.5170181,-1.5612524,-1.5832623,-1.6944438,-1.522563,-1.5114412,-1.5381366,-1.5365419,-1.7550817,-1.7993927,-1.5896075,-1.4427642,-1.3417541,-1.2492664,-1.2417722,-1.1451828,-1.1453528,-1.1443243,-1.1445382,-1.1454135,-1.1454406
-1.0534108,-0.99861515,-0.89053655,-0.818137,-0.31613842,0.036806107,0.23859423,0.05921173,0.15364087,0.19917184,0.19649518,0.12747765,0.13348454,0.15238503,0.06110409,0.15672916,0.26337016,0.14034545,0.21336973,0.683197,0.89133734,0.62503946,0.21298875,-0.16017415,-0.23615608,-0.2688321,-0.3004416,-0.3185579,-0.3290552,-0.39371684,-0.5532725,-0.72576773,-0.86729556,-0.9844719,-1.1362295,-1.247884,-1.3038962,-1.3564403,-1.3805773,-1.5058407,-1.6362935,-1.804431,-1.887289,-1.9624257,-2.027121,-2.1070201,-2.1166158,-2.0420413,-2.017764,-1.9975405,-1.8758546,-1.1539818,0.3250042,1.2231989,1.9254487,1.5677404,0.50947386,-0.24282482,-0.5725708,-0.8377295,-0.93345696,-0.94684386,-0.949153,-0.82897764,-0.761985,-0.5836584,-0.39460158,-0.19695802,0.2923832,0.66517675,0.6823957,0.7308446,0.9460175,1.1561667,1.4336574,2.066137,2.873485,3.2402844,3.1728373,3.1634607,3.1704683,3.1277847,3.08167,3.0254703,2.9260864,2.648227,2.464158,2.6246498,2.374861,1.6033947,1.1502625,0.96348643,0.32176673,-0.10568863,-0.16092905,-0.27147478,-0.24161598,-0.20934293,-0.28631347,-0.35378844,-0.37252158,-0.44400287,-0.7524612,-0.89247704,-1.008534,-1.3401942,-1.7309415,-1.8889079,-1.9871181,-2.044656,-1.6884378,-0.7305257,-0.21322927,0.28113276,0.43665978,0.7061881,1.0216733,1.2680881,1.1168435,0.09014821,-0.6087801,-0.8470351,-1.0421259,-1.2552264,-1.2816659,-1.2722623,-1.2014433,-1.1524098,-1.0569971,-0.9900063,-1.0154946,-1.3630152,-1.1679881,-0.07270783,0.5548705,0.5549463,-0.9042127,-1.4262103,-1.8589467,-2.2568073,-2.060178,-1.5312229,-1.50354,-1.5383308,-1.372716,-0.3595464,-0.0060450435,0.11814788,0.31857824,0.3391861,-0.07408655,-0.47592467,-0.55700666,-1.0098804,-1.6706257,-1.9057318,-1.8207257,-1.5417731,-0.86692244,-0.5330292,-0.36676493,-0.6904966,-1.0330138,-0.92429966,-0.69431037,-0.3787825,-0.3187095,-0.45597798,-0.5654999,-0.66497445,-0.6280288,-0.48229766,-0.1357484,-0.14365315,-0.02348271,-0.28454483,-0.45450598,-0.55833256,0.2866732,0.2866914,0.27065524,-0.2754219,-0.04578863,0.05233641,0.010778904,-0.17135271,-0.2651487,-0.3013066,0.022567257,0.74979746,0.2868384,-0.08671147,-0.33005393,-0.35951626,-0.49211425,-0.14631042,-0.18129538,-0.15461458,-0.2169768,-0.14715818,-0.17319888,0.020481586,0.25142378,0.4678743,0.33232105,-0.010411754,0.2862412,0.28674892,0.2851919,0.2852976,0.2867578,0.28684726
-1.8085234,-1.8027644,-1.7926018,-1.7667615,-1.6883348,-1.6557282,-1.5918105,-1.6400232,-1.697283,-1.7167192,-1.7113867,-1.6847825,-1.5915937,-1.4996549,-1.4120333,-1.3794086,-1.4044983,-1.3832202,-1.2700185,-1.2126755,-1.1125506,-0.7556598,-0.67437124,-0.6328453,-0.49451274,-0.26514387,0.24679002,0.9172826,2.2631779,3.8557377,5.475513,6.745158,7.5240545,8.247374,9.089699,9.43868,9.698594,9.933499,10.167928,10.461202,10.724461,10.944193,11.01527,11.024886,10.988804,10.994249,11.003327,10.959595,10.9526825,10.724168,9.718429,7.4486103,3.212254,1.1183872,0.1663096,0.3074128,0.72942704,1.259986,1.5338955,1.6591303,1.8059006,1.8186942,1.6280484,1.3261616,1.0314138,0.78511614,0.5547682,0.46734896,0.28829342,0.35102308,0.34146303,0.031084694,-0.7239162,-1.1188557,-1.3718845,-1.5185735,-1.4727142,-1.2435054,-0.93670726,-0.89795035,-0.82854444,-0.7943148,-0.75614995,-0.74085766,-0.7948874,-1.1057305,-1.4043028,-1.7813137,-2.3448093,-3.0882354,-3.233473,-3.1896186,-2.812301,-2.3186932,-1.7138753,-1.013805,-0.93625975,-1.4289943,-1.6934873,-1.9971771,-2.07296,-2.012743,-1.9926836,-1.9534867,-1.897102,-1.4568132,-0.9059948,-0.5580911,-0.3201877,-0.39963332,-0.79825747,-1.3875704,-1.2794932,-1.157901,-0.9926648,-0.9727076,-0.9839057,-0.92369443,-0.8522373,-0.9255731,-0.7295838,-0.5964009,-0.76448756,-0.8408158,-0.74290466,-0.68075496,-0.6198737,-0.58862,-0.502771,-0.3638418,-0.303483,-0.30466825,-1.2357237,-2.1356897,-2.0582986,-2.204214,-2.0490901,-2.319364,-2.1830964,-2.1257644,-2.3532467,-2.489018,-2.1808965,-2.1818628,-2.4263391,-2.886277,-2.9141722,-2.9383512,-3.0270052,-3.1439319,-3.141791,-2.9437668,-2.6648486,-2.3165388,-2.169964,-2.3463469,-2.6339445,-3.0431063,-3.2565064,-2.983004,-2.3939195,-1.4090612,-1.0313555,-0.86825454,-0.8478005,-0.8835511,-0.82495695,-0.6393976,-0.7791796,-0.3488894,-0.5079815,-0.81728697,-1.1883299,-1.3249547,-1.3741236,-1.1736658,-1.2401891,-1.2855427,-1.4132982,-1.413276,-1.4017335,-1.391203,-1.3904206,-1.4282757,-1.2952898,-1.2239488,-1.1205838,-1.1212674,-1.5158261,-1.6399577,-1.3103558,-1.1702431,-1.2026398,-1.273518,-1.2088712,-1.309628,-1.3829463,-1.3506305,-1.3130126,-1.0725582,-1.0946919,-1.2425205,-1.2217039,-1.35346,-1.4955353,-1.420217,-1.4125304,-1.4133073,-1.4099035,-1.4104373,-1.4131697,-1.4134221
-2.8675542,-2.86536,-2.864951,-2.89273,-2.9716868,-2.956836,-2.9746692,-2.9598756,-2.9223404,-2.885517,-2.9348707,-2.9834135,-3.0086424,-2.9790587,-2.8743906,-2.727414,-2.7049463,-2.6661496,-2.4866674,-2.4410062,-2.3050356,-2.2637439,-1.7272859,-1.3748195,-1.2929002,-1.2629114,-1.2876091,-1.3366752,-1.4637525,-1.5472314,-1.6113887,-1.6561129,-1.7382851,-1.8536723,-2.0932152,-2.1918585,-2.1757102,-2.169039,-2.2066746,-2.2360344,-2.2812054,-2.3681164,-2.4155746,-2.4853234,-2.5083776,-2.5785165,-2.6147628,-2.5897224,-2.5701137,-2.570216,-2.5602868,-2.3469572,-1.8939487,-1.7680291,-1.601463,-1.7342423,-1.8427362,-1.6088715,-1.5725214,-1.7096167,-1.859585,-1.9349716,-2.0034266,-2.0300784,-2.0638654,-2.1048083,-2.13331,-2.1799521,-2.1942203,-2.254973,-2.2504199,-2.1373773,-1.7537193,-1.4656413,-1.0322118,-0.74423254,-0.7166312,-0.90652794,-1.2132211,-1.3868542,-1.4829077,-1.5081418,-1.3472055,-1.1519417,-1.0149114,-0.6752424,-0.46801543,-0.49049088,-0.54029524,-0.49932688,-0.22966905,-0.2554515,-0.4383077,-0.6832704,-0.8965228,-1.2174299,-1.3688612,-1.0556424,-0.7039581,-0.31759387,-0.05190851,0.03207314,-0.065167814,-0.19719848,-0.3560147,-0.7516998,-1.3163043,-1.8420565,-2.1742094,-2.2790399,-2.2235222,-1.4025367,-1.0718616,-1.1742195,-1.4725347,-1.5691104,-1.5798818,-1.5968184,-1.6716925,-1.8345724,-1.8930513,-1.9809153,-2.0019045,-2.079488,-2.156879,-2.1937156,-2.196736,-2.2097447,-2.2781153,-2.3939905,-2.4896307,-1.904146,-1.1591781,-0.054742813,-0.83780086,-1.672092,-2.9811223,-3.2006419,-3.21446,-2.5400126,-1.5285211,0.83548486,2.2085495,2.357874,2.7584634,3.4085345,3.432747,3.3573265,3.4388242,3.4357672,3.0159423,2.2615602,1.2279755,-0.13104527,-1.4742804,-2.154777,-2.7256546,-3.3362837,-3.4028091,-3.4043484,-3.375575,-3.691475,-3.6546078,-3.792148,-3.7908537,-3.861866,-3.4422612,-3.3529892,-3.4149997,-3.493219,-3.4054337,-3.366603,-3.168231,-2.9752862,-3.119444,-3.1382496,-3.0841577,-3.082712,-2.7726316,-2.7726219,-2.7999752,-2.8697484,-2.6462884,-2.5751421,-2.593429,-2.692459,-2.6144347,-2.4859862,-2.397459,-2.2788506,-2.4154468,-2.5774279,-2.5473015,-2.4122782,-2.5711493,-2.7256494,-2.907747,-2.984775,-2.9511714,-3.0220494,-3.0492713,-3.0320215,-2.8941567,-2.751271,-2.733869,-2.7297316,-2.7733545,-2.7725706,-2.7758827,-2.7754831,-2.7727036,-2.7724602
-1.4332681,-1.4514,-1.4134915,-1.3243493,-1.1682531,-1.0497715,-0.74380344,-0.7920171,-0.5918473,-0.41650364,-0.3770602,-0.3681893,-0.2809045,-0.29325274,-0.37066984,-0.45959523,-0.5488447,-0.5918263,-0.56097937,-0.52155375,-0.4561059,-0.52722746,-0.6105913,-0.5666916,-0.54845554,-0.5141434,-0.4109239,-0.21322405,0.25226587,0.7739086,1.216994,1.6626357,2.0344384,2.4657161,3.0960495,3.320263,3.3572242,3.2285151,3.0403,2.8761501,2.768174,2.6847985,2.6413484,2.604177,2.5110598,2.424218,2.4061844,2.236703,1.9609628,1.3975999,0.27501893,-0.23800859,0.3714599,0.5526518,0.31016573,-0.069063455,-0.53442717,-0.6015446,-0.3939095,-0.3221271,-0.18057337,-0.068969265,-0.036877587,-0.18424821,-0.3818485,-0.4648714,-0.5326022,-0.51552296,-0.47226617,-0.26896688,-0.17817149,-0.17448476,-0.35014337,-0.54191434,-0.315216,-0.09609106,-0.5902164,-0.9616377,-1.2523466,-1.3928547,-1.366381,-1.3846562,-1.5667436,-1.7776511,-2.0010738,-2.1893432,-1.5051078,-1.1043655,-0.78855675,-0.11725125,-0.05363956,-0.025018334,0.38544387,0.4744596,0.75087565,1.6859293,3.1285264,3.5062866,3.5977774,3.0676944,2.1083355,1.2832776,0.3770783,-0.011036888,-0.45962894,-1.0981019,-1.147109,-0.7130022,-0.28718174,-0.014748752,-0.24886842,-0.8410856,-0.93776274,-0.5396161,-0.017882973,0.262,0.60333717,0.86512744,0.6534041,-0.17660606,-0.8790374,-1.1576613,-1.2465652,-1.1684096,-1.0666422,-1.0309619,-0.9720982,-0.9342452,-0.87179524,-0.85230327,-0.622118,-0.77231234,-1.153744,-0.10930666,0.22659296,0.1124883,0.08043045,0.07655558,-0.33640748,-0.89199585,-1.1901321,-1.3679092,-0.7694415,-0.29891872,-0.044139594,-0.28929126,-0.5004975,-0.703709,-0.67632884,-0.7252894,-0.88621545,-1.2863503,-1.8631923,-2.3766716,-2.370595,-2.283286,-1.9656274,-1.2558198,-0.7596137,-0.83094627,-0.9379359,-0.8091832,-0.94537455,-0.66030645,-0.6604972,-0.65065295,-0.58363247,-0.5166357,-0.7304332,-0.45318753,-0.5302606,-0.7217574,-0.8493499,-0.7928083,-0.7631108,-0.69263214,-0.7545523,-0.7576115,0.08869377,0.08880031,0.034484327,-0.7722256,-0.7594072,-0.82968193,-0.8570615,-0.8855448,-0.8881376,-0.91007036,-0.9756468,-0.917541,-0.9165576,-0.88572454,-1.0178745,-1.04094,-1.0477035,-1.0504032,-1.2322544,-1.2928748,-1.1732587,-1.0309248,-0.9583267,-1.0037158,-1.0459343,-0.91384363,-0.8484231,-0.8883145,0.087190986,0.088604,0.08436784,0.085139066,0.08812332,0.088621125
-3.0979269,-3.098862,-3.087092,-3.0987198,-2.9632878,-2.780303,-2.7886038,-2.779124,-2.8458028,-2.9868033,-3.1277356,-3.2521641,-3.365136,-3.4407942,-3.4554334,-3.4044933,-3.3890166,-3.4322805,-3.4046135,-3.360415,-3.2878292,-3.0012739,-2.5220666,-2.4100504,-2.444453,-2.5179718,-2.6538658,-2.842822,-3.196114,-3.4849107,-3.6620626,-3.7978687,-3.933766,-4.0749936,-4.2982607,-4.3815765,-4.359041,-4.3128667,-4.271615,-4.238837,-4.211697,-4.207682,-4.195904,-4.2040086,-4.21463,-4.1999297,-4.180687,-4.148777,-4.0563765,-3.8734484,-3.324953,-2.633991,-2.5403562,-2.6048806,-2.4073806,-2.4066734,-2.4769726,-2.545449,-2.784244,-3.0504448,-3.229999,-3.3026922,-3.3132079,-3.185444,-3.0908504,-3.0070224,-2.8841617,-2.7691483,-2.5582838,-2.4629097,-2.361091,-2.1238947,-1.5243015,-1.1674167,-0.93684995,-0.76600665,-0.79241,-0.89780486,-1.1545763,-1.3163694,-1.4088438,-1.4255221,-1.1488712,-0.8988303,-0.63746524,0.09436971,0.3207454,0.09934294,-0.046067983,-0.08118057,-0.13344409,-0.36963364,-1.0229477,-1.3582342,-1.4030154,-1.5864781,-1.4684715,-1.0596979,-0.91318274,-0.63885623,-0.30890307,-0.06106159,-0.005595848,-0.05416268,-0.096328795,-0.33035472,-0.9332669,-1.6945024,-2.3835778,-2.8315654,-2.8885622,-2.4605455,-2.4209185,-2.5183735,-2.5518446,-2.6021254,-2.6525643,-2.644875,-2.4306965,-2.1211522,-1.6322862,-1.3891116,-1.398081,-1.5641382,-1.6498315,-1.6679,-1.6856441,-1.6953561,-1.7698371,-1.9030985,-1.9763205,-1.59973,-2.1394894,-2.5163178,-2.6899962,-2.841331,-3.0712333,-2.5637293,-2.2971616,-1.4301893,0.030444339,3.7881274,6.5322437,7.7615194,9.804437,11.092978,11.346983,11.347263,11.219461,10.928727,10.332115,9.483675,8.095211,5.6522264,2.7035656,1.0422999,-0.7640905,-2.6038458,-3.3397102,-3.3024037,-3.5799341,-4.373249,-4.620318,-4.7192965,-4.6805134,-4.6700535,-4.5096035,-4.5464783,-4.615707,-4.889265,-4.761568,-4.586018,-4.3559046,-4.13354,-4.112643,-4.1084557,-4.0088325,-3.9839008,-4.0003448,-4.000333,-4.0221624,-3.9639502,-3.9324305,-3.9528282,-4.15034,-4.2100964,-4.2816234,-4.1592307,-4.0043225,-3.9431288,-4.028824,-4.130451,-4.1957693,-4.1669264,-4.131048,-4.194171,-4.3532414,-4.338423,-4.324768,-4.3432293,-4.297198,-4.3050737,-4.338559,-4.2621384,-4.19928,-4.1927595,-4.0009894,-4.0003204,-4.0027514,-4.0024796,-4.0004563,-4.0002537
-4.252551,-4.2588906,-4.2985353,-4.3124757,-4.3343954,-4.3188205,-4.319968,-4.301485,-4.3564544,-4.387366,-4.3498535,-4.317651,-4.2830176,-4.2380614,-4.210088,-4.1551576,-4.1858706,-4.243637,-4.106734,-3.9202201,-3.8318508,-4.151586,-4.6649294,-5.3764944,-5.532513,-5.605606,-5.6192274,-5.5796404,-5.4103975,-5.06284,-4.583731,-4.1147733,-3.7620156,-3.3960938,-2.9977412,-2.8359265,-2.6783473,-2.5170734,-2.4121757,-2.2561984,-2.12636,-2.05299,-2.0469408,-2.1037312,-2.1849313,-2.2575936,-2.3700695,-2.4994926,-2.548832,-2.5553315,-2.4304042,-1.2601448,-1.1185462,-1.7761797,-2.0910335,-2.145246,-2.5017447,-2.6887026,-2.7202625,-2.7028227,-2.619581,-2.4974852,-2.471799,-2.4667692,-2.5159354,-2.5684624,-2.5948753,-2.53824,-2.474052,-2.3548493,-2.2822084,-2.28828,-2.1926537,-2.0798702,-1.5718399,-1.3896385,-1.5016418,-1.6540883,-1.8058578,-1.9270246,-1.9440291,-1.9555721,-1.8377734,-1.8067878,-1.8297824,-2.0774527,-2.2864265,-2.3604503,-2.6037827,-2.690761,-2.6253052,-2.5566106,-2.2967055,-2.0399265,-1.6630809,-1.0948178,-0.5898634,-0.4193086,-0.41286665,-0.63221574,-0.87556356,-0.95837796,-1.0338866,-0.95860404,-0.8660962,-0.6538537,-0.63908416,-0.8192549,-1.1044879,-1.3435203,-1.5308621,-1.6283678,-1.6498592,-1.8210691,-1.8107362,-2.0081534,-2.2100496,-2.4400334,-2.6660392,-2.8852766,-2.5876703,-2.3574452,-2.351729,-2.4158602,-2.4819653,-2.475069,-2.5150125,-2.5235894,-2.5857549,-2.7027383,-2.9141672,-2.783039,-2.5635784,-2.5280333,-2.5582294,-2.6288905,-3.1038418,-3.4683228,-3.3696704,-3.1202664,-3.0459552,-2.7476976,-2.3628268,-2.285193,-1.9344512,-1.554046,-1.2928772,-1.2613206,-1.2577702,-1.3131604,-1.4015155,-1.5294099,-1.894856,-2.4165964,-2.910596,-3.2364664,-3.45334,-3.768559,-4.395331,-4.670773,-4.8282413,-4.7920427,-4.783845,-4.7847037,-4.7648463,-4.890332,-4.787815,-4.7157707,-4.6602283,-4.558055,-4.5630045,-4.660651,-4.7180142,-4.6302547,-4.691519,-4.5858574,-4.513845,-4.5012665,-5.3215885,-5.321597,-5.314723,-4.495986,-4.536331,-4.567875,-4.7457404,-4.7798934,-4.7775025,-4.821292,-4.8306317,-4.934515,-4.952322,-4.875199,-4.7717934,-4.7749786,-4.832613,-4.927011,-4.91384,-4.8640604,-4.953643,-5.0926228,-5.1455297,-5.1470923,-5.1545315,-5.1768694,-4.973303,-4.791483,-5.321411,-5.321604,-5.320567,-5.320751,-5.32154,-5.321621
-2.6839347,-2.6504555,-2.5685573,-2.5775647,-2.3410864,-2.0663202,-1.9581909,-1.9265168,-1.9645171,-2.0441604,-2.0904875,-2.1517234,-2.1926546,-2.2264986,-2.201251,-2.1081457,-2.0742123,-2.0471613,-1.9876041,-1.8550632,-1.6832371,-1.0626011,-0.54489607,-0.4945129,-0.6012086,-0.72514343,-0.8881096,-1.0787048,-1.4648805,-1.8026031,-2.0201473,-2.1360424,-2.1871061,-2.175315,-2.1539261,-2.1894279,-2.2041502,-2.2482805,-2.2569635,-2.3591924,-2.5078495,-2.6606123,-2.7075448,-2.7393699,-2.775303,-2.8081837,-2.8049846,-2.7720046,-2.6976361,-2.5165086,-1.9752257,-1.848903,-2.7279105,-3.4378119,-3.755653,-3.719616,-3.296582,-3.029617,-3.1484537,-3.3595562,-3.477189,-3.5465107,-3.594769,-3.548749,-3.4868062,-3.3867283,-3.269404,-3.1999407,-3.050168,-2.8889933,-2.7279022,-2.5701327,-2.200153,-1.7822423,-1.25244,-1.0622306,-0.80476654,-0.53876686,-0.28242287,-0.13868439,-0.06462096,0.025410473,0.44732663,0.6233525,0.7593895,1.0287471,0.6531782,0.2586186,0.02844742,-0.4063176,-0.805819,-1.0282224,-1.8383219,-2.0261614,-2.1794314,-2.4013128,-2.2705278,-1.9527307,-1.9257622,-2.013747,-1.9384143,-1.7823126,-1.6880031,-1.6319938,-1.4875448,-1.035071,-0.92830527,-1.3866633,-1.941618,-2.253806,-2.2536812,-1.8359773,-1.9843366,-2.2806153,-2.4679341,-2.645084,-2.7237582,-2.6957245,-2.7193542,-2.4872437,-1.9186332,-1.6639661,-1.7049546,-1.907105,-2.0315957,-2.0561335,-2.0862556,-2.0831914,-2.1294072,-2.2160463,-2.246891,-1.5411923,-1.8760784,-3.1651378,-3.5790222,-3.5713706,-3.6441312,-3.3847635,-3.67409,-3.8224926,-3.8185754,-3.8402104,-4.0512085,-4.2470164,-3.6783602,-2.4332004,-1.7202367,-1.409892,-1.378304,-1.6391553,-2.0518968,-2.0433152,-2.007039,-2.3238864,-2.7694144,-2.9590514,-3.0205886,-3.2250671,-3.1057873,-2.8489747,-2.8894262,-2.8015609,-2.953202,-3.0210314,-3.0302382,-3.1157117,-3.061326,-2.9619803,-2.8613176,-3.0894592,-3.1659608,-3.2044313,-3.1401033,-3.0540142,-2.9731636,-2.8888094,-2.8091755,-2.769847,-2.4874926,-2.4874682,-2.5135632,-2.817771,-2.889133,-2.978496,-3.0247269,-2.9056292,-2.8915012,-2.9329998,-2.9408526,-2.9486325,-2.8500743,-2.801568,-3.086576,-3.1109262,-3.0471299,-3.0997753,-3.2875724,-3.2794313,-3.2664728,-3.1991858,-3.1976752,-3.130014,-3.2158637,-3.1209373,-3.1113095,-3.243394,-2.4883108,-2.4875326,-2.4902902,-2.4898589,-2.487781,-2.4875255
0.45851475,0.4145198,0.289025,0.24063265,0.29911226,0.40795624,0.43659547,0.33675754,0.36085495,0.42375645,0.3843856,0.35744715,0.3610943,0.34973136,0.44119406,0.42930582,0.3305626,0.2668086,0.20250984,0.097744495,0.0691922,0.006471902,0.09461009,0.055498883,0.012210071,-0.053109273,-0.13988495,-0.23746285,-0.33369592,-0.40931112,-0.505273,-0.5560983,-0.6311853,-0.7174709,-0.9286021,-0.9776819,-0.96237856,-1.0576591,-1.1581821,-1.2163634,-1.2661693,-1.4606813,-1.5746037,-1.6812546,-1.7261283,-1.7011541,-1.6976497,-1.5799189,-1.4238888,-1.0711159,-0.41289115,-0.06279436,1.3118489,2.4438345,2.6358042,1.9774598,1.4459575,0.9272973,0.42519417,-0.017258376,-0.33927238,-0.52831393,-0.59530187,-0.5819522,-0.47425154,-0.36039168,-0.21804962,-0.15160279,0.112875454,0.2058768,0.3379671,0.76826113,1.524486,1.6784043,1.7032831,2.3144004,3.0207129,3.4661021,3.4975386,3.3350344,3.1854458,3.1307166,3.1546223,3.4214382,3.6921527,5.2022896,7.5492897,8.9104,9.861407,11.532205,11.94356,12.088714,11.41258,9.830918,8.180689,5.7178226,2.6159997,1.1970456,0.84103876,0.81509817,0.6745548,0.5649051,0.4145482,0.23984861,0.08239542,-0.26279938,-0.7053995,-1.1087923,-1.4342661,-1.5908229,-1.6682681,-1.5906966,-1.2937455,-0.5992369,-0.06275737,0.23820162,0.45294252,0.5326524,0.6367194,0.45982593,0.14235684,-0.05714789,-0.21074232,-0.35131595,-0.33510864,-0.33092397,-0.3028068,-0.2648467,-0.3147417,-0.33582142,-0.023554951,0.5477084,0.4662885,1.5731266,1.1505455,-0.22826812,-1.3060906,-1.0731088,-1.6884084,-1.9673584,-1.3199034,-0.011472553,-0.23053986,-0.7159396,-0.78852147,0.38629907,0.7966819,0.9234969,1.0732728,1.0665538,0.70197237,0.1429765,-0.24304852,-0.5030766,-0.6922407,-0.59320766,-0.49579513,-0.28933895,0.49886325,0.92652494,0.91373056,0.2782068,0.08332884,0.14831749,0.07777041,-0.15019944,-0.25215462,-0.31651908,-0.19777301,-0.35157606,-0.38916662,-0.24675944,-0.028565288,-0.08710143,-0.19862974,-0.37402898,-0.44849014,-0.5172943,-0.08180982,-0.08183709,-0.06884068,-0.25433433,-0.07240799,0.06809381,0.26967394,0.29079637,0.40602118,0.69084555,0.7513379,0.8534033,0.6903328,0.5458701,0.47591543,0.4833234,0.58494025,0.81631565,0.6934615,0.6044416,0.8834212,0.9388845,0.949088,0.9189739,0.8594557,0.8735839,0.6803753,0.32651362,-0.08148667,-0.08176115,-0.08131799,-0.08144158,-0.08167228,-0.08177787
-0.700251,-0.7735568,-0.9488235,-0.97533405,-0.9705353,-0.76602757,-0.36258706,-0.10264998,0.030245356,0.31384686,0.70806134,0.97205544,1.1314222,1.3418787,1.607934,1.6364866,1.5607791,1.5759732,1.4575031,1.1253372,0.9678239,0.9349036,0.9605617,0.6462871,0.6101941,0.5529877,0.44382697,0.28114635,-0.07864416,-0.30177262,-0.32306564,-0.28056824,-0.1925613,-0.070836574,0.07358192,0.17456478,0.27535152,0.473099,0.5350641,0.5934074,0.5684613,0.44556543,0.35007247,0.26856786,0.2450041,0.13367173,-0.23316804,-0.49190468,-0.7646714,-0.94023377,-1.3023092,-1.5005376,-2.0633397,-1.8239784,-1.6279833,-1.0603522,-1.2036157,-1.1849378,-1.0055479,-0.7972424,-0.63012296,-0.4546069,-0.3790674,-0.4054203,-0.40593076,-0.49795407,-0.60231864,-0.63758415,-0.6744255,-0.6552295,-0.77060616,-0.9614779,-0.95333755,-0.74327976,-0.576283,-0.8332233,-1.0798159,-1.0904589,-0.83585656,-0.82997954,-0.81196725,-0.76779425,-0.7933978,-0.8298207,-0.9052953,-1.1999632,-1.224716,-1.135236,-1.3391513,-1.0564647,-0.8777163,-0.8200344,-0.68882674,-0.9619434,-0.7847198,-0.25552437,-0.17297584,-0.4197854,-0.403938,-0.52392435,-0.91400266,-1.1632233,-1.3040788,-1.3551402,-1.394568,-1.2820721,-1.0011613,-0.79051596,-0.7448758,-0.7425536,-0.7249309,-0.8963546,-0.5328511,-0.3979704,-0.3035464,-0.33372352,-0.39532727,-0.4559482,-0.30878723,0.29738975,0.6830162,0.38044906,0.021316573,-0.35600388,-0.5317616,-0.5826451,-0.700796,-0.71584034,-0.8449503,-0.9370369,-1.1980548,-1.2902963,-1.3382974,-1.9876035,-1.6885157,-1.2392327,-1.0077703,-1.26684,-0.6493325,-0.12802109,-0.23048757,-0.82065487,-1.1543139,-1.4490833,-2.248551,-2.6708217,-2.4753437,-2.399005,-2.4094076,-2.3656268,-2.2652383,-2.250497,-2.2601614,-1.7691362,-0.97255284,-0.62671983,-0.47199434,-1.4168556,-2.885724,-3.1348562,-2.8365526,-1.6762533,-1.0303406,-1.1748204,-1.1294923,-1.395031,-0.9440167,-0.70826185,-0.7084198,-0.771019,-0.75231814,-0.78755224,-0.8630389,-0.78607965,-0.9938028,-0.88291276,-0.8273463,-0.8838793,-0.3027334,-0.30275905,-0.28505504,-0.6736257,-0.5288201,-0.38824576,-0.1151018,0.06623009,0.22468016,0.304062,-0.17723005,-0.27237445,0.082307205,0.20910409,0.27199146,0.047958523,0.18417287,0.21014777,-0.0063698143,-0.011222094,-0.2014255,-0.41501433,-0.59372056,-0.71203625,-0.55206776,-0.4704714,-0.45323807,-0.3104652,-0.3019289,-0.3026831,-0.3000699,-0.3004117,-0.3023938,-0.30268624
-0.046181977,0.08768013,0.18797988,0.16390537,0.08658007,0.08661625,-0.078242004,-0.31563246,-0.48153976,-0.60061157,-0.82319117,-1.0291448,-1.1822505,-1.3625162,-1.6051137,-1.7335104,-1.7571741,-1.7769443,-1.7499926,-1.6329148,-1.6442851,-1.3222265,-1.0748737,-0.97286606,-0.99916303,-1.0393933,-1.070384,-1.1537308,-1.3720416,-1.6227341,-1.8247713,-1.8753178,-1.8565528,-1.7568672,-1.5144229,-1.4868795,-1.6020026,-1.788462,-1.8713298,-2.0427036,-2.3336008,-2.5366728,-2.5943718,-2.6063304,-2.6353755,-2.6643186,-2.5400412,-2.3791342,-2.1377754,-1.8004916,-1.022818,-0.5297114,-1.4640772,-2.5231473,-2.6980677,-2.3757672,-1.4096537,-0.9658772,-1.1131146,-1.3902066,-1.5245259,-1.661665,-1.8509493,-2.094142,-2.150397,-2.1328511,-2.0903099,-2.0962555,-2.022361,-1.9255902,-1.7214205,-1.3554873,-0.41627058,0.6558795,2.0604057,2.640667,3.6016674,4.04703,4.563981,5.027475,5.379773,5.445117,6.057304,6.254361,6.508218,6.4036765,5.0962887,4.1826825,3.1874332,0.7988533,-0.091173254,-0.51094687,-1.5752339,-1.7895632,-2.1389215,-2.6949959,-2.767199,-2.1995904,-1.758318,-1.3508512,-0.9207414,-0.7218461,-0.65265644,-0.6452448,-0.59371734,-0.5398832,-0.6500023,-0.9702736,-1.4135957,-1.6872363,-1.6359901,-1.2316401,-1.2715973,-1.4166334,-1.5391228,-1.4490706,-1.2464201,-1.0597926,-1.0136758,-0.8008496,-0.59134746,-0.5159048,-0.6352743,-0.94400465,-1.1592981,-1.2084795,-1.2939322,-1.3438008,-1.4548436,-1.6350293,-1.7964914,-1.3390706,-0.71616936,-1.1225064,-0.93304634,-0.41356814,0.03727013,-0.5627467,-1.5491602,-1.9889176,-2.236038,-2.0857577,-1.5643036,-1.1673054,-0.5026698,-0.009737104,0.1262731,0.13620363,-0.17256433,-0.8769059,-1.5900586,-2.0246286,-2.4291105,-2.93148,-2.9597452,-2.5815768,-1.6328437,-0.8406225,0.10608205,0.48996103,0.77621007,1.0109409,0.5772734,0.91575384,0.77225316,0.34292382,-0.09551008,-0.17061959,0.11974199,0.12021673,-0.17045313,-0.17278653,-0.2992864,-0.4442533,-0.25383234,-0.24460036,-0.22497949,-0.094169974,-0.2632507,-0.2631734,-0.28677633,-0.30975333,-0.6051299,-0.82613087,-0.7912961,-0.6825088,-0.7557976,-1.1341624,-1.0269548,-0.9634156,-1.0615742,-1.05809,-1.3364669,-1.3916862,-1.5634252,-1.3271227,-1.5247729,-1.7301872,-1.7715957,-1.8465307,-2.0319424,-1.7114167,-1.5450399,-1.3462832,-1.1873858,-1.1692725,-0.2646483,-0.26340976,-0.26631838,-0.2659734,-0.2639579,-0.26350296
0.028755397,-0.06352535,-0.20312193,-0.23880008,-0.4924007,-0.70262796,-0.6367319,-0.66814405,-0.49313733,-0.3086827,-0.27468526,-0.32172287,-0.38538805,-0.35778442,-0.41133,-0.316379,-0.2899225,-0.31292844,-0.24990204,-0.33143416,-0.628665,-1.0697255,-1.366635,-1.4467154,-1.4894049,-1.5379851,-1.5525492,-1.6375148,-1.693601,-1.7732487,-1.821568,-1.8875326,-1.9761215,-2.0716515,-2.0648522,-1.9476829,-1.8876446,-1.7789319,-1.7197026,-1.650429,-1.5186207,-1.3348427,-1.2279494,-1.1065801,-0.99060094,-0.80140704,-0.678442,-0.58787715,-0.4599998,-0.28799605,-0.1528916,-0.031420946,-0.68269265,-1.0576934,-0.9846649,-0.84010184,-0.76234186,-1.012392,-1.0194794,-0.86327773,-0.7913234,-0.6124536,-0.41278327,-0.14612228,0.14404471,0.29517424,0.4964078,0.7605431,1.0149894,1.2468972,1.3239169,1.1507053,0.5054788,-0.23997125,-0.49565762,-0.5360293,-1.0155997,-0.9668795,-0.5842944,-0.44710994,-0.2841053,-0.19528705,-0.31828803,-0.5554651,-0.78775585,-1.7432499,-2.1131873,-1.6880918,-1.5040178,-1.1516287,-0.4238784,0.29231036,2.1517334,3.7164798,4.518671,4.989519,4.622822,3.4643116,2.5508592,1.798249,1.4794741,1.6387482,2.0791917,2.2563882,2.221425,1.6340768,1.2325522,1.4972112,1.7266656,1.7469478,1.3743489,0.6198537,0.38272607,0.042811885,-0.09178313,-0.17880441,-0.209741,-0.11960599,0.12971914,0.45221144,0.06842993,-0.5209218,-0.72545815,-0.4351369,-0.20979069,-0.10519585,-0.018645123,-0.0037878752,0.08299595,0.113974124,-0.14378306,-0.80187124,-0.2434677,-0.55506104,1.0557851,3.5418909,7.7689586,9.364784,10.111612,10.247062,10.219761,9.50051,8.189776,6.8667617,4.09628,1.5544242,0.91341007,1.0785232,1.7022307,3.36403,5.7976127,7.834628,9.114897,10.151488,10.73831,10.572761,9.74192,7.834395,4.411315,2.7203732,1.1038736,-0.016721845,-0.091024294,-0.45404834,-0.54123694,-0.26249933,-0.05704707,-0.15279542,0.095201164,0.12131144,0.18459855,0.16775814,-0.0034146607,-0.06589919,-0.21112102,-0.29666525,-0.23368813,-0.22844633,-1.2738492,-1.2739623,-1.2123591,-0.17220795,-0.16220157,-0.02779439,0.13434604,0.31835425,0.36270168,0.1113804,-0.019900948,0.014219165,0.11442596,0.25772464,0.5237347,0.3717264,0.37539583,0.40049142,0.8107906,0.94664544,0.67112166,0.69146264,0.8173122,0.6120208,0.46384096,0.26482013,0.24402262,0.18104681,-1.2724295,-1.2737795,-1.2695482,-1.2701664,-1.2732816,-1.2737857
-1.5686047,-1.5612427,-1.5704548,-1.5605322,-1.8049886,-2.2336917,-2.4695702,-2.5249696,-2.520655,-2.4507637,-2.393312,-2.2354202,-2.1052423,-2.0073838,-1.8616108,-1.6953788,-1.7831788,-1.6451263,-1.1522803,-1.079549,-0.9334428,-0.9906721,-0.66866434,-0.10926501,0.04630196,0.1374469,0.31638443,0.4672534,0.65577465,0.7768711,0.7895452,0.80019045,0.76797783,0.67431504,0.63644445,0.5906427,0.5474263,0.461208,0.3450954,0.37290826,0.4529858,0.60291433,0.64848936,0.66084516,0.6168251,0.5636883,0.54366064,0.49011946,0.5196704,0.46650326,0.08918295,0.14813131,1.6327363,2.5150967,2.8853974,2.8288245,2.4411652,2.361825,2.7218924,3.0888293,3.4011803,3.7948718,4.152732,4.414238,4.4951296,4.5305796,4.5665693,4.5332255,4.362341,4.153984,3.9928336,3.7281091,3.0154705,2.1929317,1.8341088,2.3127844,3.1633835,3.6389308,3.4114718,3.1879888,3.0132673,2.9884255,2.980497,2.8801181,2.7595198,2.3719575,1.5179958,1.5418353,2.0173192,2.8121881,2.9318707,2.5906742,1.6421944,0.45976627,0.32064557,0.7295314,1.0166531,0.9805042,1.1246195,1.5579108,1.9835035,2.1622815,2.2061608,2.082155,1.9117742,1.6915579,1.8233292,1.97664,2.0085492,1.8732178,1.3614652,0.62249064,0.9009664,1.4142158,2.2242417,2.8515007,3.2710917,3.4366856,3.2677445,2.7756493,1.9190927,1.4432242,1.6314948,2.1306572,2.4777856,2.5876508,2.7574773,2.8261375,2.9532962,3.043974,2.8785143,1.5108316,1.5127583,2.967524,3.252319,2.9182992,1.851257,1.8744593,2.445586,2.217953,1.7348745,0.80560875,0.59807086,0.83211666,1.8416708,2.8726878,3.1840549,3.2585835,3.2599316,2.9184127,2.3235786,1.6907312,1.4360192,1.6836469,1.8233008,1.5265133,0.8280617,0.22579859,0.3274863,0.14304687,-0.32615128,-1.2351823,-1.157798,-1.3239546,-1.5062488,-1.6529574,-1.4860177,-1.4970341,-1.5145159,-1.6299245,-1.5663986,-1.5665535,-1.4707689,-1.2981093,-1.6196644,-1.6059563,-1.5306482,-1.4987766,-2.358992,-2.3590665,-2.308385,-1.3960985,-1.3745717,-1.3132623,-1.1811006,-1.1254725,-1.0597453,-1.0857048,-1.0996734,-1.1169502,-1.0740399,-1.0841048,-0.97899854,-0.9291315,-0.9024544,-0.9998957,-1.0706885,-1.2193401,-1.2014661,-1.2402433,-1.253129,-1.387953,-1.3041147,-1.2446271,-1.1879914,-1.1803293,-2.357602,-2.3590012,-2.353946,-2.3546293,-2.3585587,-2.3590608
-5.352497,-5.337796,-5.3077574,-5.313566,-5.0620394,-4.6190376,-4.3001885,-4.219976,-4.170895,-4.1373644,-4.0333347,-4.025605,-3.9853582,-3.922572,-3.7874222,-3.6284125,-3.5956197,-3.577773,-3.4489226,-3.255806,-2.8781397,-1.9648951,-1.4060162,-1.5195979,-1.6136904,-1.6863146,-1.7521416,-1.8446943,-2.0097673,-2.1246905,-2.1643724,-2.192535,-2.2229786,-2.2324157,-2.3130069,-2.3973713,-2.416757,-2.4287112,-2.4367356,-2.4912858,-2.6008186,-2.7496424,-2.8126235,-2.889423,-2.9422731,-3.029336,-3.1906495,-3.3296409,-3.4921942,-3.5845895,-3.428389,-3.3923297,-4.1859035,-4.5476046,-4.4697504,-4.1423903,-3.8453257,-3.6731265,-3.8703086,-4.174841,-4.3510737,-4.5086975,-4.751112,-4.964123,-5.0897045,-5.1679773,-5.207244,-5.211383,-5.123422,-5.019457,-4.912521,-4.730295,-4.004608,-3.106658,-2.1761255,-2.098242,-2.367847,-2.650506,-2.782504,-2.841353,-2.8053894,-2.8315425,-2.6444051,-2.5306144,-2.4920397,-2.4195476,-2.473865,-2.6319544,-2.9543502,-3.3768575,-3.5395956,-3.4479246,-3.328308,-3.0556457,-3.010531,-3.0597217,-2.608821,-2.003076,-1.8720536,-2.0435176,-2.1489708,-2.1387565,-2.2091577,-2.1878362,-2.1389127,-2.0687091,-2.3698785,-2.8598213,-3.258418,-3.403974,-3.2565532,-2.7349172,-2.7995315,-3.0347583,-3.220028,-3.5234244,-3.7036378,-3.792475,-3.8202214,-3.7961736,-3.1949506,-2.553851,-2.3270473,-2.498918,-2.7186356,-2.7910323,-2.91897,-2.9586954,-3.1021533,-3.2848213,-3.3851705,-2.5863733,-3.322085,-4.5970273,-4.7504315,-4.7634435,-5.2679796,-5.6333456,-6.0540094,-5.907407,-5.5441008,-4.587277,-4.1048317,-4.0749836,-3.5121412,-2.573174,-2.1432676,-2.0873334,-2.1334412,-2.3248415,-2.5371668,-2.5272117,-2.8036435,-3.75115,-4.7129774,-5.0762844,-5.1353674,-5.5785456,-6.033038,-6.0441008,-6.0180407,-5.94708,-6.129815,-5.98267,-5.853469,-5.916189,-5.986183,-5.9783893,-6.023303,-6.0340314,-6.0031586,-5.964348,-5.9561725,-5.9343233,-5.802321,-5.74858,-5.716744,-5.6944375,-5.0476375,-5.0475354,-5.10963,-5.77114,-5.815451,-5.8969355,-6.1447115,-6.223563,-6.242741,-6.1573563,-6.0872984,-6.098488,-6.240821,-6.270562,-6.327724,-6.2803073,-6.31599,-6.377284,-6.4580646,-6.4076166,-6.380194,-6.3213215,-6.331359,-6.2705364,-6.3266945,-6.3151817,-6.2462263,-6.1750355,-5.0494647,-5.0476837,-5.0535145,-5.0527067,-5.0482574,-5.0476294
