0,1,2,3,4,5,6,7,8,9,10,11,12,13,14,15,16,17,18,19,20,21,22,23,24,25,26,27,28,29,30,31,32,33,34,35,36,37,38,39,40,41,42,43,44,45,46,47,48,49,50,51,52,53,54,55,56,57,58,59,60,61,62,63,64,65,66,67,68,69,70,71,72,73,74,75,76,77,78,79,80,81,82,83,84,85,86,87,88,89,90,91,92,93,94,95,96,97,98,99,100,101,102,103,104,105,106,107,108,109,110,111,112,113,114,115,116,117,118,119,120,121,122,123,124,125,126,127,128,129,130,131,132,133,134,135,136,137,138,139,140,141,142,143,144,145,146,147,148,149,150,151,152,153,154,155,156,157,158,159,160,161,162,163,164,165,166,167,168,169,170,171,172,173,174,175,176,177,178,179,180,181,182,183,184,185,186,187,188,189,190,191,192,193,194,195,196,197,198,199,200,201,202,203,204,205,206,207,208,209,210,211,212,213,214,215,216,217,218
11.244702,11.409266,11.491839,11.490572,11.344998,11.143232,10.466105,9.609088,8.209921,6.04198,4.668092,4.355175,4.8066497,5.377645,5.556198,4.7176704,3.886071,3.231908,2.4373176,1.3458208,0.73419017,0.601831,0.49082303,0.50775176,0.53985757,0.49652,0.4617058,0.4409291,0.38921675,0.33078355,0.3342924,0.4956749,0.96171445,1.6126318,2.1530766,2.951669,3.1361144,3.766625,4.2933946,4.8136373,4.9551287,4.139251,3.0711951,1.6700392,0.2050666,-0.6093439,-0.5600652,-0.38910896,-0.1634946,-0.044984385,-0.04115434,0.24368885,0.575138,1.2031896,1.8562827,2.4713445,3.1992433,3.9333591,3.8348494,3.5161405,2.3890538,1.9097893,1.7584978,1.5708058,1.529177,1.5277971,1.4560652,1.230127,1.1466237,0.8694322,0.51200247,0.20069009,0.054848492,-0.10044041,-0.3002254,-0.43165737,-0.45888153,-0.3293072,-0.08793762,0.26386738,0.6968803,1.0307051,1.1797801,1.1596918,1.064379,1.0818005,1.1133372,1.1414584,1.4115705,1.9140768,2.3247085,2.2667894,1.7977307,1.4026108,1.5054996,1.3336632,0.8048923,0.08233419,-0.47641066,-0.6278031,-0.22257723,0.17678954,0.25739697,0.17724961,0.03139513,-0.1038592,-0.23961896,-0.27470797,0.0057470202,0.84265363,1.5031624,2.3720098,2.922388,3.335385,3.6019092,3.8209372,4.451576,5.433016,6.394199,6.4682264,4.6314244,2.514698,1.7906464,1.2567872,1.3157728,1.4977223,1.6660125,1.3942149,0.8635736,0.61901045,0.6609037,0.35994598,-0.40620315,-0.67056215,-0.79199415,-0.73916197,-0.5745261,-0.4704069,-0.42765474,0.40237594,2.1821058,4.0141954,5.6039314,6.773075,7.7811747,8.097171,8.462979,8.46987,8.27939,7.9088283,7.1064115,5.4483204,4.318735,3.6940713,4.5426598,4.596036,4.5993857,3.673099,2.1083922,0.25912625,-0.26149017,-0.019008461,0.22112957,0.2800668,0.35071465,0.5036371,0.52845967,0.45785478,0.40371555,0.35031322,0.36219442,0.31383446,0.19417137,0.1803959,0.1954898,0.12836592,0.117782205,0.08516553,-0.026016071,-0.03090711,-0.11318064,-0.14993024,-0.20280313,-0.23345579,-0.2458064,-0.2688859,-0.26604015,-0.20955987,-0.12753776,0.057191223,0.30380535,0.48226982,0.7662091,1.1616515,1.7399592,2.1066642,2.4736912,2.5715733,2.7623272,2.8036683,2.7864122,2.8614752,2.922431,2.8921576,3.0741217,4.00595,5.721686,6.858817,8.354179,9.524068,9.7908325,9.962575,10.028526,9.955843,9.523965,8.766214,8.76605,8.766033,8.766026
-1.3686287,-1.484659,-2.060585,-2.0272088,-2.2178812,-2.430455,-2.4775178,-2.7260985,-2.8594356,-2.886069,-2.75134,-2.6472015,-2.6498666,-2.7135482,-2.7975376,-2.841302,-2.8422508,-2.717318,-2.3874629,-2.164743,-2.2205749,-2.3496897,-2.3226497,-2.2953763,-2.30906,-2.3198967,-2.2904959,-2.2757854,-2.2767391,-2.229961,-2.1813104,-2.1073809,-1.9664533,-1.8397619,-1.931942,-2.342933,-2.9692857,-3.241754,-3.2370775,-3.1696944,-2.9339314,-2.5728686,-2.4184775,-2.1435955,-2.1417558,-2.6626258,-3.0224133,-2.9501252,-2.8631673,-2.7417874,-2.669993,-2.5463154,-2.420662,-2.247651,-2.2689104,-2.3655968,-2.554112,-2.6267865,-2.609549,-2.4717774,-2.2959063,-2.1889987,-2.1197011,-2.0846925,-2.0302505,-2.0424294,-2.0311315,-1.9697912,-2.0010905,-1.9407364,-1.8424828,-1.7396069,-1.684709,-1.5881442,-1.4768776,-1.4886963,-1.4809535,-1.5923438,-1.6989406,-1.8759669,-2.2041814,-2.4887273,-2.6324823,-2.7062392,-2.78268,-2.8146658,-2.8623183,-2.9763203,-3.302133,-3.782724,-3.820843,-3.5178413,-3.2049909,-3.0406513,-3.0242555,-2.9844604,-2.9067492,-2.928872,-3.3562026,-4.0446243,-4.4779935,-4.419549,-4.055438,-3.8104813,-3.6761456,-3.5348833,-3.482953,-3.5418334,-3.6218433,-3.780165,-3.812651,-3.5754187,-3.2548497,-3.136838,-3.0566676,-2.988997,-2.9392748,-2.9200451,-2.7861214,-2.5290325,-2.5873084,-2.0395508,-1.1204396,-0.14171362,0.48193842,0.8132245,0.5746685,0.25093266,-0.0070407987,-0.7621815,-1.1268691,-1.2260008,-0.48430282,-0.1394583,-0.058773696,0.07805407,0.25231746,0.44209042,0.70259625,0.36935404,-0.9859357,-1.6758649,-1.9550455,-1.9499549,-1.1112561,-0.75398016,-1.0110126,-1.1612301,-1.3198811,-1.6337402,-2.2330863,-3.0454903,-3.44511,-3.5103464,-3.3822756,-3.475402,-3.4298415,-3.2786007,-3.3068197,-3.5063236,-3.5956192,-3.7369099,-3.652847,-3.3761716,-3.2023115,-3.0645027,-3.0381274,-3.0155458,-3.0262456,-3.0777812,-3.1391873,-3.1633768,-3.1541574,-3.1577125,-3.1747227,-3.154852,-3.1094904,-3.0147638,-2.8607645,-2.7288554,-2.4919047,-2.293355,-2.123588,-2.0450063,-2.0436559,-2.0232892,-2.02918,-2.0840073,-2.1218328,-1.9870443,-1.8739239,-1.8245869,-1.8504603,-2.0424905,-2.1600683,-2.3561296,-2.6057837,-2.7255068,-2.716372,-2.6526284,-2.601705,-2.5348382,-2.5400634,-2.5688694,-2.6033196,-2.5806918,-2.331151,-2.1049209,-1.8606858,-1.788265,-1.6445948,-1.4498937,-1.212693,-1.0501901,-0.8796057,-0.5577097,-0.5574893,-0.5575195,-0.55747753
-0.76746696,-0.9394479,-1.4914031,-1.4589071,-1.3850582,-1.1439953,-0.7008431,-0.6199658,-0.75252044,-1.0244944,-1.3005934,-1.4727075,-1.5553786,-1.5088019,-1.3105236,-0.95136,-0.7925839,-0.9034525,-1.0817401,-0.97742075,-0.4684882,-0.37375736,-0.6532728,-0.7304106,-0.7582642,-0.75074905,-0.73558015,-0.72105575,-0.7183267,-0.7291682,-0.78136486,-0.8917383,-1.2093138,-1.6285449,-1.7844677,-1.7799275,-1.5255783,-1.2746356,-1.0404024,-1.0055709,-0.8989012,-0.78322756,-0.7202896,-0.8652577,-1.4911922,-2.3219666,-2.5573263,-2.665444,-2.699555,-2.6127133,-2.519033,-2.3627799,-2.258122,-2.1319537,-2.0717015,-1.7803781,-1.5386441,-1.4600093,-1.519461,-1.6502751,-1.9808366,-2.270691,-2.4281716,-2.464119,-2.4814324,-2.495239,-2.4808543,-2.4404824,-2.404579,-2.3671243,-2.3143916,-2.2621913,-2.2374768,-2.214282,-2.0985682,-1.9898009,-1.812489,-1.40202,-0.64057964,0.37997228,1.4824797,1.9274137,1.9702129,1.9138412,1.6980343,1.5731409,1.3551494,1.1032072,0.5555047,-0.53273976,-1.2861881,-1.4435798,-1.4846965,-1.5048691,-1.3863119,-1.3858116,-1.5814701,-1.9287558,-2.508181,-2.7590013,-2.7398329,-2.9455004,-3.3026528,-3.4935637,-3.5813112,-3.686041,-3.7012424,-3.4139562,-2.6886845,-1.7771485,-1.1035285,-0.50193167,-0.3731153,-0.2413639,-0.31756273,-0.42713612,-0.5646262,-0.58677435,-0.67192644,-1.0397938,-1.3929112,-1.9152203,-2.3311589,-2.6761646,-2.794459,-2.4793172,-1.9846368,-1.5474559,-1.305191,-1.4411695,-1.9180768,-1.4867284,-1.1949074,-1.8715014,-2.3746505,-2.6796038,-2.8901098,-3.0007153,-3.0120912,-2.397427,-1.7724575,-1.7893014,-1.3463035,-1.2016648,-1.4987156,-1.3962291,-1.2626823,-1.0548571,-0.9257118,-0.849539,-0.45981723,0.12723014,0.24341954,0.10504313,-0.32322526,-0.74281687,-0.61276823,-0.47621924,-0.63104254,-1.4273841,-1.7631816,-2.1535602,-2.8912683,-3.2247877,-3.2853594,-3.09929,-2.987163,-2.9628072,-2.9745588,-2.9775844,-2.9044275,-2.8707118,-2.8455024,-2.7534177,-2.6487632,-2.6263683,-2.5519056,-2.457818,-2.3441699,-2.2181258,-2.0595427,-1.9205906,-1.8579086,-1.769627,-1.6762656,-1.6444892,-1.6777164,-1.683367,-1.7252319,-1.6677752,-1.5839059,-1.3818868,-1.0356424,-0.6600713,-0.005398214,0.30824056,0.4256392,0.3239231,0.14540772,-0.010954827,-0.16215713,-0.39745292,-0.5462247,-0.6434543,-0.6812202,-0.58474326,-0.546446,-0.5819308,-0.6626549,-0.8859117,-1.0756981,-1.0056261,-0.9138489,-0.8613157,-0.849139,0.43852293,0.4386025,0.4385362,0.43856674
-1.2406396,-1.2258407,-1.4846302,-1.466148,-1.5758885,-1.6745158,-1.8809454,-2.0242794,-1.9145738,-1.8353902,-1.8248461,-1.8221774,-1.8804766,-2.0281982,-2.2077606,-2.3013506,-2.1979218,-2.042953,-1.9127986,-1.9644514,-1.6804583,-1.3972447,-1.4002846,-1.4343824,-1.4651998,-1.4975291,-1.4509696,-1.4342574,-1.4329393,-1.3822553,-1.3456687,-1.3023843,-1.2606146,-1.2588178,-1.3520429,-1.6439811,-2.151704,-2.430494,-2.360725,-2.1521363,-1.8481555,-1.5866723,-1.4278709,-1.1857727,-1.2311156,-1.8741453,-2.328722,-2.3647108,-2.441007,-2.31532,-2.0458279,-1.7655602,-1.584031,-1.4249287,-1.4659749,-1.5773673,-1.9495283,-2.432578,-2.6408238,-2.5647345,-2.5014744,-2.3950307,-2.4200006,-2.4145393,-2.401696,-2.4217691,-2.4051235,-2.3533957,-2.3825514,-2.3845596,-2.3746068,-2.4022353,-2.4740415,-2.5009446,-2.5123093,-2.5738761,-2.6446161,-2.7087793,-2.652771,-2.5300863,-2.4052632,-2.4217002,-2.4421058,-2.454384,-2.5231225,-2.5104609,-2.4655838,-2.4666557,-2.5585983,-2.3747532,-2.045888,-2.0284755,-2.0199127,-2.032861,-2.0625248,-2.1288261,-2.1519935,-2.158539,-2.173273,-2.3949962,-2.7721214,-3.0681047,-3.184645,-3.1601534,-3.1266804,-3.0539343,-2.894703,-2.6584864,-2.2154064,-2.0074973,-2.0669637,-2.0061336,-1.7284713,-1.6513021,-1.6276844,-1.6272157,-1.4522898,-0.8686737,0.15246882,3.1805754,6.6310115,9.442614,10.5194845,10.8789215,11.2338915,11.35976,11.420473,11.40691,11.431938,11.645645,11.546955,10.4498,8.380834,5.177316,3.1155875,2.0510583,1.5503004,1.1489474,0.70773983,-0.16112714,-0.9821001,-1.4867377,-1.7265347,-1.5555087,-0.800341,-0.6166567,-0.74847835,-0.9081682,-0.9274784,-0.9946746,-1.377337,-1.7507508,-1.8323548,-1.9303751,-1.9370096,-2.284493,-2.392289,-2.030189,-1.7812121,-1.8626753,-2.01646,-2.0476038,-1.9232602,-1.7149385,-1.6529382,-1.6001338,-1.6044939,-1.6546562,-1.7135602,-1.786823,-1.8436389,-1.8876357,-1.9039856,-1.8840268,-1.8473275,-1.8252302,-1.7744948,-1.6355859,-1.4360025,-1.2386059,-0.9841322,-0.7604691,-0.54427946,-0.39221784,-0.32710993,-0.25104278,-0.15887785,-0.07440855,0.047414348,0.239784,0.15699992,0.026073128,-0.111741394,-0.32044968,-0.877313,-1.3005961,-1.5851109,-1.7841434,-1.8097086,-1.7376378,-1.6805508,-1.5868757,-1.5171844,-1.5294855,-1.533011,-1.4894402,-1.3521574,-1.2885038,-1.2571521,-1.4920387,-1.4930085,-1.202736,-0.9962361,-0.85431117,-0.6948384,0.6671384,0.6674197,0.66737163,0.66743773
0.79738235,0.9348002,1.4236548,1.3770771,1.370426,1.3405576,1.100005,0.49822193,0.14045699,0.17457646,0.33004227,0.39252275,0.50525993,0.7191359,0.83705485,0.6342054,0.42735702,0.27034622,-0.015677825,0.20020716,1.1418774,2.5011046,3.3384461,3.534483,3.637086,3.687146,3.6944406,3.6908088,3.7002122,3.7488108,3.7927172,3.7798162,3.728047,3.6227667,3.4447544,3.0836642,1.99052,0.87247694,0.035139203,-0.5415666,-1.0287576,-1.5099952,-1.7304916,-1.8916318,-1.925637,-1.2611499,-0.4211487,-0.104614854,0.22404325,0.40632698,0.42893165,0.31898046,0.11867532,-0.20312488,-0.53086895,-0.7655253,-0.8966488,-0.934541,-0.73940396,-0.23200831,0.7487494,1.4133055,1.7121321,1.8610774,1.8951294,1.9854251,2.032595,2.0658247,2.0884237,2.144648,2.1839356,2.188764,2.1828647,2.111794,1.9277058,1.9277623,1.8351505,1.4732466,0.6239949,-0.52472544,-1.582763,-1.767127,-1.7215033,-1.6002198,-1.3892274,-1.3904495,-1.323194,-1.2968695,-1.4405135,-1.8443422,-2.4358184,-2.6330926,-2.6798794,-2.6497407,-2.749303,-2.7981582,-2.7035847,-2.549198,-2.2047262,-1.7813437,-1.3165373,-0.79379797,-0.18078724,0.09353644,0.14637834,0.11162782,-0.021495938,-0.39527184,-1.1955048,-2.3800292,-3.0019746,-3.2003644,-3.0670161,-2.9498124,-2.8357363,-2.7000515,-2.5627406,-2.613996,-2.7191248,-2.616238,-2.3012352,-2.1921027,-2.0586932,-1.8807502,-1.7787817,-1.5780559,-1.4656446,-1.4817103,-1.4962344,-0.7499553,0.63776577,1.8616545,2.7017403,3.587432,4.0932875,4.2272167,4.1903543,4.095739,3.7889667,2.0123148,-0.2357743,-1.5940351,-2.0267072,-2.0251534,-1.7407799,-1.2729056,-1.2386048,-1.1154958,-0.9969661,-0.9431833,-0.78900516,-0.5921489,-0.5595435,-0.557644,-0.61031586,-0.32309577,-0.4878498,-1.2549801,-1.3180985,-0.31630197,0.77699935,1.5966659,2.2666779,2.3912528,2.4784331,2.2323031,2.0664346,2.062566,2.1136074,2.1536932,2.0730548,2.0257955,2.0708055,1.9086044,1.8154008,1.8966371,1.986291,2.0615768,2.0307536,1.946531,1.6454864,1.3982637,1.2201719,1.086968,0.9050623,0.8054228,0.52933264,0.17129345,-0.2766433,-0.8551511,-1.3877711,-1.772012,-2.10693,-2.2614768,-2.6934106,-2.914849,-2.9248662,-2.6298947,-2.3706539,-2.2887485,-2.1488914,-1.9373641,-1.8466878,-1.7027907,-1.6347866,-1.7058656,-1.4649069,-1.0902125,-0.55572486,-0.16915065,-0.18367448,-0.3367102,-0.4560141,-0.4451132,-0.20975378,0.021217704,0.021027096,0.021115549,0.021050625
-1.1408129,-1.0918449,-1.3273,-1.2426634,-1.3814476,-1.5478749,-1.7393014,-1.6281728,-1.1937435,-0.8724202,-0.7240576,-0.8895141,-1.106732,-1.247169,-1.1872617,-0.6633869,-0.20951086,0.21550553,0.570993,0.50219774,-0.140977,-0.4319592,-0.20373528,-0.09047559,-0.027786583,0.050550193,0.121282905,0.12963724,0.20699456,0.28157762,0.32920113,0.33303952,0.24828433,-0.07386346,-0.52641857,-1.5333436,-2.2465992,-2.6437263,-2.8273525,-2.8622553,-2.5938904,-1.8393574,-1.2842681,-0.46660995,0.3832966,0.20371002,-0.8035935,-1.0403305,-1.0691897,-1.0624869,-0.97701967,-0.90767646,-0.9181411,-0.8731191,-0.8389875,-0.8846626,-1.077456,-1.3136418,-0.93638855,-0.5124816,-0.29555997,-0.07178989,0.01489526,0.1913864,0.25318608,0.31705397,0.53628665,0.9539361,1.2315749,1.543113,1.9957132,2.5285988,2.8963041,3.2631736,3.5604303,3.3081064,2.7187474,2.4325986,2.4893744,2.5114093,1.8424366,1.015935,0.73885345,0.6698912,0.52037954,0.28940785,0.10637157,0.09996383,-0.13704458,-1.2437167,-2.22652,-2.2621174,-1.8871799,-1.2772889,-1.2817585,-1.0561725,-0.4275047,0.41777807,1.03392,0.6706743,0.120522454,0.23725502,0.8173203,1.2136037,1.3916728,1.495746,1.3994296,0.83340347,-0.3055181,-1.2088606,-1.87797,-2.6275907,-2.77869,-2.7339387,-2.7061472,-2.7129354,-2.7791023,-2.897489,-3.111102,-3.1782055,-2.317878,-1.1217587,-0.47627786,0.08245839,0.27472016,0.20094866,0.25419992,0.33494648,0.44692624,0.96053153,0.15975891,-0.14680603,0.67346627,0.87383723,0.7228839,0.6447997,0.638945,0.5866409,0.399382,-0.60983,-1.6563013,-2.1837301,-2.1938095,-1.7372789,-0.72232354,-0.6161053,-0.88636434,-0.9183572,-0.92483413,-0.93473035,-0.86410666,-0.6637515,-0.15327351,0.12688354,0.2969671,0.44096577,0.4538513,1.3299383,1.9012833,2.0262501,1.5932012,1.7354968,2.5110216,3.258318,4.027805,4.854396,5.1584034,5.2581472,5.263661,5.272104,5.380307,5.428251,5.4095087,5.5070777,5.507118,5.3683543,5.0658855,4.6665845,4.3672447,4.1103697,3.8539724,3.5791366,3.455185,3.4280155,3.2649817,3.1308985,2.954043,2.8131356,2.8256836,2.6906624,2.4276502,1.9499416,1.3842025,1.0977328,-0.36387432,-1.3018119,-1.8612732,-2.1872041,-2.152732,-2.0363595,-1.9337691,-1.7562741,-1.6503983,-1.6172202,-1.6201129,-1.6727425,-1.6965773,-1.7843158,-2.080206,-2.5468483,-2.4847598,-2.3254411,-2.102055,-1.9153508,-1.7898047,-0.1629479,-0.16288044,-0.16279931,-0.16282155
-2.6927853,-2.7150164,-2.6230173,-2.5869894,-2.590983,-2.677085,-2.5683203,-2.5079043,-2.5469847,-2.2333236,-1.7695336,-1.552935,-1.5674802,-1.5967803,-1.6390518,-1.5743909,-1.4451678,-1.1408846,-0.5649853,0.20717584,0.22887047,-0.057211623,-0.20760962,-0.2820591,-0.35819682,-0.42470428,-0.44912532,-0.48216918,-0.5225525,-0.57554615,-0.67188716,-0.7659594,-0.9603243,-1.2111202,-1.4703867,-1.6918982,-1.6476648,-1.4078335,-1.0335518,-0.96776426,-1.2321476,-1.8561153,-1.8738096,-1.4722127,-0.089409366,2.620268,5.0184226,5.5880413,5.8172183,5.865097,6.1155043,6.276638,6.214115,6.3124375,6.4894333,6.420212,6.150201,5.8381805,5.792137,5.426239,4.978281,4.49121,4.2864795,4.136588,4.038582,3.8724582,3.665429,3.3619554,3.1604345,2.9116313,2.6009455,2.3307571,2.1034174,1.8237172,1.493402,1.1612916,0.8779954,0.3050155,-0.40986896,-1.0181087,-1.5094659,-1.8554091,-1.9497627,-1.9812708,-2.0000222,-2.0505066,-2.1470747,-2.2217598,-2.5040183,-2.7860513,-2.576232,-2.4414532,-2.3012729,-2.23654,-2.2755556,-2.2043009,-1.9723294,-1.4970844,-0.8313503,-0.49465883,-0.68579686,-0.62903976,-0.4003265,-0.25087297,-0.15131615,-0.15481867,-0.34243086,-0.7077482,-1.2581124,-1.7871475,-2.1515656,-2.552528,-2.6220927,-2.5706277,-2.494151,-2.475287,-2.5697107,-2.7911463,-3.1161635,-3.2221231,-2.6373515,-1.8465508,-1.1349318,-0.37775412,0.11657524,-0.24745882,-0.869973,-1.2853923,-1.5597751,-1.8641362,-1.7461381,-1.6286695,-1.470712,-1.4916518,-1.4377861,-1.3247424,-1.249722,-1.2927355,-1.469479,-2.228734,-2.38595,-2.0036578,-2.3419957,-2.5841894,-2.4079843,-2.3818045,-2.5144873,-2.5578928,-2.6329665,-2.7723494,-3.0186048,-3.4275293,-3.4628792,-3.2608774,-3.0408497,-2.9560719,-3.0249343,-2.6859531,-2.079568,-0.93083906,-0.48433453,-0.5192457,-0.24694322,-0.18161201,-0.31905192,-0.69914645,-0.9198414,-1.0184636,-1.0324826,-1.0150188,-1.1246152,-1.1979272,-1.2192144,-1.3160574,-1.3899738,-1.3820622,-1.4494132,-1.4817847,-1.4466274,-1.4148786,-1.2727987,-1.1859754,-1.1022098,-1.1109358,-1.083518,-1.0626472,-0.95840967,-0.9577329,-1.0575798,-1.3417029,-1.8481351,-2.2927716,-2.7403011,-2.9046593,-3.0452862,-3.087284,-3.1259866,-3.1354446,-3.103577,-3.0272253,-2.965147,-2.8662443,-2.8698273,-2.836014,-2.9042497,-3.0936198,-3.3367229,-3.424746,-3.3997774,-3.302308,-3.0464792,-2.8995025,-2.840285,-2.8120344,-2.7827106,-2.697948,-2.6978087,-2.697819,-2.6977904
0.097512096,0.26201487,0.35562003,0.30857587,0.104724795,-0.27577212,-0.393364,-0.7300433,-0.95795953,-0.8435114,-0.8054997,-0.8191829,-0.80692947,-0.7882525,-0.8070657,-0.69820654,-0.49673736,-0.22650984,0.06795101,0.20176312,-0.09128396,-0.502954,-0.7939507,-0.83836985,-0.8275548,-0.82963526,-0.7699129,-0.7304145,-0.676838,-0.5466573,-0.33738285,0.008886725,0.6449973,1.4409417,1.9035181,1.9087274,0.8846779,0.3613116,0.08416432,-0.09513566,-0.3177538,-0.27640927,-0.25217673,0.22849014,0.6689501,0.6236668,0.14973268,0.08307004,-0.036301523,-0.11036068,-0.25091493,-0.3128376,-0.3429495,-0.33677235,-0.48094457,-0.67127824,-0.9787056,-1.2289778,-1.3646306,-1.3237455,-1.3036239,-1.2496507,-1.2182999,-1.2002783,-1.1429751,-1.1076417,-1.053733,-1.0052333,-1.0562298,-1.0036117,-0.89904094,-0.7606653,-0.64374447,-0.4274658,-0.13086367,0.09858695,0.21598023,0.29083872,0.22075453,-0.039080188,-0.5430292,-1.0097171,-1.2016702,-1.206037,-1.1740268,-1.2768353,-1.2823771,-1.1798923,-0.8535775,-0.2662433,0.06671488,-0.03843143,-0.042273372,-0.11170234,-0.2730946,-0.2822429,0.04110132,0.41347235,0.66465086,0.115599945,-0.5806518,-0.8344755,-0.6671744,-0.46978766,-0.32837567,-0.07276234,0.22501941,0.33648092,-0.19390789,-0.940752,-1.2644228,-1.7421263,-1.8988004,-2.0295048,-2.0040677,-2.0258303,-2.1046257,-2.0653589,-1.6423556,-0.4181964,0.5927836,1.5362148,1.7905831,1.7998302,1.8184314,1.8441088,1.4164532,1.0191882,0.8602601,0.38362348,-0.018943757,-0.0350731,0.47469282,0.78672695,0.80428904,0.83907586,0.96474725,1.1963476,1.6071161,1.1482202,-0.73927176,-1.5640423,-2.0537868,-2.076386,-1.5638716,-1.4006392,-1.4963498,-1.6747805,-1.7589759,-1.6825924,-1.6031398,-1.5115175,-1.4315181,-1.5668583,-1.7110381,-1.9103537,-1.9096208,-1.4853232,-1.1011771,-1.1489437,-1.3708857,-1.3101323,-1.0112349,-0.6958837,-0.44934762,-0.13240504,0.02317664,0.11494714,0.14392164,0.09763566,0.11778927,0.14012325,0.1606301,0.2284621,0.24926656,0.23613119,0.22702721,0.23175952,0.28566092,0.31612402,0.41384596,0.49689683,0.63087344,0.7345799,0.7237221,0.74978447,0.80653805,0.895594,1.0420289,1.1203669,0.82527256,0.3899414,-0.20899154,-0.7194647,-1.4731752,-1.8709058,-2.1037407,-2.2841303,-2.2844067,-2.1935964,-2.051999,-1.8268049,-1.6788746,-1.6557751,-1.6333468,-1.5497658,-1.2647675,-1.1471994,-1.0300313,-1.035466,-0.98069865,-0.974852,-1.0690401,-1.1037899,-1.0799695,-0.520458,-0.5200859,-0.52017516,-0.5200636
-0.7001755,-0.9094957,-1.2961398,-1.2987603,-1.4875014,-1.7196624,-1.856654,-1.7150223,-1.6866022,-1.8327311,-1.8482602,-1.8321562,-1.7796926,-1.7117674,-1.6768546,-1.5537488,-1.4762659,-1.2450291,-0.8921318,-0.58974147,-0.8086616,-1.1704212,-1.6048744,-1.7782714,-1.8657748,-1.9457192,-1.9564683,-1.9840531,-2.0249336,-2.0887322,-2.1622221,-2.2043452,-2.2950084,-2.4625432,-2.6433055,-2.8255038,-2.6400123,-2.376247,-2.2862291,-2.1060014,-1.8792143,-1.3999746,-1.152956,-0.753806,0.25381914,1.4620926,2.0657687,2.1989472,2.0221944,1.5854949,1.1664674,0.74803245,0.69339603,0.4267684,0.17611998,-0.19501227,-0.095959805,0.16946438,-0.193618,-0.5953734,-0.73863465,-0.94521415,-0.92386234,-1.0300208,-1.0657376,-1.143354,-1.324467,-1.5638984,-1.7006096,-1.7943718,-1.8876054,-1.9788322,-2.064588,-2.1455805,-2.2076504,-2.2000966,-2.1204934,-2.1459277,-2.1943505,-2.3803253,-2.7085266,-2.9132318,-2.849404,-2.7490144,-2.5845494,-2.4941647,-2.4409647,-2.4230886,-2.1924858,-1.6900529,-1.706579,-1.8256556,-1.8073106,-1.7407873,-1.7798359,-1.6958916,-1.4670165,-1.0366076,-0.5387866,-0.1810055,0.13228333,0.43651068,0.86002815,1.0739782,1.2198825,1.3833222,1.4219439,1.2488669,0.53024805,-0.22482948,-0.5858978,-0.87411857,-0.983466,-1.0455856,-0.9614931,-0.91340643,-0.92143977,-0.9415901,-0.9565234,-1.195009,-1.4084957,-1.1947403,-0.55459046,0.092574194,0.5456271,0.54403555,0.19222336,-0.11613765,-0.36318642,-0.7285454,-0.38620448,0.022183493,0.3296935,0.9661721,1.3365368,1.518433,1.6684469,1.703554,1.6117975,0.89695346,0.67800605,0.15421507,-0.90043575,-1.2222354,-0.52960587,-0.5386774,-0.62826496,-0.97621524,-1.2490255,-1.5209553,-1.7664362,-2.0628395,-2.156343,-2.2247777,-2.1110823,-1.7968593,-1.9353044,-1.7468872,-1.1267132,-0.11158686,-0.18168783,-0.31648123,-0.30221796,-0.42567018,-0.675414,-0.9952028,-1.1085106,-1.0995808,-1.1013478,-1.0843434,-1.1675416,-1.1692896,-1.1888225,-1.22966,-1.2354732,-1.2363701,-1.2567859,-1.3509872,-1.518326,-1.6748626,-1.8198757,-1.9300188,-2.0157738,-2.1163316,-2.1868687,-2.2122493,-2.1455603,-2.0339298,-1.8199852,-1.5957992,-1.3080177,-1.0852808,-1.0265855,-1.1042068,-1.1364845,-1.1188607,-1.1613395,-1.1172656,-1.0503378,-0.97093034,-0.908312,-0.84802043,-0.83191043,-0.7728101,-0.7807961,-0.878348,-0.96737516,-1.0438304,-1.1420877,-1.0144383,-0.7025541,-0.67593193,-0.57771474,-0.4078092,-0.17402858,-1.7883469,-1.7885466,-1.788492,-1.7885458
-2.8505583,-2.5704882,-1.7658522,-1.851291,-1.4072887,-0.85046554,0.7916641,1.1688838,0.8526331,1.4729323,2.170241,2.5704813,2.8495998,3.230503,3.249258,2.8925717,2.6668067,2.8195024,3.7630982,6.0804453,8.275086,9.773698,10.402746,10.52998,10.560715,10.630068,10.686674,10.73462,10.776491,10.850034,10.876705,10.829031,10.628528,10.138911,9.551767,8.493363,7.120321,5.583312,3.9971247,2.155854,0.029785052,-1.915529,-2.424451,-2.8807254,-3.058691,-2.3500628,-0.64941955,-0.08948925,0.23345317,0.4535336,0.61145747,0.57162696,0.29244372,-0.00057706237,-0.1608032,-0.4660301,-0.9960482,-1.5113754,-1.464257,-1.3661232,-0.8906039,-0.38516632,-0.1654203,-0.0031651482,0.0340536,0.098333746,0.1503652,0.29250103,0.35583574,0.4178517,0.43061212,0.36552924,0.2822801,0.16172482,-0.048403718,-0.22555044,-0.5153238,-1.0440657,-1.908459,-2.9563031,-3.5917473,-3.5653782,-3.517469,-3.435327,-3.3376212,-3.2467473,-3.1029034,-2.965734,-2.9997404,-3.077556,-3.1300485,-3.25831,-3.4400601,-3.606315,-3.7134142,-3.7988105,-3.8530917,-3.9830933,-4.2020497,-4.031513,-3.3789887,-2.72207,-2.1514637,-1.9165778,-1.8764234,-1.9386499,-2.1134114,-2.4710345,-2.7040515,-3.007574,-3.2694497,-3.3385334,-3.1307127,-2.9124467,-2.8576374,-2.793431,-2.794145,-2.9629834,-3.3381972,-3.7242103,-3.6183863,-3.5598726,-3.4866724,-3.176491,-2.9708996,-2.7697158,-2.4984517,-2.2931356,-2.168073,-2.048611,-2.0696828,-2.3200068,-2.1150057,-1.7328736,-1.3087379,-1.1371746,-1.135918,-1.1870524,-1.3070831,-1.8385141,-2.7150383,-3.4789264,-3.7307618,-3.6952806,-3.2277846,-2.8157077,-2.8681898,-2.837099,-2.7891974,-2.8756638,-2.8843987,-2.684356,-2.4947925,-2.3603714,-2.351891,-2.2908237,-2.5413728,-2.741376,-2.6785114,-2.1436949,-1.4551715,-0.90088916,-0.203695,0.14571208,0.39458907,0.37442082,0.32625908,0.2984867,0.3315577,0.3613638,0.37589425,0.39503255,0.5025819,0.48628372,0.40482026,0.4886681,0.5921178,0.68413675,0.8719998,0.9669541,1.0889732,1.121795,1.1893932,1.2089097,1.2506582,1.2341983,1.2083464,1.2917845,1.3524195,1.1996145,0.7797729,0.2240938,-0.2975604,-0.49608618,-1.2365237,-1.7920077,-2.1644478,-2.2633495,-2.27041,-2.2735677,-2.2428465,-2.195156,-2.2408724,-2.3098562,-2.438232,-2.7353144,-3.063165,-3.1186843,-3.1442127,-3.043231,-2.7885942,-2.7483456,-2.839848,-2.8739822,-2.898748,-2.9398685,-2.939744,-2.9397554,-2.9397292
-1.3890018,-1.4786043,-1.9026101,-1.859659,-1.9372361,-1.8645182,-1.661669,-1.6295286,-1.7314594,-1.7793171,-1.8153051,-1.822784,-1.8322264,-1.870871,-1.8139985,-1.6260669,-1.5497255,-1.534915,-1.5780499,-1.8565557,-1.5295695,-1.4309251,-1.3747036,-1.3572351,-1.3754047,-1.3656545,-1.3734382,-1.3706827,-1.3726344,-1.3674533,-1.3968256,-1.454492,-1.5372059,-1.5459474,-1.3215436,-0.9032738,-0.5087535,-0.44347438,-0.23377845,-0.07753968,0.19810054,0.09106332,-0.0025134683,-0.26502398,-0.7724652,-1.1283363,-1.0814066,-1.0416694,-0.94950646,-0.6869981,-0.45099828,-0.27358344,-0.23130971,-0.20954691,-0.3335244,-0.10987401,-0.057103634,-0.23955011,-0.40519828,-0.54702914,-0.9198232,-1.4573328,-1.7941196,-1.9157058,-1.9433181,-2.0240667,-2.069262,-2.0534792,-2.0848656,-2.066891,-2.0327778,-1.9902315,-1.9829903,-1.9461193,-1.8444669,-1.8892835,-1.9862854,-2.0428958,-1.840697,-1.1940846,-0.27783415,0.08939932,0.049375944,-0.06953734,-0.25315124,-0.35338986,-0.55368066,-0.85453707,-1.4409012,-1.913312,-1.7047143,-1.3270445,-1.1801671,-1.1171974,-1.060944,-1.086135,-1.2197179,-1.491473,-1.9027505,-2.3332663,-2.696425,-3.0600772,-3.161707,-3.0577593,-2.921029,-2.6614656,-2.1563177,-1.4426116,-0.94740915,-0.8477539,-0.7928579,-0.64610803,-0.48071623,-0.43601686,-0.5270784,-0.66910577,-0.8161818,-0.85312045,-0.8599913,-0.89032274,-0.8249057,-0.5087814,-0.31572568,-0.41479468,-0.7357973,-0.56273735,0.13746718,0.6076521,0.72382563,0.16215661,-0.8336593,-1.1611367,-0.81544966,-1.1021847,-1.4229708,-1.6661493,-1.8143272,-1.8155503,-1.6044345,-0.87155503,-0.90483767,-1.1522222,-0.8347808,-0.97427464,-1.6157349,-1.6622566,-1.6073141,-1.43199,-1.332525,-1.1346827,-0.98465735,-0.7456928,-0.45732456,-0.3030465,-0.3625021,-0.48875052,-0.24486592,-0.050909214,-0.18612424,-0.92988455,-1.5370792,-2.2347403,-2.993162,-3.0613956,-2.8836417,-2.5205822,-2.3715005,-2.350315,-2.3594217,-2.3651726,-2.304271,-2.2775507,-2.274602,-2.2013512,-2.1642814,-2.1311898,-2.041981,-1.9212654,-1.7603496,-1.6104858,-1.3557901,-1.1065031,-0.9317014,-0.7487181,-0.5158927,-0.36947036,-0.17148787,0.15245482,0.59775746,1.4145796,2.3118367,2.8898134,3.0634923,2.9194236,2.09606,1.2639533,0.7811688,0.24176446,-0.2048108,-0.36905232,-0.55643004,-0.7927817,-0.89279747,-1.0120919,-1.0709538,-1.0935619,-1.3409922,-1.3901324,-1.3374659,-1.090034,-0.94700843,-0.95586723,-0.957165,-1.0675325,-0.98817754,-0.82508487,-0.8249149,-0.8249678,-0.8249329
-3.7531838,-3.7023106,-3.3134844,-3.2630138,-3.0929923,-3.038888,-2.870152,-2.7241435,-2.4724045,-2.009767,-1.65401,-1.4692512,-1.5592201,-1.710568,-1.8125379,-1.87468,-1.8854419,-1.8461838,-1.6182333,-1.1485116,-0.77293193,-0.38720018,-0.2737904,-0.29475236,-0.33888325,-0.38341033,-0.40763974,-0.4283319,-0.46533778,-0.5155125,-0.6047125,-0.7526405,-1.0214655,-1.3382671,-1.6338699,-1.8614635,-1.7223873,-1.8555295,-2.0259645,-2.344336,-2.7384362,-3.2924852,-3.257942,-2.9850092,-2.2722619,-1.1474792,-0.15283301,0.07074219,0.09453499,0.06510919,0.24161091,0.4044493,0.38894472,0.41954887,0.5058661,0.5133871,0.24620672,-0.06822464,0.12881115,0.08138475,0.2277233,0.30282384,0.31808442,0.372681,0.36344996,0.34229085,0.3549428,0.34188834,0.3261112,0.28209442,0.20520552,0.09708693,-0.044451818,-0.24908537,-0.5408082,-0.7903658,-0.98588383,-1.2621536,-1.5249711,-1.6879852,-1.9772475,-2.2519245,-2.3515117,-2.3854766,-2.4309392,-2.4524179,-2.5477262,-2.5914853,-2.9559193,-3.76363,-4.1357727,-4.061547,-3.883245,-3.6919167,-3.6658812,-3.5449367,-3.375541,-3.0613527,-2.5280356,-1.6707306,-1.071224,-0.7275269,-0.661452,-0.7389434,-0.8216129,-1.06984,-1.512914,-2.118075,-2.713414,-3.2303615,-3.5107138,-3.705699,-3.7215571,-3.6857886,-3.691451,-3.6799626,-3.7061007,-3.8765213,-4.183298,-4.2902837,-3.8952608,-3.5657475,-3.2030048,-2.610714,-2.1714752,-2.1086528,-2.3785872,-2.4838865,-2.4700742,-2.4067378,-2.258727,-2.3816366,-2.7023013,-3.0465693,-2.9610736,-2.8233323,-2.7553244,-2.8069215,-2.977891,-3.0583775,-2.8191278,-2.7925797,-2.9337878,-3.0568037,-2.5826697,-2.313051,-2.4556143,-2.528694,-2.589984,-2.8304732,-3.2076106,-3.6740515,-3.5754042,-3.2568045,-3.10842,-2.9825773,-3.1496582,-3.0734618,-2.7807264,-1.5500376,-0.3589721,0.49282634,1.191025,1.4090359,1.3334346,0.98362684,0.6919031,0.5273539,0.44595674,0.39110875,0.15108623,-0.038972743,-0.11483092,-0.37925035,-0.6407592,-0.73544955,-0.9953699,-1.0914391,-1.0313779,-1.0137074,-0.9638188,-0.9493637,-0.9418664,-0.9639592,-0.9795946,-0.9754752,-0.9365316,-0.9561482,-1.0618441,-1.3732188,-1.848463,-2.2423153,-2.6857457,-2.8605773,-3.150106,-3.2090368,-3.2687979,-3.1818004,-3.1985717,-3.2395072,-3.2635722,-3.3262742,-3.4262848,-3.4658828,-3.5684097,-3.8220005,-4.1373672,-4.287648,-4.474455,-4.510883,-4.354725,-4.214613,-4.1269603,-4.137531,-4.046047,-3.5586758,-3.558734,-3.55871,-3.5587466
-3.2841666,-3.1380193,-2.399718,-2.4462624,-2.2323666,-2.2125149,-2.1221604,-1.5394694,-1.008608,-0.514539,-0.1924705,0.016637146,0.116973326,0.16346364,0.110877946,0.011030108,-0.06807352,-0.11196676,0.021562006,0.42881867,0.44687355,0.6147033,1.0226359,1.1065683,1.1181468,1.1171889,1.0879,1.0875221,1.0787369,1.0621828,1.0460004,1.0729162,1.2018872,1.3695464,1.2623717,0.8996014,0.5141395,0.30126742,0.20177393,0.012632996,-0.4376073,-1.1025331,-1.1555644,-1.1918495,-0.7654298,0.8050651,2.5622053,3.0755022,3.30521,3.531285,3.8673108,3.9453611,3.8107986,3.6274676,3.5471277,3.333457,2.8145027,2.2386243,2.4717681,2.8947377,3.6621885,4.238645,4.4622974,4.643114,4.718568,4.7846646,4.8848886,5.05637,5.1464205,5.266261,5.3670373,5.398651,5.3873305,5.339808,5.2340283,5.1131854,4.9266415,4.416417,3.480484,2.1187294,0.60352457,-0.078327425,-0.2781399,-0.29032123,-0.25695664,-0.3926564,-0.51797515,-0.46864164,-0.7998197,-1.6863918,-2.0055616,-2.25206,-2.4162984,-2.5918589,-2.716482,-2.7513144,-2.7389371,-2.6574802,-2.2174232,-1.4288627,-0.5674392,0.17157698,0.8184615,1.1436906,1.2714626,1.328757,1.2649806,0.81083834,-0.06071773,-0.7733332,-1.1200031,-1.4289755,-1.325669,-1.1045221,-1.0112641,-0.8731214,-0.7159078,-0.7049414,-0.9408392,-1.064107,-1.0561495,-1.2191517,-1.0286859,-0.49960995,-0.015164485,0.090308264,-0.07819781,-0.20163634,-0.38003296,-0.28766605,0.058170885,0.07449007,0.024212733,-0.0748034,0.108338684,0.24828641,0.32305354,0.24362427,-0.021042578,-0.5870955,-1.5904815,-2.3954232,-2.9386077,-3.1218646,-2.4322605,-1.8414185,-1.8989882,-1.8978708,-1.9550085,-2.0215468,-2.0955732,-2.2294397,-2.2533486,-2.0233521,-1.2486162,-0.78658587,-1.1538328,-1.8430649,-2.0523412,-1.4011924,-0.5484659,0.113651425,0.7824099,1.0389572,1.1134096,0.9389814,0.82773364,0.78196687,0.8429731,0.9100609,0.93343425,0.9548346,1.0303231,0.9569837,0.8432212,0.95800924,1.0786341,1.1999344,1.3477894,1.4122077,1.548826,1.6662962,1.771926,1.8131078,1.9553683,2.0611947,2.277845,2.5017703,2.6461549,2.640459,2.424886,1.9893553,1.3729229,1.1093687,0.16453049,-0.42531553,-0.7777301,-0.8214802,-0.8339686,-0.8318826,-0.7639183,-0.7369171,-0.8253725,-0.84869444,-0.94247043,-1.152156,-1.4701022,-1.6340077,-1.9528795,-2.1159074,-1.8987283,-1.8255634,-1.729295,-1.781332,-1.8385704,-3.381828,-3.3818731,-3.3819044,-3.3819165
-2.705289,-2.4825115,-1.6024954,-1.6024494,-1.1979789,-1.0186813,-0.7003789,-0.3990028,-0.0557023,0.19915214,0.3061552,0.31071457,0.26155075,0.33251715,0.32136813,0.2845626,0.27284208,0.37539452,0.7103719,1.485,1.90689,2.2271311,2.4504282,2.4828932,2.5475817,2.6035647,2.6065886,2.656556,2.648626,2.6260695,2.5218453,2.3325667,2.0880837,1.8281744,1.5704787,1.1440446,0.7162323,0.33791584,-0.115106076,-0.63896465,-1.3946419,-2.0567057,-2.2082162,-2.3258257,-2.1562772,-1.2630538,-0.13020468,0.32444727,0.78209895,1.3547598,1.5583246,1.3972005,1.24287,1.1170423,1.0087963,0.85268503,0.7762854,0.69266963,1.2876455,2.2462027,3.6185188,4.442726,4.701611,4.8819733,4.905769,4.9697433,5.038515,5.154599,5.2178144,5.3013983,5.367916,5.3419356,5.2565064,5.104037,4.880061,4.774279,4.609815,4.078625,2.937861,1.0412812,-0.723194,-1.1279141,-1.1577159,-1.0939064,-1.0070889,-1.0940857,-1.0954032,-1.0611873,-1.33961,-2.297313,-2.8098454,-3.0597153,-3.2480974,-3.2884808,-3.4000664,-3.4350958,-3.381299,-3.280878,-2.8694057,-1.773285,-0.71918637,0.058845118,0.54373205,0.67935824,0.65458155,0.4905897,0.1518026,-0.5395302,-1.4478638,-2.1919825,-2.550333,-2.6239324,-2.4489045,-2.3030822,-2.3049586,-2.2807317,-2.269197,-2.6326838,-3.1661873,-3.4700303,-2.9126177,-2.0261242,-1.4980489,-0.885055,-0.6282607,-0.7565494,-1.0000129,-1.0394804,-1.0485321,-0.34822756,0.48171747,0.8205576,0.7179207,0.9176285,1.1797369,1.258966,1.2159677,1.0618,0.68636274,-0.53578806,-1.8637072,-2.8071377,-3.3290868,-3.5111833,-3.1572814,-2.7976694,-2.8542538,-2.6985288,-2.453492,-2.1754565,-1.9084814,-1.4809879,-1.0605559,-0.82856965,-0.642606,-0.2826655,-0.6709864,-1.257426,-1.1592176,0.47919428,2.2038279,2.8946652,3.327179,3.4629421,3.4898582,3.1247063,2.897523,2.792491,2.754736,2.7508755,2.6130097,2.537044,2.5642843,2.418677,2.317031,2.3676772,2.366539,2.4097724,2.457634,2.4357164,2.3011713,2.1329255,2.0250778,1.8971285,1.7875535,1.720485,1.554601,1.4413466,1.2996048,0.94053555,0.31307712,-0.26282853,-0.7367394,-1.0202472,-1.605814,-1.8910495,-2.037016,-1.8883876,-1.7593056,-1.7189541,-1.6244936,-1.5233203,-1.5462042,-1.5397344,-1.6014667,-1.8908136,-2.187685,-2.2003303,-2.1585815,-1.8618171,-1.5196,-1.4325991,-1.4927099,-1.5660233,-1.4971986,-2.671962,-2.6721482,-2.6720507,-2.6721094
0.024300262,0.2343922,0.68275166,0.83037984,0.94242525,0.9566434,0.83955705,0.3851741,0.017383568,-0.26094848,-0.24937135,-0.23823693,-0.27291453,-0.26322487,-0.31183556,-0.58059853,-0.7049699,-0.7392286,-0.7084043,-0.44756564,-0.051474094,0.74742657,0.9359896,0.95736605,0.983765,1.0151953,1.0411862,1.0351884,1.0640435,1.120092,1.1504579,1.0905527,0.90822804,0.65507483,0.48363593,0.18976441,0.097512335,-0.17816949,-0.6643208,-1.1290648,-1.6489491,-2.2588327,-2.3231838,-2.2233727,-1.5259749,-0.39463362,0.18087888,0.16014111,-0.009183645,-0.33983517,-0.50970954,-0.675471,-0.7837545,-0.89870214,-1.0156103,-1.1668242,-1.3985784,-1.5613877,-1.3474607,-1.1894596,-0.97175914,-0.7638359,-0.7024876,-0.60259795,-0.6357323,-0.6276977,-0.6001335,-0.5414244,-0.47560197,-0.44516408,-0.4183401,-0.41815734,-0.4492668,-0.48875806,-0.6091721,-0.8231487,-1.1399691,-1.4596114,-1.8070571,-2.2106686,-2.6712706,-2.8438601,-2.8652744,-2.8576555,-2.9122174,-2.9157572,-2.8969746,-2.8441582,-2.8464622,-2.6263309,-2.390028,-2.0458982,-1.7501266,-1.2538209,-1.2541589,-1.0378125,-0.51001835,0.42224953,2.4032316,4.753845,6.2678566,7.000322,7.458373,7.606084,7.6587734,7.6726394,7.5480475,6.9719276,5.2356977,2.8894396,1.4267882,-0.30833617,-1.0264908,-1.2026703,-1.3418009,-1.5610108,-1.7993166,-2.0017118,-2.2216272,-2.4938822,-2.1569002,-1.8887125,-1.7736688,-1.4492666,-1.2583104,-1.5977049,-2.098928,-2.4160411,-2.5959911,-2.081174,-2.1432564,-2.0831869,-1.9634011,-1.9560556,-1.9436115,-1.8617904,-1.7511722,-1.7265724,-1.8438724,-2.1826534,-2.1491745,-1.8599868,-1.950046,-1.9223406,-1.5714847,-1.5199516,-1.5914019,-1.8442031,-1.9287577,-1.7710192,-1.414932,-0.9833366,-0.39892462,-0.047123358,0.22385153,0.8612972,0.8751074,1.4579453,2.163132,4.2399025,5.973612,7.2224007,7.9417853,8.198617,8.347975,8.544321,8.644149,8.667707,8.667198,8.664183,8.696329,8.704958,8.687249,8.73593,8.7513895,8.67651,8.521963,8.345923,8.214625,8.092003,7.941147,7.7248106,7.5851154,7.5045977,7.314682,7.16455,6.955021,6.464895,5.755733,4.3989763,2.6341305,1.1466066,-0.0101415515,-0.43393457,-1.6565101,-2.208233,-2.3791275,-2.3452606,-2.30269,-2.2349398,-2.2341151,-2.2044303,-2.1262105,-2.1175816,-2.196278,-2.3827014,-2.498901,-2.4898372,-2.3674083,-2.1447446,-2.105043,-2.097304,-2.1763134,-2.2419863,-2.4764504,-0.17231186,-0.17225519,-0.17222442,-0.17222083
6.170723,6.4954166,7.2689047,7.262661,7.5359287,7.814456,8.182634,9.014833,9.981992,10.847305,11.210085,11.260134,11.124303,10.884562,10.871647,11.285208,11.430615,11.517524,11.485895,10.759096,9.417478,7.4434023,5.833752,5.299752,5.049116,4.7577133,4.614338,4.448591,4.2109947,3.8323517,3.3549151,2.7177064,1.4808878,0.45926178,-0.05730085,-0.5692,-0.87215686,-0.5240409,-0.2230956,-0.11723974,-0.15695731,-0.1850116,-0.11207113,0.041072935,-0.4345329,-1.4533498,-1.7675065,-1.7738428,-1.8236436,-1.9272655,-1.9643197,-2.0052757,-2.0337222,-2.0162487,-1.9972403,-1.935619,-1.7965223,-1.6820662,-1.5433387,-1.5228994,-1.5448234,-1.5549742,-1.55427,-1.5506647,-1.5429463,-1.5627427,-1.5921855,-1.7096975,-1.8076408,-1.9006169,-2.04287,-2.1976743,-2.3325882,-2.4667287,-2.6150992,-2.7630687,-2.8345418,-2.9102135,-2.9252312,-3.0470176,-2.7348049,-2.307054,-2.1761389,-2.17293,-2.159695,-2.1225328,-2.1016355,-2.2420177,-2.4804568,-2.3921175,-1.8830701,-1.4728084,-1.1923815,-0.6353725,-0.45139837,-0.23409435,0.08144656,0.26150987,0.009419788,-0.5267541,-0.803955,-0.838506,-0.85541713,-0.9489789,-1.060236,-1.3093363,-1.665871,-1.9822872,-2.209078,-2.0072565,-1.6853299,-1.0225294,-0.61729014,-0.50677955,-0.44642305,-0.2972139,-0.11642224,-0.024690323,-0.05489398,-0.5945676,-1.3845427,-1.5088886,-1.369405,-1.4013108,-1.6446474,-1.7632139,-1.757234,-1.4721825,-1.1061442,-0.99230444,-1.1950606,-1.4383771,-1.4947233,-1.4171474,-1.3991086,-1.4858896,-1.6198289,-1.76003,-1.8759269,-1.8461863,-1.4980402,-1.1910596,-0.6883075,-0.48040104,-1.150342,-1.2202201,-1.1113716,-0.8226244,-0.6674132,-0.584726,-0.5411947,-0.055578418,0.16590723,0.33467683,-0.25753462,-0.27893978,0.07608582,0.43640825,0.37893826,0.32815394,0.7098247,0.6089781,-0.064669624,-0.3864854,-0.6356556,-0.7983211,-0.8365878,-0.85444534,-0.9196422,-0.9793223,-1.0150028,-1.0367584,-1.0745046,-1.1052048,-1.1524541,-1.18471,-1.183911,-1.14604,-1.1227444,-1.0912968,-1.1036193,-1.123574,-1.1361978,-1.172838,-1.2030114,-1.2312909,-1.2911501,-1.3915501,-1.5008477,-1.5471274,-1.44609,-1.2019823,-0.90703356,-0.7764013,-0.46536395,-0.17281765,0.061625164,0.40806037,0.43507105,0.3791571,0.27982768,0.18499503,0.18093722,0.18203852,0.24343672,0.26374382,0.092974655,0.12310822,0.37379348,1.0660927,1.2702248,1.2087604,1.0358014,0.8777672,0.7612485,3.015617,3.015813,3.0157115,3.0157974
3.4046454,2.3030596,-0.83463156,-0.7003134,-1.3068137,-1.4179547,-1.3719164,-1.5109432,-1.7219647,-2.0046566,-2.2092535,-2.2888927,-2.367496,-2.4414191,-2.5038805,-2.480093,-2.4115825,-2.3366916,-2.0876126,-1.7660526,-1.5121553,-1.9235058,-1.9463199,-1.8820734,-1.8529809,-1.8192251,-1.8519975,-1.8655379,-1.9107621,-2.0034723,-2.0654514,-2.1602893,-2.1939583,-2.1314237,-1.8013235,-0.8058481,0.29922587,0.40293652,-0.17875087,-0.41546845,-0.40424985,-0.19036806,-0.043679297,-0.062250227,-0.2870891,-1.203699,-2.343891,-2.7368736,-2.8191977,-2.6618066,-2.5896657,-2.4976149,-2.4235127,-2.3150463,-2.220971,-1.78892,-1.1930413,-0.7450938,-0.83323085,-1.2226815,-1.7510198,-2.2943304,-2.4906752,-2.5323253,-2.565322,-2.563325,-2.5342493,-2.4597538,-2.359515,-2.2367759,-2.0529528,-1.8076985,-1.5311984,-1.1977527,-0.71396923,-0.2628169,0.1354069,0.5439345,0.68119746,0.85608256,1.560011,2.0099087,2.051244,2.0081058,1.9648297,2.088534,2.207854,2.1756513,2.0097747,1.933695,1.8362823,1.6620715,1.6670942,1.363599,1.6355498,1.6033924,1.1299455,0.48008075,-0.44415903,-1.350806,-1.6333188,-1.5579579,-1.2277014,-0.89411306,-0.5956884,0.15740535,1.6416649,4.1203556,6.9332414,8.34815,8.89818,9.477974,9.755825,9.82007,9.828533,9.854536,9.842279,9.632446,9.290003,8.74325,7.924109,5.275799,2.0919638,0.19455326,-0.7334129,-0.86499655,-0.6812858,-0.5281347,-0.47019917,-0.781212,-1.384485,-1.7715979,-1.731959,-1.7778828,-1.8898243,-1.9602665,-2.0296612,-1.9931023,-1.822931,-1.2027746,-0.95662487,-0.97537327,-0.6464425,-0.81033283,-1.8308508,-2.0735474,-1.8405972,-1.9217128,-1.9585702,-2.03586,-2.301328,-2.1446092,-2.089009,-2.2797537,-2.4816918,-2.637018,-2.3323948,-2.2559457,-2.3596911,-2.8169096,-3.142844,-3.451901,-3.3354692,-3.1699948,-2.9815655,-2.7839048,-2.6596546,-2.596126,-2.5711823,-2.5879183,-2.522478,-2.523688,-2.5614905,-2.5070643,-2.4771225,-2.522507,-2.553317,-2.576805,-2.560932,-2.5327787,-2.4492183,-2.4125512,-2.3784146,-2.3299556,-2.2470121,-2.2456102,-2.168078,-1.8900881,-1.3556902,-0.38155735,1.5626398,3.3794327,5.237078,6.170462,8.078347,9.105565,9.824059,10.45916,10.809153,10.926195,10.964837,11.06204,11.121553,11.161599,11.11448,11.004146,10.822551,10.679507,10.215774,9.386812,9.006706,8.83498,8.752322,8.768063,8.903614,6.7226,6.7223115,6.722439,6.7223454
-0.83853287,-0.7697021,-0.6409374,-0.687276,-0.66722566,-0.61962044,-0.6899668,-0.8400947,-0.9565906,-0.6465322,-0.46377414,-0.4191914,-0.35607967,-0.30328354,-0.1656931,-0.016252667,-0.052057147,-0.1644553,-0.3794413,-0.7788623,-1.0647279,-1.189838,-1.2478924,-1.236119,-1.2448707,-1.26653,-1.2858174,-1.3049786,-1.3105916,-1.3444777,-1.3716621,-1.4055995,-1.4966342,-1.5104585,-1.3927386,-1.0914699,-0.8769663,-0.6069006,-0.28657252,-0.14044188,0.14870158,0.33436573,0.20759135,0.14755964,-0.5104585,-1.6314292,-2.3454316,-2.4873538,-2.4503057,-2.3266654,-2.2058325,-1.8969662,-1.7196662,-1.4721375,-1.1538155,-0.9100148,-0.93802917,-1.0817599,-1.1161548,-1.2115698,-1.5512972,-1.809917,-1.911485,-1.9669346,-1.9409766,-1.9398984,-1.9006064,-1.8767724,-1.8311436,-1.7758603,-1.6821682,-1.5454314,-1.4019974,-1.2624841,-1.0951539,-0.93012136,-0.669771,-0.28295505,0.030326398,0.18558103,0.46128732,0.59546804,0.58775854,0.540159,0.5289871,0.5178442,0.4858642,0.5278659,0.8154918,0.85030645,0.54250205,0.51972264,0.38558176,0.14505865,0.12189132,0.067413256,-0.08343217,-0.41702843,-1.0600841,-1.5335829,-1.7028486,-2.118502,-2.6716866,-2.9691155,-3.1203666,-3.3071787,-3.4698546,-3.4130204,-2.9226341,-2.4463437,-2.0537605,-1.7032527,-1.6647489,-1.6441231,-1.6429012,-1.5319289,-1.4469447,-1.3133678,-1.1020129,-1.2071404,-1.3373466,-1.6466043,-2.078632,-2.4610977,-2.588112,-2.195,-1.5397582,-1.0581732,-0.8011947,-1.1178771,-1.4502366,-1.5331073,-1.1979735,-0.8402754,-0.5734643,-0.2535252,0.03172779,0.3576233,1.2202339,5.7256246,9.113103,10.235096,10.501297,10.167334,9.163569,8.26316,8.049927,7.816621,7.5300193,6.9096937,5.936548,3.6555092,2.054374,1.8793672,1.8939836,1.6123319,1.9373522,2.267086,1.9384778,1.3135445,0.93576825,0.3873976,-0.9427749,-1.6830468,-2.1254196,-2.1674485,-2.1245577,-2.1558592,-2.2204592,-2.2686336,-2.251473,-2.2600203,-2.2988033,-2.2630024,-2.2555716,-2.3903446,-2.5694127,-2.7063212,-2.7906988,-2.8297997,-2.8968692,-2.9476461,-3.0046551,-3.0046966,-3.0073483,-3.0190933,-3.0214825,-2.9849224,-2.9050965,-2.7262697,-2.5304096,-2.3561878,-2.0575588,-1.7145267,-0.9402257,-0.55187345,-0.46986982,-0.62160754,-0.7077819,-0.79388547,-0.88425493,-1.0232366,-1.1440051,-1.2071571,-1.202067,-1.0613434,-0.8806693,-0.7217257,-0.5902219,-0.9873894,-1.6791108,-1.8255534,-1.6992173,-1.6909223,-1.8348546,0.19255866,0.19284824,0.19272926,0.19282678
-2.8375292,-2.8175032,-2.786837,-2.803754,-2.7494903,-2.5796578,-2.4950967,-2.4378896,-2.351755,-2.2210217,-2.0903406,-2.0218077,-2.0503597,-2.1079879,-2.1091378,-2.110006,-2.0923493,-2.125845,-2.096089,-1.8413494,-1.5306404,-1.8602467,-2.2629635,-2.372369,-2.4202447,-2.4545267,-2.4712362,-2.4999838,-2.5207844,-2.570073,-2.6486597,-2.7859306,-2.992478,-3.0885682,-2.9955435,-2.6034155,-1.9840132,-1.8088369,-1.9040279,-2.115854,-2.2873652,-2.1340652,-1.9548253,-1.9143829,-2.2125952,-2.7428427,-3.232078,-3.4333677,-3.6609669,-3.8801332,-3.9674108,-3.972014,-3.9838684,-3.959015,-3.7910903,-3.7066646,-3.7123082,-3.5792804,-3.604548,-3.8590872,-3.9480405,-3.889318,-3.8724556,-3.8764923,-3.8875594,-3.9129853,-3.9113057,-3.8684888,-3.8235583,-3.742957,-3.6218948,-3.4959185,-3.3874092,-3.2600636,-3.0346117,-2.776174,-2.4344828,-1.8705895,-1.109303,-0.39195946,0.2555214,0.5354157,0.60639274,0.5920933,0.5310646,0.5805974,0.5955844,0.65285033,1.1858501,2.7098045,4.414458,5.3512335,5.6916256,5.6319065,5.563035,5.551689,5.3434463,4.8933134,4.0937686,3.05146,1.2186409,-0.6973398,-2.3062935,-2.9992085,-3.271196,-3.5201912,-3.691639,-3.52535,-2.8781772,-2.4073956,-1.9070019,-1.4785682,-1.6228153,-1.63064,-1.6813561,-1.6868372,-1.7971256,-1.7764935,-1.6432321,-1.4352902,-1.6538907,-2.3280818,-2.7529094,-3.0754972,-3.2213602,-3.2515147,-3.0937548,-2.9109547,-2.7716973,-2.9534101,-2.9421065,-2.2844849,-1.7656803,-1.910404,-2.113318,-2.2275982,-2.3220177,-2.3797855,-2.3149204,-0.9216615,0.6988203,1.0173929,0.9768597,0.3378613,-1.2668903,-1.7357477,-1.7195115,-1.6194371,-1.5257432,-1.4436163,-1.3333441,-1.4539839,-1.6416134,-1.6416302,-1.796086,-1.9510688,-1.815282,-1.7296084,-1.6172768,-1.8273631,-2.0031285,-2.450828,-3.4825482,-4.0330663,-4.261265,-4.2485743,-4.184168,-4.1495256,-4.1477356,-4.1550035,-4.114753,-4.0792255,-4.0519886,-3.9786682,-3.887981,-3.8923347,-3.8634949,-3.820872,-3.7743158,-3.7041478,-3.6332283,-3.5746446,-3.5672565,-3.5641937,-3.529732,-3.5188427,-3.5027766,-3.483479,-3.5186944,-3.5396748,-3.5096364,-3.390626,-3.1479685,-2.888553,-2.3016617,-1.9364723,-1.7529521,-1.6576813,-1.603213,-1.6944036,-1.836564,-1.9861412,-2.1319008,-2.1304176,-2.1774209,-2.3822482,-2.6487732,-2.7869842,-2.8996387,-3.2366533,-3.584308,-3.5483584,-3.486754,-3.386027,-3.4833064,-2.6754456,-2.6752822,-2.6753316,-2.6752827
-1.0117009,-0.94268453,-0.9256642,-0.90011907,-0.886593,-0.72480035,-0.48940557,0.055491332,0.98122597,1.3590244,1.2630913,1.1018516,0.800939,0.54531777,0.5945754,1.161446,1.5178275,1.6807626,1.8075103,1.1726658,0.3481313,-0.33249047,-0.8887594,-1.044431,-1.0951846,-1.1184413,-1.1158466,-1.101538,-1.0951333,-1.1197112,-1.1844996,-1.3057921,-1.5879985,-1.9683349,-2.3260348,-2.918448,-3.2887702,-3.3811526,-3.1166973,-2.7699723,-2.1508248,-1.32056,-0.9386868,-0.67488307,-0.80328554,-1.2851396,-1.3921537,-1.5196519,-1.6600599,-1.6627793,-1.5885932,-1.5320678,-1.5097928,-1.425509,-1.2010939,-1.2106423,-1.2930884,-1.3459849,-1.0947313,-0.7883605,-0.41412523,-0.13620082,-0.13836497,-0.14261168,-0.11893293,-0.1460712,-0.08768466,0.019474596,0.017510563,-0.042477995,-0.15580398,-0.34880114,-0.6173986,-0.909037,-1.2638733,-1.6923738,-2.112576,-2.531714,-2.6760178,-2.4198618,-1.9024837,-1.7683771,-1.7540357,-1.7675655,-1.8226802,-1.847328,-1.9064114,-1.9547429,-2.1655083,-2.626892,-2.7343733,-2.7664785,-2.6847982,-2.438515,-2.3963575,-2.357728,-2.2373562,-2.1412835,-2.3379126,-2.3207774,-2.176718,-2.2654355,-2.4298174,-2.5513458,-2.6332798,-2.8313432,-3.1079895,-3.2528586,-2.9812293,-2.654811,-2.6143644,-2.4310858,-2.2583132,-2.267866,-2.3594203,-2.4446125,-2.4864824,-2.397336,-2.1547017,-1.2123451,-1.0039359,-1.5141411,-1.4686865,-1.1923332,-1.17192,-1.0758972,-0.89046586,-0.5979004,-0.2980351,-0.8416697,-1.5566895,-1.6794863,-1.736475,-2.3564334,-2.668645,-2.728651,-2.7539022,-2.7843785,-2.8060946,-3.0318003,-2.7801695,-2.3900552,-1.7838868,-1.289633,-1.2187002,-1.6581228,-1.7543063,-1.8306217,-1.9396136,-2.065518,-2.105601,-2.0553875,-1.8234956,-1.735255,-2.4194062,-2.7983997,-2.687031,-1.8179258,-1.496475,-1.5084673,-1.3158797,-1.1000096,-1.312258,-1.4460362,-1.6810234,-1.8770388,-1.9187403,-1.9788734,-2.0563838,-2.0735798,-2.058313,-2.0460746,-2.0371394,-1.9771054,-1.9604487,-1.9609755,-1.917033,-1.7920427,-1.6302912,-1.4474471,-1.1750546,-0.9381896,-0.7831356,-0.71888286,-0.64509666,-0.56986815,-0.46467364,-0.35612643,-0.29082698,-0.21505779,-0.34246516,-0.5581612,-0.7927449,-0.98099506,-1.2213476,-1.408167,-1.6147485,-1.8163599,-1.852808,-1.8130729,-1.8341174,-1.8185079,-1.8035903,-1.8814754,-1.8797829,-1.8706776,-1.906467,-1.854671,-1.7717572,-1.459459,-1.3950199,-1.496305,-1.6528391,-1.6835133,-1.4072019,0.27211154,0.27210876,0.27210757,0.27209508
-2.5571961,-2.5710163,-2.5298057,-2.6072412,-2.6719038,-2.6969848,-2.599899,-2.1754637,-1.759306,-1.5065877,-1.3296251,-1.2907332,-1.2880415,-1.2563618,-1.2429358,-1.2224897,-1.2229031,-1.145947,-1.0466079,-0.84781146,-0.85720205,-0.54934335,-0.25335252,-0.24852572,-0.25278103,-0.23313838,-0.20444477,-0.19495043,-0.17954597,-0.16138968,-0.15935007,-0.1553323,-0.18470696,-0.36597735,-0.68224335,-1.1981517,-1.4802474,-1.6863661,-1.8680049,-1.957928,-1.9866953,-1.7404869,-1.5196742,-1.3563526,-0.9878322,-0.5322566,0.023298576,0.16481003,0.21904509,0.10456587,-0.011848405,-0.26666725,-0.3665956,-0.57352626,-0.82549155,-1.2836094,-1.4202608,-1.377064,-1.4771801,-1.3686695,-0.87941885,-0.5449096,-0.33075455,-0.28733703,-0.28100005,-0.27639344,-0.36918014,-0.4793042,-0.5248443,-0.5367198,-0.5412083,-0.5525491,-0.56880283,-0.62423474,-0.7320215,-0.71243864,-0.68361896,-0.78273207,-0.9135395,-1.2822573,-2.0533888,-2.3432202,-2.343874,-2.2778325,-2.1678798,-2.1743379,-2.1333892,-2.0728161,-1.9550501,-1.8119953,-2.006463,-2.0933847,-2.0829666,-2.1221862,-2.2190027,-2.2586682,-2.1891842,-2.1039367,-1.9799848,-1.7293665,-1.1374798,-0.5494586,0.05184135,0.29272464,0.3944856,0.43750203,0.30312383,-0.09385714,-0.73417926,-1.4154333,-1.8027906,-2.0821452,-2.1793098,-2.222894,-2.1917353,-2.1684706,-2.170816,-2.1993563,-2.269764,-2.3626757,-2.2686973,-1.8745172,-1.4574509,-1.0918945,-0.70069075,-0.5556661,-0.5431762,-0.55853665,-0.529907,0.26947707,2.7876365,7.0459666,9.866233,11.363414,11.768226,11.860294,11.801561,11.701324,11.533957,10.483129,8.027771,4.3291297,0.8588872,-0.6223956,-1.7131481,-2.0395532,-2.0570903,-1.9475943,-1.9031672,-1.7786645,-1.7732983,-1.6307412,-1.5632586,-1.6369543,-1.7804279,-1.6826326,-1.8755367,-2.2348447,-2.0682168,-1.1959075,-0.4438598,0.18913901,0.79396224,0.8241569,0.7036549,0.36002967,0.24694163,0.28703988,0.323479,0.35370362,0.275986,0.2780242,0.29071623,0.16452718,0.06512898,0.042062342,-0.049481332,-0.2862469,-0.59662104,-0.8939953,-1.2385399,-1.5010424,-1.6510617,-1.7487658,-1.8520192,-1.8997986,-1.9697058,-2.0219476,-2.0333273,-2.1100683,-2.0838475,-2.026641,-2.016741,-2.0666504,-2.114952,-2.209393,-2.3530626,-2.329478,-2.2328155,-2.13143,-2.0584369,-1.9534044,-1.917876,-1.8864579,-1.9260687,-2.0610094,-2.0961943,-2.042604,-1.9443309,-1.7471714,-1.6371965,-1.7549087,-1.8603597,-1.8674355,-1.8206387,-3.0083811,-3.0084095,-3.008398,-3.0084107
-3.8506856,-4.1112475,-4.889891,-4.850172,-4.903483,-4.7286143,-4.367639,-4.24194,-4.144395,-3.9785051,-3.7358747,-3.6539764,-3.794226,-3.8971019,-3.8859541,-3.6791947,-3.5570211,-3.4053974,-3.0383878,-2.6583023,-2.337586,-2.3628826,-2.398802,-2.4253213,-2.475643,-2.489544,-2.5062966,-2.5256662,-2.5583894,-2.6222224,-2.733714,-2.947816,-3.3193507,-3.680424,-3.7752206,-3.5756726,-3.0738106,-3.2884178,-3.7876534,-4.22155,-4.421568,-4.020167,-3.6679924,-3.4078546,-3.3987877,-3.5500941,-3.7495437,-3.8720524,-4.0610514,-4.2766356,-4.378839,-4.495598,-4.5994244,-4.733503,-4.7538967,-4.783702,-4.7891426,-4.723154,-4.696815,-4.7821827,-4.5970035,-4.5944347,-4.613492,-4.6092987,-4.62804,-4.6774807,-4.719128,-4.7061486,-4.7014623,-4.6488547,-4.568838,-4.4998665,-4.4741907,-4.4355345,-4.31734,-4.2047863,-4.0587482,-3.839325,-3.414095,-2.9007616,-2.275229,-2.0323572,-2.0627868,-2.1413503,-2.2597885,-2.213789,-2.2405956,-2.367753,-2.6683311,-2.9297724,-2.5255723,-1.7200239,-1.0986928,-0.8369705,-0.6536473,-0.48626783,-0.48686457,-0.8028413,-1.7305704,-2.709173,-3.450801,-3.9765925,-4.226826,-4.270872,-4.195529,-3.9799366,-3.5271935,-2.642799,-1.5706058,-1.5116857,-1.5247765,-1.2368376,-1.2538911,-1.3056962,-1.4325364,-1.5238819,-1.7361715,-1.97913,-2.0721116,-1.9860246,-2.392974,-3.526163,-4.3162394,-4.6498165,-4.7971015,-4.854974,-4.7417207,-4.579358,-4.4293795,-4.7789707,-4.982691,-4.4823675,-3.4368958,-3.1229095,-3.1367946,-3.1546102,-3.2381861,-3.2946887,-3.2966723,-3.0491288,-3.0021472,-3.385904,-3.3660111,-3.7082305,-4.6259384,-4.7178164,-4.6341896,-4.475498,-4.384657,-4.388679,-4.492444,-4.42995,-4.3471823,-4.209766,-4.556287,-4.668953,-4.409355,-3.8466258,-3.5156016,-3.4314241,-3.5207598,-3.8651261,-4.4282837,-4.7085543,-4.8642473,-4.964476,-4.961278,-4.9415336,-4.948484,-4.9657393,-4.9956465,-5.007036,-4.9941106,-4.9951935,-5.002658,-5.00753,-5.000393,-4.94359,-4.826892,-4.7220907,-4.5568748,-4.4246345,-4.348197,-4.320185,-4.2523623,-4.219169,-4.116749,-3.974081,-3.8074055,-3.6145573,-3.2687626,-2.9494267,-2.6219423,-2.4930782,-2.0964842,-1.8531102,-1.7139626,-1.3720818,-1.1678914,-1.1310853,-1.2519629,-1.3520346,-1.4409295,-1.4714407,-1.6115315,-2.0083768,-2.5189347,-2.7387643,-2.9979672,-3.1580796,-3.190859,-3.165697,-3.1822147,-3.1127615,-2.9744864,-2.7088237,-2.7087302,-2.7087326,-2.7087212
0.091441914,0.075837016,0.002063483,-0.11910027,-0.22772267,-0.34948963,-0.6659161,-0.92178166,-1.168485,-0.8206344,-0.53497624,-0.43883273,-0.3526706,-0.4256091,-0.4373596,-0.31951326,-0.2310425,-0.18950906,-0.27366024,-0.29924354,-0.22865751,-0.6463359,-0.8658181,-0.8539593,-0.8517205,-0.8496437,-0.8612263,-0.8762566,-0.85770917,-0.8227538,-0.78170884,-0.77016246,-0.7536463,-0.60145813,-0.24565811,0.38500124,0.9729648,1.1035043,1.2460234,1.2690511,1.5825956,2.2492173,2.4886446,2.56744,2.1655014,1.2510709,0.34626245,-0.026270896,-0.28664842,-0.4848308,-0.6959293,-0.81541926,-0.8761829,-1.0100802,-1.030055,-1.0582422,-1.1054611,-1.1601037,-1.3216277,-1.5177919,-1.9314051,-2.1626382,-2.215888,-2.2520022,-2.2522876,-2.2472591,-2.214485,-2.1816022,-2.162521,-2.088029,-1.9924535,-1.8762327,-1.747678,-1.5583665,-1.29025,-1.0746709,-0.8847859,-0.5413504,-0.10525496,0.5913279,1.6408416,2.158526,2.2857535,2.3336854,2.372062,2.4334035,2.5775259,2.8744407,4.0547237,6.363607,7.4066916,7.626833,7.7045383,7.9283056,7.9729524,7.969752,7.928862,7.7873335,7.5098934,6.7662,5.490937,3.757022,1.8185302,0.7962688,0.3870279,0.06347107,-0.05240199,-0.0021829754,0.114881836,0.57188845,1.1199843,1.478098,1.1965551,0.9346645,0.82014024,0.8160828,0.7805263,0.8919161,1.1706542,0.8893665,0.4751513,0.07302543,-0.54836243,-1.1872146,-1.3134483,-1.1011348,-0.583439,-0.21752499,0.02850667,-0.34786278,-0.8540169,-0.8581418,-0.6686227,-0.4691002,-0.6199402,-0.899161,-1.1178762,-1.1476634,-0.93602633,0.14521289,0.88417345,1.1898203,1.4413543,1.0829101,0.0076634735,-0.28875247,-0.21398365,0.016546458,0.26225665,0.7717017,1.5192499,2.2955422,2.396479,2.393352,2.1786747,1.9089383,2.0237143,2.2576773,2.385004,1.2356031,0.13291204,-0.47635072,-1.260025,-1.601467,-1.5907838,-1.2697685,-1.0625496,-0.9449234,-0.88818294,-0.86164844,-0.70710814,-0.5884796,-0.5614306,-0.4310597,-0.3995815,-0.47917217,-0.5962325,-0.72933257,-0.8222817,-0.90428513,-0.94550824,-0.9717316,-0.9868312,-0.92905873,-0.91857636,-0.92406654,-1.0482616,-1.117794,-1.164833,-0.97355723,-0.7680092,-0.4805578,0.002074074,0.26033926,0.86367244,1.1835587,1.3207729,1.0902953,0.81032526,0.661955,0.49663836,0.2737197,0.23337933,0.26533094,0.39061815,0.5891028,0.78011304,0.6862998,0.54487574,-0.026353631,-0.64002866,-0.8832838,-0.8290592,-0.83374983,-0.8901952,-0.33437386,-0.3343008,-0.33433825,-0.33430088
-2.4436812,-2.342867,-1.6456027,-1.7840533,-1.7190826,-1.6090649,-1.5164967,-1.195129,-0.91182643,-0.4129953,0.07046676,0.20810622,0.20834827,0.29697937,0.383851,0.50915396,0.55063426,0.59798944,0.6711993,0.88822883,0.857844,1.2220991,1.6957052,1.7782476,1.7963178,1.8353755,1.8619847,1.8714592,1.9047348,1.9784064,2.0356946,2.0313096,1.8919367,1.5123622,1.115786,0.4830865,-0.031744182,-0.54572415,-0.94299763,-1.324679,-1.5775282,-1.6090415,-1.4413046,-1.2866982,-0.9803344,-0.1873191,0.4012125,0.6158045,0.78219664,0.6718988,0.45140544,0.029899597,-0.23585574,-0.69324845,-1.175593,-1.5558227,-1.6391706,-1.4568691,-1.4476051,-1.2587208,-0.60320705,-0.1787737,0.03544236,0.108552046,0.09704252,0.13541904,0.124641486,0.091780394,0.07600249,0.11099515,0.15321496,0.18899573,0.20804493,0.17848252,0.063614085,0.06722099,0.10826538,0.12950462,0.06143897,-0.23266806,-0.9085835,-1.0889056,-1.0491127,-0.9739482,-0.7956079,-0.7630048,-0.7279246,-0.7531754,-0.91225576,-0.9788346,-1.2391144,-1.4282975,-1.487443,-1.4879701,-1.5994854,-1.6104443,-1.5230985,-1.2846677,-0.5734631,0.4802856,1.2872536,1.8546213,2.3580244,2.5805385,2.6512113,2.6783023,2.6849613,2.5643072,2.2235909,1.4296412,0.6967073,-0.07796276,-0.4759729,-0.7565074,-0.86347294,-0.9670834,-1.1179237,-1.4614823,-1.8691633,-2.2990503,-2.2989469,-1.9320655,-1.5980066,-1.0611479,-0.8383807,-0.98609495,-1.2194415,-1.2830012,-1.16382,-0.18177927,0.97472084,1.3008082,1.2997731,1.8152628,2.3170078,2.6472166,2.806483,2.827991,2.7167122,1.9507363,0.72659874,-0.22605288,-0.9362048,-1.1301965,-1.2794695,-1.4970262,-1.6053946,-1.5204961,-1.3959743,-1.1738508,-0.639145,0.24686816,0.527382,0.7434422,0.79923946,1.3813195,1.3947624,1.291708,1.7852459,3.323238,4.0951343,4.420011,4.755104,4.671694,4.5027204,4.0183067,3.7527003,3.6830363,3.644321,3.6264837,3.403566,3.2579513,3.1986394,2.9184005,2.6401334,2.656685,2.6928287,2.6801052,2.5691123,2.4026647,2.0200186,1.702469,1.4511518,1.3077016,1.1435788,1.0593023,0.8985851,0.59113514,0.31054494,-0.064438984,-0.096240625,-0.043361768,0.1392865,0.26254004,0.2032612,-0.06999129,-0.32558697,-0.44060433,-0.55666345,-0.560847,-0.48664093,-0.45659062,-0.38936004,-0.35196882,-0.39259368,-0.67312425,-1.2048259,-1.4186993,-1.6494739,-1.4961839,-1.5199789,-1.7473462,-1.9198205,-1.9494889,-1.9328887,-2.716473,-2.716589,-2.716512,-2.7165504
-2.2490637,-2.3597493,-2.6502113,-2.6560605,-2.6394467,-2.5450826,-2.3541589,-2.1393526,-2.016693,-1.9063135,-1.6897441,-1.6118233,-1.7210034,-1.8453588,-1.8557435,-1.5304432,-1.2219707,-0.8827512,-0.50937724,-0.55715734,-0.8122155,-1.330252,-1.8056468,-1.966224,-2.0536346,-2.0994682,-2.1010833,-2.103002,-2.125884,-2.1667252,-2.2388065,-2.339437,-2.5753584,-2.810253,-2.9184327,-2.930335,-2.5008852,-2.1678343,-2.0189688,-1.9695385,-1.9052476,-1.5314023,-1.2758126,-0.9854544,-0.8304806,-0.591204,0.22397417,0.6030664,0.69038373,0.65818435,0.6472545,0.6626644,0.84456384,0.8114224,0.7523328,0.34647134,0.2482804,0.4811721,0.38462007,0.20417428,0.37099573,0.25740677,0.20185879,-0.0017843992,-0.10096225,-0.2666662,-0.55036,-0.9199423,-1.1475534,-1.3377103,-1.5564547,-1.7990224,-2.0281668,-2.2579553,-2.4867804,-2.6442268,-2.6832645,-2.811274,-2.7354612,-2.5337982,-2.3349147,-2.2605555,-2.216239,-2.2599893,-2.3010602,-2.2605648,-2.2698743,-2.3979568,-2.6264372,-2.6428766,-2.0670834,-1.3633019,-0.86863196,-0.2707583,-0.1745358,0.0328286,0.4683487,0.883608,0.76641953,0.12914318,-0.4748425,-0.887854,-1.2835176,-1.5582039,-1.6610279,-1.8204212,-2.0637605,-2.2216287,-2.3368268,-2.5016112,-2.5226226,-2.2814136,-2.2246222,-2.3126202,-2.3792183,-2.4191852,-2.4744344,-2.4421954,-2.1944366,-1.7530298,-1.5107177,-1.4208907,-1.2846993,-1.1903565,-1.2298069,-1.4369695,-1.5970365,-1.5638726,-1.4569347,-1.9651748,-2.4047155,-2.7241576,-2.721103,-2.74256,-2.7856772,-2.7781034,-2.8184144,-2.8851585,-2.9795897,-2.9318266,-2.2707958,-1.9280777,-1.821261,-1.9253485,-2.5718365,-2.9758239,-3.0009222,-3.0100513,-2.9740582,-2.8182404,-2.4814405,-2.112147,-1.8247226,-1.6230971,-2.0456653,-2.0429375,-1.8471404,-0.45330498,0.5693004,0.8166022,-0.3949771,-1.3174165,-1.9226713,-2.261653,-2.5906777,-2.876102,-2.9675822,-2.980835,-3.009632,-3.0201993,-3.0869365,-3.1008835,-3.0976145,-3.1283798,-3.133664,-3.1399322,-3.146403,-3.0965877,-3.046011,-3.010032,-2.9448638,-2.8813372,-2.8482852,-2.855955,-2.8312306,-2.8026557,-2.7558365,-2.752839,-2.7630997,-2.7652543,-2.747004,-2.6655796,-2.50903,-2.522005,-2.089172,-1.812516,-1.7674947,-1.7993648,-1.9042535,-1.9362662,-2.017769,-2.10527,-2.1686845,-2.2365103,-2.2862327,-2.42133,-2.652576,-2.6677928,-2.5058541,-2.1411476,-2.1544738,-2.2391691,-2.3164465,-2.286478,-2.2640018,-1.7434769,-1.7433405,-1.7433662,-1.743329
-1.9784415,-1.8400133,-0.8910381,-0.93688536,-0.5924463,-0.26589024,0.25169802,0.77321786,1.2008874,1.5147605,1.5061306,1.2729223,0.9786744,0.8052752,0.77087796,0.736007,0.8154013,0.7725429,0.6181629,0.6838342,0.8944981,1.8785226,2.7251477,2.9657047,3.0868788,3.1841354,3.1972413,3.2254999,3.296679,3.360377,3.4683483,3.5447311,3.599925,3.4500685,3.1666114,2.6355176,2.0962038,1.8684508,1.7817743,1.8933356,1.8050666,1.7039924,1.771523,2.4325085,4.1042843,6.1309032,6.704338,6.9390306,7.0578594,7.0355763,7.0068493,6.9996357,6.849923,6.585396,6.166174,5.9459047,5.7620716,5.6403337,5.299413,4.8708982,4.47347,4.0356092,3.8941765,3.848084,3.7820754,3.7483249,3.680115,3.500675,3.3971887,3.289051,3.1265721,2.9618163,2.853234,2.728118,2.553483,2.5035427,2.3992417,2.143529,1.7496434,1.4364506,1.0857015,0.9349209,0.99630564,1.1363097,1.346693,1.4071741,1.439275,1.5829504,1.8058169,1.820513,1.280469,0.62403923,0.32773763,0.11536215,0.061306737,0.18116078,0.49277174,1.2181038,2.609516,3.9324002,4.585739,5.242522,5.7409687,5.9539146,6.0113916,5.9915485,5.868185,5.559106,5.2118917,4.616832,3.9226248,2.7113447,1.9045773,1.557465,1.4598029,1.3805717,1.159626,0.842467,0.42629182,0.49453777,1.4289194,2.0404468,2.2883887,2.2638292,1.8029418,0.90521395,0.14515986,-0.13277364,-0.09457357,0.8857327,1.5958451,1.1268983,0.32956934,0.8802787,1.5061462,1.8042039,1.9598334,2.033454,1.954078,1.1478107,0.8747894,1.2293597,0.80222666,0.6167394,0.91385573,0.76752734,0.59525067,0.32466066,0.08226377,-0.12973723,-0.32398632,-0.63426816,-0.6711892,-0.5294721,-0.2149977,0.09628131,-0.059460275,-0.45542973,-0.5365997,0.03965007,0.569975,0.9962142,1.8438203,2.323483,2.5870676,2.6151035,2.5918603,2.6579201,2.803361,2.9358382,3.0456142,3.1655068,3.3186605,3.4496007,3.7306929,3.9899166,4.367935,4.6616464,4.7707696,4.854996,4.9411297,5.0248117,5.0311356,4.9767847,4.9320564,4.905142,4.866835,4.634508,4.0767612,3.056573,1.7381706,0.8674862,0.18068254,-0.067816034,-0.12971574,0.042044014,0.16193242,0.33941504,0.49595952,0.6223386,0.7519139,0.8822924,1.0852098,1.3545849,1.433688,1.1492516,0.64882374,0.06439893,-0.72861606,-0.9567842,-0.6645144,-0.6553604,-0.9179582,-1.0752985,-0.8447965,-0.86023355,-0.860433,-0.86037135,-0.8604435
-2.0681276,-2.0632732,-2.029125,-1.9807215,-1.8179688,-1.5639371,-1.3379717,-1.2684661,-1.0106006,-0.86712885,-0.85594183,-0.8363474,-0.93617547,-1.1057462,-1.157039,-1.041413,-0.993614,-1.0262305,-1.0860134,-1.3821859,-1.1001512,-0.94867235,-1.0666897,-1.08089,-1.0898013,-1.0845283,-1.0566275,-1.0419675,-1.0306325,-1.0119292,-1.0203743,-1.0425704,-1.1220242,-1.2776294,-1.2581036,-1.1865284,-1.1887643,-1.5758145,-1.4840888,-1.360298,-0.90978885,-0.040719867,0.1277802,0.008804679,-0.44516504,-0.93326694,-1.5066311,-1.996017,-2.4576287,-2.6348186,-2.5945997,-2.4591517,-2.4732647,-2.539905,-2.559595,-2.5648117,-2.829856,-3.3349624,-3.3572068,-3.1313324,-2.995914,-2.9734547,-3.0723171,-3.0977802,-3.0820193,-3.0901604,-3.0719395,-2.9957485,-2.9705162,-2.982861,-3.006882,-3.06727,-3.1676173,-3.2431588,-3.2926426,-3.417789,-3.6219287,-3.7234683,-3.5471997,-3.0096269,-2.4228184,-2.3182187,-2.3815033,-2.4359055,-2.5398855,-2.5499756,-2.5367763,-2.5304432,-2.5305614,-2.341022,-1.932659,-1.6976924,-1.7401571,-1.8026738,-1.831138,-1.9119797,-2.052381,-2.2591567,-2.4595017,-2.2575788,-1.9635335,-2.2467966,-2.6650443,-2.8197575,-2.8293786,-2.7538037,-2.5383945,-2.2056482,-1.7442312,-1.5253046,-1.6325071,-1.5879893,-1.3119168,-1.3384204,-1.4684654,-1.6799357,-1.8156643,-1.8410076,-1.714755,-1.2914019,-0.94445837,-0.46938372,-0.16339406,-0.30515048,-0.5765219,-0.3483414,0.26778072,0.62079924,0.7709744,0.10956705,-1.025301,-1.453582,-1.2103962,-1.4155424,-1.766803,-2.021905,-2.1966138,-2.226895,-2.1535394,-2.311616,-2.6941757,-2.3419664,-1.215402,-0.2786091,0.93822557,1.3204206,1.302429,1.2972424,1.3034331,1.3095181,1.4951526,2.03793,2.651558,2.8006475,2.056993,1.6508082,1.6212058,1.924906,1.7861116,0.9677825,0.40181935,-0.0632392,-0.71804196,-1.1480705,-1.5539821,-1.7872273,-1.8250182,-1.907112,-1.9837546,-2.0283303,-2.073758,-2.1208558,-2.190604,-2.1871789,-2.2189772,-2.2555697,-2.2757833,-2.239448,-2.18505,-2.1103218,-1.960363,-1.788683,-1.6664453,-1.560905,-1.4326679,-1.3255525,-1.1807561,-0.96937376,-0.68739396,-0.17846152,0.24465773,0.43661192,0.2885142,-0.06729868,-0.9094449,-1.4076667,-1.6505665,-1.8930194,-2.0287473,-2.034088,-2.094755,-2.149553,-2.13904,-2.2760546,-2.319106,-2.2094755,-2.044102,-1.8930479,-1.6284883,-1.4317424,-1.4346626,-1.3237348,-1.1194732,-1.0465856,-0.76497114,-0.40895548,-0.40900248,-0.408959,-0.40899688
-2.081503,-1.9241502,-1.318899,-1.2836599,-0.8638115,-0.62680006,-0.8207959,-0.8152139,-0.78052324,-0.6000788,-0.5286948,-0.48752165,-0.39357704,-0.33620757,-0.2056322,0.00024960935,-0.013780817,-0.14935699,-0.277506,-0.4109078,-0.49287316,-1.0436347,-1.5410125,-1.6420848,-1.6794426,-1.7088473,-1.6971309,-1.7016912,-1.7208929,-1.7419623,-1.8165517,-1.9090908,-2.115307,-2.2822418,-2.2212288,-1.9916375,-1.7569345,-1.5717539,-1.1677378,-1.0369564,-0.88563716,-0.78881955,-0.8050827,-0.9826901,-1.7377257,-2.7804356,-3.2683806,-3.474444,-3.565947,-3.4393106,-3.2184675,-2.9188588,-2.8039656,-2.705388,-2.5548377,-2.2868545,-2.1697469,-2.2714326,-2.234316,-2.118867,-2.1451101,-2.0523973,-2.0813527,-2.1024222,-2.126862,-2.1292295,-2.0925841,-2.0472488,-2.003191,-1.9972637,-2.000183,-2.0336504,-2.089459,-2.1540143,-2.1865242,-2.1776943,-2.1240168,-2.0020561,-1.8251865,-1.4873168,-0.9536741,-0.79335195,-0.8133974,-0.842496,-0.9488916,-0.994485,-1.0363071,-1.0027032,-0.7797883,-0.29173598,-0.14823873,-0.23049681,-0.40700138,-0.76772916,-0.87907296,-1.0296341,-1.289223,-1.6702912,-2.0832448,-2.2490344,-2.2869694,-2.6831703,-3.1180315,-3.2768269,-3.3457189,-3.4437733,-3.5426931,-3.5614662,-3.2861505,-2.8414695,-2.508268,-2.270266,-2.1810477,-2.0759058,-2.0894806,-2.1161501,-2.1528132,-1.984396,-1.7218912,-1.4181944,-1.1185983,-1.4441501,-2.1646814,-2.7526703,-2.7765045,-2.0254865,-1.0859779,-0.52068967,-0.2630405,-0.62636656,-0.95588225,-0.7061001,-0.36716294,-0.59707546,-1.0684817,-1.4557625,-1.7465672,-1.9238133,-2.0034304,-1.2584934,-0.45700765,-0.17300098,0.5409758,1.4386389,3.4188237,4.923213,5.201001,6.1296616,6.906288,7.747348,8.384632,9.107066,9.271475,9.233057,8.970811,8.695247,8.808548,8.960553,9.146275,8.725508,7.6067343,5.639778,2.6350155,0.87053,-0.46295372,-1.3359983,-1.5289087,-1.6670022,-1.7813375,-1.8737966,-1.9621466,-2.0362391,-2.1132305,-2.121086,-2.1142054,-2.1362443,-2.0989223,-2.0183542,-1.9948845,-1.9377146,-1.921521,-1.8957636,-1.9236664,-1.9108632,-1.919366,-1.9177253,-2.0303016,-2.1944075,-2.4290295,-2.5767753,-2.7084494,-2.6613417,-2.5861573,-2.5044327,-2.2972453,-2.164318,-2.0808794,-2.1178548,-2.1879282,-2.2450194,-2.3029313,-2.393948,-2.4726677,-2.5425036,-2.5399418,-2.3686795,-2.1655097,-1.9666497,-1.6290077,-1.6659169,-2.0685468,-2.0428963,-1.8870823,-1.8700244,-2.0202408,-0.8007302,-0.8005301,-0.80060494,-0.80055034
-2.039366,-2.1650157,-2.3910148,-2.3760574,-2.2739768,-2.180881,-2.1646082,-2.309876,-2.6891882,-2.7799284,-2.6421726,-2.529569,-2.496831,-2.4614487,-2.3898573,-2.1723871,-2.0029655,-1.8591766,-1.6322517,-1.3046916,-0.8941994,-1.1832076,-1.4829779,-1.5301534,-1.5668209,-1.5529995,-1.535531,-1.5218375,-1.5064821,-1.4885333,-1.4833853,-1.5014827,-1.5442576,-1.4050943,-1.0185606,-0.27024972,0.69271696,1.2052392,1.5235813,1.4857816,1.4079845,1.5070386,1.6748934,1.690446,1.2739272,0.43419012,-0.52932084,-1.0516121,-1.469905,-1.7274083,-1.998229,-2.1472056,-2.1423929,-2.3323708,-2.5505867,-2.4390323,-2.1758318,-2.0086267,-2.1023338,-2.197482,-2.386156,-2.6156318,-2.7429698,-2.7903347,-2.815052,-2.8201244,-2.788702,-2.7163951,-2.63964,-2.5287516,-2.360175,-2.1457958,-1.931805,-1.7091913,-1.3756708,-1.0276381,-0.6266564,-0.065431595,0.46175316,0.99348,1.6156964,1.971923,2.004067,1.9291613,1.8372619,1.7721515,1.5810454,1.2570049,0.932953,0.95565546,1.3640034,1.812214,2.2654502,2.6992428,2.6859577,2.5925314,2.4431586,2.3188674,1.9166831,1.0243611,-0.24945138,-1.5374796,-2.6650543,-3.0783706,-3.218695,-3.3121786,-3.2233112,-2.5798426,-1.4114159,-0.5855615,-0.15007204,0.1304838,0.05403912,0.009864613,-0.096356004,-0.18138458,-0.31731915,-0.41210893,-0.49897695,-0.7444137,-0.383363,-0.15417,-0.54732144,-1.1895654,-1.6640394,-1.6417544,-1.2324139,-0.80349934,-0.46458316,-0.66687983,-1.3822099,-1.8055605,-2.0283418,-2.61105,-2.9912672,-3.2476928,-3.4647975,-3.5751686,-3.5289876,-2.4083662,-1.1768687,-1.2414811,-1.1380332,-1.3260994,-1.8469996,-1.8057034,-1.7179761,-1.5316045,-1.4022647,-1.2861731,-0.8761393,-0.2020548,-0.0370553,-0.017486155,-0.26643497,-0.5900267,-0.42684805,-0.105902046,-0.061610907,-0.7445029,-1.3055419,-1.8838162,-2.867735,-3.3358426,-3.489375,-3.3810196,-3.278109,-3.240252,-3.2433438,-3.249179,-3.1833048,-3.1432734,-3.1275332,-3.0487785,-2.9832509,-2.992503,-2.982429,-2.9891121,-2.9799125,-2.9415965,-2.9051657,-2.8800292,-2.8875165,-2.857917,-2.8426032,-2.8752148,-3.0058079,-3.1874573,-3.3259585,-3.144338,-2.5430465,-1.8667808,-1.0084108,-0.4839473,0.30288702,0.5616949,0.6396972,0.6345137,0.50701416,0.33517826,0.2071763,-0.008338928,-0.1284112,-0.12932509,-0.08417329,-0.09457156,-0.24018219,-0.43426597,-0.74087495,-1.2621399,-1.6156883,-1.7469817,-1.7652037,-1.7715437,-1.8804026,-1.3630602,-1.3628882,-1.3629415,-1.3628986
-0.9237088,-0.7863027,-0.50091046,-0.5003859,-0.39218077,-0.13133723,0.053373784,0.20443562,0.49465454,0.91710526,1.1089189,1.1140968,0.8258267,0.4491495,0.3321978,0.7019516,1.0587597,1.2634228,1.4772002,1.2711356,0.970485,0.1467403,-0.5636192,-0.72657686,-0.7647899,-0.76529914,-0.7490498,-0.72731185,-0.69146645,-0.6320979,-0.50897473,-0.36042023,-0.012122512,0.9743357,2.2342155,4.070499,5.7726436,6.669554,7.3749886,7.748557,8.108803,8.40036,8.539833,8.5479145,8.284024,7.203042,5.247045,4.0298586,2.7970128,1.6465678,0.733709,0.1268484,-0.14399861,-0.7956982,-1.3936985,-1.637705,-1.8508676,-2.2462223,-2.5422397,-2.6343186,-2.6488664,-2.7690182,-2.8643584,-2.9246376,-2.9250767,-2.9424775,-2.9481223,-2.9626634,-2.9921541,-3.0149777,-3.0236893,-3.0136607,-3.0089076,-2.9926445,-2.9429965,-2.9397104,-2.9360447,-2.8437378,-2.657167,-2.3000264,-1.7996266,-1.4741347,-1.4494423,-1.5432197,-1.5885147,-1.6394956,-1.7626173,-2.0738287,-2.2516994,-1.5084033,0.04315205,1.014709,1.6489415,2.4741254,2.4174848,2.2753453,2.3620267,2.426713,1.9915957,1.4169186,0.55284494,-0.3757498,-1.2164917,-1.5520368,-1.6525433,-1.6991619,-1.5817685,-0.9891041,-0.30070508,-0.12665252,-0.11976664,-0.2610753,-0.3407535,-0.50938565,-0.6725993,-0.8473288,-1.0790358,-1.1837175,-1.0891428,-0.92051196,-0.68447214,0.5614764,1.4506862,1.4095503,0.8592844,0.5763899,0.9489228,1.429512,1.9375958,1.5815425,0.0097257495,-1.3786461,-1.7605274,-2.2244656,-2.476643,-2.624869,-2.7761092,-2.8167582,-2.6616175,-1.887377,-1.1884379,-0.8804893,-0.5507349,-0.5808678,-1.5022001,-1.9466932,-1.8745136,-1.8445425,-1.7489272,-1.3314991,-0.613429,0.109033436,0.48249134,0.6164005,-0.10718572,-0.64305496,-0.6260567,-0.44304216,-0.81978285,-1.7006949,-1.8308305,-1.6314116,-2.014133,-2.2891903,-2.422211,-2.3048258,-2.1839402,-2.1309648,-2.1335769,-2.1444683,-2.0953882,-2.069426,-2.0610173,-1.99333,-1.9389228,-1.954434,-1.9703798,-1.8869842,-1.7873452,-1.6894767,-1.5943928,-1.4970269,-1.4343483,-1.3890412,-1.311922,-1.2784384,-1.2208979,-1.1784377,-1.042874,-0.6743522,-0.14201996,0.2418837,0.41000232,0.25321105,-0.18336219,-0.44100457,-0.45808142,-0.64322305,-0.77978617,-0.8457198,-0.9269678,-1.0124649,-0.9938538,-1.0254948,-1.0423391,-1.1889037,-1.4877815,-1.4681288,-1.0678713,-0.1456514,-0.02265358,-0.28386593,-0.70544213,-1.0998746,-1.3077993,0.029518217,0.029733628,0.029670656,0.029750496
-0.7949064,-0.7204857,-0.66537476,-0.59812987,-0.719313,-1.1349517,-1.7213485,-1.9636551,-1.785986,-1.8022633,-1.7886751,-1.7817769,-1.7951524,-1.7737381,-1.7317016,-1.544846,-1.4032185,-1.3026111,-1.0548646,-0.5574588,-0.37133163,-0.30000585,-0.12729672,-0.08142201,-0.04742441,0.021619434,0.04130572,0.111574605,0.13717484,0.18294384,0.20187491,0.22039048,0.29280168,0.28648937,-0.00075381063,-0.6519377,-1.2916131,-1.6631873,-1.9522554,-2.1146767,-2.2872171,-2.6762843,-2.6340826,-2.6220188,-2.419023,-1.7820504,-0.3099503,0.4564548,1.4133749,2.7285266,3.3941312,3.5660825,3.717391,3.8167582,3.8055973,3.838036,3.998219,4.0684867,4.61738,5.3306913,6.07691,6.5525494,6.6833024,6.8184547,6.860831,6.920935,6.9881887,7.1327734,7.217013,7.297736,7.384624,7.4060607,7.3698187,7.289991,7.1846104,7.1689806,7.097497,6.7019835,5.7765703,4.0545764,1.9579167,1.1151587,0.8570088,0.81853306,0.8060105,0.62070644,0.433829,0.3360856,-0.40948868,-2.1923668,-3.1828666,-3.6794705,-3.8742843,-3.8489468,-3.9168692,-3.9494395,-3.9266787,-3.7245612,-3.1232457,-1.8047016,-0.7102206,-0.033819422,0.25343663,0.27639717,0.17874986,-0.10875428,-0.59380734,-1.4153838,-2.3531308,-2.778977,-2.927668,-2.8093395,-2.485641,-2.2902255,-2.2577286,-2.194941,-2.1261382,-2.416287,-2.887179,-3.1554332,-2.91281,-2.1964304,-1.6216359,-0.7404547,-0.25302112,-0.27399814,-0.60242075,-0.66411716,-0.6603071,-0.39404026,-0.12698615,-0.2022359,-0.61808836,-1.0366149,-1.0024754,-0.9323795,-0.94992876,-1.0799246,-1.3978897,-1.9436226,-2.0744665,-2.399397,-2.8739924,-2.940469,-2.049955,-1.5057393,-1.5405866,-1.4058863,-1.2668641,-1.2405219,-1.2686619,-1.2015722,-0.9525464,-0.75826234,-0.5756023,-0.4054073,-0.8331517,-1.0249099,-0.5223355,1.3883574,2.5438137,2.4933395,2.3774047,2.3388562,2.181042,1.8382849,1.674469,1.6046873,1.5785992,1.6004119,1.5601554,1.5687364,1.6387613,1.619662,1.6293368,1.7455614,1.8917285,2.051025,2.1662729,2.1987665,2.2020652,2.1686141,2.1266425,2.0310044,1.9406376,1.8920387,1.7486198,1.5935456,1.4053406,1.0988688,0.74270684,0.4170635,0.093530186,-0.08937985,-0.6082817,-0.89582837,-1.1044278,-1.0677614,-1.0693107,-1.0581168,-0.9606454,-0.88555515,-0.9719384,-1.0528922,-1.1822975,-1.4985298,-1.8594298,-1.8666089,-1.7551076,-1.3579946,-0.87192416,-0.67788565,-0.5957602,-0.58766866,-0.5645378,-0.6679159,-0.66810703,-0.6680394,-0.6681074
-2.7174048,-2.8713493,-3.2901173,-3.2251747,-3.2075362,-3.1403475,-2.9981964,-2.9624138,-2.750956,-2.511903,-2.30452,-2.2010238,-2.2404878,-2.3222642,-2.3333962,-2.2903318,-2.339543,-2.3471847,-2.4353096,-2.7958262,-2.5833678,-2.2480333,-2.0499086,-1.9912803,-1.9982812,-1.9916246,-2.0005493,-2.0087416,-2.0071573,-2.0234857,-2.0460954,-2.0834625,-2.1487947,-2.2076628,-2.1547074,-2.0442867,-1.8911166,-1.9434242,-1.8831704,-1.7230906,-1.3023342,-0.62704766,-0.55033904,-0.4637032,-0.60031664,-0.8402764,-1.353348,-1.6505613,-1.8288689,-1.9210925,-2.0028121,-1.9641931,-1.9307683,-1.8241594,-1.6162498,-1.5361292,-1.6421592,-1.8278863,-1.7259271,-1.4603099,-1.3641205,-1.5828034,-1.736022,-1.8235407,-1.8052562,-1.8530595,-1.8909236,-1.9131052,-1.9480705,-1.9643257,-1.9535693,-1.9108057,-1.8755817,-1.7845241,-1.6575989,-1.6827272,-1.8055835,-1.9119533,-1.9177876,-1.8337051,-1.7128549,-1.7092671,-1.8268092,-1.9397709,-2.017236,-2.0417142,-2.0860941,-2.1511123,-2.2548635,-2.36643,-1.8322895,-1.1416798,-0.8586382,-0.842425,-0.7993499,-0.7783458,-0.8305894,-1.090739,-1.7683969,-2.335419,-2.479096,-2.7177134,-2.8852365,-2.935658,-2.892819,-2.7707415,-2.572813,-2.2948256,-2.0694857,-2.0458913,-2.031043,-1.804014,-1.7095467,-1.8583896,-1.9604723,-1.9723095,-1.9394937,-1.9640414,-1.9175098,-1.8455018,-1.8465619,-1.6583732,-1.4531757,-1.3978331,-1.5510975,-1.525681,-1.3099782,-1.2044733,-1.2054821,-1.6752635,-2.0911381,-2.3214118,-1.9362271,-1.6831226,-1.5001249,-1.299318,-1.1199865,-0.8417849,-0.20910183,1.1541922,1.2827129,1.5876758,2.18274,1.9377979,0.7440872,0.08907735,-0.10676338,-0.17594108,-0.24190429,-0.2580709,-0.50498766,-0.9949643,-1.2758062,-1.1208708,-1.3077182,-1.5020108,-1.3431903,-1.0347197,-1.3277478,-2.1877363,-2.612296,-2.839872,-3.0849378,-3.0513773,-2.9903524,-2.8082485,-2.7212193,-2.711166,-2.7468076,-2.7679782,-2.7681422,-2.7696319,-2.8075743,-2.800794,-2.8510008,-2.9408793,-3.0821142,-3.1644254,-3.1646395,-3.1700106,-3.102509,-3.0308063,-2.973505,-2.9242,-2.8476717,-2.7965043,-2.665424,-2.5130222,-2.2856,-1.8641717,-1.3876323,-1.1710335,-1.1051986,-1.1900316,-1.2140121,-1.2654269,-1.4198309,-1.6287725,-1.7354865,-1.7427607,-1.8241652,-1.8975518,-1.8968997,-1.9995666,-2.004386,-1.8736578,-1.7478238,-1.5820817,-1.487153,-1.6908022,-2.0127897,-2.0830777,-1.9258341,-1.8448969,-1.679063,-1.4581699,-1.4579931,-1.4580257,-1.457984
-2.0335953,-1.9663229,-1.6236603,-1.586303,-1.2265327,-1.0311351,-0.81608945,-0.6046859,-0.17439038,0.09874207,0.101470724,0.10381926,0.017502658,-0.24882387,-0.4488627,-0.41849744,-0.29477614,-0.2513637,-0.11225172,0.12951303,-0.05669704,-0.13004617,-0.09355165,-0.082357,-0.050722823,0.02628649,0.07092723,0.13579325,0.24258655,0.33621186,0.46301925,0.6072533,0.78543127,0.90960956,0.8369837,0.42163986,-0.1825983,-0.31067723,-0.30593544,-0.25428563,-0.17985624,-0.42407608,-0.41997603,-0.39255962,-0.36202738,-0.70175076,-0.75416857,-0.5760349,-0.27638888,0.1480117,0.6703305,1.2593513,1.7080498,2.1999693,2.583569,2.8506844,2.878659,2.6188886,2.6156216,2.5695899,2.3757675,2.2437582,2.2252624,2.3098145,2.394397,2.4424605,2.5380692,2.6867433,2.6865425,2.6416795,2.5924768,2.5590038,2.4594474,2.3095784,2.0717695,1.6745923,1.2351927,0.8100508,0.5600885,0.42638162,-0.060933143,-0.5918217,-0.8462895,-0.91168976,-0.94996244,-1.052945,-1.1925926,-1.1960455,-1.2560084,-1.3333949,-1.2752734,-1.4291335,-1.3381166,-1.2457699,-1.4358304,-1.5015346,-1.3586167,-1.1430202,-1.1331581,-1.4005249,-1.5416327,-1.1919879,-0.51583946,-0.048718303,0.20858361,0.4540453,0.6013055,0.50293535,0.37682843,0.4950174,0.29391462,-0.31926477,-0.5845012,-0.7054149,-0.7152871,-0.7106732,-0.8945789,-1.256155,-1.5195918,-1.4434068,-0.64723724,0.9710717,2.0047357,2.211615,1.6435754,1.3321731,1.5722693,1.8576112,2.0308192,1.5761721,0.40774122,-0.58689183,-1.0827597,-1.5635965,-1.5437353,-1.3558604,-1.2211472,-1.0958376,-0.93775797,-0.78629553,-0.46615216,-0.36698756,-0.90583426,-1.0220172,-0.76765096,-0.83700013,-0.96534705,-1.013733,-1.1165856,-1.3160722,-1.2809767,-1.0569384,-0.7785853,-0.66039044,-0.99055266,-1.1835907,-1.1992719,-0.69443727,-0.044537194,0.6541361,0.49412787,0.23857212,0.5070746,0.91190326,1.2894523,1.6446489,1.778634,1.8537837,1.98627,2.1604366,2.4407182,2.67598,2.953989,3.24038,3.6130135,4.047833,4.7824106,5.5235214,6.1386766,6.6564407,7.2431493,7.7153063,7.9583693,8.047841,8.27496,8.432818,8.717889,9.105,9.4531765,9.808889,10.005685,9.943674,9.547294,9.233493,8.431418,7.3677278,6.1209626,4.8955097,4.144931,3.8559527,3.7853475,3.543141,3.023964,2.3952475,1.9728978,1.5395753,0.37318218,-0.14847472,-1.0266652,-1.1857641,-0.7290122,-0.74853325,-0.82176626,-1.0208403,-1.0742512,0.7431278,0.74308276,0.7430285,0.7429805
-2.1682851,-2.454158,-3.2487662,-3.2240841,-3.3448784,-3.2526248,-3.1933873,-3.173517,-2.9947,-2.8949878,-2.7951517,-2.7299414,-2.8041677,-2.9207919,-2.9969952,-3.0940666,-3.1522675,-3.1898534,-3.1863637,-3.1232471,-2.732845,-2.7457933,-2.7880669,-2.802108,-2.8357635,-2.8492117,-2.865714,-2.8910909,-2.9134564,-2.9521022,-3.002944,-3.084938,-3.1508112,-3.1168346,-2.889543,-2.3211448,-1.517396,-1.4949284,-1.7032766,-1.7930102,-1.6689718,-0.941151,-0.6604246,-0.5413893,-0.61854076,-0.72572696,-1.4634831,-1.904392,-2.355117,-2.823202,-3.189124,-3.494668,-3.6400185,-3.7781873,-3.7825928,-3.836136,-3.8463304,-3.723834,-3.6874716,-3.670701,-3.5132458,-3.5323944,-3.5788274,-3.6297083,-3.6409907,-3.6959095,-3.7540438,-3.7716086,-3.7918143,-3.7696872,-3.7103958,-3.6519122,-3.6235676,-3.5394976,-3.3639812,-3.2772849,-3.2147036,-3.008662,-2.4832802,-1.767761,-1.1516993,-0.9917014,-1.0183809,-1.086454,-1.1869123,-1.1594002,-1.1471546,-1.1453477,-0.88425595,-0.0022776723,1.4206082,2.7055073,3.425959,3.6718068,3.7528157,3.868051,3.7917852,3.3846276,2.5369418,1.4647135,0.19081253,-0.99389005,-1.9793041,-2.4572148,-2.562998,-2.497807,-2.2316484,-1.602716,-1.0526716,-1.1031176,-0.9904108,-0.6298568,-0.7194743,-0.9156199,-1.0295609,-1.0984864,-1.1263086,-1.0939348,-0.9463894,-0.7956084,-1.2912385,-1.8400527,-1.9651434,-2.074953,-2.1800184,-2.31221,-2.4471903,-2.5405557,-2.5499048,-2.7999396,-2.8773708,-2.602197,-2.108797,-2.0245912,-2.0941336,-2.178389,-2.2604034,-2.251409,-2.1172588,-1.8145561,-1.724521,-1.7509189,-1.4459741,-1.948452,-3.4619126,-3.9959435,-4.010062,-3.9670396,-3.914234,-3.8057709,-3.6528137,-3.306156,-3.0649924,-2.9063647,-3.1154273,-3.2699695,-3.164596,-2.9724088,-2.9748755,-3.6124468,-4.2544785,-4.7417183,-5.006656,-4.921763,-4.722402,-4.4410744,-4.312691,-4.2415447,-4.225476,-4.2209067,-4.1963634,-4.1688137,-4.1767206,-4.1441727,-4.139802,-4.189749,-4.274511,-4.3368034,-4.333564,-4.3307557,-4.262714,-4.1871834,-4.1266146,-4.080654,-3.9951482,-3.9380517,-3.795908,-3.6195817,-3.3776522,-2.971705,-2.3566046,-1.8665397,-1.4967,-1.4566137,-1.323581,-1.219017,-1.2044494,-1.2153344,-1.2098716,-1.2212708,-1.3620615,-1.4627514,-1.4668121,-1.4667248,-1.4606602,-1.5101163,-1.5934848,-1.6416818,-1.7499774,-1.9421341,-2.0693712,-1.9562426,-1.8451043,-1.7181617,-1.532316,-2.0548463,-2.0548384,-2.0548332,-2.0548353
-4.0337386,-4.1800804,-4.581414,-4.544591,-4.67425,-4.8663993,-5.3457355,-5.0377464,-4.4590516,-4.339857,-4.2396674,-4.1760483,-4.244568,-4.38806,-4.403679,-4.136184,-3.9711275,-3.8949609,-3.8192344,-4.013091,-4.5147753,-5.164462,-5.3629947,-5.434403,-5.468905,-5.47414,-5.4819117,-5.475453,-5.473321,-5.474068,-5.50539,-5.545971,-5.605525,-5.6975956,-5.9459476,-6.2999363,-6.0814676,-5.8646307,-5.619723,-5.344453,-4.913842,-4.296507,-3.8724966,-3.6281059,-3.453606,-3.2454271,-2.7951522,-2.5553136,-2.3697367,-2.01051,-1.6669934,-1.5202134,-1.3388932,-1.165662,-1.0027983,-1.0371609,-0.89922667,-0.6932303,-0.05600962,0.7480562,1.9788871,2.5996346,2.7496634,2.843254,2.872123,2.8247616,2.861403,3.0195835,3.073031,3.1675334,3.3324509,3.4607716,3.4329693,3.3716888,3.2754362,2.9870908,2.8043237,2.4509568,2.3867908,2.2046728,1.2787424,0.46652368,0.16173464,-0.047873333,-0.27358598,-0.4873178,-0.720078,-0.8764481,-1.4584359,-2.845242,-3.381311,-3.3912463,-3.2049398,-3.034513,-3.030871,-3.009748,-2.9690094,-2.9232054,-2.8966346,-2.7488737,-2.6367388,-2.5223603,-2.3480537,-2.2393909,-2.1752007,-2.1815536,-2.3077078,-2.616835,-3.0747464,-3.2626288,-3.2453725,-3.137087,-3.0292754,-2.9678407,-2.9619126,-2.9494996,-3.0085561,-3.1936176,-3.3847923,-3.422956,-3.4054055,-3.334241,-3.1116674,-2.5939922,-2.1505444,-2.0744479,-2.192803,-2.238108,-2.2422853,-2.3709722,-1.832912,-1.0295217,-0.8483045,-1.3306727,-1.5229447,-1.5823412,-1.657609,-1.7900412,-2.0161989,-2.4535487,-2.5445385,-3.2507434,-3.9701695,-4.400155,-4.515864,-4.3106947,-4.269636,-4.0308714,-3.9049876,-3.8389072,-3.9491732,-3.9207923,-3.7473593,-3.6094992,-3.6560268,-3.585384,-3.5781944,-3.0549278,-2.333682,-1.3478674,-1.0702257,-1.2197417,-1.3822131,-1.4967766,-1.6480215,-1.856461,-1.9378402,-1.9616494,-1.9720885,-1.9556596,-1.9950936,-1.991089,-1.9691882,-2.0032053,-2.0294209,-2.0066857,-2.052764,-2.0941606,-2.100667,-2.1493754,-2.1572986,-2.1813865,-2.1843653,-2.2318468,-2.2597332,-2.2638707,-2.2472496,-2.2821252,-2.308997,-2.329771,-2.2209928,-2.0883877,-1.9456153,-1.9250726,-1.8030729,-1.8307116,-1.9723396,-1.9620172,-1.9783504,-1.9845929,-1.995298,-2.0269918,-2.1401007,-2.2423172,-2.3735251,-2.6404624,-3.079856,-3.2343092,-3.4113235,-3.5143094,-3.4631543,-3.4071102,-3.3571136,-3.2755446,-3.2199066,-4.0524216,-4.0523915,-4.052397,-4.0523996
-1.5261853,-1.4795103,-1.5409503,-1.5677488,-1.6194435,-1.5042033,-1.1463399,-1.2016648,-1.3430954,-1.500572,-1.5920582,-1.6286963,-1.6770103,-1.683564,-1.6671851,-1.6994107,-1.7094762,-1.707461,-1.6124588,-1.331596,-0.8994975,-0.78050673,-0.97985655,-1.0698891,-1.1332504,-1.1845838,-1.2092072,-1.2298295,-1.2712109,-1.3362219,-1.4120221,-1.5195119,-1.6334875,-1.6378378,-1.4766345,-0.9597707,-0.27588505,-0.29299605,-0.8298063,-1.3264351,-1.7872558,-1.7895386,-1.6726189,-1.6306587,-1.9407135,-2.5422142,-3.000296,-3.1439924,-3.330649,-3.6327443,-3.7916913,-3.8543367,-3.8949513,-3.9272513,-3.8354073,-3.7935832,-3.7586303,-3.623757,-3.7257903,-4.075342,-4.2842145,-4.2602024,-4.2092566,-4.165324,-4.1495986,-4.132249,-4.1056223,-4.0446014,-3.9836845,-3.885107,-3.7434146,-3.5758533,-3.4032214,-3.199047,-2.8315125,-2.3658764,-1.7927732,-0.90155315,0.22667731,1.0747412,1.7551072,1.9809911,2.0021293,1.9876218,1.9056884,1.9468907,1.9011824,1.824009,1.7337852,1.3305917,1.1471558,1.5099169,1.745762,1.7165579,1.9396223,2.1167397,2.0539942,1.622874,0.3490121,-1.0514549,-2.1134748,-2.9079795,-3.5452895,-3.8216264,-3.9298935,-3.9743328,-3.8829126,-3.4752421,-2.493058,-1.6595889,-0.9450575,-0.09866427,-0.0038214922,0.098758586,0.068054035,0.053631946,-0.07533319,-0.13206108,-0.05919701,0.032475352,-0.9387646,-2.3652706,-2.9248366,-3.3091474,-3.3764563,-3.3429255,-3.2208714,-3.0828311,-2.939568,-3.036837,-2.9509845,-2.0200093,-1.220135,-1.401829,-1.6984419,-1.8463542,-1.9843516,-2.0964415,-2.1417155,-1.4075376,-0.55696887,-0.6888922,-0.6324508,-0.81856513,-1.5423725,-1.6484264,-1.488754,-1.5867348,-1.6867099,-1.9693055,-2.2143273,-2.516339,-2.7630324,-2.803625,-3.0091085,-3.1745708,-3.0975232,-3.0973477,-3.1821418,-3.5846274,-3.6126826,-3.4133132,-3.5423698,-3.7053072,-3.7303505,-3.69387,-3.6630192,-3.6400423,-3.6487446,-3.6819043,-3.704608,-3.7250214,-3.7242217,-3.7392573,-3.7485662,-3.789883,-3.8138862,-3.8042827,-3.7387679,-3.6652403,-3.576188,-3.477229,-3.4433022,-3.4176106,-3.3533897,-3.3234673,-3.2364464,-3.047925,-2.8374035,-2.6469555,-2.4829557,-2.3046145,-2.102139,-1.915151,-1.577534,-1.3077323,-1.0486141,-0.7144902,-0.5814197,-0.67974204,-0.84250665,-1.0416281,-1.2245042,-1.265477,-1.3893585,-1.7089922,-2.0403717,-2.2376308,-2.2938223,-2.2756283,-2.4046063,-2.3912911,-2.457077,-2.4656866,-2.575149,-1.8277278,-1.8276418,-1.8276812,-1.8276501
1.192244,1.0327966,0.43925712,0.40853605,0.20111765,-0.07496649,-0.47635394,-0.91711634,-1.2038534,-0.75238997,-0.3148262,-0.0008162409,0.14457056,0.052025586,-0.13903998,-0.46173167,-0.5273947,-0.4122413,-0.37010908,-0.4024677,-0.22754915,-0.50598407,-0.7532315,-0.789064,-0.8402798,-0.8884015,-0.9028514,-0.9229553,-0.958458,-0.9704501,-0.946355,-0.83780843,-0.4744148,0.29295385,1.3496044,3.2293205,5.394783,6.36178,6.919807,7.326137,7.8334684,8.185019,8.386526,8.324428,7.899106,6.6576667,4.7944155,3.7384827,2.9068575,2.0431216,1.1350546,0.33542675,-0.06544414,-0.45040452,-0.71429396,-0.8764111,-1.0146334,-1.2014747,-1.4668198,-1.6757709,-1.9651936,-2.1474376,-2.1980991,-2.2156334,-2.21116,-2.2107296,-2.2181282,-2.2090688,-2.2178214,-2.2003028,-2.1617556,-2.1105754,-2.0525765,-1.9181739,-1.71019,-1.6040823,-1.6418557,-1.6128039,-1.5121446,-1.194998,-0.82232296,-0.79034173,-0.9030986,-0.96634555,-0.9837134,-1.0324931,-1.0234022,-0.9834703,-0.5272734,0.35841715,1.1802208,1.8267004,2.3003027,2.8359058,2.9265974,2.9456282,2.9964986,3.0356362,2.7776232,1.860795,0.8561078,0.14064527,-0.3936301,-0.59320074,-0.57590836,-0.3500913,0.17107552,0.9662012,1.6767526,2.10354,2.3396297,2.3913476,2.1895509,1.7522149,1.5752306,1.4620131,1.4299611,1.4082496,1.3444369,0.90440917,1.1016719,1.9664388,1.9535012,1.5232997,1.3504481,1.5867293,1.6418839,1.4305311,1.3527558,0.9281354,0.56584644,0.5217046,0.8177223,0.90107167,0.7118596,0.46761662,0.30053475,0.31637734,0.5521575,0.99535704,1.2905884,1.8858759,1.7944407,0.91007113,-0.8218854,-1.7880602,-1.9522244,-2.3247993,-2.5194132,-2.4543858,-1.9223197,-0.6652727,0.3709197,0.69554985,0.6155797,0.50432354,0.32833287,-0.008373454,-0.13815764,-1.1386132,-2.229999,-2.6508865,-2.6166353,-2.361333,-2.0829012,-1.6021016,-1.3532444,-1.2180886,-1.1566665,-1.134681,-1.0016003,-0.91494226,-0.9201631,-0.8221965,-0.83007026,-0.9376198,-1.1093463,-1.273921,-1.3477786,-1.4444897,-1.4682949,-1.4556975,-1.3972099,-1.2717315,-1.1636863,-1.0879276,-1.0472076,-0.91475576,-0.61072624,0.071496576,0.9182605,1.4297788,1.5731199,1.3378866,1.053312,1.1185644,1.260855,0.96136177,0.5910029,0.44078135,0.32234746,0.17301266,0.26359788,0.2884709,0.40018085,0.6037325,0.80169976,0.75492775,0.53017247,-0.016754255,-0.3052255,-0.38591248,-0.10177997,-0.057630703,0.08440441,0.14287117,0.14288113,0.14287174,0.14288151
-0.34268227,-0.31263137,-0.30988637,-0.34674758,-0.19735336,-0.067188755,0.052495442,0.66442984,1.1077502,1.2598878,1.461669,1.6414452,1.7597171,1.7505238,1.5316838,1.0891949,0.82734287,0.71065164,0.68020916,0.7851348,0.6941767,0.7690394,1.0179753,1.029385,1.0657718,1.0693007,1.073294,1.0680202,1.0644629,1.0294877,0.96306884,0.83171666,0.5352538,0.20328844,-0.1644674,-0.62908506,-0.93168396,-1.0295146,-1.055564,-0.9977216,-1.0148361,-0.9267466,-0.8844121,-0.9934292,-1.0601374,-1.2138977,-1.0262356,-0.8029244,-0.67168206,-0.5324987,-0.45801508,-0.57165736,-0.67483056,-0.83325326,-0.9490472,-1.2186968,-1.2753646,-1.2202297,-0.95451343,-0.5483308,0.21530437,0.7889768,1.0588458,1.1610377,1.1890562,1.2359787,1.2419441,1.2570649,1.263584,1.2509961,1.2147107,1.1282426,1.0371459,0.90462494,0.6584132,0.4940591,0.4055875,0.045811627,-0.62107337,-1.5811427,-2.4267042,-2.5915837,-2.548338,-2.5428772,-2.506782,-2.5062869,-2.4525924,-2.4067168,-2.3964548,-2.6769428,-3.0511777,-3.1195388,-3.0323658,-2.8718243,-2.9341197,-2.9804769,-2.919191,-2.8378325,-2.6298547,-2.0088105,-1.1677511,-0.55553085,-0.07410198,0.103456035,0.14079082,0.050869092,-0.26287457,-0.95231426,-1.6577415,-1.9147834,-2.0671778,-2.2444234,-2.2398086,-2.1808672,-2.128725,-2.0511136,-1.9989922,-2.0562274,-2.2289855,-2.4380007,-2.2388725,-1.982875,-1.4633782,-0.841347,-0.42222172,-0.44865933,-0.654814,-0.7610649,-0.71662617,0.03613688,1.216395,1.6939745,1.7388642,1.8751365,2.0750406,2.074371,1.9652559,1.7408426,1.3154974,-0.079376414,-1.4115764,-2.465368,-3.1165457,-3.147686,-2.7729387,-2.8036153,-2.8645985,-2.9021964,-2.9675431,-3.0457902,-3.0101185,-2.535881,-2.3488827,-2.3472311,-2.3905785,-2.1467214,-2.1980062,-2.2342896,-1.9914646,-1.1609578,-0.31788942,0.40976828,0.94876724,1.045685,1.0685282,0.85510325,0.70903397,0.66579777,0.6647919,0.672434,0.5909951,0.562008,0.5940369,0.522546,0.5046679,0.57463133,0.6227464,0.6619679,0.6855241,0.6391409,0.45330265,0.22375765,0.09738535,-0.03297761,-0.18087284,-0.28809142,-0.5000063,-0.76774967,-1.0411614,-1.425708,-1.6998109,-1.7473816,-1.5922933,-1.4609061,-1.2271684,-1.1496084,-1.2286446,-1.2434413,-1.2010491,-1.1820375,-1.0979252,-1.0033362,-1.0141579,-0.9871706,-1.01414,-1.1988113,-1.3587203,-1.3366425,-1.244813,-1.1457717,-1.0334616,-1.0247673,-0.9357892,-0.82241285,-0.72861844,-0.93788093,-0.9378357,-0.9378091,-0.93780625
0.048790753,-0.019524783,-0.39978388,-0.35469627,-0.5476033,-0.5340513,-0.33797598,-0.34781304,-0.20702979,-0.25867835,-0.5466999,-0.7276167,-0.87973046,-0.9872135,-1.1082693,-1.0923142,-1.0075374,-1.1467851,-1.3394253,-1.0608132,-0.653914,-0.78347886,-0.97914267,-1.0243448,-1.0405388,-1.0685227,-1.1130418,-1.1436043,-1.2063601,-1.3230388,-1.455806,-1.6507552,-1.9089334,-2.1532307,-2.1611888,-1.6823356,-0.6676037,-0.14628464,-0.35715064,-0.66417736,-0.8957181,-0.84770614,-0.7887192,-0.8852367,-1.1484997,-1.6508224,-2.5629568,-2.9950268,-3.1851802,-3.1476586,-3.0613756,-2.9071846,-2.804236,-2.7314703,-2.6516335,-2.3163533,-1.8661033,-1.4111465,-1.4327469,-1.7994089,-2.2807071,-2.5457644,-2.6043158,-2.5837798,-2.6163974,-2.5769877,-2.4928987,-2.355595,-2.1821918,-1.9958427,-1.7409885,-1.3886231,-0.9348015,-0.4489045,0.22837918,1.1290798,2.3048155,3.9728222,5.67638,6.985875,7.8838286,8.313813,8.430647,8.475685,8.560865,8.779884,9.005298,9.022205,8.805725,7.945382,6.319436,5.0296044,4.1998534,3.2302337,3.4270537,3.3363538,2.7344377,1.935953,0.85428965,-0.08554295,-0.7990348,-1.491742,-2.1358356,-2.350767,-2.419351,-2.353107,-1.9894254,-1.0184458,0.79859364,2.6476283,3.777041,4.7433634,4.8271,4.8298664,4.765921,4.7256045,4.6106796,4.414321,4.211086,3.923101,3.0841937,0.84843683,-0.7991104,-1.7666389,-2.073155,-1.9094766,-1.7457864,-1.5520179,-1.3907342,-1.4219781,-1.4242405,-0.8664998,-0.4966884,-1.1207844,-1.7634289,-2.168208,-2.456846,-2.6708846,-2.8652017,-2.2631338,-0.57926327,0.12076257,0.72850645,0.9148272,0.70036584,1.0560758,1.4526902,1.4067845,1.4468553,1.1654236,0.7906358,0.43221554,-0.11374213,-0.48135597,-0.7663347,-1.0336547,-0.8707481,-0.94394124,-1.0338883,-1.4671383,-1.8204904,-2.2637808,-2.7050872,-2.983357,-3.123499,-3.250979,-3.274045,-3.283966,-3.2640996,-3.253427,-3.2136488,-3.2253616,-3.226194,-3.217908,-3.188632,-3.1659384,-3.0753565,-3.005554,-2.9546776,-2.894859,-2.8434339,-2.8045697,-2.809877,-2.79889,-2.7689786,-2.7899742,-2.7883637,-2.7593958,-2.7195847,-2.602906,-2.1190977,-1.4247991,-0.52043575,0.10272284,1.5934548,2.479185,3.0644102,3.4812098,3.4940915,3.3103747,3.2439966,3.0777245,2.955984,3.0143619,3.0815103,3.1392179,2.8772588,2.5121176,2.1386552,1.5362146,0.9908204,0.8226141,0.51992035,0.43144614,-0.016264461,-0.19382067,-0.1937573,-0.19381303,-0.19376957
-0.98845214,-1.1968201,-1.4257791,-1.4537457,-1.6433723,-1.7990637,-1.9123065,-1.81392,-1.6219997,-1.0782123,-0.6898246,-0.55341434,-0.63917875,-0.77041626,-0.8123517,-0.69980705,-0.5318454,-0.46971437,-0.5743675,-0.81609404,-1.3439963,-1.3867323,-1.3629917,-1.3923054,-1.4094368,-1.4136734,-1.4196275,-1.4338956,-1.4003601,-1.3120514,-1.1573565,-0.9576185,-0.7276162,-0.65114474,-0.87197125,-1.4443442,-2.0221026,-2.2300415,-2.1357338,-1.9612578,-1.845501,-1.8834972,-1.7193766,-1.156383,0.08347124,1.1169944,1.5652794,1.7142189,1.7118382,1.3595805,1.1227125,0.69719917,0.42467368,0.15132824,-0.15454026,-0.43954003,-0.61434627,-0.72965485,-0.8247371,-0.8599986,-0.48226553,-0.26321608,-0.122112125,-0.10174958,-0.11851199,-0.14670652,-0.21701282,-0.34107667,-0.41357195,-0.43167585,-0.41548946,-0.37185183,-0.34346715,-0.30996734,-0.31061614,-0.31905103,-0.29827094,-0.38353175,-0.53791964,-0.6699948,-1.0174937,-1.3120768,-1.2933083,-1.240135,-1.1025934,-1.0315666,-0.98974603,-0.92560863,-0.7259352,-0.27987117,-0.399923,-0.5383676,-0.5759539,-0.7273123,-0.82771826,-0.7423124,-0.49355894,0.098508716,1.2968376,2.5960383,3.4221246,4.0393667,4.5189567,4.699957,4.8065805,4.857159,4.7624807,4.4470134,3.7082305,2.687014,1.922503,0.8411085,0.26042795,-0.011947334,-0.04067141,-0.13948177,-0.30272782,-0.48045355,-0.7867197,-1.1766466,-0.9097135,-0.015138283,0.5209703,0.9101789,1.0172029,0.5562132,-0.16955298,-0.48610747,-0.48665565,0.22302978,1.1996764,0.930627,-0.42432925,-0.44708616,0.16150217,0.61545837,1.0061231,1.3587258,1.7215791,1.6512506,1.000999,0.7237867,0.077486455,-0.13075879,-0.2457958,-0.7107667,-0.9033977,-1.0051513,-1.026422,-0.8933269,-0.724784,-0.6787451,-0.65217346,-0.6266163,-0.4468494,-0.0108091235,-0.07994664,-0.4212501,-0.29200503,0.49790716,0.9997579,1.2808763,1.7294106,1.8133919,1.7628734,1.5471559,1.3980334,1.3818204,1.3854098,1.3979235,1.241895,1.1706069,1.1287359,0.9815538,0.882422,0.8509996,0.73105884,0.5444246,0.3248846,0.11625165,-0.1127247,-0.28662542,-0.4049201,-0.5018152,-0.60154843,-0.6374867,-0.6315538,-0.77059966,-0.9595764,-1.3193378,-1.5756644,-1.6210325,-1.6454341,-1.618779,-1.6035506,-1.4473627,-1.3227667,-1.1982055,-1.1593173,-1.1052248,-1.0017885,-0.9338042,-0.8000108,-0.6307574,-0.5630124,-0.6249336,-0.6973436,-0.8641751,-0.9078641,-0.60032284,-0.31650314,-0.18770638,0.005547762,0.20976967,0.41589823,-2.1901116,-2.1904294,-2.1902974,-2.1903992
-2.0777228,-2.2081351,-2.2058415,-2.179974,-2.1532598,-2.2177296,-2.1762848,-2.021298,-1.6142714,-1.007725,-0.71003884,-0.69360363,-0.77591455,-0.84855884,-0.79497874,-0.318099,0.025002599,0.15535855,0.028263249,-0.13197786,-0.029987808,0.5378426,1.0927569,1.2549026,1.3226514,1.4221319,1.4419241,1.49536,1.5745645,1.6714146,1.7860034,1.9665761,2.2170186,2.110187,1.6917487,0.8394604,0.37551016,0.29847357,0.47423822,0.7304409,1.1114423,1.6839676,1.9624989,1.9476178,1.5505399,0.90328443,0.7247513,0.8836422,1.1341767,1.4657881,1.8277729,2.0361395,2.0945168,2.2036743,2.3640842,2.3741667,2.1436534,1.9110308,2.0812325,2.2935233,2.7603712,3.077023,3.1269007,3.1982508,3.2467785,3.2902813,3.3682039,3.5442057,3.645599,3.7682867,3.8617625,3.8604164,3.7897415,3.6808667,3.532445,3.395365,3.1870136,2.8655047,2.6929164,3.1713943,4.3164387,4.9849873,5.1903987,5.264288,5.3348236,5.500639,5.656014,5.633355,5.332363,4.6585217,4.2749968,4.240877,4.2128606,4.2262683,4.169877,4.112898,4.0467424,3.8461907,3.483448,3.038813,3.0652056,3.475195,3.9415352,4.146817,4.222377,4.2613983,4.13828,3.6980274,3.3559127,4.0645905,4.5320597,5.1585126,5.510518,5.626942,5.6363506,5.598098,5.4021225,4.937824,4.2836285,3.3012552,2.7137358,3.408269,4.003007,4.3573494,4.4065123,4.69198,4.6202173,4.4462857,4.2384777,3.8564408,3.1945868,1.9796615,1.4038417,2.1189609,2.6379895,2.8713765,2.9775052,3.0609174,2.9947577,1.8883786,1.1000905,1.6809659,2.255274,2.1012619,1.4276069,1.3035258,1.1418266,1.2266867,1.4721231,1.9207461,2.6818087,3.975261,4.566017,4.675126,4.36947,4.1256647,4.1994615,4.170472,4.225554,3.8117938,3.279531,3.077626,3.4449468,3.7902584,4.002656,4.2187805,4.306644,4.317306,4.2919197,4.2635603,4.255241,4.218733,4.1514883,4.109479,3.9600363,3.7505722,3.3790734,3.0376067,2.879327,2.7552185,2.7023377,2.6767068,2.690595,2.747525,2.8465195,2.9352612,3.0929787,3.3952613,3.7680874,4.166753,4.2941456,4.166773,3.8051958,3.431687,3.341743,3.5663033,3.8870738,4.3259835,4.544079,4.6589565,4.740309,4.8115015,4.899684,4.994564,5.005476,4.7571054,3.9477859,3.151236,1.7014015,0.11019996,-0.31192932,-0.49641404,-0.53594947,-0.39751494,-0.23192503,-2.414008,-2.4141483,-2.4141288,-2.4141588
-4.259487,-4.2995405,-4.6234894,-4.5980935,-4.588173,-4.439765,-4.1767607,-4.026845,-3.8833618,-3.8375978,-3.6788263,-3.5648592,-3.6167002,-3.6742978,-3.7219856,-3.7170067,-3.722073,-3.6382382,-3.2356284,-2.6521502,-2.2327485,-2.4467247,-2.7486033,-2.8641882,-2.936537,-2.9832911,-2.9850435,-3.0012462,-3.0447752,-3.1021528,-3.2225986,-3.441512,-3.8125794,-4.0902934,-4.143497,-3.950405,-3.5537498,-3.6939874,-4.017147,-4.4706335,-4.824487,-4.873623,-4.708745,-4.6491084,-4.7807665,-4.809358,-4.6462173,-4.7180467,-4.8784795,-4.973776,-5.0090837,-5.067744,-5.116509,-5.21145,-5.2720346,-5.3334594,-5.3697796,-5.3886786,-5.261853,-5.0884895,-4.6627793,-4.422403,-4.352887,-4.3044486,-4.3002224,-4.325533,-4.3326507,-4.278365,-4.2628646,-4.212266,-4.126075,-4.0502267,-4.0268207,-3.9991393,-3.9234064,-3.8595495,-3.728808,-3.5772865,-3.3907902,-3.4620445,-3.7499888,-3.9245188,-4.0555906,-4.156548,-4.279293,-4.32491,-4.4057064,-4.5314555,-4.8601227,-5.2030606,-4.958709,-4.499452,-4.1556563,-3.9913063,-3.9213257,-3.899502,-3.9904432,-4.241239,-4.796216,-5.1766024,-5.5637097,-6.0235834,-6.3270373,-6.398238,-6.384982,-6.357788,-6.262001,-5.985097,-5.6000233,-5.726322,-5.700248,-5.4534893,-5.3464637,-5.3219414,-5.3914785,-5.423728,-5.4775124,-5.5398784,-5.478117,-5.118888,-4.882577,-5.100357,-5.2643757,-5.1895514,-5.0390797,-4.8937063,-4.6570754,-4.4297657,-4.241246,-4.4515924,-4.33352,-3.473861,-2.63493,-3.1022253,-3.5142221,-3.7125244,-3.8767161,-4.0194845,-4.0897207,-3.6790788,-3.5662766,-4.389891,-4.7363367,-4.933242,-5.0823765,-4.909363,-4.813183,-4.66064,-4.596268,-4.702376,-4.966276,-5.1651816,-5.137239,-5.038087,-5.334057,-5.434204,-5.361338,-4.9409747,-4.513416,-3.943843,-3.636248,-3.888699,-4.5278006,-4.893995,-5.1520996,-5.409964,-5.5019207,-5.5453672,-5.5755405,-5.593524,-5.661004,-5.6952953,-5.671159,-5.7109246,-5.7436104,-5.689557,-5.6066775,-5.4592805,-5.281328,-5.1518373,-5.0036144,-4.9006977,-4.834332,-4.81695,-4.787572,-4.774455,-4.7498846,-4.735105,-4.723012,-4.684993,-4.5023417,-4.287333,-4.0364227,-3.9233665,-3.7924342,-3.8850698,-4.0766788,-4.1262035,-4.177841,-4.2573395,-4.3590508,-4.474532,-4.6441765,-4.795948,-4.954654,-5.195559,-5.424231,-5.3112135,-5.004265,-4.6446104,-4.598092,-4.520928,-4.4946446,-4.4910603,-4.514636,-3.2267098,-3.2264743,-3.2265089,-3.2264595
