0,1,2,3,4,5,6,7,8,9,10,11,12,13,14,15,16,17,18,19,20,21,22,23,24,25,26,27,28,29,30,31,32,33,34,35,36,37,38,39,40,41,42,43,44,45,46,47,48,49,50,51,52,53,54,55,56,57,58,59,60,61,62,63,64,65,66,67,68,69,70,71,72,73,74,75,76,77,78,79,80,81,82,83,84,85,86,87,88,89,90,91,92,93,94,95,96,97,98,99,100,101,102,103,104,105,106,107,108,109,110,111,112,113,114,115,116,117,118,119,120,121,122,123,124,125,126,127,128,129,130,131,132,133,134,135,136,137,138,139,140,141,142,143,144,145,146,147,148,149,150,151,152,153,154,155,156,157,158,159,160,161,162,163,164,165,166,167,168,169,170
12.693083,12.663767,12.582996,12.425765,11.805166,11.194515,10.404544,9.418459,8.790718,7.334365,6.222494,5.1528077,4.3723674,3.7997248,3.0407147,2.546546,1.2764698,1.1505315,1.1372142,1.1455572,1.0710325,1.1051362,1.2998598,1.6569773,1.8663504,1.9766558,2.2890728,2.613964,2.7301812,2.7750983,2.8197455,2.9917843,2.7570038,2.2753553,1.5312928,0.26712132,-0.8814251,-0.71944225,-0.37464958,-0.15053137,-0.14371657,-0.1511042,-0.16291244,-0.51264375,0.3463642,0.888277,0.8639803,0.88069093,0.8896228,0.9189057,1.0832367,1.3526852,1.714442,1.8007538,1.1613668,0.32266274,-0.3384087,-0.61286926,-0.36430523,-0.15393859,-0.078264035,-0.20489897,-0.20378254,-0.103235185,-0.12411064,-0.12538406,-0.31652337,-0.5878103,-0.1099333,0.5591574,1.105967,1.5295787,1.751135,1.9554063,2.1599874,2.1103916,2.1532435,2.3220901,2.6617332,3.1880116,3.8089666,4.7727957,5.9182053,6.509029,6.421913,6.0662384,5.113727,4.227398,2.3884697,0.3329916,-1.1458278,-1.0330199,-0.4462837,0.31704134,0.04888028,-0.05773534,0.39977983,0.3455211,0.35262987,0.1736063,0.14500004,0.16448951,0.23089199,0.16851805,0.10897901,0.18821612,0.3200719,0.31861776,0.17904875,-0.011819676,-0.2308514,-0.25508884,-0.49609125,-0.41154075,0.4516163,0.5812589,-0.056058683,-0.24583045,-0.42984354,-0.5010643,-0.4002155,-0.33135557,-0.34622672,-0.08739138,0.049399793,-0.47152412,-0.7595632,-0.6634795,-0.48642862,-0.51614696,-0.62165534,-0.72129065,-0.808425,-0.8942434,-0.9420847,-0.89068586,-0.7723806,-0.63279814,-0.44859692,-0.08102654,0.49705645,0.97642064,1.8071345,2.1745052,2.533115,2.7740698,2.746162,2.9308727,2.9900904,3.0163145,3.2334714,3.6351638,3.8952756,4.259457,4.4359264,4.5670023,4.6118736,4.797767,5.108448,6.3536515,7.5906725,8.801963,10.3557415,10.885269,11.09931,11.272992,10.97908,10.68627,10.686258,10.686265,10.686062
-2.749611,-2.7923212,-2.7984624,-2.8262334,-2.879025,-2.9338474,-3.009955,-3.2744155,-3.3816233,-3.545429,-3.7111917,-3.7208781,-3.7104638,-3.7709887,-3.7423217,-3.5833113,-2.9749331,-2.5805547,-2.4337316,-2.4494374,-2.4143207,-2.5820405,-2.6132586,-2.6544414,-2.6585526,-2.923726,-2.9507024,-2.8528929,-2.9671097,-2.9392538,-2.9055552,-2.9275532,-2.8279288,-2.6386974,-2.5967252,-2.8801398,-3.5874348,-3.4360223,-2.7845159,-2.2203298,-1.8361449,-1.4012076,-1.3673801,-1.8995574,-2.3061342,-2.5574486,-2.7301145,-3.0088406,-3.1999927,-3.3547978,-3.232325,-3.1137662,-3.0787992,-2.8749762,-2.6779556,-3.1508925,-3.4689412,-2.7049627,-0.9891963,0.2634105,0.74013555,0.92407227,0.9751495,0.9019591,0.7709761,-0.11295766,-1.1840322,-1.4261037,-1.5878307,-1.8547273,-2.040856,-2.0752804,-2.101563,-2.0971582,-2.1129005,-2.1212912,-2.090749,-1.9890848,-1.9376109,-1.8961544,-1.9189072,-1.9947709,-2.1501005,-2.4140468,-2.7127788,-2.7576666,-2.563035,-2.4905422,-2.4097488,-2.3956962,-2.3857775,-2.64893,-2.4197884,-1.5721805,-0.94068205,-0.6348163,0.5427935,1.1914294,1.2890944,1.5565104,1.5346789,1.0790092,0.4596236,-0.30125695,-0.9048444,-1.2402105,-1.5230519,-1.571256,-1.4701096,-1.2194933,-0.6454272,0.0012247562,-0.0016932487,0.44804752,1.3145491,1.3729736,0.48780346,-0.223055,-1.093196,-1.6471714,-1.6919773,-1.6001829,-1.5595968,-1.5127463,-1.462092,-2.0542061,-2.618686,-3.185196,-3.4282181,-3.6539621,-3.667684,-3.4937906,-3.331364,-3.2822962,-3.1453948,-3.1083999,-3.0294814,-3.0334973,-3.0010328,-2.896839,-3.076706,-3.3762302,-3.5242314,-3.2612793,-3.126475,-3.0981104,-3.0660048,-3.038405,-3.0580845,-3.0465312,-3.090859,-3.107449,-3.0836267,-3.0565562,-3.0154517,-2.95745,-2.943554,-2.9236264,-2.9124928,-2.767284,-2.544725,-2.3830867,-2.1117022,-1.8476075,-1.8770429,-1.779547,-1.841033,-1.1074235,-1.1074024,-1.1074089,-1.1071631
-0.6956141,-0.72430485,-0.83358705,-0.9733647,-1.3326286,-1.5808084,-1.7568245,-1.8044281,-1.619472,-1.0008577,-0.6860715,-0.66815937,-0.57291263,-0.4949851,-0.71321154,-0.97189605,-1.9772921,-2.5121956,-2.6731055,-2.7478967,-2.7250247,-2.4705946,-2.2072847,-1.9249318,-1.7480295,-1.5595582,-1.0510781,-0.3655554,-0.030942272,0.30852634,0.39286277,0.68355787,1.0518943,1.2900562,0.88356584,0.67539275,-0.15661949,-1.2051729,-2.0880995,-2.6478171,-2.9112868,-2.9873762,-2.4370255,-0.6785698,0.7195309,0.9233017,0.823161,0.45815402,-0.03237103,-0.55116457,-0.62116724,-0.50438124,-0.4610269,-0.39276755,-0.5978765,-1.2272459,-2.1587784,-2.931315,-3.4319801,-3.4465961,-3.4164023,-3.3877716,-3.4931126,-3.6087446,-3.681116,-3.3789136,-2.8655705,-2.1732135,-1.1005137,-0.06466377,1.150661,1.9477034,2.255116,2.5015857,2.5479178,2.4843264,2.4588683,2.5815234,2.7637007,2.8803601,2.9815116,3.1739964,3.163014,3.2788596,3.702355,3.856071,4.276737,4.425032,4.375114,3.7666883,2.5579221,1.2396479,-0.467817,-1.7723767,-2.060417,-1.9553709,-1.9049033,-1.6688983,-1.6852841,-1.7462413,-1.9166803,-2.0047548,-2.0543995,-2.2062716,-2.3736446,-2.418492,-2.5209024,-2.6076655,-2.6839519,-2.7269807,-2.767605,-2.64606,-2.6656065,-2.6792836,-2.010786,-1.5407819,-1.3088175,-1.5907454,-1.9133701,-2.7511444,-3.430866,-3.8259797,-3.4108608,-2.8693163,-2.4647665,-2.4744139,-2.6147237,-2.8767643,-2.9737816,-3.083568,-3.1356287,-3.1152873,-3.1376324,-3.2189353,-3.3276706,-3.397054,-3.4518776,-3.3738067,-3.3127863,-3.2670846,-3.0958295,-2.581111,-1.3196689,-0.36398265,-0.043728232,0.024562463,0.005583167,0.008491427,-0.04823138,-0.07460046,-0.1380671,-0.11661185,-0.09125922,-0.07081075,-0.052750804,-0.08040097,-0.103986524,-0.15254942,-0.12983233,-0.26246428,-0.641199,-1.151887,-1.9269192,-1.9552366,-1.8778242,-1.6918192,-1.6243064,-0.1351082,-0.1350013,-0.13499463,-0.1350559
-2.2840738,-2.246039,-2.1124573,-1.9784074,-1.7271641,-1.6149849,-1.443265,-1.1242497,-1.0882089,-0.7788822,-0.5765861,-0.44447643,-0.55615246,-0.1549182,0.044877738,0.074901834,-0.2062254,-0.71795344,-0.8476795,-1.1662896,-1.2056737,-1.558809,-1.9561558,-2.278454,-2.6704674,-2.9475286,-3.0931396,-3.2247202,-3.3381596,-3.280463,-3.236163,-3.2441506,-3.0938368,-2.7932348,-2.4989574,-2.2131844,-1.906704,-1.7290522,-1.677701,-1.5836623,-1.406012,-1.2015772,-1.2074529,-1.2086902,-1.376502,-1.6880635,-1.8309972,-1.8024403,-1.6978016,-1.5914636,-1.257106,-1.2603501,-1.3392507,-1.2078396,-0.86997414,-0.90711164,-0.97532475,-0.8949741,-0.095446765,1.013226,1.8161378,2.1567938,2.392612,2.4164596,2.2937872,1.3670933,0.21045831,-0.4500123,-1.0528787,-1.5653609,-1.971937,-2.1943054,-2.3052049,-2.3783498,-2.4282022,-2.4455767,-2.419299,-2.3168383,-2.2631779,-2.21627,-2.1577117,-2.0425887,-2.0493147,-2.0752156,-2.2510455,-2.2543259,-1.9954593,-1.8324203,-1.7094933,-1.4036922,-0.9209323,-0.3068219,0.689927,2.199856,5.1938744,7.413972,8.445025,8.732775,8.651186,8.2117,7.562744,6.881275,6.124406,5.0710726,3.9219184,3.2703526,2.418752,2.0381925,1.9191494,2.090118,3.3635662,6.1241007,8.397959,9.696487,10.028523,9.836155,9.694617,9.214508,8.101774,5.4238005,3.1881313,0.49526927,-0.58989936,-0.8515117,-1.0441456,-1.5681592,-2.0158505,-2.2524586,-2.3341963,-2.464793,-2.6385965,-2.6785517,-2.6429334,-2.6352055,-2.6094193,-2.535299,-2.4457831,-2.2744193,-2.1373687,-1.9325227,-1.743834,-1.6613253,-1.8018473,-1.7827879,-1.7212121,-1.8278099,-1.8644835,-1.9245976,-2.0186338,-2.0193992,-2.0716717,-2.020483,-2.0134954,-1.9775466,-1.9613621,-1.9175215,-1.8801562,-1.8589637,-1.854325,-1.6866021,-1.5891478,-1.5782572,-1.3513782,-1.2809083,-1.2610087,-1.3722281,-1.6868802,-0.26236203,-0.2622441,-0.26223782,-0.26188415
-0.7086221,-0.7582978,-0.8422843,-0.92144424,-1.1262923,-1.1953019,-1.1112773,-0.9108174,-0.77952784,-0.60444117,-0.6266642,-0.5365814,-0.6067356,-0.5078746,-0.09747382,0.21117373,0.96408755,1.2052193,1.1177311,0.6208544,0.5127585,0.22789058,0.1254137,0.0036866367,-0.1073522,-0.13883212,-0.3909412,-0.7228206,-0.7917465,-0.9677568,-1.0221044,-1.0786214,-1.3790267,-1.7099565,-1.7756784,-1.5365613,-0.11890726,0.91250277,1.5227677,1.7745345,1.7795672,1.5617616,1.2716196,-0.12823637,-1.6617591,-1.5450096,-1.1350143,-0.91759443,-0.803663,-0.68224514,-0.84139967,-1.072719,-1.2296573,-1.2509698,-0.95746773,-0.06404865,1.1965312,1.91329,2.1247797,1.9627557,1.5591805,1.3824996,1.1947134,0.99842733,0.74433917,0.38676086,-0.09177855,-0.98306143,-1.618211,-1.7509415,-1.6379901,-1.377559,-1.166813,-1.0161259,-0.89378023,-0.7971624,-0.75712985,-0.886114,-0.9728903,-0.93864036,-0.9595873,-1.0273776,-1.0444632,-1.1067868,-0.8828521,-1.0054672,-1.3456904,-1.3682647,-1.2572272,-0.8052134,-0.06905362,0.98178065,1.5371072,1.7739007,1.1836903,-0.6496783,-1.4996321,-1.6770457,-1.6657636,-1.5162041,-1.1736934,-0.9321839,-0.50558376,0.24283576,0.8085302,1.0272871,1.3676727,1.6223991,1.731194,1.7796595,1.7475019,1.3277653,0.45308444,-0.5713811,-1.3605186,-1.0191472,-0.53868806,0.036889046,1.0144668,2.326615,2.524091,1.7805784,0.37309694,-1.0399897,-1.500835,-1.1491736,-0.7957283,-0.85109043,-0.8905364,-0.89814895,-0.7629719,-0.64243376,-0.5310386,-0.47857141,-0.32838243,-0.26561892,-0.2311967,-0.47472125,-0.7775229,-1.0103486,-1.45777,-2.1184628,-2.9351535,-3.0848658,-2.8076591,-2.5021367,-2.443489,-2.3311336,-2.2237008,-2.169869,-2.096065,-2.1785996,-2.1726832,-2.174056,-2.165299,-2.135967,-2.1324122,-2.0653346,-1.9872141,-1.760773,-1.4489007,-1.2647297,-1.2922554,-1.2110354,-1.1946458,-1.0934248,-0.9930571,0.196793,0.19669876,0.19667172,0.19659042
0.08352241,0.21622884,0.41680813,0.69807684,1.4399153,1.9128458,2.4762545,3.0456018,3.4337606,4.012809,4.0929375,4.1871476,4.267764,4.450185,4.6752024,4.8921566,4.941296,4.519477,4.235851,3.2711043,2.7552495,2.3107696,1.7928498,1.5623866,1.1405516,0.9710697,0.6463704,0.21692109,-0.016768541,-0.29468444,-0.35444456,-0.62987363,-0.98321056,-1.1838071,-1.0722711,-0.7249956,-1.2036275,-1.6468191,-1.5312716,-1.4403368,-1.3867658,-1.465232,-1.8515973,-2.300536,-2.8078332,-2.6030998,-2.3341284,-2.1859288,-2.202434,-2.4427245,-2.7013674,-2.866355,-2.939435,-2.8316834,-2.2871103,-1.6362879,-1.404079,-1.407368,-1.3581496,-1.1111263,-0.9955323,-0.82700336,-0.6517414,-0.49890232,-0.12868622,-0.13869193,-0.7447355,-1.1510596,-1.707145,-2.1086285,-2.1545024,-2.1523423,-2.170115,-2.1940517,-2.2614262,-2.2424667,-2.2545383,-2.2778645,-2.3544903,-2.4684663,-2.5220582,-2.69246,-2.981506,-3.2785509,-3.3489184,-3.147647,-2.5775905,-2.1512895,-1.4540768,-0.5471838,0.23109947,0.003339082,-0.46687427,-0.75812924,-0.37659946,0.7528162,0.9056176,0.51532,0.090715274,-0.26446646,-0.47828645,-0.44229206,-0.2824374,0.01678145,0.40183187,0.70634794,0.93139744,1.0782145,1.3001791,1.6246507,1.6062785,0.92689216,1.2479725,1.7602764,1.214198,0.43299443,0.59808755,0.8677465,0.9341619,1.3191918,1.8290179,2.0796757,2.2355325,2.4031165,2.575127,2.7869782,2.592973,2.0376213,2.0338826,2.262883,2.844656,3.28847,3.429095,3.2735956,3.2057467,3.213483,3.3952098,3.3822994,2.9493172,2.5677586,1.8266345,0.8552204,-0.5513009,-1.7523718,-2.2703996,-2.6159625,-2.6769166,-2.700964,-2.7379985,-2.7090425,-2.7150478,-2.6477823,-2.6742554,-2.6046214,-2.5375404,-2.4603567,-2.4179478,-2.2954702,-2.2346878,-2.0883923,-1.7561014,-1.3189633,-1.1551863,-1.4511977,-1.4865034,-1.8100356,-1.9507592,-1.8092408,-1.8092973,-1.809312,-1.8091613
-2.1653786,-2.1793523,-2.1655626,-2.1873102,-2.2189596,-2.1565182,-2.1559992,-2.1638393,-2.1224167,-2.2385452,-2.286023,-2.2278926,-2.1508276,-1.9005237,-1.396269,-0.99714005,-0.13876243,-0.0788434,-0.35287791,-1.066328,-1.2581732,-1.4086967,-1.5101892,-1.8079954,-2.034608,-2.1593838,-2.2990363,-2.4801888,-2.43072,-2.418527,-2.4291148,-2.4942074,-2.409174,-2.224579,-1.790517,-0.94595957,-0.21390256,0.07241525,0.47540998,0.7518538,0.8527194,0.748417,0.0839542,-0.6162681,-1.1730621,-1.7707195,-2.0339432,-2.24114,-2.4587831,-2.590581,-2.597112,-2.6164093,-2.6707304,-2.607115,-2.1834555,-1.3650765,-0.54166156,0.13911642,0.4982773,0.48619592,0.288522,0.17467849,-0.008339189,-0.26192704,-0.70346713,-1.5456684,-2.0577252,-1.8622432,-2.00645,-2.2647455,-2.2817016,-2.2749982,-2.2956228,-2.3331075,-2.3638318,-2.3411098,-2.302988,-2.2792559,-2.2426796,-2.2820334,-2.4077153,-2.6435356,-2.910121,-3.096381,-3.12512,-2.9210923,-2.5439134,-2.342752,-1.8019985,-0.91083133,0.084016934,0.5231932,1.2857984,1.9163423,2.1120424,2.1199381,1.741235,1.4666368,1.295717,1.235421,1.2758493,1.4791303,1.5508937,1.6161444,1.7191575,1.7550822,1.7882439,1.7890236,1.8545618,1.870543,1.629244,0.915844,0.11220311,-0.20241809,-0.21711338,-0.21749657,-0.25434965,-0.111744955,0.031949718,0.05573353,0.23014662,0.015486836,-0.47362927,-1.1402665,-1.8519218,-2.2901053,-2.4260635,-2.1309037,-1.7313638,-0.97601247,-0.13906498,0.23585364,0.38891292,0.48109928,0.7334256,0.74117196,0.8014066,0.47960526,0.22022079,0.049835257,-0.24441129,-0.70208335,-1.4397008,-1.7922744,-2.0157135,-2.071405,-2.04198,-2.00739,-1.9540346,-1.9555984,-1.9366395,-1.9646702,-2.0406427,-2.133224,-2.15216,-2.201798,-2.2338305,-2.3367972,-2.4850125,-2.8061476,-2.9747465,-2.9457178,-2.5554686,-2.260707,-2.2428133,-2.2438579,-2.2074647,-2.4431643,-2.4432611,-2.4432917,-2.4431427
-1.2363355,-1.2793906,-1.1867222,-1.0782619,-0.9029169,-0.8623245,-0.83153284,-1.02446,-1.2610878,-1.5714738,-1.7499807,-1.5952666,-1.6178368,-1.4902883,-1.1864936,-0.9021401,0.1455076,0.71051806,1.1914306,1.6866146,1.9996016,1.9523332,1.8936039,1.6824138,1.5641129,1.0951611,0.62255085,0.028471336,-0.40716863,-0.53167135,-0.54771525,-0.82187057,-0.93046117,-0.8819514,-0.5703441,-0.57468873,-0.9950421,-0.82091016,-0.23429143,0.34333894,0.9263902,1.7067043,2.039025,1.3328176,-0.19961879,-1.1348445,-1.1332254,-0.7667843,-0.29392755,0.14710258,0.67720115,0.7652976,0.8307362,1.1531892,1.8561652,1.8744246,1.6360903,2.3782458,4.7570133,6.868016,7.775515,8.181595,8.531558,8.754164,8.845709,8.465673,7.829838,7.1635036,5.3794775,3.1884913,0.9979382,-0.13358411,-0.5546023,-0.75791836,-0.8346764,-0.84983164,-0.79008996,-0.6401776,-0.6906652,-0.6408963,-0.59616446,-0.62083864,-0.9021503,-1.3436141,-1.6876255,-1.8187104,-1.5942681,-1.3646712,-0.99512374,-0.6956092,-0.8172093,-1.4742827,-1.6086574,-0.6474985,0.9310528,2.7687068,3.9392986,3.6962032,3.1650968,2.400949,1.8944619,1.3849326,0.8500543,0.20815808,-0.4197638,-0.7704237,-1.1849445,-1.3424892,-1.3708912,-1.2311269,-0.63899934,0.18465346,0.4641687,1.2710469,2.5565605,3.1488628,2.5288997,1.9832969,1.5039077,1.4623249,1.54761,3.005203,4.055984,4.7156506,5.250307,5.070702,4.6216226,4.058904,3.52489,2.4265795,1.409046,1.0391049,0.8636322,0.8377604,0.8208227,0.9050766,0.83624864,0.7474973,0.6168908,0.60821986,0.046948317,-0.7045452,-1.5255063,-2.129463,-2.4109883,-2.5816047,-2.5207744,-2.4639626,-2.4832652,-2.458767,-2.4579782,-2.412396,-2.4062324,-2.3390508,-2.3424647,-2.2615023,-2.2380154,-2.1273541,-2.0071094,-1.6218578,-1.1844283,-0.89819515,-0.7219591,-0.7853591,-0.9022269,-1.0237762,-1.4014145,-0.2633009,-0.26305073,-0.26300246,-0.26292652
-0.8158144,-0.88260794,-0.902987,-0.9605701,-1.0743897,-1.168885,-1.3158641,-1.3697463,-1.3617425,-1.1306949,-0.97697103,-0.9241341,-0.99056494,-1.0142332,-1.0498817,-0.93481517,-0.0895955,0.5542998,0.77183247,0.8928504,1.0142896,0.94027936,0.8337927,0.6898155,0.49047798,0.35251343,0.10126153,-0.2404303,-0.54032487,-0.7575618,-0.7642112,-0.97933745,-1.1443015,-1.2956635,-0.8931783,0.087400794,2.2911491,3.4842396,3.755045,3.812282,3.79342,3.6532328,3.1628866,2.270382,-0.07726863,-1.3672203,-1.5998471,-1.484738,-1.3999687,-1.2792273,-1.3509699,-1.395838,-1.5207245,-1.5160508,-1.1726824,-0.54216874,0.40430796,1.0178704,1.2064359,0.8174652,0.5672288,0.4472525,0.36568046,0.3547784,0.28719345,0.027337037,-0.21339697,-0.20507377,-0.6864913,-1.2505622,-1.6909643,-1.7852852,-1.7312086,-1.6744015,-1.6218952,-1.5757947,-1.4811835,-1.4541306,-1.3906797,-1.258361,-1.2121043,-1.2428043,-1.4267066,-1.6157658,-1.8560636,-1.8766348,-1.9614382,-1.9280915,-1.7209351,-0.6991954,0.78154635,2.1543043,3.079674,2.9167106,2.1244044,0.39346585,-1.0516098,-1.557605,-1.5848649,-1.440862,-1.1750336,-1.1548998,-1.1956711,-1.0425007,-0.89110607,-0.82191885,-0.77044106,-0.72173786,-0.6518756,-0.6058923,-0.56379414,-0.89198625,-1.116486,-1.052947,-0.96007276,-0.8484043,-0.69218475,-0.4690839,-0.095763326,0.62424743,1.0031886,0.3473022,-0.4746946,-1.183058,-1.5189475,-1.5223471,-1.3423245,-1.1038657,-0.89480376,-0.50608104,-0.008723646,0.35245818,0.5535672,0.60994697,0.76247597,0.79254854,0.86049116,0.67876303,0.526534,0.34510928,0.10568066,-0.37286967,-1.0445987,-1.4474993,-1.6225548,-1.5152906,-1.3653336,-1.2673029,-1.1614971,-1.1792921,-1.0904151,-1.0798206,-1.1804949,-1.2970816,-1.2931292,-1.275141,-1.2574568,-1.2302331,-1.2618268,-1.4005115,-1.3835998,-1.293832,-1.1766852,-0.94048643,-0.9120401,-0.6112402,-0.110875,-1.0112512,-1.0113109,-1.011311,-1.0113773
-2.9178088,-2.8756542,-2.8298495,-2.8129416,-2.7273502,-2.6943448,-2.5796099,-2.3610177,-2.1282372,-1.5323997,-1.2165289,-1.0739143,-0.9114637,-1.0145111,-0.89376163,-0.8023652,-1.0606105,-1.5030444,-1.961836,-2.7116792,-2.8971655,-2.9553428,-2.8597074,-2.9199493,-2.8802156,-2.9340224,-3.1036787,-3.319014,-3.2918315,-3.3444731,-3.3612912,-3.3675408,-3.4806988,-3.5925841,-3.7058716,-3.9179976,-3.340769,-2.4715555,-1.9068301,-1.620547,-1.5547552,-1.7231882,-2.2282462,-3.4689364,-3.8625708,-2.965577,-2.5474055,-2.5451238,-2.5763507,-2.6377873,-2.8627653,-3.0292883,-3.2114503,-3.520104,-3.7537847,-3.5416737,-2.8579144,-1.6944419,-0.71601117,-0.40463018,-0.6824404,-0.8321829,-1.0603218,-1.3936076,-1.7099689,-2.100911,-2.2241588,-2.5145552,-2.8579662,-2.906735,-2.7083988,-2.4061794,-2.2484035,-2.1008732,-2.0380137,-1.9824201,-1.958833,-2.054245,-2.1149697,-2.2090502,-2.247622,-2.1797757,-2.0601919,-1.9524107,-1.8223059,-1.996778,-2.3324594,-2.4737902,-2.37883,-2.1959863,-1.6656394,-0.8538419,-0.3571276,-0.041346118,-0.35527444,-1.6909109,-1.3750396,-0.6241243,-0.20394832,0.20704058,0.4135886,0.5719695,0.64438844,0.7449505,0.9326081,1.0218449,1.1899464,1.2789229,1.3432984,1.3924092,1.3591534,0.83798045,0.08585219,-0.8949713,-1.686176,-1.4810549,-1.3906049,-1.1045569,-0.563525,-0.04167898,0.23223451,-0.61766785,-2.0012245,-2.6314275,-2.4579206,-1.9777775,-1.6080647,-1.3073044,-0.99405015,-0.75213856,-0.6232371,-0.66918397,-0.72821873,-0.7187614,-0.66267836,-0.715774,-0.81517625,-1.1460623,-1.49276,-1.742769,-2.1149101,-2.5886626,-3.1074219,-3.1950057,-3.0144157,-2.7776842,-2.7509394,-2.758449,-2.7728562,-2.751558,-2.841124,-3.0201771,-3.054562,-3.1481237,-3.2201262,-3.275927,-3.290091,-3.3387744,-3.3893666,-3.4377644,-3.4128752,-3.4505553,-3.5991817,-3.360921,-3.2680154,-3.1517901,-3.1813931,-3.1919746,-3.1920466,-3.1920729,-3.1920352
-2.3844962,-2.409361,-2.5129273,-2.567069,-2.5792472,-2.563464,-2.523809,-2.2892916,-2.1418843,-1.6602517,-1.3984569,-1.1641473,-0.7429793,-0.6683818,-0.7311716,-0.7004622,-0.9312073,-1.0884621,-1.0066478,-1.0569687,-1.201745,-1.2553141,-1.4188211,-1.4547521,-1.5283277,-1.4048685,-1.1607153,-0.9234161,-0.75567806,-0.5708231,-0.5671226,-0.48094317,-0.27101675,-0.14660871,-0.49349988,-0.886032,-1.8267353,-2.3857384,-2.711847,-2.7805064,-2.6571312,-2.29957,-1.9878238,-1.7693006,-0.9803857,-0.6411384,-0.90779,-1.3840362,-1.7719924,-1.9517429,-1.8733802,-1.7413874,-1.5390196,-1.4453061,-1.8447641,-2.6407614,-3.3493998,-3.4834414,-3.103445,-2.4861517,-2.0025363,-1.7746835,-1.64763,-1.5095223,-1.1616061,-1.1801807,-1.6106942,-1.526641,-0.95806074,-0.40751508,0.13017605,0.3347075,0.32428116,0.37552673,0.34444192,0.28690568,0.27376413,0.4000053,0.48634946,0.4640754,0.48141122,0.51274264,0.3342798,0.12307748,0.009557426,0.23824817,0.5081638,0.6177805,0.6815102,-0.0026806593,-0.8927492,-1.5378426,-2.2727575,-2.3719587,-1.1193323,0.27560577,0.42767468,0.39959323,0.20107026,-0.19717291,-0.6655016,-0.8155239,-1.0019482,-1.3692586,-1.7133317,-1.8926289,-2.04981,-2.1186016,-2.1253233,-2.0977273,-1.8738512,-1.4117281,-1.0337343,-0.35807657,0.09356572,0.03763987,-0.22503115,-0.7419199,-1.5463858,-2.4014983,-2.65852,-1.5428823,-0.71519184,-0.91980267,-1.1257508,-1.2873472,-1.3518058,-1.605787,-1.849467,-2.0276365,-2.1116402,-2.0106328,-1.8368516,-1.8208532,-1.9550986,-2.0261045,-1.7490144,-1.0931351,-0.553065,-0.1903556,0.20684502,0.49564925,0.6915834,1.0313439,0.97004336,0.6009096,0.45872045,0.35492638,0.25618818,0.124899596,-0.03429693,0.029940575,0.12605017,0.1602762,0.14277452,0.0040644556,-0.06619249,-0.22195028,-0.24482593,-0.4241938,-0.78828907,-1.0631653,-1.515233,-1.6315509,-1.6702987,-1.5528042,-1.4374928,-1.0820619,-1.0819253,-1.0818994,-1.0818664
-3.6717784,-3.6357398,-3.5516171,-3.484675,-3.2545028,-3.0703595,-2.901208,-2.7273219,-2.5550458,-2.305956,-2.12134,-1.9671808,-1.8688651,-1.5200334,-0.85971624,-0.40973896,0.32923752,0.24515463,-0.27679873,-1.2075996,-1.5556087,-1.8600152,-2.008418,-2.2922456,-2.5403495,-2.6895504,-2.865887,-3.0378678,-3.0264125,-3.1097999,-3.1484008,-3.238875,-3.3198562,-3.2861152,-3.0705633,-2.4094996,-1.4270637,-1.0069818,-0.8541753,-0.9926734,-1.27772,-2.0032997,-3.1321611,-3.4775586,-3.3449142,-3.319766,-3.420239,-3.7154708,-3.9987617,-4.222576,-4.246316,-4.2168636,-4.3331823,-4.330097,-4.122818,-3.6317792,-3.154607,-2.9290752,-3.3105893,-3.6017647,-3.8067615,-3.9029427,-4.0957966,-4.3893723,-4.7912383,-5.508806,-5.831531,-5.42722,-5.05542,-4.7971115,-4.4321523,-4.2143497,-4.0965123,-4.0743446,-4.09228,-4.082821,-4.117345,-4.1954675,-4.19569,-4.2552214,-4.339249,-4.3914957,-4.3591986,-4.2321053,-4.062198,-3.9356098,-3.766012,-3.6492796,-3.3511853,-2.7295895,-1.7552581,-1.2191542,-1.0497141,-1.3112628,-1.7357032,-1.8106499,-1.6185343,-1.2977628,-1.0168464,-0.47883984,-0.28902584,-0.12471541,0.034541667,0.24428612,0.43158394,0.4800126,0.55609363,0.5825702,0.69398344,0.72694373,0.52618843,0.22240914,0.29158896,0.0478085,-0.9467839,-1.3901391,-0.74414384,0.061387233,0.75562805,1.1681054,0.58640563,0.0020059831,-0.81095463,-1.9247432,-2.5509362,-2.2900238,-1.9596661,-1.2828026,-0.69176507,0.06597926,0.4675936,0.35893428,0.17024314,0.11971102,0.1820106,0.12361282,-0.1577408,-0.69701266,-1.1677963,-1.595633,-2.200658,-2.8728445,-3.4745579,-3.5155687,-3.4516687,-3.3712611,-3.340006,-3.3520806,-3.3160865,-3.315287,-3.2920308,-3.3593264,-3.4284434,-3.5528433,-3.5673404,-3.623004,-3.6063504,-3.6398118,-3.767446,-4.0030594,-4.0827527,-4.0918174,-3.9783893,-3.991642,-3.9722528,-4.106157,-4.1674757,-4.027873,-4.0280066,-4.0280437,-4.027891
-3.3197515,-3.2614653,-3.1305315,-3.0650282,-2.8195438,-2.6118069,-2.3885381,-2.0209324,-1.7077732,-1.0120935,-0.52070487,-0.30968726,-0.24831372,-0.14545378,0.29473752,0.5666745,1.0159892,1.0978358,0.85292745,0.41841957,0.18841162,-0.0065618753,-0.1492466,-0.3439662,-0.6505213,-0.88083637,-1.1935253,-1.6645446,-1.8286674,-2.016963,-2.0782814,-2.2538948,-2.4986491,-2.6771443,-2.6560729,-2.4137535,-1.4303977,-0.45225334,0.16657244,0.48189425,0.6449946,0.6988235,0.14092332,-1.4780707,-2.6392431,-2.5766532,-2.4649985,-2.6177394,-2.7916622,-2.9694204,-3.023326,-3.100572,-3.178901,-3.254271,-3.1894789,-2.7542293,-1.5919552,-0.09884754,0.6434371,0.47469372,0.11851135,-0.024853528,-0.15384763,-0.3797574,-0.6423092,-1.1470045,-1.6188409,-2.078279,-2.6750782,-2.9584544,-2.8799927,-2.694267,-2.6027753,-2.4823685,-2.4243054,-2.3854072,-2.3268504,-2.2923005,-2.216588,-2.2119749,-2.2031503,-2.1100621,-2.0465856,-1.9002438,-1.7536087,-1.677164,-1.7668717,-2.002403,-1.9788817,-1.7796061,-1.095366,0.51774716,1.952327,2.7904274,2.8176622,2.1754725,2.2539337,2.759371,3.1688538,4.004569,4.654565,5.141199,5.5217056,5.94283,6.2492685,6.3048477,6.437497,6.487493,6.6026077,6.7028923,6.679619,6.011941,4.949185,3.5233836,1.7314925,0.7312858,0.4029118,0.61352944,1.2037208,1.8893579,2.297761,1.8170457,0.72064006,-0.056810915,-0.61992204,-0.2979795,0.35377595,1.6981857,2.5437424,3.4432077,3.977013,4.1535172,4.226698,4.28038,4.339787,4.250681,4.3044415,4.001772,3.4726999,2.965752,1.9961014,0.8603313,-0.32601112,-0.9225074,-1.0972604,-1.0890617,-1.0946338,-1.1088355,-1.1147193,-1.1227869,-1.1449511,-1.1810364,-1.1975623,-1.221783,-1.2036704,-1.2079666,-1.1593283,-1.1587992,-1.2201694,-1.3214514,-1.2887161,-1.3465606,-1.5570279,-1.6599611,-1.707697,-1.8291261,-1.9244,-3.5732756,-3.573382,-3.5734107,-3.5733466
-3.1113925,-3.0312347,-2.8492484,-2.691346,-2.2035074,-1.912066,-1.535511,-1.0963702,-0.8016428,-0.30905908,-0.02797424,0.22528954,0.3160715,0.5415428,1.1446986,1.3787384,1.5049248,1.1623547,0.6356747,-0.27836463,-0.57782817,-0.95554197,-1.1120074,-1.3068202,-1.5671091,-1.7445234,-2.0763593,-2.5128891,-2.6590948,-2.8724546,-2.9503396,-3.0333407,-3.296173,-3.5209923,-3.5046883,-2.9865046,-1.1883491,0.053837597,0.75875187,1.048343,1.0763781,0.74287814,-0.12084967,-2.0107002,-3.0292745,-2.5957355,-2.2766607,-2.2797637,-2.4037564,-2.6552415,-2.9277825,-3.1666393,-3.3384585,-3.4254606,-3.2365172,-2.2933254,-0.31282818,1.3594881,2.0400205,1.5365757,0.8812313,0.58399206,0.2289676,-0.1893076,-0.7875123,-1.6494384,-2.3693047,-2.989586,-3.406956,-3.4158406,-3.2008047,-2.9318945,-2.8063345,-2.7049088,-2.6653042,-2.6006613,-2.5875034,-2.6703043,-2.7200122,-2.8004377,-2.8907902,-2.9836094,-2.9771628,-2.8460577,-2.4701948,-2.4975488,-2.6899748,-2.7384157,-2.5257094,-2.0108733,-0.9546414,0.7334729,1.9923668,2.7254393,1.9184973,0.3304741,1.3704379,2.966306,4.108086,5.7521715,7.00905,7.8285875,8.512626,9.182463,9.554669,9.639767,9.6613455,9.627975,9.603079,9.615228,9.641211,9.094136,7.556875,4.6376114,1.9012036,0.9984439,1.0327504,1.6572902,2.6257706,3.4228086,3.2361653,2.1773837,-0.07998954,-1.2437229,-1.3158832,-0.48610437,0.20372283,0.74304914,0.93278635,1.0396293,1.0841639,0.9893396,0.92913777,0.9464499,1.0109677,1.0476433,0.9316373,0.35498914,-0.40381014,-0.9973966,-1.8934819,-2.703175,-3.3346572,-3.454914,-3.1988163,-2.9583087,-2.9760141,-3.0000143,-2.9982285,-2.9698343,-2.988094,-3.1027665,-3.1143537,-3.1627939,-3.1650758,-3.1700327,-3.1350832,-3.0730019,-3.0751362,-3.031352,-2.8618994,-2.8213437,-2.7050943,-2.6312854,-2.6730742,-2.9405036,-3.0899527,-4.0269823,-4.0270863,-4.0271244,-4.0269914
0.92208564,0.9628153,1.0414001,1.1903839,1.6459068,1.9705546,2.557644,3.3560143,3.975564,5.022947,5.5807896,5.689499,5.5710506,5.762587,6.147088,6.3298273,6.620621,6.4736953,6.2865286,5.712142,5.393053,5.142975,4.8049245,4.582851,4.2357287,4.065959,3.5289798,2.5934405,2.094327,1.4996573,1.2564789,0.6410936,-0.26003084,-1.074553,-1.291249,-1.216054,-0.42888743,0.36122426,0.6068726,0.5125563,0.39898872,0.052069653,-0.68434113,-2.0061672,-3.2472951,-3.188253,-3.058502,-2.996182,-3.013874,-3.1411405,-3.2441196,-3.3287468,-3.4205847,-3.5663352,-3.5849009,-3.091493,-2.154933,-1.0224311,-0.7899256,-0.9144904,-1.0520247,-1.1497202,-1.2409632,-1.301204,-1.2622432,-1.380585,-1.7269044,-2.0668793,-2.642617,-2.993201,-3.0206304,-2.8542795,-2.7350602,-2.6370213,-2.623833,-2.5732596,-2.5326881,-2.5863333,-2.5830483,-2.5727417,-2.504552,-2.4790268,-2.409478,-2.526036,-2.653193,-2.6194012,-3.0379035,-3.3148751,-3.288445,-2.7144172,-1.5700257,-0.2926728,0.74147403,1.1280371,1.0695508,0.8821216,-0.097170234,-0.6455599,-0.88433945,-0.9646184,-0.7304307,-0.32375902,0.061267123,0.50158066,0.8476359,1.0453249,1.1316801,1.0939122,1.010973,0.853162,0.30588913,-0.6940515,-1.7787931,-2.6559417,-3.519659,-3.441875,-2.8382115,-1.8991424,-0.49728712,1.2033005,2.0333676,1.8711028,1.4189101,1.4477043,1.7992153,3.016326,3.9958503,5.276806,6.2141285,6.9356585,7.4688935,7.7193403,7.7824273,7.720829,7.7186832,7.7454023,7.8019547,7.638207,7.1328855,6.666179,5.607719,3.8512623,1.4384428,-0.61571974,-1.4608862,-1.8438885,-1.8969748,-1.9501314,-1.935803,-1.9889073,-1.9830148,-1.9091709,-1.9794067,-1.9579043,-1.9627973,-1.9648938,-1.9479762,-1.9238265,-1.8780806,-1.655145,-1.007097,-0.15100819,1.0537724,0.97782385,0.9069261,0.053971022,-0.6791343,-0.5711434,-0.5712281,-0.5712426,-0.57118297
2.335082,2.3099113,2.195043,2.07588,1.8182957,1.5855651,1.2346939,0.8448625,0.7529864,0.8329481,0.7589142,0.83047307,0.73917717,0.91130996,1.0804102,1.314825,2.107808,2.263658,2.4751365,2.9647727,3.0776057,3.089416,3.1292663,2.9884338,2.7360024,2.3986666,2.1904795,2.2215009,2.1206594,2.1319757,2.1615458,2.3931055,2.5535443,2.6705601,2.7295685,1.9489989,0.3756975,-0.48734525,-0.8387108,-1.0872641,-1.3080207,-1.8246341,-2.511358,-3.258105,-2.179938,-1.1555749,-0.94170403,-1.1344154,-1.2862973,-1.3638177,-1.3117532,-1.1739513,-0.9440842,-0.5823492,-0.57022977,-1.2011218,-1.4622482,-1.432082,-1.7680383,-1.8332413,-1.679921,-1.5277011,-1.3612102,-1.3413277,-1.4080908,-1.7537043,-2.2722852,-2.714717,-2.3879268,-1.7556927,-1.298365,-1.141332,-1.0886316,-1.1262379,-1.1384597,-1.1614202,-1.2346601,-1.3127367,-1.4154149,-1.5235744,-1.6170188,-1.691418,-1.5603898,-1.2920357,-0.9866558,-1.100615,-1.0601292,-0.89447075,-0.73131675,-0.996221,-1.6715312,-2.0823557,-2.295832,-2.8937478,-3.2734451,-2.5762925,-1.7426635,-1.5745894,-1.5915607,-1.9508255,-2.2011273,-2.309333,-2.29955,-2.224205,-2.2453759,-2.312206,-2.4139013,-2.5164256,-2.656457,-2.8875885,-3.3113067,-3.7178037,-3.4957764,-2.6058822,-1.697566,-1.1683394,-1.2489389,-1.7971377,-2.1066887,-2.4092731,-2.4596143,-3.3099318,-2.9796305,-1.8693774,-0.731873,0.10502999,0.49511653,0.7071776,0.71435046,0.81037456,0.766872,0.5381272,0.30184144,0.23832956,0.023801867,-0.093053244,-0.59261835,-1.0839577,-1.4143584,-1.5705051,-1.8912392,-1.9971795,-1.3279067,-0.30503547,0.26984456,0.58394146,0.6180873,0.6016703,0.6234921,0.6393827,0.6311929,0.62547106,0.75537133,0.7465643,0.73417526,0.70924574,0.6905372,0.7292298,0.6574627,0.058035612,-0.52418244,-0.65362644,0.40516084,1.249383,1.5528485,1.8303933,1.9882946,2.4610803,2.4610507,2.4610398,2.4609463
-0.07086142,-0.27922392,-0.8284324,-1.1841562,-1.8047969,-1.9904454,-2.1460989,-2.0997884,-2.098696,-2.0096662,-1.8598611,-1.8588765,-1.8883512,-1.9179091,-2.3532107,-2.709654,-3.0199914,-2.659242,-2.1231315,-0.6182567,-0.1734244,0.39198977,0.5681047,0.7649652,1.2270495,1.5881463,1.8828773,2.3178742,2.5866802,2.803157,2.8097692,2.9148045,3.18081,3.447333,3.3720307,2.7466784,0.8769087,-0.6634803,-1.7649286,-2.2110956,-2.2149336,-1.5725074,0.34493408,1.9236208,3.3316238,3.872476,3.5745978,3.216651,2.8580375,2.5941625,2.6560605,2.7659907,2.625666,2.2378483,1.6922065,0.9459669,-0.7180816,-2.0635958,-2.5061576,-2.5494227,-2.4367182,-2.3317053,-2.0870507,-1.6662618,-0.7916728,1.3744907,3.1111312,3.056119,3.365356,3.9214864,4.185644,4.1644673,4.0303674,3.9248374,3.8363743,3.7944727,3.7425375,3.7522182,3.7175698,3.5103586,3.338328,3.059069,2.7023149,2.1679883,1.3230028,1.5875975,1.2455004,0.9378187,0.6746436,0.11261918,-1.0007086,-2.4203138,-3.5873742,-4.0383263,-3.9519005,-3.3067255,-2.709358,-2.2738373,-2.2787666,-2.421012,-2.6559067,-2.8691678,-3.0379717,-3.2246642,-3.2940025,-3.272121,-3.2831368,-3.3396444,-3.4267108,-3.5315993,-3.5158873,-3.222314,-2.9079008,-2.6794324,-2.0699747,-1.8423467,-1.6863958,-2.0186577,-2.8005736,-4.008254,-4.255073,-3.4506066,-2.3113067,-1.3544941,-0.7033259,-0.5034008,-0.6134467,-0.9766933,-1.3419592,-1.6708188,-1.656922,-1.2259531,-0.7999759,-0.6807153,-0.7042991,-0.6818517,0.14163154,2.2391956,4.096884,5.1806374,6.6673985,7.9589796,9.145609,9.740595,10.049295,10.170845,10.144852,10.07846,10.014177,10.017782,9.907465,9.810427,9.773574,9.758689,9.708146,9.682955,9.71748,9.64741,9.571912,9.4577875,9.1411495,8.47052,6.637709,6.0003834,5.761915,5.9677324,6.600069,5.1557436,5.1555095,5.1554685,5.1556835
1.3097577,1.3620046,1.4077553,1.3858919,1.2278748,1.0237267,0.6693261,0.08695027,-0.26987344,-0.84913653,-1.0250828,-1.1559553,-1.1083593,-1.1283249,-1.4629098,-1.7554501,-2.2908912,-2.3766062,-2.240695,-1.6362396,-1.3631275,-1.1143456,-0.82066274,-0.5241291,-0.6381438,-0.76092225,-0.6282654,-0.2882131,-0.1838159,-0.09142393,-0.05463463,0.09496158,0.39216894,0.7580715,0.532042,-0.08449431,-1.2665651,-2.161161,-2.5550966,-2.7156904,-2.846255,-2.842692,-2.1894705,-0.7964237,0.040353358,0.33447388,0.3862651,0.43293792,0.57767093,0.70635545,0.5602657,0.47691888,0.4882934,0.39404252,-0.06695184,-1.1273197,-1.919616,-2.4817262,-2.7402256,-2.6723003,-2.5343482,-2.458587,-2.4139996,-2.3812838,-2.3555326,-2.113841,-1.82647,-1.462624,-0.909194,-0.35998264,0.021095295,0.15133236,0.2154252,0.217318,0.25017038,0.20151873,0.1629152,0.19540235,0.21300054,0.29430193,0.36752442,0.56237,0.78000855,0.7600951,0.43483335,0.10854399,-0.018823445,-0.027211308,-0.17995757,-0.8181846,-1.4921316,-2.0310326,-2.4470198,-2.8702292,-2.9912822,-2.3462162,-2.0293179,-2.0552545,-2.2165906,-2.4742463,-2.6024823,-2.6878066,-2.684783,-2.6485324,-2.527127,-2.4154673,-2.243915,-2.0996866,-1.9833162,-1.7826842,-1.5678008,-1.1853094,-0.7423456,-0.68661207,-0.48038882,-0.655747,-0.99655765,-1.5896306,-2.2926397,-2.919491,-3.024997,-2.626136,-1.5697492,-0.65035975,-0.1677953,-0.61072266,-1.1211681,-1.8022522,-2.16743,-2.5120893,-2.7747903,-2.9098196,-3.0717556,-3.1597228,-3.2418227,-3.2779384,-3.4573412,-3.4702058,-3.306986,-3.163103,-2.7863133,-2.3580508,-1.7367386,-1.2104588,-1.0896847,-1.0858486,-1.1465776,-1.1931303,-1.2320061,-1.1449957,-1.1431626,-1.1981125,-1.1726909,-1.136234,-1.0919064,-1.0172193,-0.9945133,-0.9753423,-0.9935479,-1.1300151,-1.3708274,-1.4169197,-0.831435,-0.4164291,-0.23931886,0.11625269,-0.07791312,1.1639826,1.1641374,1.1641693,1.1640767
-2.2502522,-2.2530851,-2.2545733,-2.3276129,-2.6334357,-2.9140017,-3.1697552,-3.583343,-3.7262478,-3.8559299,-3.743702,-3.7454646,-3.6437807,-3.5932376,-3.7447665,-3.9414663,-4.159829,-4.038457,-3.82027,-2.9612136,-2.5786703,-2.1162527,-1.7976518,-1.5210445,-1.161865,-0.8367218,-0.47097388,-0.022273138,0.3036843,0.5527466,0.61346483,0.7660048,1.0881405,1.3149343,1.1575866,0.49249285,-0.80081606,-2.169732,-3.074595,-3.5387194,-3.7724698,-3.8662639,-3.3342757,-0.88515145,1.0336719,1.5505081,1.2657303,0.99900043,0.8398093,0.79402506,0.8953182,1.2375145,1.6782471,1.5844858,0.88158,-0.6054092,-1.9980781,-2.9387455,-3.618258,-3.7830212,-3.7869363,-3.730999,-3.6929045,-3.637076,-3.4736145,-2.4764075,-1.0134797,0.085030705,0.7631468,1.0918891,1.1827011,1.0185952,0.8915391,0.6998056,0.5682239,0.53423524,0.46045646,0.39343587,0.2815153,0.13920256,-0.07833603,-0.3582984,-0.6605692,-0.75952065,-0.8674732,-0.9798249,-0.96806026,-0.90864927,-0.791659,-1.1944388,-1.7539356,-2.2798042,-2.8040032,-3.609559,-3.7951686,-3.6816182,-3.8627045,-3.770914,-3.6758523,-3.3749118,-3.085327,-2.9293604,-2.846628,-2.832706,-2.8318825,-2.8449392,-2.8578606,-2.8669984,-2.85617,-2.7572198,-2.5547051,-2.1074262,-1.9749136,-2.5339818,-2.7740054,-3.0885053,-3.262288,-3.5060248,-3.827634,-4.168416,-4.3272657,-3.9111094,-2.3878496,-1.3658559,-1.0018008,-1.2669575,-1.6084603,-2.092704,-2.4444728,-2.9046514,-3.3192475,-3.5065382,-3.625365,-3.6418185,-3.6971831,-3.7169814,-3.783259,-3.6293979,-3.3372538,-3.160058,-2.7406383,-2.2387273,-1.5496899,-1.1321588,-1.1321377,-1.1031927,-1.1125131,-1.1516768,-1.155245,-1.2064915,-1.3584839,-1.5520457,-1.5666316,-1.6826819,-1.7330348,-1.794558,-1.8805172,-2.0084221,-2.085216,-2.3945863,-2.7450259,-2.9431858,-3.285719,-3.2723207,-3.2219934,-3.0388327,-2.9806883,-2.3859358,-2.3858924,-2.3858848,-2.3858035
-1.4560683,-1.3647724,-1.2398992,-1.0944611,-0.79802203,-0.59353447,-0.37977576,-0.20233452,-0.034161888,0.24395779,0.40643466,0.41050524,0.5630049,0.9541721,1.048325,0.8783764,0.003786508,-1.1264386,-1.7822514,-2.7537289,-3.0540695,-3.2647924,-3.3616817,-3.4567022,-3.5396624,-3.5880136,-3.578947,-3.4069424,-3.313796,-3.1932056,-3.114769,-2.9282691,-2.595268,-2.0353432,-1.414298,-0.9533672,-1.0799949,-1.6658698,-2.199629,-2.482252,-2.6773052,-3.2381992,-4.19335,-4.319472,-3.3674078,-2.7943985,-2.7429368,-2.7806418,-2.7170706,-2.5770817,-2.5072124,-2.6185794,-2.676093,-2.6175768,-2.38699,-2.16282,-1.8966136,-1.6019971,-1.9395907,-2.126334,-1.9652818,-1.7369685,-1.4174051,-1.2792025,-1.3070145,-1.9862812,-2.518629,-2.8084216,-3.0268106,-3.0076482,-2.8683357,-2.8802838,-2.9145517,-2.988131,-3.0378733,-3.066858,-3.1283486,-3.1583536,-3.238853,-3.4088454,-3.50324,-3.549831,-3.4216738,-2.9875796,-2.6252851,-2.594603,-2.313836,-2.0487332,-1.6293089,-1.6332288,-2.026045,-2.5471873,-2.7459204,-3.1537294,-2.8566499,-1.4762559,0.59898794,1.6965289,2.2814465,2.87012,2.759369,2.6625192,2.376641,1.5923795,0.8195098,0.5042379,0.011026859,-0.40134323,-0.6865159,-1.1291921,-1.7111783,-1.9334648,-1.58862,-0.4608002,0.48854905,0.94098383,0.7091182,0.36202422,-0.063794225,-0.95970845,-2.0366893,-3.5001683,-3.4706907,-2.793063,-2.3402658,-2.3277867,-2.4857624,-2.524019,-2.4268003,-2.242434,-2.21233,-2.2740433,-2.3386893,-2.4100006,-2.46797,-2.5491765,-2.6388319,-2.7429614,-2.9090557,-2.9981804,-2.8512015,-2.6693344,-2.5504947,-2.2712297,-2.1112914,-2.0769114,-2.1341043,-2.2440088,-2.3131015,-2.2797046,-2.3155313,-2.35096,-2.3447247,-2.3672385,-2.3793602,-2.4092815,-2.4032843,-2.40198,-2.462512,-2.697532,-3.01795,-2.9607332,-2.6641667,-2.678112,-2.766833,-2.8059127,-2.7533188,-1.8782307,-1.8783399,-1.878365,-1.8782496
-1.7353377,-1.7696167,-1.8043108,-1.8994389,-2.0621822,-2.1696413,-2.2154021,-2.17296,-2.1098511,-1.7185346,-1.4505935,-1.2967223,-1.2872633,-1.4510032,-1.5430593,-1.5272164,-1.1627053,-0.901748,-0.8512558,-0.8589049,-0.74388427,-0.7168248,-0.5925042,-0.5221958,-0.39681935,-0.3981462,-0.5815061,-0.91090024,-1.160751,-1.4259492,-1.4808459,-1.5942601,-1.8052377,-2.1071467,-2.07479,-1.5656397,0.48251367,1.9398928,2.318901,2.3656862,2.3432486,2.202181,1.886508,0.9850339,-1.0628287,-1.7697136,-1.780804,-1.6507896,-1.5640922,-1.5136782,-1.7534149,-1.8786484,-1.925838,-2.09806,-2.2418356,-2.1033654,-1.3051984,-0.3475539,0.3407631,0.4298405,0.20660718,0.12883227,0.06811235,0.021265995,-0.10947615,-0.47536796,-0.67118096,-0.8390954,-1.4364411,-1.9982806,-2.3117647,-2.2928252,-2.2008133,-2.1184678,-2.0730953,-2.0296307,-1.9969068,-2.0802646,-2.1429644,-2.1532793,-2.2371535,-2.3339067,-2.3523457,-2.1973794,-2.0414388,-2.1371837,-2.472946,-2.532938,-2.3474078,-1.8774097,-1.09382,-0.0017138319,0.7333441,0.7883142,0.11421683,-1.4122998,-2.1379027,-2.0094025,-1.7725823,-1.4574032,-1.1472664,-1.093339,-1.0240759,-0.67461497,-0.3412403,-0.2054666,-0.0066768527,0.15652156,0.25122914,0.32833916,0.36991125,0.08908883,-0.38089943,-0.9485769,-1.5467902,-1.5030832,-1.5796354,-1.364556,-0.71955276,0.45296648,1.0108035,0.57590115,-0.73393214,-1.9763037,-2.4986138,-2.1964977,-1.7426472,-1.37164,-1.1289339,-0.79269487,-0.40533862,-0.18361728,-0.03316039,0.045713782,0.19508228,0.21573147,0.20052038,-0.17848936,-0.47085443,-0.7344307,-1.0530683,-1.4357439,-2.0428584,-2.4633093,-2.6310663,-2.5627227,-2.4734318,-2.4209878,-2.351531,-2.3651974,-2.3548765,-2.4226806,-2.4637475,-2.5384462,-2.5296826,-2.5148177,-2.5207906,-2.5109828,-2.475118,-2.4832082,-2.3761864,-2.3873596,-2.3708138,-2.2553277,-2.1741838,-2.1014318,-1.9152584,-2.8573742,-2.857438,-2.857445,-2.8575382
-5.0030785,-5.0508223,-5.1795564,-5.2768593,-5.46997,-5.5782094,-5.6583114,-5.757226,-5.7521806,-5.540369,-5.319251,-5.2043247,-5.0273714,-4.9664483,-5.1371555,-5.283871,-5.390609,-5.3276834,-5.1493864,-4.3451276,-4.0175767,-3.6048698,-3.3412476,-3.1602297,-2.8076417,-2.5293727,-2.2546568,-1.8491881,-1.5916351,-1.4087713,-1.390913,-1.3012168,-0.9825311,-0.67778665,-0.7627477,-1.4135416,-2.9833312,-4.177559,-4.9575453,-5.326255,-5.4999533,-5.6689415,-5.4394693,-4.050926,-2.2006679,-1.440127,-1.7966776,-2.3769817,-2.8703897,-3.1336613,-3.0211918,-2.677596,-2.4778996,-2.5678859,-3.0975761,-4.095559,-5.244395,-5.7206087,-5.893791,-5.7464113,-5.6680965,-5.576199,-5.5267973,-5.4791737,-5.2693505,-4.66253,-3.8927763,-3.3252597,-2.6591394,-2.0735517,-1.671733,-1.570245,-1.5990267,-1.7023066,-1.8231689,-1.8741572,-1.9673765,-2.0386705,-2.11831,-2.343449,-2.6170096,-2.9201853,-3.2250438,-3.3810325,-3.611866,-3.5251245,-3.4269729,-3.29119,-2.9948783,-3.0227265,-3.3068223,-4.0958757,-4.7916703,-5.5160584,-5.742419,-5.5733795,-5.2312326,-4.7471623,-4.5440917,-4.1660595,-3.9446595,-3.906055,-3.9614313,-4.036847,-4.076767,-4.133902,-4.20382,-4.2817116,-4.2941217,-4.2922473,-4.1987896,-3.9033208,-3.7648067,-3.9339952,-4.0532026,-4.2699766,-4.424814,-4.6342835,-5.050522,-5.7912283,-6.257202,-6.2883162,-5.355266,-4.3450227,-3.5579047,-3.445275,-3.6096926,-4.093083,-4.416557,-4.632245,-4.650995,-4.4698215,-4.2723703,-4.188373,-4.1084704,-4.0969596,-3.8040972,-3.080122,-2.4418993,-2.1077347,-1.5510484,-1.3892376,-1.1355382,-0.7036777,-0.54569614,-0.45610487,-0.47815335,-0.6280356,-0.67237353,-0.75852966,-0.97301084,-1.2362813,-1.2913072,-1.5041575,-1.5954399,-1.6950032,-1.7476506,-1.8698798,-2.0142872,-2.4722219,-2.8873277,-3.2280111,-3.7198625,-3.7891035,-3.853434,-3.711933,-3.4730527,-3.502226,-3.5023177,-3.502339,-3.502201
-0.21480265,-0.22999625,-0.27009898,-0.31755316,-0.3778274,-0.43272477,-0.64157236,-1.1146322,-1.608114,-2.561154,-2.7239609,-2.6971273,-2.4584696,-2.5102525,-2.5451787,-2.4543216,-2.2125478,-1.8373345,-1.520918,-1.1007799,-1.0283824,-0.89340603,-0.87085295,-0.85412943,-0.73050094,-0.6085476,-0.39849162,-0.028563946,0.2146267,0.45834202,0.52436626,0.7299732,1.1164204,1.4960663,1.4492517,0.7567674,-0.6492107,-1.3705702,-1.5691452,-1.5447288,-1.4869552,-1.249441,-0.730823,0.2110837,1.6229669,2.4241676,3.0988925,4.15819,5.5397863,6.757579,7.2002325,7.4197607,7.8045044,7.934643,7.7096376,7.1875424,5.883911,3.7850966,1.3928504,0.40608877,0.6869472,1.0151968,1.5534188,2.0828083,2.8917701,4.5117426,5.3244085,5.188373,5.0960684,4.7832994,3.9266143,3.0386586,2.6598158,2.410656,2.3153389,2.2277195,2.1060667,2.077365,1.9322023,1.8622198,1.8547087,1.816058,1.5596244,1.228353,1.0062659,0.77272713,1.3570429,1.6581874,1.8821377,1.7820141,0.94183993,-0.2509205,-1.0360359,-1.2032635,-0.8229428,-0.4502104,-0.636118,-0.7496341,-0.8021753,-1.0975349,-1.414396,-1.6728077,-1.9237149,-2.2023177,-2.3588502,-2.4546545,-2.412185,-2.3024957,-2.2575066,-2.1333706,-1.856376,-1.4125041,-0.9922568,-1.0771263,-0.91004324,-1.0896426,-1.375879,-2.0709028,-2.6393766,-2.2381413,-1.3712223,1.9163748,4.59925,5.764766,6.1226997,5.915545,5.598569,5.0482283,4.4193563,3.3892937,2.1403232,1.2203658,0.52295536,0.42446205,-0.0011348128,-0.09617001,-0.6657394,-0.9136226,-0.8004641,-0.6468747,-0.32618162,0.43138337,1.3157306,1.6842082,1.7171158,1.6247408,1.6035525,1.5342181,1.5142328,1.5251418,1.4541783,1.3994815,1.405189,1.3552682,1.2843348,1.2972021,1.315337,1.3776981,1.4250386,1.4599191,1.3192415,1.2002077,0.4740767,-0.084684074,-0.21716851,-0.27994877,-0.29511136,0.25451842,0.25466403,0.25470808,0.25461176
-1.0465447,-1.0314325,-0.9733118,-0.93346274,-0.92624855,-0.8641795,-0.6155423,-0.13682172,0.2910703,1.2316371,1.5538881,1.7734737,1.8143408,1.8937991,1.9812527,1.9836636,2.1936123,2.1204824,1.9287663,1.4455514,1.2660642,1.0063264,0.80327725,0.60615325,0.47968856,0.5268264,0.2949946,-0.04164754,-0.20790763,-0.42420107,-0.47450435,-0.5846692,-0.8246001,-1.0030904,-0.81725764,-0.08794393,2.0593562,3.3802135,3.8899307,4.05033,4.069564,4.016423,4.010445,2.970797,0.3861919,-0.37439877,-0.25598383,-0.13873261,-0.15850867,-0.23143415,-0.4825346,-0.701615,-0.96824646,-1.1750695,-1.027673,0.03598839,1.9363315,3.1498091,3.5641508,3.3846009,2.7138624,2.2683163,1.8183362,1.5062454,1.1172508,0.8261333,1.072606,1.0940849,0.48807022,-0.09947172,-0.40071088,-0.46279126,-0.4823208,-0.507903,-0.5098859,-0.42570558,-0.3892392,-0.4821628,-0.56352466,-0.6090223,-0.7758519,-1.0724137,-1.2353488,-1.2840806,-1.0729338,-1.1378878,-1.5301512,-1.6821845,-1.465847,-0.80026215,0.09386315,1.1418047,1.8964691,2.2680416,2.0059679,0.23736697,-1.2619375,-1.3191929,-1.1470554,-0.99751353,-0.723248,-0.5735831,-0.35788274,0.16598234,0.5593568,0.69088894,0.85119694,0.9546728,0.9955921,0.92766243,0.76348406,0.37149674,-0.26523075,-1.0083163,-1.6515782,-1.3065375,-0.94604164,-0.3341735,0.8261681,1.9280008,2.2487261,1.3587683,0.043693975,-0.8179345,-0.90153563,0.0037566945,0.7348871,1.1638124,1.3775543,1.4861412,1.563556,1.4353809,1.3255041,1.267573,1.3000574,1.2844146,1.1588873,0.91516984,0.7897953,0.6624975,0.610311,0.497982,-0.25263664,-0.8161086,-1.016262,-1.0045648,-0.96819156,-0.9825399,-0.9105092,-0.91633725,-0.9011134,-0.9777044,-1.0571449,-1.1344175,-1.1951191,-1.2353127,-1.2850378,-1.3669937,-1.4629588,-1.8503132,-2.2198122,-2.5704515,-2.739308,-2.6089988,-2.5927598,-2.5685744,-2.1728377,-2.9334323,-2.9334507,-2.9334548,-2.9335737
-2.251694,-2.2741494,-2.229389,-2.261695,-2.3435574,-2.3143651,-2.2334592,-2.2154117,-2.2185006,-2.1954253,-2.3748639,-2.3805535,-2.2079628,-2.186265,-2.4444528,-2.5846148,-2.455625,-2.248614,-2.1690645,-2.0461173,-1.9220083,-1.8676896,-1.699065,-1.7308059,-1.7147723,-1.8014214,-1.805285,-1.6544023,-1.6270638,-1.5651991,-1.5074999,-1.3802834,-1.1377866,-0.78924257,-0.45466477,-0.37042433,-0.49288058,-0.48856288,-0.62117183,-0.8585352,-1.146585,-1.7752233,-2.6339552,-2.9066153,-2.2478008,-1.8425968,-1.8754787,-2.1421194,-2.4106872,-2.5396116,-2.4561312,-2.2918806,-2.1638377,-1.9929833,-1.8658677,-1.8297088,-1.9140642,-1.9152243,-2.2078767,-2.4666018,-2.467762,-2.3998075,-2.3648953,-2.4338403,-2.6446466,-3.104364,-3.2826886,-2.7889352,-2.3096476,-1.9673852,-1.8088907,-1.7904526,-1.8032298,-1.8756816,-1.9349654,-1.9443493,-1.9793739,-2.045834,-2.1179662,-2.2380044,-2.413202,-2.6439981,-2.7376738,-2.6009822,-2.4274244,-2.3714547,-2.1333694,-1.859771,-1.4788139,-1.2745194,-1.3597974,-1.6060672,-1.5907137,-2.0901437,-2.4500003,-2.2274785,-1.9182955,-1.4578884,-1.2099619,-1.0975664,-0.9905428,-1.1159713,-1.3278475,-1.5661737,-1.8130295,-1.9791789,-2.2468503,-2.4443383,-2.5272808,-2.6343598,-2.6609154,-2.5411303,-2.2903314,-1.8629464,-1.3027301,-0.6937665,-0.57468855,-0.83641106,-1.106673,-1.6745687,-2.4072847,-3.2163672,-3.263587,-2.7104344,-1.8925292,-1.6393211,-1.6902907,-1.9811556,-2.1905441,-2.1415553,-2.095794,-2.08978,-2.042513,-1.9411724,-1.9065359,-1.9102231,-2.0496154,-2.2331243,-2.3197012,-2.51543,-2.7175865,-2.9609716,-2.8213944,-2.4460056,-2.3282692,-2.257172,-2.2412884,-2.3086731,-2.3149602,-2.3390548,-2.41563,-2.5184455,-2.5382895,-2.6495762,-2.6897259,-2.721282,-2.7477293,-2.7654204,-2.8362808,-3.0746365,-3.310216,-3.2996864,-2.838989,-2.716234,-2.6696315,-2.6630592,-2.6010556,-2.476655,-2.4766366,-2.4766293,-2.476594
-1.5673236,-1.5911064,-1.5853844,-1.5330749,-1.3476362,-1.1058455,-0.82027644,-0.3496312,-0.11119498,0.01827421,0.09833938,0.2983179,0.30302775,0.48091367,0.9861782,1.343395,2.3654554,2.8196993,2.9023752,2.743409,2.6909952,2.5952406,2.5535464,2.5718184,2.6427124,2.7970319,2.7473078,2.4617298,2.426559,2.2605748,2.1852915,1.9555297,1.6210289,1.2546754,1.4803298,2.3755853,3.361373,3.7875328,4.2108827,4.398628,4.4631476,4.417499,4.1809835,3.962731,2.5473998,1.2546023,1.3305211,1.8675604,2.2836056,2.6127794,2.6200352,2.2703183,1.8342148,2.1145613,3.6591935,6.075496,7.754839,8.0786495,7.9980164,7.6694827,7.112274,6.594166,5.688655,4.794164,3.4142604,1.8905609,1.4281529,1.5238158,1.261976,0.7898923,0.45395413,0.372136,0.41721037,0.43467933,0.46559042,0.5889254,0.73758316,0.6847348,0.62983984,0.588955,0.4692211,0.10583708,-0.1693107,-0.40792567,-0.18285763,0.09411082,0.33432522,0.8903712,1.726485,4.019597,6.4354467,7.366872,7.8070145,8.055891,8.089922,7.3800964,4.8724895,2.9187782,2.2637167,2.0531049,2.2476392,2.3959033,2.6260228,3.0946665,3.511354,3.7127147,3.921455,4.060938,4.105647,4.089958,3.7355776,3.0057335,2.6049528,2.0123825,1.0585964,1.19978,2.8233685,4.668814,6.4625797,7.5196223,7.668924,7.272331,6.1751184,4.1420097,2.1231627,1.6516212,1.8759906,2.4761055,2.9288406,3.5951607,4.29607,4.80855,5.1758914,5.3063364,5.5898247,5.6555896,5.7795153,5.7346473,5.71014,5.6599903,5.638672,5.3935,4.2296863,2.8708286,2.1426902,1.7976285,1.7914886,1.8256078,1.8897113,1.922074,2.132598,2.210187,2.0910106,2.0919523,2.1046479,2.104698,2.136912,2.13281,2.020578,1.5116172,1.0703795,0.4680737,0.50915354,0.5158646,0.41260546,-0.028453685,-0.08983752,-0.26747885,-0.26758265,-0.267606,-0.26758352
-1.105118,-0.9868209,-0.8206172,-0.53232205,0.26772708,0.7932722,1.1975513,1.6564438,1.5233558,1.2016648,1.096334,1.1821494,1.5290606,1.422945,1.1227018,0.85747653,-0.8245063,-1.998589,-2.3483853,-2.8158321,-3.0815082,-3.2664504,-3.5389156,-3.6589086,-3.8932939,-3.959875,-4.024026,-4.082442,-4.130374,-4.075155,-4.0398154,-4.0104938,-3.8492923,-3.6085954,-3.5718307,-3.5341804,-3.455758,-3.2555685,-3.3570962,-3.410108,-3.40538,-3.4972765,-3.806744,-3.8863888,-3.0438383,-2.7184322,-2.7910767,-2.8361616,-2.6821883,-2.2773867,-2.0393372,-2.0333102,-1.9938805,-2.086027,-2.4341552,-2.7324405,-2.9925761,-3.2561314,-3.5558999,-3.4762096,-3.1021452,-2.9037752,-2.7023156,-2.4549885,-2.0318007,-1.9334464,-2.2260194,-2.5420523,-2.7679334,-2.8049657,-2.816855,-2.9413667,-3.0262783,-3.0646946,-3.0838652,-3.156131,-3.203292,-3.1491933,-3.0854383,-3.0238328,-2.8615994,-2.4392908,-2.0418248,-1.5952837,-1.2290683,-1.1199858,-0.6702844,-0.43254256,-0.5014957,-1.0028046,-1.5853624,-2.2055628,-2.9654174,-3.2413483,-2.6571097,-1.1394625,-0.18531677,-0.05571477,-0.012971148,-0.21770781,-0.64671683,-0.78452337,-0.893414,-1.3174248,-1.7610471,-1.9632972,-2.2175941,-2.383165,-2.4590378,-2.5353236,-2.2816496,-1.3087907,-0.12151921,0.6074386,0.9026042,0.49667963,0.1352807,-0.4954015,-1.4516113,-2.6195996,-3.3672044,-3.276412,-2.5636172,-1.8165689,-1.6907032,-1.883587,-2.0624762,-2.2273319,-2.38652,-2.5764055,-2.8904972,-3.111713,-3.1945238,-3.231676,-3.3119879,-3.320684,-3.2506166,-3.0262165,-2.8511806,-2.6513417,-2.2719238,-2.1044338,-2.2092144,-1.9003992,-1.6368191,-1.7512677,-1.8911638,-2.0055988,-2.1062315,-2.1113858,-2.2014,-2.1394107,-2.1011457,-2.0709996,-2.0503092,-2.0696766,-2.0730586,-2.1236162,-2.1382916,-1.9877946,-1.8780315,-1.6130036,-1.8265659,-2.340158,-2.5351627,-2.4744582,-2.4560869,-1.4104295,-1.41033,-1.4103073,-1.410307
0.96626246,1.1909914,1.4851724,1.8614035,2.972686,3.7302327,4.187007,4.525468,4.4101434,4.1319866,4.2153826,4.3454103,4.8451653,4.599373,3.855293,3.1533737,0.3570509,-1.3020673,-1.893743,-2.4148393,-2.6255488,-2.7538152,-2.9084823,-2.9132228,-3.094768,-3.0778372,-2.9452307,-2.7967699,-2.732373,-2.5614343,-2.5032883,-2.3371027,-2.0435796,-1.7789205,-1.9897832,-2.3632178,-2.8332992,-3.2279954,-3.2890286,-3.2663069,-3.2478824,-3.0694985,-2.5402465,-1.9376025,-1.3398623,-1.1097605,-1.013684,-0.7961711,-0.28800163,0.3134864,0.62296116,0.529024,0.34244716,-0.107038595,-0.88916934,-1.6531372,-2.2720108,-2.7914352,-3.096262,-3.206552,-3.1367898,-3.0866506,-2.9537396,-2.7451072,-2.4026175,-1.6218934,-1.0398893,-1.1098762,-1.3714894,-1.3181148,-1.1634477,-1.1795409,-1.2310239,-1.2589387,-1.2596462,-1.3325208,-1.3797824,-1.2904534,-1.2215055,-1.1403717,-1.0411243,-0.7156768,-0.45461202,-0.2282873,-0.25724015,-0.3232899,-0.116172515,-0.13149115,-0.4286918,-1.1386845,-1.6192222,-1.907872,-2.3189301,-2.461904,-2.5570273,-2.0674467,-1.5245492,-1.096638,-0.9984181,-1.0630755,-1.1533539,-1.2085611,-1.1779695,-1.156441,-1.2218714,-1.2441674,-1.2593424,-1.2560937,-1.2792106,-1.2467163,-1.0594203,-0.46748835,-0.24946944,-0.5935967,-0.5578264,-0.7180271,-1.0700209,-1.734475,-2.236765,-2.7070765,-3.1060052,-2.7887664,-2.1384468,-1.6514997,-1.6615211,-1.9346923,-2.1776588,-2.464965,-2.6141686,-2.8793278,-3.1191928,-3.230556,-3.3113203,-3.362606,-3.409596,-3.4156833,-3.5061316,-3.6467884,-3.7431903,-3.7063644,-3.471394,-3.2014644,-2.5654073,-1.9606375,-1.7558596,-1.7966144,-1.8625668,-1.8946396,-1.9865682,-1.9707924,-2.0396125,-2.0247438,-1.9618187,-1.9440988,-1.9359362,-1.9221158,-1.9304324,-2.0061402,-1.9816031,-1.9772844,-2.013436,-1.6996882,-1.4333873,-1.7729747,-1.7446074,-1.7489245,-2.0467017,-0.8992901,-0.8991132,-0.89908195,-0.8992488
-1.7220726,-1.7243044,-1.8139794,-1.9097812,-2.1240413,-2.243342,-2.3446455,-2.4208136,-2.4408774,-2.376372,-2.1642652,-2.1369615,-2.0805757,-2.170702,-2.383032,-2.5767906,-2.8386025,-2.670123,-2.3297935,-1.4946369,-1.285463,-0.94772243,-0.7287419,-0.48349082,-0.3011356,-0.17250213,0.09501967,0.5446694,0.86477363,1.1986587,1.2503047,1.5104539,1.9195297,2.298705,2.0745828,1.8507826,0.6959775,-1.1308575,-2.3532372,-3.01565,-3.2163055,-3.05618,-2.035422,-0.41636676,0.5123652,1.0723479,0.970268,0.43636006,-0.030061483,-0.34725142,-0.29095906,0.003288895,0.2963397,0.4656728,0.32102317,-0.07509625,-1.175948,-2.4544039,-3.4765239,-3.624638,-3.4398706,-3.2371907,-2.9437253,-2.5894299,-1.8524077,-0.21129824,0.638232,0.60846686,1.0839435,2.0447922,3.2927475,4.181246,4.533452,4.94878,5.1056447,5.054796,5.095364,5.2462196,5.5477858,5.7335052,5.8660216,6.2525253,6.637935,7.4073925,8.035637,7.991992,8.58794,8.877445,9.210586,8.9200945,7.9136963,6.48524,4.0826445,1.2856911,0.14476934,-0.90879536,-1.9112107,-2.0101733,-2.138684,-2.318542,-2.4857516,-2.6249697,-2.7993596,-3.021648,-3.1607208,-3.2225394,-3.2565138,-3.2579432,-3.2351713,-3.1603382,-2.952926,-2.3749602,-1.8450623,-1.547149,-1.170583,-1.3775091,-1.7134693,-2.5110765,-3.4116173,-4.254878,-4.536541,-4.0169015,-2.2616277,-0.8745947,-0.27533028,-0.3654113,-0.82582116,-1.6350155,-2.2535262,-2.7454405,-3.1386905,-3.3344471,-3.3759136,-3.3487418,-3.473109,-3.5200858,-3.5452187,-3.2159634,-2.7185502,-2.2603335,-1.5081565,-0.719787,0.25228855,0.9511218,0.98865676,0.8922223,0.89478403,0.8198936,0.66871107,0.58116937,0.46530885,0.4173554,0.4133502,0.41302645,0.333996,0.27510306,0.2119635,0.11313951,0.15534261,0.14535457,9.638071e-05,-0.27166677,-0.9996203,-1.4677228,-1.5191646,-1.6351587,-1.7842047,-1.0268894,-1.0267732,-1.0267453,-1.0268582
-1.7458129,-1.7418599,-1.8094208,-1.7942531,-1.7256083,-1.5094231,-1.2311043,-0.57482237,-0.4159772,-0.34065986,-0.31032437,-0.24778602,-0.19207597,-0.09856686,-0.10655749,-0.2153531,-0.3714671,-0.37088296,-0.07534683,0.2696547,0.17585263,0.09790374,0.017311402,-0.09034044,-0.25222683,-0.42543417,-0.5527973,-0.54384947,-0.5399443,-0.40403646,-0.39484414,-0.3011868,-0.03824451,0.28009078,0.35440934,0.26357606,-0.32429647,-1.1239115,-1.9252359,-2.398124,-2.5320873,-2.692822,-2.8733418,-2.9625177,-2.1477222,-1.796928,-2.0164826,-2.417389,-2.5639892,-2.2181783,-1.824338,-1.5964103,-1.1560547,-0.86449516,-0.96064246,-1.2459493,-1.5815717,-1.8980671,-2.5634646,-2.5884037,-2.2693157,-2.0750346,-1.7813406,-1.462188,-0.99824816,-0.74470437,-1.3772404,-2.0766652,-2.0746284,-1.6108133,-1.0847173,-0.7063786,-0.5997113,-0.3923074,-0.27485883,-0.31951517,-0.2914179,-0.20727006,-0.0443919,-0.09631112,-0.11493309,0.22551198,0.9961373,2.3157444,3.408413,3.6537285,4.067243,4.2897987,4.5321007,4.027487,2.6857648,1.2364377,-0.22926128,-2.101495,-2.0778508,-1.5599053,-1.3034761,-1.0764232,-0.9559409,-0.9998574,-1.165211,-1.2690039,-1.4631939,-1.8718368,-2.3220553,-2.593946,-2.953992,-3.194265,-3.3169472,-3.4312406,-3.2348685,-2.326939,-1.5860991,-0.9355836,-0.23930228,0.21847257,0.323459,-0.28350142,-1.0638319,-2.2758217,-3.0133839,-3.0642147,-1.4869545,-0.0066414457,0.8380449,0.9807543,0.804327,0.40500692,-0.05837539,-0.513845,-1.2907015,-1.8475273,-2.030838,-1.9576612,-2.1590853,-2.1534505,-2.2137482,-1.8461332,-1.3500261,-0.852208,-0.2637205,-0.05197589,0.20977779,0.2967443,0.12238267,-0.12591471,-0.25143832,-0.4871254,-0.6952843,-0.809203,-0.9532491,-1.0131291,-1.0070752,-1.0039345,-1.1380845,-1.2546117,-1.3488729,-1.5261905,-1.6510845,-1.8722588,-2.1572728,-2.0543683,-1.5301083,-1.6392639,-1.7272817,-1.8579723,-1.9699924,-0.28860602,-0.28847465,-0.2884328,-0.28841835
-0.38589188,-0.25729358,-0.03250014,0.15904856,0.7135074,1.0159893,1.3727543,1.6214879,1.8833725,2.4037013,2.626716,2.723957,2.7992544,2.9255428,3.0999627,2.7767885,1.6723664,0.6861677,-0.2571193,-1.5691421,-1.9898725,-2.3730776,-2.6207833,-2.8510535,-3.085898,-3.262848,-3.5247507,-3.8084154,-3.8940973,-4.035108,-4.1009297,-4.155457,-4.276381,-4.3199196,-4.2419252,-3.6981058,-2.6210968,-1.8223773,-1.2391536,-0.9421154,-0.8931451,-1.1319437,-1.8179986,-2.7587583,-2.9584875,-2.3864992,-2.14464,-2.3821948,-2.717433,-3.115107,-3.3948216,-3.6282544,-3.9221573,-4.1792383,-4.0274334,-3.0193434,-1.2654976,0.2016199,0.68329436,0.1518375,-0.39783245,-0.5757661,-0.7507485,-1.0728128,-1.5639924,-2.35601,-2.9278908,-3.2065754,-3.294001,-3.0561924,-2.6123738,-2.248486,-2.0983067,-1.9695094,-1.9470984,-1.8699385,-1.867641,-1.9779656,-2.0665936,-2.2293808,-2.3776932,-2.5916648,-2.6712496,-2.5711064,-2.193811,-2.1446643,-2.2726426,-2.465965,-2.3599565,-2.0380528,-1.3402338,0.0735536,1.3256946,1.9513812,1.1289177,-0.23147202,0.8120601,2.1862354,3.030515,4.1381955,4.554553,4.628187,4.5756664,4.568765,4.6785007,4.748944,4.886143,4.91346,4.921586,4.813342,4.4558673,3.6816392,2.7327118,1.6742365,0.82746375,1.1759449,1.7631199,2.3242483,2.8747294,2.9973369,2.598798,0.9866151,-1.3881208,-2.3065314,-2.253947,-1.4334228,-0.79032934,0.11817935,0.5980606,0.95498586,1.0712181,0.9378644,0.79225004,0.6954316,0.69095665,0.65290487,0.44067156,-0.19579737,-0.9940607,-1.6417108,-2.6346784,-3.4016411,-3.7830827,-3.5668755,-3.2359388,-2.9998999,-2.9857574,-3.0021958,-3.0428438,-3.0281017,-3.0626493,-3.161807,-3.1906657,-3.2236543,-3.218053,-3.226489,-3.2005606,-3.16182,-3.1644816,-3.0561838,-2.72223,-2.5219355,-2.2802715,-2.2141328,-2.145301,-2.3412838,-2.4732356,-2.1943116,-2.19442,-2.194456,-2.1943665
-2.6545324,-2.6545038,-2.63195,-2.6162355,-2.5838761,-2.6140802,-2.6276932,-2.8325229,-2.9865491,-3.198041,-3.2313466,-3.1402733,-2.976562,-3.1039472,-3.2623482,-3.270226,-3.1462736,-2.999209,-2.7779408,-2.2097597,-2.019869,-1.908266,-1.7737117,-1.6392084,-1.7121549,-1.7955242,-1.7532884,-1.5869455,-1.6050472,-1.6327376,-1.632441,-1.6212862,-1.5162039,-1.3040321,-1.4591808,-1.9517328,-3.1165514,-3.6690302,-3.8529325,-3.8668928,-3.8399887,-3.8310027,-3.85778,-3.4442525,-2.2565866,-1.9464736,-2.2357008,-2.5945907,-2.8816173,-2.9466305,-2.946711,-2.8289723,-2.4955735,-2.3600287,-2.7048345,-3.5824704,-4.2510986,-4.1691837,-3.909551,-3.5781903,-3.242164,-3.0636582,-2.9203029,-2.739009,-2.395866,-2.4079785,-2.6726842,-2.422379,-2.004284,-1.7562158,-1.7955357,-1.9384933,-2.0198517,-2.0826902,-2.121603,-2.1810005,-2.230786,-2.1839623,-2.1575127,-2.162468,-2.122439,-1.9291837,-1.724484,-1.4612367,-1.3060765,-1.2794485,-1.0281236,-0.8164411,-0.73559487,-1.2585654,-1.9712763,-2.8420582,-3.6388927,-3.987136,-3.6477666,-2.54354,-1.6262574,-1.4549011,-1.4477798,-1.4822621,-1.5427649,-1.543206,-1.5826849,-1.7884625,-1.9097458,-1.9715669,-2.0207593,-2.0184317,-1.9234115,-1.7738602,-1.329001,-0.60511166,-0.060777664,0.08027011,0.00020879507,-0.6059057,-1.0983155,-1.5914217,-2.4697425,-3.264964,-3.7234302,-3.2086892,-2.4126666,-1.6501739,-1.1194018,-1.2475635,-1.552391,-2.1624796,-2.6006446,-2.9022703,-3.0402894,-3.0219128,-2.9527779,-2.9226425,-2.9381697,-2.9536839,-2.8049529,-2.4236548,-2.1388347,-1.9688752,-1.7367047,-1.672876,-1.6300151,-1.3963611,-1.330239,-1.4960893,-1.606118,-1.7424223,-1.7963763,-1.7511904,-1.829667,-1.8661406,-1.8187456,-1.7819581,-1.7200854,-1.6439956,-1.5959526,-1.533564,-1.5491147,-1.6131158,-1.8079638,-2.010379,-2.03227,-1.9424719,-2.0249002,-1.9091444,-1.9134617,-1.9435096,-1.9435239,-1.9435239,-1.943409
-2.5793447,-2.4928637,-2.3535006,-2.236693,-1.9326379,-1.696296,-1.493468,-1.326649,-1.2070953,-0.90597236,-0.687739,-0.5002169,-0.41071483,-0.32247376,-0.12933543,-0.019226104,0.097792596,-0.08730641,-0.27691895,-0.55712867,-0.5686466,-0.5354417,-0.44833496,-0.53801006,-0.5010672,-0.6149703,-0.7307759,-0.8545265,-0.9015778,-0.8821491,-0.8417702,-0.84130836,-0.7408079,-0.56510806,-0.09694432,0.7112613,0.57198584,0.09649047,0.118309036,0.2612183,0.3500094,0.37844807,-0.018878423,-0.61004716,-1.2665849,-1.7216717,-1.8445255,-1.9566936,-1.8420985,-1.4819773,-1.271529,-1.4599468,-1.5585634,-1.5709018,-1.3487673,-1.1300102,-0.9888315,-0.8923983,-0.4794516,-0.19094543,0.044249266,0.25861728,0.54503727,0.64003134,0.5589473,-0.08887623,-0.37695855,-0.17891085,-0.5670255,-1.1587552,-1.4904826,-1.589479,-1.6407986,-1.6420658,-1.6731354,-1.627497,-1.6215944,-1.6435834,-1.7688807,-1.9788778,-2.0765448,-2.2315643,-2.428347,-2.435624,-2.2860603,-2.2899349,-2.1230876,-1.9986612,-1.7112476,-1.509176,-1.1710649,-1.3297921,-1.1079632,-0.39667195,0.2667553,1.6313184,2.45081,2.413501,2.3911114,2.2760944,2.1757998,2.2669477,2.1160152,1.699486,1.346471,1.1522679,0.924545,0.7878132,0.8948933,1.0994773,1.1759341,1.0868886,1.4856269,2.752648,2.7245378,2.0818706,1.6857744,1.4258227,0.8167,-0.12935293,-0.43833292,-0.40449092,0.33461565,1.5461538,1.9716712,1.9026103,1.8107209,1.4548316,1.0643675,0.9488354,0.8417833,0.846449,0.8901692,0.87845814,0.94728297,0.93050987,1.0405669,1.0202253,0.80754864,0.562662,0.1995082,0.083115086,-0.27569017,-0.8220773,-1.1938947,-1.3179989,-1.2855103,-1.3801212,-1.504224,-1.4888176,-1.5165747,-1.5912002,-1.626132,-1.650535,-1.7108288,-1.7756037,-1.7157075,-1.7084349,-1.7277486,-1.709252,-1.4676822,-1.3603251,-1.1931872,-1.1989329,-1.1764207,-1.2692297,-1.4786355,0.14348403,0.1435527,0.14355537,0.14355789
-3.468471,-3.5647826,-3.6806762,-3.7979212,-4.0932426,-4.3058004,-4.441759,-4.727685,-4.8590364,-5.007207,-4.9874887,-4.935278,-4.7906446,-4.8075485,-4.890092,-4.9127264,-4.5421486,-4.057311,-3.6265206,-2.6702712,-2.3913713,-2.1161695,-2.0095706,-1.9297491,-1.7665002,-1.6147537,-1.434671,-1.1981106,-1.0160468,-0.86961275,-0.8384439,-0.80738485,-0.62928766,-0.5328204,-0.7789042,-1.5077139,-2.7221546,-3.425329,-3.9019227,-4.1215005,-4.2108364,-4.3176327,-4.275218,-2.8307872,-0.9252453,-0.51625144,-0.99009323,-1.4410683,-1.803277,-1.9133642,-1.7464687,-1.2441375,-0.6139971,-0.48318887,-1.0220383,-2.1762757,-3.4260068,-3.96224,-4.2861843,-4.3666215,-4.2268763,-4.115438,-4.0270596,-3.8817801,-3.4804273,-2.729859,-1.8556176,-0.86202705,-0.16499618,-0.0459712,-0.3183368,-0.7034455,-0.9202654,-1.1331834,-1.2815578,-1.3516603,-1.4452586,-1.4757011,-1.5278864,-1.6274915,-1.7385315,-1.8084078,-1.9460708,-1.9646255,-1.890209,-1.8385351,-1.5255172,-1.275537,-1.0813289,-1.2995932,-1.8682789,-2.7511864,-3.5963912,-4.3612576,-4.4335375,-3.9172301,-3.5550642,-3.2924645,-3.1524067,-2.9409485,-2.8073761,-2.7974195,-2.8504348,-3.0120654,-3.145854,-3.2334113,-3.3333778,-3.4139142,-3.4395556,-3.4182732,-3.0667627,-2.3102992,-1.728014,-1.6726053,-1.793246,-2.3592238,-2.6395738,-2.8542705,-3.4041092,-4.0635924,-4.531381,-3.7422082,-1.9948411,-0.8947719,-0.41276407,-0.599777,-0.88427675,-1.4588425,-1.9354694,-2.4466047,-2.9276094,-3.1146631,-3.1613033,-3.1315954,-3.2070904,-3.1911588,-3.0691402,-2.5689025,-2.0953143,-1.8365701,-1.5492328,-1.404958,-1.0604136,-0.63485336,-0.49252576,-0.5936669,-0.6672728,-0.7454468,-0.70799154,-0.7768985,-0.9268718,-1.0191249,-0.9781866,-1.0739386,-1.0757799,-1.122782,-1.1663196,-1.193265,-1.262805,-1.4497142,-1.7319043,-1.9672348,-2.3819904,-2.4118924,-2.508347,-2.3525805,-2.1117706,-2.4223094,-2.4223776,-2.4223888,-2.4221976
-4.461663,-4.415312,-4.3132944,-4.2656684,-4.0713534,-3.9462998,-3.8168707,-3.800244,-3.6662142,-3.3343012,-3.0401227,-2.833107,-2.5793114,-2.4208353,-2.1789834,-2.0599341,-1.801037,-1.8534523,-2.0941381,-2.547499,-2.7074738,-2.9391205,-3.1209497,-3.2405467,-3.375996,-3.4395533,-3.5270534,-3.6197567,-3.685832,-3.7299838,-3.747377,-3.784143,-3.6798902,-3.4884646,-3.3101892,-2.9443338,-2.6029885,-2.604909,-2.4750865,-2.4255295,-2.4413505,-2.6224327,-3.1017435,-3.2315478,-3.1560092,-2.9277365,-3.0080855,-3.293772,-3.5835927,-3.865885,-3.917029,-3.8944123,-3.9268174,-4.0001535,-4.124658,-4.1724095,-3.9174864,-3.3333635,-3.1417928,-3.5081296,-3.7286649,-3.7209704,-3.6815453,-3.6757665,-3.6218672,-3.656835,-3.5153925,-3.0908952,-3.0144954,-3.0281737,-2.952022,-2.905828,-2.9280877,-2.9565063,-3.0312955,-3.0413098,-3.0875237,-3.119599,-3.1626043,-3.3308299,-3.5251026,-3.7588775,-3.9212437,-3.8389413,-3.8650699,-3.7701604,-3.697359,-3.700273,-3.4339595,-3.4003477,-3.2127256,-2.83153,-2.3786416,-2.2638252,-2.597907,-2.7584558,-2.2585967,-1.5968313,-1.2574307,-0.7589106,-0.5657239,-0.48943686,-0.5023004,-0.5685365,-0.5777092,-0.58232063,-0.62564933,-0.68942493,-0.68773544,-0.75156033,-1.0322099,-1.3751224,-1.4310842,-1.2687075,-1.5173266,-1.6523554,-1.8321733,-1.7715214,-1.7008176,-1.5706763,-1.8856466,-2.3816946,-3.0994763,-3.4210997,-3.3744178,-3.0752916,-2.8528633,-2.6259303,-2.5226033,-2.206685,-1.8577338,-1.6681039,-1.5056508,-1.4527506,-1.4394095,-1.4703417,-1.4088932,-1.5578458,-1.7662797,-2.026072,-2.4044213,-2.6817226,-2.863892,-2.8067582,-2.802737,-2.7941883,-2.7823272,-2.8393033,-2.873713,-2.9138656,-3.011894,-3.127551,-3.1584804,-3.253226,-3.2627528,-3.299399,-3.3128371,-3.3778284,-3.4377408,-3.6764035,-3.8706255,-4.0187335,-4.3280106,-4.447768,-4.463479,-4.4508343,-4.3291845,-5.34146,-5.341532,-5.3415484,-5.341468
-1.6270568,-1.6746833,-1.7663679,-1.8909093,-2.372797,-2.826157,-3.2107015,-3.5832973,-3.7012548,-3.523147,-3.3607125,-3.414528,-3.4997454,-3.5055583,-3.7668192,-4.0140576,-4.3858423,-4.2770286,-4.06382,-2.9472394,-2.4091408,-1.7023048,-1.1579312,-0.74685377,-0.17621054,0.17962664,0.6474842,1.2643756,1.5887554,1.8234279,1.8769467,2.037029,2.3342628,2.4390657,2.1951349,1.5226016,0.103640854,-1.3028069,-2.6047242,-3.3476715,-3.7322903,-3.9950836,-3.4920034,-0.72119737,1.8283733,2.4069133,2.062174,1.7286332,1.4094887,1.2040222,1.2999405,1.7895384,2.061615,2.1339748,1.664964,-0.065514475,-2.2297678,-3.6203065,-4.349086,-4.2943993,-4.220683,-4.1682816,-4.171669,-4.191339,-4.149254,-3.4068668,-2.1862233,-1.2648251,-0.1627842,0.5813399,0.9737491,1.0640434,1.0942454,0.9932414,0.888795,0.85594285,0.76228935,0.6230639,0.51896584,0.38084745,0.18964916,-0.04057555,-0.26349038,-0.34621024,-0.45981205,-0.5514945,-0.7099036,-0.7697537,-0.89575136,-1.18446,-1.6912355,-2.4691255,-3.1796365,-4.236902,-4.5245442,-4.453737,-4.5492177,-4.390481,-4.246668,-3.828231,-3.5247278,-3.3962226,-3.305297,-3.2132914,-3.1592407,-3.1724176,-3.1958187,-3.246182,-3.2589107,-3.2099752,-3.0001647,-2.3718343,-1.9800975,-2.4740229,-2.8667774,-3.3330548,-3.354228,-3.4251194,-3.6261032,-4.1204453,-4.481533,-4.645124,-3.7030406,-2.6410332,-1.9701707,-2.0651596,-2.2422333,-2.663125,-2.9944158,-3.382873,-3.7545037,-3.9492373,-4.069742,-4.0894117,-4.1216345,-4.1331654,-4.165224,-3.9849,-3.6927643,-3.542634,-3.0945733,-2.4572694,-1.4040797,-0.6161238,-0.3573272,-0.1355373,-0.07339296,-0.09035008,-0.07762021,-0.19122636,-0.3367786,-0.5395464,-0.58396715,-0.7721431,-0.8667296,-0.97495776,-1.0618217,-1.1781093,-1.2475095,-1.4393475,-1.6410072,-1.8446178,-2.496306,-2.6706705,-2.6400151,-2.4433684,-2.327833,-1.5988345,-1.5987988,-1.5987928,-1.5987717
-1.4869418,-1.5958166,-1.7425929,-1.7979236,-1.8018615,-1.7397573,-1.6819624,-1.7160543,-1.9582227,-2.4594374,-2.4567456,-2.3093715,-2.0516129,-2.2353053,-2.3137999,-2.2198427,-1.5813038,-0.9273522,-0.38034365,0.1335434,0.09449818,0.017064333,-0.21419422,-0.4193096,-0.6401943,-0.84732515,-1.08306,-1.3592478,-1.5178393,-1.5381503,-1.5723565,-1.6677513,-1.6232834,-1.6568708,-1.8296521,-2.2727861,-2.9471154,-2.7134771,-2.378016,-2.0407572,-1.7409528,-1.3104297,-0.91285425,-0.66786253,0.27188414,0.037160896,-0.18123943,-0.14063388,-0.010910187,0.2053816,0.20382756,0.40954387,0.8850568,1.2049758,1.229218,1.010673,0.24896215,-0.43752402,-1.1182108,-1.2633789,-0.66643953,-0.1871813,0.45376337,1.0980077,2.2239316,2.985567,2.3276124,1.8644183,1.8247116,1.3783619,0.45226282,-0.31702882,-0.6321387,-0.824442,-0.91267157,-0.9915345,-1.066695,-1.0424839,-1.0519023,-1.047563,-0.91456276,-0.6085311,-0.46643445,-0.3396424,0.11435327,0.11946799,0.9072317,1.469395,2.0018272,1.8672931,0.90209013,-0.45753133,-1.7600117,-2.4881563,-2.2724824,-1.6969975,-1.0069516,-0.7272397,-0.7317615,-1.0794638,-1.4713511,-1.6917453,-1.9096427,-2.251329,-2.523449,-2.661806,-2.7485652,-2.7642264,-2.7669692,-2.7337122,-2.3370197,-1.7018301,-0.97505367,-0.3930025,-0.027760327,-0.29004896,-0.4740849,-1.055435,-1.7095721,-1.607364,-1.0462935,2.2763145,5.131359,5.8741436,6.0368223,5.6517286,5.1540494,4.3425665,3.6230583,2.663045,1.4261622,0.5570453,-0.00043826923,-0.08714314,-0.395782,-0.4253226,-0.64729834,-0.6446471,-0.5716702,-0.5015899,-0.3795582,0.022574812,0.40170786,0.75711274,0.81308174,0.5959036,0.54952526,0.48990616,0.49474806,0.4810528,0.46785024,0.5418196,0.5759094,0.5462297,0.49247023,0.45841563,0.46036816,0.5227176,0.54337716,0.65442526,0.64425015,0.551324,-0.05733791,-0.597049,-0.76380676,-0.7589944,-0.6483465,-0.15163085,-0.15152174,-0.1514881,-0.15142837
-2.1416698,-2.1384697,-2.12498,-2.1501238,-2.199745,-2.2041035,-2.04634,-1.9631594,-1.7443036,-1.3300256,-0.95440286,-0.77587295,-0.7325397,-0.76864564,-0.44290793,-0.06911492,0.8561014,1.2490343,1.2524617,0.9424256,0.85877705,0.54344743,0.38237512,0.23128687,-0.03912848,-0.242105,-0.55233437,-0.99959683,-1.3089848,-1.5337486,-1.5658581,-1.697217,-1.9571878,-2.192738,-2.0842912,-1.4637675,0.5748888,1.7698154,2.2784278,2.387827,2.321084,2.0946703,1.5271442,-0.19838005,-2.1766691,-2.3021107,-2.0718832,-1.9750726,-1.991764,-2.185124,-2.4359622,-2.5593169,-2.691176,-2.7154908,-2.5949879,-2.2142568,-1.287491,-0.4452672,-0.3060558,-0.9117067,-1.5110884,-1.7412522,-1.9059179,-2.0308068,-2.0857806,-2.170384,-2.2964683,-2.501946,-2.767136,-2.895711,-2.8214583,-2.6460743,-2.5846686,-2.5302114,-2.5180888,-2.4725885,-2.4626038,-2.5176077,-2.544025,-2.5882578,-2.6392584,-2.633019,-2.443789,-2.0793743,-1.7559758,-1.7250526,-1.865365,-1.9130628,-1.826894,-1.8169477,-1.4356486,-0.707186,0.09094819,0.8780326,0.5342156,-1.0510442,-1.8436639,-1.781584,-1.578747,-1.3930368,-1.1597059,-0.9674686,-0.7603193,-0.49445036,-0.2748787,-0.18442234,-0.068366855,0.031186596,0.0776138,0.08888209,-0.13074319,-0.70485145,-0.9089931,-1.2770665,-1.7739596,-1.2340119,-1.0346844,-0.60741144,0.149151,1.1783851,1.5568649,0.6887686,-1.0932463,-2.2061284,-2.357612,-1.8952826,-1.4305288,-1.1000175,-0.8835477,-0.5511792,-0.22719672,-0.2100248,-0.18281502,-0.117567874,-0.12520155,-0.12314908,-0.24694438,-0.80175,-1.2266502,-1.5663407,-1.8910825,-1.8232486,-1.9565086,-2.1410909,-2.0789895,-1.9063909,-1.8823323,-1.8730099,-1.8680685,-1.8437567,-1.8678753,-1.9701695,-2.010858,-2.058155,-2.0560246,-2.0229118,-1.9758215,-1.9217917,-1.8960192,-1.9535863,-2.0166235,-2.058618,-2.0220468,-1.7810426,-1.7344462,-1.6469531,-1.5981338,-1.9463303,-1.9463509,-1.9463656,-1.94628
0.11304706,0.06607058,-0.15559027,-0.33033615,-0.79735494,-1.0682676,-1.368212,-1.5083939,-1.5600702,-1.5123847,-1.5233631,-1.6978343,-1.8289697,-1.984533,-2.6635418,-3.254874,-3.9800172,-3.786018,-3.3559632,-1.6037769,-0.68551266,0.5699906,1.43735,2.108758,3.2623458,4.0476227,4.739861,5.489481,5.9033327,6.2169714,6.2620316,6.465338,6.794323,6.976425,6.878764,6.542123,5.194695,2.9955745,0.8165149,-0.35800743,-0.72172046,-0.24096513,1.9505341,6.5845585,9.014236,9.684824,9.83617,9.65835,9.179755,8.332803,7.7837944,7.5885096,6.9408145,6.203473,5.587572,4.714744,2.3368702,-0.34120953,-1.837613,-2.1016734,-2.2086208,-2.3058953,-2.3550186,-2.230928,-1.8559077,0.29033256,4.000201,6.756952,8.337101,9.130003,9.434481,9.410516,9.328209,9.220895,9.142348,9.143501,9.073351,8.952005,8.814346,8.599896,8.382425,7.9885845,7.592866,6.945204,5.7419395,5.849891,4.9392643,4.1209545,3.1799884,2.4298213,1.3513613,0.19178537,-1.123943,-2.4524367,-2.7690141,-2.6251109,-3.0663877,-3.2515562,-3.4396324,-3.2813847,-3.1154695,-2.8707576,-2.6095548,-2.4309456,-2.331043,-2.2138708,-2.2082117,-2.2712615,-2.396022,-2.5128777,-2.5358388,-2.2503269,-2.1329465,-2.8191788,-2.7953246,-2.8632572,-2.7616935,-3.0023508,-3.242073,-3.6425495,-3.473054,-3.4445148,-2.8315682,-2.1621566,-1.8870753,-1.9244387,-1.987949,-1.9943373,-2.1887739,-2.4873424,-2.7518988,-2.8156247,-2.8082821,-2.7951968,-2.8227935,-2.8634558,-2.7334433,-2.0403786,-1.2592056,-0.7884429,0.25579518,1.9073905,4.1230683,5.274658,5.420439,5.502889,5.553993,5.5609074,5.5415173,5.536031,5.4378433,5.2830462,5.2192535,5.166581,5.093029,5.072071,5.02559,4.8978834,4.852437,4.6594615,4.2465324,3.597425,2.0138757,1.4115541,1.4127058,1.3406738,1.2315403,0.88967586,0.88970166,0.88971317,0.8895997
0.05207917,-0.016216785,-0.058321804,-0.083774656,-0.21329427,-0.093762666,0.07219952,0.32413983,0.5581747,0.50979173,0.20349373,0.299596,0.25359482,0.43557104,0.81408346,1.2682455,2.4890304,2.9516444,3.0770144,2.8518143,2.8139462,2.693001,2.6049995,2.4227734,2.4175773,2.4451942,2.3855762,2.2493832,2.0812874,1.9227862,1.9298613,1.7165911,1.4542329,1.4171748,2.2088423,3.957689,6.4020987,7.190901,7.4927807,7.556962,7.5586452,7.544292,7.400498,6.6560173,3.529057,0.8751537,0.34357825,0.51257414,0.5848333,0.61130285,0.46283913,0.24219641,-0.06703965,-0.13287702,0.36403668,1.3992385,2.6451945,3.2968853,3.3638294,2.9702797,2.545929,2.157937,1.6928728,1.4250994,1.027389,0.59238905,0.5347564,0.65341306,0.3890247,-0.110801995,-0.49941248,-0.70766664,-0.77298594,-0.8777132,-0.900369,-0.8701913,-0.82970595,-0.86871916,-0.9192763,-0.87789893,-0.9758151,-1.3340433,-1.7147652,-1.9419869,-1.831136,-1.6641008,-1.5084755,-1.365629,-1.0189533,0.2378018,1.7950777,2.440682,2.6172864,2.4926033,1.9750319,0.97443193,-0.95635885,-1.9557456,-2.1228967,-2.1638021,-2.1375976,-2.16456,-2.163872,-1.87535,-1.5172586,-1.4099301,-1.2238535,-1.0119548,-0.85320437,-0.7547948,-0.9306334,-1.5233729,-1.6998982,-1.36011,-1.5247893,-1.3333726,-0.59361404,0.2758677,1.4069564,2.8652086,3.6846218,3.4513252,2.2590375,0.49734247,-0.8425112,-0.77802634,-0.3380604,0.41327468,0.9538064,1.6114072,2.3215985,2.8004456,3.1941328,3.379373,3.6755862,3.721601,3.7251976,3.6116717,3.6567063,3.578226,3.242379,2.5161598,1.2703443,0.29170573,-0.14126867,-0.25025144,-0.18035951,-0.09521581,0.076469034,0.09870094,0.28708038,0.34505013,0.1783949,0.104381755,0.09562904,0.06624159,0.02365914,-0.066949114,-0.2217835,-0.6657791,-1.1417361,-1.5085021,-1.3617101,-0.8837639,-0.7616149,-0.41187483,0.36115015,-1.4906232,-1.4907205,-1.4907304,-1.4908049
-0.6730041,-0.6499351,-0.57235706,-0.5168541,-0.38222685,-0.3146696,-0.16959023,-0.06484944,0.090472296,0.5890039,1.0855129,1.4532455,1.674995,1.5940907,1.7860074,1.990222,2.3145156,2.2875478,2.1794157,1.9582772,1.8160589,1.7135899,1.5587885,1.4788504,1.3840938,1.508862,1.7775693,2.2231781,2.5310893,2.7914453,2.8270319,3.055737,3.4032335,3.687429,3.6748233,3.4957843,3.6420054,4.229724,4.6923575,4.8790693,4.945813,5.035838,4.949238,4.801621,6.1217866,6.7533255,6.8063526,6.6036844,6.1887403,5.595522,5.2298794,5.1327543,5.1825175,5.2074733,4.927582,4.411966,4.1950693,4.1733127,4.249665,4.252063,4.430771,4.6303034,4.861946,5.047057,5.196191,5.0350814,4.441841,4.2322574,4.7708592,5.409485,5.8348045,5.9020348,5.872773,5.7413626,5.6388474,5.6629496,5.6067657,5.499882,5.3016562,5.048814,4.7413816,4.0936227,3.1979685,2.5059533,2.2918365,2.443375,2.834114,3.0509157,3.3651423,3.0311604,2.4727461,2.1947393,2.322703,2.7066026,2.474953,2.7882962,3.608947,3.7748485,3.5437655,3.0121994,2.5752392,2.4373264,2.5039113,2.7589672,3.105097,3.3063536,3.4926476,3.596959,3.615207,3.5376353,3.1581337,2.4187362,2.3837323,3.6132116,4.3852367,4.73151,4.6297503,4.35054,3.6048431,2.8985858,3.1142306,2.741214,2.1956398,2.5039845,2.7426314,2.5155125,2.292782,2.0758562,2.0897865,2.36523,2.9124758,3.2583363,3.3874393,3.343724,3.395589,3.3963668,3.3885489,3.1010387,2.6376047,2.3148909,2.1506824,2.6971893,3.7775817,4.6247997,4.9572363,5.1190515,5.1750712,5.1957836,5.2100983,5.2329297,5.1611953,4.9941382,4.9334507,4.780316,4.7435575,4.6944685,4.645969,4.5467653,4.4482293,3.9150538,3.1909504,2.3111677,1.0038917,0.7035166,0.52376574,0.5211803,0.6597248,-1.4540328,-1.4539896,-1.4539717,-1.4541311
-5.3083925,-5.2939425,-5.31145,-5.326769,-5.319339,-5.3170514,-5.3185387,-5.3189816,-5.302828,-5.1428847,-5.072229,-5.0570316,-4.9009748,-4.8118696,-4.8897657,-5.032251,-5.392355,-5.646637,-5.7575083,-5.699771,-5.5923557,-5.4775896,-5.3649454,-5.3328695,-5.2252197,-5.2031207,-5.2139087,-5.165852,-5.1246943,-5.068238,-5.060939,-5.0214844,-4.8229647,-4.5724907,-4.5887947,-4.738683,-5.093314,-5.5937634,-6.008136,-6.2146854,-6.3153,-6.484804,-6.528163,-5.841823,-5.1458197,-4.541579,-4.670239,-5.1183887,-5.471327,-5.6571283,-5.604544,-5.443989,-5.374165,-5.507125,-5.899441,-6.4798026,-6.9279704,-6.867772,-6.7624855,-6.6920776,-6.748982,-6.7361727,-6.7574835,-6.783247,-6.6633134,-6.3205905,-5.667094,-5.027846,-4.7569046,-4.5950155,-4.395857,-4.2788095,-4.2756777,-4.271995,-4.3286433,-4.3689127,-4.4360943,-4.461347,-4.462233,-4.577684,-4.700737,-4.694369,-4.5812216,-4.3033915,-4.2877994,-4.308203,-4.3919697,-4.433901,-4.3226013,-4.4893064,-4.622769,-4.728141,-4.9923124,-5.4796286,-5.5890617,-5.7777624,-5.3613043,-4.5708766,-4.1269417,-3.4647489,-3.112509,-2.9757419,-3.0052428,-3.1983624,-3.4290004,-3.5845003,-3.77224,-3.8953276,-3.8935642,-3.8353634,-3.538303,-2.9363775,-2.8203435,-3.489056,-4.005527,-4.3340707,-4.5936027,-4.810063,-4.9538083,-5.25355,-5.768419,-6.1136045,-6.0207396,-5.8040094,-5.287697,-5.032061,-5.012808,-5.1850586,-5.3462763,-5.5216517,-5.72263,-5.8155417,-5.805971,-5.764678,-5.738593,-5.7558937,-5.6912045,-5.5190463,-5.333783,-5.2804756,-5.245984,-5.426464,-5.422774,-5.029197,-4.835458,-4.75976,-4.7917113,-4.9089894,-4.9874177,-5.041683,-5.2290893,-5.4057713,-5.416411,-5.5063057,-5.5623665,-5.61805,-5.6425114,-5.729455,-5.794559,-5.905857,-5.9538136,-5.89884,-5.9593053,-5.953335,-5.905739,-5.788563,-5.7668443,-4.518317,-4.5183377,-4.5183525,-4.518157
