0,1,2,3,4,5,6,7,8,9,10,11,12,13,14,15,16,17,18,19,20,21,22,23,24,25,26,27,28,29,30,31,32,33,34,35,36,37,38,39,40,41,42,43,44,45,46,47,48,49,50,51,52,53,54,55,56,57,58,59,60,61,62,63,64,65,66,67,68,69,70,71,72,73,74,75,76,77,78,79,80,81,82,83,84,85,86,87,88,89,90,91,92,93,94,95,96,97,98,99,100,101,102,103,104,105,106,107,108,109,110,111,112,113,114,115,116,117,118,119,120,121,122,123,124,125,126,127,128,129,130,131,132,133,134,135,136,137,138,139,140,141,142,143,144,145,146,147,148,149,150,151,152,153,154,155,156,157,158,159,160,161,162,163,164,165,166,167,168,169,170,171,172,173,174,175,176,177,178,179,180,181,182,183,184,185,186,187,188,189,190,191,192,193,194,195,196,197,198,199,200,201,202,203,204,205,206,207,208,209,210,211,212,213
13.432249,13.565626,13.600801,13.644584,13.574863,13.43487,13.211351,12.526621,10.767972,7.965538,6.2044563,4.6928926,4.0650835,3.1960452,2.6335456,1.8429596,0.5450455,-0.050233588,-0.8110208,-1.545594,-1.7812829,-1.8590405,-1.8953975,-1.8513174,-1.8240856,-1.8961859,-1.9464948,-1.9047685,-1.6921986,-1.4692425,-1.4534878,-1.3447285,-1.121278,-1.3298986,-1.1204851,-0.5293387,-0.12646915,1.1274152,2.9161935,3.3994033,3.451126,3.242415,2.863382,2.2856345,1.8124757,1.4901956,1.182057,0.9167396,0.72081214,0.6800326,0.66204995,0.6512542,0.65940595,0.70159596,0.72573435,0.8548017,0.9248912,1.013462,1.062152,1.0691532,1.1883198,1.2947228,1.3478553,1.8245584,2.3401659,1.4915631,0.13184649,-0.5876532,-0.29957065,-0.35068333,-0.0025136769,0.38268676,0.9141529,1.8984737,1.9471114,1.7775544,1.7602391,1.8924458,2.2586231,2.505888,2.7305517,2.6924021,2.28093,1.4347374,0.49242318,0.12825449,0.2639509,0.61194605,1.1775012,1.5685763,1.206053,0.68583214,-0.017186508,-0.51679456,-0.612478,-0.5279816,-0.38260388,-0.15518066,0.43144622,1.4781523,2.4779763,3.701939,4.251686,4.042574,3.3747246,2.1355863,1.1213712,0.14578411,0.19919206,0.26077044,0.27360058,0.32678527,0.31790027,0.2169693,0.10345398,0.02650182,-0.008831501,-0.16859053,-0.41985995,-0.6044955,-0.75121605,-0.68594074,-0.58839804,-0.2797441,0.24582401,1.0330988,1.9962103,2.8566146,3.610139,4.430713,5.37934,6.713006,7.471719,7.821739,7.261961,6.121055,3.3194308,1.6755229,1.4099743,1.3730425,1.4497824,1.4041394,1.1094124,0.7875267,0.44483912,0.18164492,0.1065318,0.22176674,0.42985803,0.87737143,2.071426,2.5250216,1.9626353,1.4576857,0.5348878,-0.17079026,-0.21935207,-0.17876062,-0.13924026,-0.12289521,-0.024463952,0.10775185,0.36970317,1.1752976,2.106371,2.7552805,3.3875914,3.8735018,3.4178915,3.44112,3.3601456,3.499611,3.9629455,5.8141127,8.064566,9.382698,10.631793,11.5597315,12.242075,12.338839,12.42572,12.483202,12.520145,12.654416,12.620869,12.521469,12.502247,11.7272835,12.530431,11.7272625,11.727244,12.124123,12.402503,12.45956,12.3365555,12.123095,12.16095,12.053156,11.224358,10.833659,10.595419,10.602644,10.687929,11.596393,12.182173,11.728463,12.278412,12.400978,11.727248,12.058888,11.72849,11.727394,11.727539,11.727406
-1.7673452,-1.7384932,-1.8804024,-1.8617676,-1.8775053,-1.801539,-1.77773,-1.7658572,-1.8545665,-2.0893037,-1.9196286,-1.6087527,-1.4352295,-1.2088188,-1.1564856,-1.0801947,-1.3128611,-1.7090065,-1.8785973,-1.1867019,-0.5664368,-0.2088177,0.0779473,0.23775274,0.35312966,0.42175296,0.31568247,0.043998238,-0.17358781,-0.30253023,-0.2584892,-0.3039035,-0.5141293,-0.7453364,-0.7897265,-0.86491865,-0.99230313,-1.3869852,-1.7966219,-1.9875177,-2.1160288,-2.126864,-2.111494,-1.9103606,-1.6904238,-1.6119938,-1.5495636,-1.4959661,-1.49103,-1.4896519,-1.4668555,-1.3897024,-1.2728534,-1.1848829,-1.1165416,-1.0323387,-0.906245,-0.7552149,-0.5512897,-0.3509357,-0.42215794,-0.72630644,-1.4628199,-1.6361811,-1.6624043,-1.4460351,-1.5138549,-2.1829615,-2.5353737,-2.7769628,-3.127116,-3.0910258,-3.416245,-3.7844837,-3.5934386,-3.415876,-3.2943666,-3.2610712,-3.1612885,-3.0429246,-3.026737,-2.9112613,-2.7725039,-2.5628963,-2.02739,-1.2494863,-0.8457996,-1.0215907,-1.5687099,-2.2971325,-2.6254473,-2.5522852,-2.332332,-2.1475513,-1.9005948,-1.6226411,-1.4781649,-1.4557118,-1.3972776,-1.6739051,-1.9442923,-2.0286207,-1.864096,-1.6061094,-1.5452968,-1.5782835,-1.8376498,-2.153255,-2.2978034,-2.3109987,-2.3908648,-2.4440293,-2.4656942,-2.4293487,-2.4769425,-2.623019,-2.736319,-2.7122674,-2.66752,-2.4376237,-2.111977,-1.8681053,-1.762569,-1.5977522,-1.6506484,-1.9930363,-2.3448973,-2.5744848,-2.7453604,-2.8925362,-2.9920802,-3.0190816,-2.8805656,-2.739852,-2.6953177,-2.874586,-2.6126983,-1.881122,-1.5981859,-1.4495859,-1.3472459,-1.2939448,-1.2332343,-1.1167637,-0.76681477,0.17125672,2.5738788,6.29591,8.918072,10.688807,11.452824,11.05928,10.227314,9.630436,8.645468,7.33621,6.1907883,5.5911217,5.459506,5.8340063,6.568078,7.606839,9.26989,10.943205,11.484813,11.399214,11.240588,11.076403,11.342349,11.351114,11.276222,11.1725235,11.086802,10.669369,9.584208,8.56258,7.184949,5.8759704,4.36467,4.084433,3.7623844,3.6183336,3.6127057,3.3147204,3.280598,3.6187658,3.4920816,2.8488665,3.2345986,2.8488436,2.8488207,4.0377417,3.44488,3.312975,3.4083347,3.7405925,3.5125532,3.7912192,4.8407817,5.2387524,5.3487835,5.4172983,5.2992387,4.386239,3.6507351,2.8490858,3.4904594,3.2575297,2.8488576,3.7758303,2.8492942,2.849172,2.849195,2.8492107
-1.2547132,-1.152871,-1.1255358,-1.0822016,-1.139157,-1.2273889,-1.3083689,-1.3434038,-1.1348027,-0.770074,-0.9011995,-1.0756917,-1.0947785,-1.1153299,-1.2024281,-1.3479632,-1.5947733,-1.7255839,-2.2740612,-2.4590445,-2.1299756,-1.9061649,-1.8032781,-1.7140837,-1.6150975,-1.5101547,-1.3652651,-1.2277112,-1.1050398,-1.0366167,-1.1504571,-1.4707036,-1.7252648,-1.8567917,-2.1398408,-2.1668215,-2.2729957,-2.3721075,-2.3107476,-1.9681783,-1.7269602,-1.7031853,-1.6879349,-1.8118092,-1.7407401,-1.532718,-1.5752275,-1.6252182,-1.6371655,-1.6644343,-1.654377,-1.652926,-1.6556041,-1.6147459,-1.5370547,-1.4844816,-1.4360862,-1.3608913,-1.2961057,-1.3814738,-1.7310011,-1.8986793,-1.6168501,-1.324079,-0.92313635,-0.39783603,-0.6121279,-1.4951429,-2.0433607,-2.1624851,-1.7910559,-1.478508,-0.9559211,-0.29521483,-0.35647723,-0.40024045,-0.3583506,-0.31089225,-0.2127469,-0.051404756,-0.0016532056,0.036342587,0.085393704,0.15368846,0.72686,0.33483526,-0.97254246,-1.6017482,-1.9694412,-2.0438561,-1.8007421,-1.1483897,-1.0682626,-1.6538441,-2.2471192,-2.5965543,-2.796987,-2.9511523,-3.0832233,-2.5125725,-1.4431262,-0.6456826,-0.29868567,-0.07559459,-0.35860437,-0.61838055,-0.97717255,-1.5720127,-2.160581,-2.6721518,-2.6467218,-2.4929714,-2.3557816,-2.243033,-2.1015809,-1.9038963,-1.5657108,-1.128714,-0.8616572,-0.9620445,-1.0967709,-1.0516789,-0.7213381,-0.17483108,0.16871542,0.12186964,-0.06551206,-0.501019,-1.0527947,-1.2393694,-1.1313977,-0.86114573,-0.5292023,-0.6946906,-0.9418292,-0.74145555,0.23970053,-0.31350827,-0.9639572,-1.4716406,-1.7644415,-1.8621674,-1.8674304,-1.8906434,-2.1676736,-2.3283525,-2.258147,-2.0800362,-1.9306033,-1.841628,-2.0448124,-2.4667997,-2.6570227,-2.6315024,-2.334467,-2.2243428,-2.1705956,-2.2323842,-2.2991676,-2.278307,-2.2162943,-2.1566782,-2.0951073,-2.003097,-2.042537,-2.1973648,-2.397973,-2.5789804,-2.519712,-2.3364763,-2.1881413,-2.132356,-2.0964475,-1.9389967,-1.8556089,-1.926539,-1.8859928,-1.5733101,-1.4063721,-1.331573,-1.3140652,-1.2665203,-1.1923223,-1.1929984,-1.2196333,-1.2190397,-1.1997317,-0.39973915,-1.1832532,-0.39972878,-0.3997155,-1.2234257,-1.1408687,-1.118271,-1.0937686,-1.2215701,-1.2067825,-1.2178819,-1.491332,-1.6069577,-1.7685313,-1.9400203,-1.933614,-1.6087506,-1.339299,-0.40002626,-1.2761279,-1.2005994,-0.3997334,-1.3199365,-0.40007657,-0.399876,-0.39993107,-0.39993572
-2.5621305,-2.569126,-2.4564867,-2.4106965,-2.1621773,-1.977,-1.8792143,-1.8038292,-1.8781826,-2.1529264,-1.9395478,-1.4745021,-1.2196006,-1.0843213,-0.9391879,-0.7184183,-0.6080731,-0.8500643,-1.0036532,-1.0346948,-0.7578251,-0.54770815,-0.44857413,-0.47979972,-0.571997,-0.7533029,-1.0799581,-1.5085529,-1.741961,-1.77998,-1.6225257,-1.4397029,-1.3687341,-1.2908633,-1.1294932,-0.8824567,-0.8428438,-1.2465518,-1.7668616,-2.052774,-2.2811146,-2.325571,-2.2512221,-2.0692158,-1.8209264,-1.7471414,-1.8988296,-2.0047088,-2.1187005,-2.175338,-2.1034439,-1.9382954,-1.7386739,-1.5545427,-1.3678827,-1.2747085,-1.1839695,-1.147445,-1.0726271,-0.88173443,-0.87693083,-0.72076,-0.36469364,0.22780189,0.6285854,0.64787376,0.55343276,-0.5044077,-1.387421,-1.7001808,-1.5196726,-1.4317976,-1.815356,-2.1516013,-2.2739165,-2.2878582,-2.246787,-2.2480185,-2.1788738,-2.1331685,-2.2010002,-2.2183015,-2.1148498,-1.8982486,-1.2632203,-0.063901484,0.5523985,0.3173842,-0.21041614,-0.7958709,-0.7333902,-0.3513276,-0.4486273,-1.0501268,-1.5333523,-1.6994731,-1.7302234,-1.6818287,-1.4108742,-0.71522284,-0.3113894,-0.45570335,-0.16550002,0.147452,0.1466863,-0.03923966,-0.35198236,-0.6027323,-0.93516755,-1.750572,-2.320635,-2.4708154,-2.494178,-2.4724228,-2.43221,-2.3390362,-2.0697763,-1.6179929,-1.3213998,-1.4711856,-1.8885045,-2.0004795,-1.9826908,-1.5406656,-1.1970123,-1.2729048,-1.4247768,-1.481811,-1.7177731,-1.8341659,-1.8488003,-1.8749145,-1.9664059,-1.9637711,-1.8997624,-1.9040467,-1.244763,0.14667901,0.55564356,0.4266864,0.24779335,0.072923124,-0.13364336,-0.26217148,-0.5163508,-0.81395936,-0.9223198,-0.70330596,-0.6775757,-0.53986406,-0.3374545,-0.88710964,-0.8556154,-0.62815416,-0.42592323,-0.7191895,-1.0412202,-1.2479062,-1.3942566,-1.3972522,-1.3310498,-1.2029902,-1.039049,-0.7894748,-0.38373095,-0.31853423,-0.6557565,-1.0060047,-0.7082419,-0.6196086,-0.6340674,-0.49050742,-0.42529273,-0.623662,-0.7495651,-0.457573,0.0036444068,-0.14385563,-0.9128171,-1.1710706,-1.2790266,-1.239577,-1.1889684,-1.294154,-1.3547865,-1.2831314,-1.4275889,-1.0505806,-1.7626519,-1.05057,-1.0505613,-1.6053435,-1.6154515,-1.6446154,-1.761441,-1.8485131,-2.0459156,-1.9895774,-2.1235573,-2.2496774,-2.376006,-2.2635727,-2.2299798,-2.0925503,-1.9861097,-1.0514971,-1.8732352,-1.8325174,-1.0505513,-1.9462883,-1.0512779,-1.0504498,-1.0505644,-1.0505004
-0.21958512,-0.30469072,-0.5194495,-0.6520519,-0.99693286,-1.2405457,-1.3808504,-1.5389403,-1.5182316,-1.1932986,-1.164351,-1.3489177,-1.6522855,-1.7015713,-1.7530525,-1.7588062,-1.6061296,-1.5418432,-1.3095636,-1.109448,-1.2368995,-1.445343,-1.5317457,-1.5021722,-1.373847,-1.1327935,-0.83968085,-0.6051136,-0.58718455,-0.6611366,-0.8054312,-1.0138278,-1.0928578,-0.82224035,-0.6120915,-0.65647256,-0.73803633,-0.78978586,-0.52156353,-0.38240772,-0.26955718,-0.23965056,-0.2287551,-0.2501868,-0.20422953,-0.10228515,0.049566597,0.20639211,0.342727,0.462241,0.53070486,0.5426446,0.49470955,0.40102047,0.34117198,0.31855872,0.23227783,0.113047615,0.05589369,0.26593152,0.54663163,0.7587237,0.4230226,-0.41347185,-0.849761,-0.6171679,-0.24311775,0.42339492,0.78651345,0.29572976,-1.1979477,-2.1182096,-2.0458422,-1.2184117,-0.73641765,-0.61112654,-0.5684194,-0.5592835,-0.6575782,-0.8405997,-0.93338645,-1.0646344,-1.2053839,-1.4657882,-2.0633307,-1.8748679,-1.1469326,-0.610809,0.013883397,1.200619,2.4421802,3.158579,3.4448967,3.888986,4.0791364,3.985703,3.8554802,3.6919062,3.2450533,1.8060627,-0.254274,-1.6212462,-2.0963457,-2.2083378,-1.812386,-1.3993902,-0.86807036,0.50055206,2.1675577,3.4510632,3.8183067,3.7774844,3.6972883,3.6627235,3.6227655,3.3680997,2.8335142,2.2321033,1.5452907,0.75509465,0.0122955665,-0.4454697,-0.6517997,-1.1476016,-1.7974038,-2.3982265,-2.5989783,-2.1509495,-1.4898187,-1.1553117,-1.0237615,-0.8814459,-1.085644,-1.3900185,-1.5779083,-1.5811849,-1.9561505,-2.387866,-2.2477913,-2.204278,-2.065502,-1.9489272,-1.6169345,-1.2605013,-0.6625675,-0.239867,0.17706457,0.053832076,-0.5200976,-1.1381054,-1.0558008,-0.5354004,-0.24669427,-0.2798743,-0.5004929,-0.63839537,-0.5428819,-0.36701128,-0.17602293,-0.25547844,-0.38323483,-0.6211843,-1.2244439,-1.9370961,-2.073213,-1.787987,-1.6311519,-1.4841665,-1.491799,-1.637118,-1.7020023,-1.5772054,-1.4614612,-1.2981758,-1.0101185,-0.8615241,-1.0344429,-1.2619148,-1.243957,-0.98940855,-1.0397425,-1.0666854,-1.0150431,-1.0588914,-1.1034043,-1.0389044,-1.0132926,-0.43867654,-0.7933847,-0.43866864,-0.43866503,-0.6143708,-0.92277706,-0.858402,-0.9967741,-0.6924323,-0.6480206,-0.6290231,-0.45058352,-0.012717433,0.2878342,0.3804251,0.18175143,-0.34712383,-0.76153445,-0.43875292,-0.79441273,-0.7693526,-0.4386654,-0.55544305,-0.43876562,-0.43873617,-0.4387499,-0.4387367
-3.2503638,-3.30815,-3.3112388,-3.2591863,-3.2112727,-3.1088054,-2.9938054,-2.7944794,-2.2410345,-2.1508489,-2.2700052,-2.0717506,-1.7044749,-1.4038072,-1.1032494,-0.54484683,0.26378894,0.11527249,-0.04686573,0.14235397,0.028928772,-0.29931837,-0.6661797,-0.99618435,-1.2323397,-1.3891339,-1.5033678,-1.6689434,-1.7870512,-1.8134001,-1.7371194,-1.482171,-1.0505335,-0.28817645,1.0102422,1.7526331,1.728169,1.1114062,-0.06935674,-0.6211073,-1.0220196,-1.1330616,-1.1568093,-1.2274785,-1.2233819,-0.88777983,-0.38450167,0.040823877,0.33787605,0.4722466,0.7007504,1.1681579,1.8580606,2.4170182,3.3166192,4.2187505,5.5329943,7.056102,8.469381,9.788425,10.656196,11.0606165,10.401085,8.411694,5.062249,2.025693,0.9516727,-0.09745467,-0.5696529,-0.760256,-0.7387602,-0.57287467,-1.2566411,-2.3990846,-2.5495234,-2.501577,-2.4310703,-2.3790026,-2.2419176,-2.063489,-2.1298428,-2.1851082,-2.1363575,-1.9551022,-1.4230171,-0.25441602,0.7697315,1.1784692,1.444128,1.0906894,0.67117333,0.5287981,0.63302046,0.28260455,-0.2940452,-0.66642857,-0.80846083,-0.79923534,-0.79493535,-0.71209276,-0.7819417,-0.8434955,-0.9417032,-0.79087305,-0.42412156,0.13960564,0.5253534,0.07669574,-1.0048766,-1.2762548,-0.83722603,-0.5102102,-0.28298163,-0.039159045,0.27410945,0.69719374,1.0043647,1.2766789,1.410684,1.4131682,1.7199705,1.4948742,0.80525714,-0.26433945,-1.334455,-1.9495153,-2.4473934,-2.552795,-2.382999,-2.342863,-2.3079581,-1.7903924,-0.3957051,1.9376047,4.638083,6.4562635,8.591155,10.734888,11.342933,11.321023,10.90845,10.415127,9.478477,8.432721,6.5166984,4.0037446,1.3719192,-0.53052545,-1.2004826,-1.085093,-0.4599735,-0.3693929,-0.47864273,-0.56636167,-0.94398016,-1.2092302,-1.1735153,-1.0523982,-0.92170393,-0.8563791,-0.85934496,-0.8190541,-0.7095059,-0.6110524,-0.61984885,-0.7548002,-0.8843811,-0.9984975,-0.91620725,-0.8550899,-0.913296,-1.1585962,-1.4438784,-2.0196657,-2.1897888,-2.0505543,-1.8483381,-1.8534136,-2.244598,-2.3757238,-2.5259047,-2.5293555,-2.7147439,-2.7390656,-2.7345543,-2.7931738,-2.7562914,-2.3732352,-2.7576456,-2.3732257,-2.37322,-2.8493176,-2.6343489,-2.6665592,-2.9596343,-3.1618962,-3.1719637,-3.1298418,-3.4087563,-3.581481,-3.7531466,-3.6389651,-3.5541263,-3.4806418,-3.1490703,-2.3739681,-3.0397475,-2.9215758,-2.3732173,-2.9555142,-2.3739483,-2.3731933,-2.3732846,-2.3732004
-1.9803182,-2.031013,-2.0796688,-2.0926623,-2.1566107,-2.1324549,-2.108344,-1.9796191,-1.6090156,-1.3393538,-1.1544371,-0.6589019,-0.00817357,0.70746166,1.531955,3.250651,6.9745708,9.294542,10.821889,11.494867,11.061262,10.496208,10.1208725,9.780078,9.369784,8.787594,7.7449827,5.914687,4.2638187,3.1641154,3.1495929,4.0904436,5.9994564,7.9478617,8.75417,8.586825,7.9943886,6.1255794,2.910312,1.2606143,0.16694154,-0.29007256,-0.69060695,-0.8963549,-0.91809964,-0.685759,-0.12426168,0.31384477,0.1943399,-0.19125332,-0.45571363,-0.54637384,-0.5298183,-0.46405983,-0.3295334,-0.18987826,0.05345367,0.2693251,0.48688188,0.12151317,0.15149644,0.3826537,-0.17676982,-0.7577522,-1.2185966,-1.5747578,-1.2955589,-0.9560642,-0.9223072,-1.3197465,-1.5795763,-1.4215138,-1.6414193,-2.61282,-2.8513875,-2.7402647,-2.676698,-2.6365852,-2.5918617,-2.50233,-2.5818827,-2.5779011,-2.530346,-2.492888,-2.7791007,-2.8307562,-1.9990956,-1.2716182,-0.749732,-0.7192404,-1.0815125,-1.5464107,-1.6554837,-1.5688541,-1.4318209,-1.4255315,-1.497288,-1.5572095,-1.7646244,-2.425534,-2.3496041,-1.8326529,-1.5166192,-1.6784033,-1.6429526,-1.5632814,-1.3355346,-1.1633117,-1.0298046,-0.6877834,-0.50821936,-0.42081583,-0.39044023,-0.37376523,-0.4379445,-0.5290995,-0.6299069,-0.7938244,-1.004869,-1.033538,-0.7445892,-1.1559265,-1.8140028,-2.3798556,-2.667404,-2.8195083,-3.0680866,-3.1224012,-2.877787,-2.753426,-2.8297477,-2.8859088,-2.7342043,-2.359244,-2.0356526,-1.9833963,-1.7184563,-0.89322233,-0.38145134,-0.07092567,0.05190058,0.024035722,-0.03105165,0.077774286,0.29597205,0.33197778,0.02038212,-0.4819709,-0.8178535,-1.2336605,-1.6816874,-1.6843092,-1.2009903,-0.94444144,-0.6202874,-0.2021391,0.053874463,0.14560734,0.13924785,0.0793045,-0.044595793,-0.1573227,-0.38631994,-0.7908757,-0.8691038,-0.84090996,-0.7987016,-0.793518,-0.7318689,-0.6453141,-0.6548184,-0.8228664,-1.021345,-1.4984345,-1.7609881,-1.8749418,-1.9850193,-2.0884526,-2.030597,-2.0033336,-1.9436727,-1.8985975,-1.922745,-1.9441969,-1.9095323,-1.951133,-1.8966706,-1.7142258,-1.8062907,-1.7142241,-1.714229,-1.9266236,-1.8751547,-1.8566253,-1.832652,-1.8784297,-1.9397285,-1.8990207,-1.8340964,-1.9796615,-2.1002307,-2.1826372,-2.1718335,-2.055156,-1.8944569,-1.7143269,-1.9170836,-1.8458236,-1.7142208,-1.8995631,-1.714295,-1.7141733,-1.714227,-1.7141967
-0.51121575,-0.65166175,-0.5725362,-0.5732578,-0.31290537,-0.08520007,0.14599258,0.48652622,-0.05601813,-1.2595638,-1.419157,-1.2393489,-1.0741223,-0.7092632,-0.35190055,0.24139363,0.7404958,0.5595936,0.48577917,0.33741152,0.5029664,0.63841283,0.7099036,0.6987343,0.63501334,0.56526726,0.4518458,0.3497844,0.15978846,-0.08236462,-0.08105348,-0.13783169,-0.4009394,-0.5325954,-0.012446806,0.50487065,0.8480625,0.7311747,0.13635334,-0.27589402,-0.54979926,-0.55111337,-0.4076812,-0.27876282,-0.19968876,-0.2329981,-0.4466341,-0.575386,-0.6477809,-0.66067773,-0.62091553,-0.5689044,-0.5397803,-0.5478337,-0.56814265,-0.6089863,-0.65818304,-0.7769647,-0.8708657,-0.5676275,-0.1554254,0.2496447,0.16036975,0.17529851,0.55341357,0.7920419,0.6097976,0.038933307,0.30191046,0.74095166,0.56944233,0.08908993,-0.97660196,-2.2743206,-2.3884072,-2.3594658,-2.283054,-2.2355516,-2.0667036,-1.9006975,-1.8224964,-1.6727731,-1.3844345,-0.8166102,0.36843985,1.3742795,1.8141953,1.433665,0.6007494,-0.22921756,-0.46257007,-0.22947219,-0.045459047,-0.11330025,-0.15691572,-0.10685679,-0.054686964,-0.001937002,0.093608886,-0.14526853,-0.715451,-1.2237301,-0.975441,-0.6137136,-0.53920525,-0.71766657,-1.044702,-1.1446487,-1.0193158,-1.1063144,-1.3863196,-1.4454861,-1.4263912,-1.3653512,-1.3637865,-1.437963,-1.463413,-1.298387,-0.97544557,-0.5749658,-0.2814694,-0.18498933,-0.5595116,-1.1063957,-1.4256661,-1.5604992,-1.6509793,-1.8163985,-1.9759814,-1.9730519,-1.9462047,-1.9638541,-2.01535,-2.0488548,-2.1565857,-2.2591221,-1.7031226,-0.9641351,-0.8335913,-0.96245396,-1.1351602,-1.1944559,-1.2227423,-1.1231515,-0.9636499,-0.9100005,-0.6810485,0.02701097,0.7584121,1.5918026,2.3149264,1.9127438,1.7290957,1.6894239,1.4387789,0.5923542,-0.16918403,-0.4416282,-0.57256013,-0.49522614,-0.29004008,0.109207384,1.027481,2.4197023,3.3182974,3.6211991,3.3066564,2.978887,3.1911063,3.2549968,3.3787358,3.5959353,3.64679,3.3587897,2.6914735,2.5329301,2.476851,1.9189725,0.81407624,0.5164727,0.30412504,0.28349414,0.3082574,0.14413443,0.055658907,0.2262226,0.07516253,-0.14381939,-0.21629365,-0.14382437,-0.14382616,-0.03992504,-0.15930668,-0.16899121,-0.41032252,-0.4736445,-0.44913518,-0.3453929,-0.48367396,-0.63896966,-0.7447365,-0.55452806,-0.45610103,-0.45731297,-0.50603855,-0.1438902,-0.33811536,-0.31633356,-0.14382651,-0.4554196,-0.14382428,-0.14376327,-0.1437535,-0.14376956
-1.0149883,-1.1056801,-1.0937102,-1.1250122,-1.084558,-1.0420003,-1.115599,-1.3186166,-1.7394419,-1.7078395,-1.2358828,-0.6089723,-0.33132696,-0.14771037,0.14767496,0.51723087,1.023972,0.77121794,1.0987701,2.425328,3.220193,3.7783208,4.157605,4.398713,4.555324,4.770525,5.1279373,5.4378424,5.601615,5.63888,5.8724446,6.255225,6.136998,5.8132453,5.895812,5.893397,5.914657,5.8084397,4.384674,3.8486938,3.732288,4.2152796,5.288697,7.356209,9.056658,10.220428,10.82356,11.064529,11.240067,11.381506,11.505238,11.632418,11.710272,11.6841545,11.565569,11.42519,11.138158,10.595688,9.815319,8.687829,6.8496695,4.144125,0.9389821,-1.1587312,-1.5221035,-1.1532538,-0.040234476,2.5594184,4.186162,4.1101036,3.9951396,3.5925756,1.5885582,-0.93677336,-1.1793517,-1.104859,-1.0680883,-1.079353,-1.1327368,-1.1821662,-1.1966219,-1.3212242,-1.3725982,-1.3968331,-1.5127623,-1.1945186,-0.8031068,-0.68565226,-0.8054741,-1.2306565,-1.3499502,-1.1124272,-0.12168534,1.3235952,2.3417056,2.6908863,2.8028498,2.8408084,2.754432,1.6736287,0.30540645,-0.5498949,-1.1966487,-1.6271303,-1.5170338,-1.3197044,-1.0658609,-0.5901811,-0.17191449,0.3303152,0.56026614,0.5617527,0.5268321,0.52762794,0.4484676,0.2782523,-0.1158807,-0.7957712,-1.4637066,-1.3018209,-0.7140675,-0.24100727,-0.11083919,-0.27283895,-0.71525794,-1.0152235,-1.2713139,-1.1754558,-0.77759945,-0.50665444,-0.44786125,-0.5174402,-0.62434286,-0.85750467,-1.3121955,-1.7642598,-2.3338687,-2.330561,-1.8093336,-1.0383432,-0.5799036,-0.28457403,0.1658977,0.6633113,1.3307682,1.6053091,1.2412181,0.4385093,-0.3007448,-0.6200181,-1.5404987,-2.073822,-2.099123,-1.8400671,-1.3594687,-0.6395457,-0.28060487,-0.10863513,0.009056687,-0.03176701,-0.12223387,-0.3030969,-0.39682567,-0.32162935,-0.3136356,-0.26696804,-0.09191635,0.15102783,0.30685198,0.2430589,0.23577239,0.4271819,0.70220536,0.90746987,0.675367,-0.011792209,-0.91936386,-1.5376676,-1.9874465,-2.105648,-2.0459113,-2.0569344,-2.0490298,-1.9445128,-1.9118061,-1.9234385,-1.9853793,-1.9546628,-2.0412529,-1.9546618,-1.9546549,-2.152609,-2.1437757,-2.1725454,-1.9949964,-2.0984302,-2.1430504,-2.0456753,-1.7572681,-1.754765,-1.8708841,-2.0597897,-2.0332294,-1.933279,-1.9030641,-1.9545283,-2.0433552,-2.0962305,-1.9546587,-2.1100438,-1.9546461,-1.9547474,-1.9547572,-1.9547449
-2.5358546,-2.518086,-2.619393,-2.6050603,-2.6888225,-2.7590473,-2.745462,-2.721365,-2.3958654,-2.2329326,-2.33328,-2.2925081,-2.1268024,-1.9716625,-1.9398655,-1.9120058,-1.5369513,-1.0916824,-0.44389582,-0.08787334,-0.29362562,-0.63492733,-0.82876366,-0.97467214,-1.0604272,-1.1782811,-1.4413013,-1.8329837,-2.1382556,-2.336087,-2.4303408,-2.5189087,-2.6530945,-2.2797666,-1.6165826,-1.4738026,-1.6457574,-2.3293576,-2.7216656,-2.730745,-2.5642934,-2.401888,-2.3061626,-2.2953067,-2.3484936,-2.3548017,-2.2776332,-2.2218142,-2.2537243,-2.3685384,-2.5367355,-2.744573,-2.9313743,-3.0617237,-3.0741982,-2.9858356,-2.7547388,-2.444869,-2.2054715,-2.1745753,-2.1887608,-2.152287,-2.177769,-2.4891012,-2.8907826,-2.9235654,-2.5924473,-2.3859491,-2.2479436,-2.2359805,-3.0192623,-3.4631562,-3.5142508,-2.6816244,-2.1184287,-1.9123626,-1.8521044,-1.871941,-1.9413947,-2.036262,-2.1172724,-2.0669568,-2.024007,-1.8719841,-1.6975422,-1.7104164,-1.6532903,-1.5766132,-1.5544877,-1.384889,-1.0857401,-0.95789886,-0.8978963,-0.744684,-0.56532216,-0.45542195,-0.40844578,-0.4248378,-0.5874593,-0.9329892,-1.6227111,-2.1972084,-2.5882838,-2.6459131,-2.3629847,-1.8899666,-1.3394566,-0.023974866,1.3317742,2.2602239,2.6863825,2.7536736,2.7473488,2.7885823,2.9118917,3.0022216,2.9140522,2.6342144,2.158856,1.9400924,1.8471441,1.2009435,0.5928088,-0.18448256,-0.9488574,-1.6736832,-2.2245674,-2.460038,-2.5012417,-2.6640491,-2.9790926,-3.3721447,-3.4771094,-3.3681393,-3.0553713,-2.8591914,-2.4794793,-2.4181826,-2.595424,-2.9826427,-3.252507,-3.5075247,-3.7655525,-3.723074,-3.384353,-3.0608125,-2.7340326,-2.493385,-2.4386635,-2.4589124,-1.9651482,-1.7903068,-1.9401362,-2.2629802,-2.5550494,-2.6522188,-2.7690573,-2.7447248,-2.6485767,-2.5484493,-2.4594932,-2.3684611,-2.3306532,-2.2276647,-1.777589,-1.311484,-1.1502862,-1.2859368,-1.4833344,-1.3125253,-1.0981581,-1.1907756,-1.4620068,-1.9119718,-2.0259705,-1.8805225,-1.8238059,-1.8956398,-2.0162158,-1.977707,-2.0712748,-2.0420918,-2.1651423,-2.2027526,-2.2250245,-2.2563815,-2.1961951,-2.7817636,-1.885313,-2.7817798,-2.781798,-1.975034,-2.2300892,-2.126866,-2.4391022,-2.3768516,-2.1620305,-2.0514526,-2.341062,-2.3930993,-2.4035408,-2.3686807,-2.3552446,-2.2819123,-2.0756776,-2.7812092,-2.1171613,-1.9495716,-2.781797,-1.9014276,-2.7811139,-2.7816772,-2.781603,-2.781674
-1.875279,-1.8989596,-1.807959,-1.8065772,-1.7388275,-1.7011662,-1.6737354,-1.5257912,-0.91686296,-0.22408521,-0.12713593,-0.25306898,-0.39767516,-0.43449515,-0.5738598,-0.85804117,-1.1882813,-1.0940502,-1.0164919,-0.9004098,-0.687579,-0.6360108,-0.65747607,-0.7207191,-0.8088355,-0.9460377,-1.1594558,-1.2601881,-1.2456696,-1.1702783,-1.1591786,-1.3630378,-1.4818543,-1.5857112,-1.9677637,-2.0643754,-1.9374002,-1.7970905,-1.133565,-0.76283824,-0.64312744,-0.7454487,-0.9498197,-1.2325318,-1.4196526,-1.4835355,-1.547269,-1.5818579,-1.5754199,-1.5950489,-1.5695573,-1.5004451,-1.3756337,-1.2164683,-1.0650493,-1.0530944,-1.0447786,-1.0709251,-1.1219313,-0.98976356,-0.7649524,-0.52958137,-0.045540426,0.05032742,0.40539548,0.51111776,-0.13292162,-0.60242426,-1.0215834,-0.4497137,-0.16820332,-0.28795874,-0.7016304,-1.3800247,-1.657943,-1.7341355,-1.7594005,-1.7837389,-1.8312719,-1.8203506,-1.7636994,-1.7342046,-1.7724539,-1.7809868,-1.3554907,-1.1161314,-1.1290971,-1.0937439,-1.1453352,-1.7264413,-2.2365515,-2.1671638,-1.9674449,-2.0919733,-2.1177638,-1.8556492,-1.47924,-1.0697663,-0.045095902,3.1159148,5.1778316,5.479892,5.286175,4.6609087,3.4080372,2.5466356,1.9360394,0.7351196,-0.41712314,-1.3228934,-1.8698893,-2.074539,-2.185823,-2.2529655,-2.3235126,-2.355931,-2.2382634,-1.8221263,-1.0365843,-0.3146653,0.22690627,1.3546636,2.35979,2.8613658,2.2931075,1.31773,0.52828145,-0.20788667,-0.97150165,-1.210635,-1.1867045,-1.0489404,-0.7471675,-0.61759543,-0.5582677,-0.36319143,0.49555427,0.7339349,0.35488912,-0.21782285,-0.757084,-1.0820475,-1.3547837,-1.5132446,-1.7102301,-1.6882055,-1.4914784,-1.2119831,-1.0230398,-0.93582165,-0.4326328,-0.6958454,-1.201919,-1.3213782,-1.1807923,-1.0956719,-1.138668,-1.2351092,-1.356439,-1.337096,-1.3096015,-1.2303286,-1.0997659,-0.9574379,-0.5789243,-0.4045173,-0.5734143,-0.81944215,-0.82097375,-0.6554201,-0.44844002,-0.37043434,-0.43628824,-1.0167004,-1.6715732,-1.841283,-1.756141,-1.7337811,-1.8225131,-1.8926594,-1.932163,-1.9219962,-1.897311,-1.8973645,-1.8748475,-1.8228986,-1.7939746,-1.5040674,-1.8750145,-1.5040612,-1.504051,-1.8999102,-1.8015903,-1.8688102,-1.6982455,-1.5475166,-1.612456,-1.799388,-1.8759515,-2.0512037,-2.146111,-2.0273752,-1.9397612,-1.7632749,-1.6964903,-1.5042043,-1.6808853,-1.7637206,-1.5040705,-1.8283186,-1.5041875,-1.504132,-1.5041606,-1.5041761
-3.457566,-3.5187976,-3.5539334,-3.5278578,-3.4932895,-3.4130085,-3.285682,-3.01802,-2.332137,-1.9645809,-1.9139142,-1.7073922,-1.6976489,-1.6318878,-1.5091729,-1.2475709,-0.24204202,0.5250512,0.9299383,1.0890095,1.0415512,0.8934178,0.7540715,0.64678496,0.5522779,0.41240078,0.06382206,-0.50701857,-0.87488514,-1.0123711,-0.95716834,-0.59618515,0.0020522475,1.2668488,1.9611801,1.522152,0.82381785,-0.46628982,-1.6301923,-1.9368,-1.999899,-1.9754758,-1.9233818,-1.7323337,-1.5206368,-1.3351547,-1.0756896,-0.9040019,-0.8656659,-0.93309504,-1.0419104,-1.1368119,-1.1615546,-1.1030415,-0.91796947,-0.7020952,-0.3800616,0.045717202,0.39464343,-0.1630854,-0.8780569,-1.3584116,-1.7538633,-2.372118,-3.2327745,-3.3484988,-2.3760755,-1.550837,-1.8141239,-2.6012437,-3.4184117,-3.368915,-2.978877,-2.8925116,-2.9552817,-2.9052339,-2.899548,-2.937259,-3.0359316,-3.081122,-3.2160916,-3.2489293,-3.1676984,-2.940014,-2.5730743,-2.2218702,-1.8821077,-1.6058384,-1.517609,-1.8029226,-2.1807947,-2.593237,-2.7279606,-2.7095728,-2.7639887,-2.88287,-3.0237522,-3.164802,-3.428792,-3.8546193,-3.8242893,-3.795715,-3.6686525,-3.6530805,-3.4785256,-3.1397076,-2.7372148,-1.9479973,-1.2794276,-0.8850138,-0.7492614,-0.79679716,-0.85473657,-0.9125532,-1.0103433,-1.1297969,-1.2820575,-1.5550439,-1.928017,-2.0958595,-1.8420696,-2.1290271,-2.430875,-2.6761093,-2.8271894,-2.989499,-3.296577,-3.4861526,-3.4484246,-3.4812675,-3.6300044,-3.8512173,-4.05654,-4.1329756,-3.8793764,-3.5326939,-2.7109447,-1.6121254,-1.0513098,-0.7400208,-0.8443321,-1.0178332,-1.2361442,-1.3906443,-1.472957,-1.5215869,-1.4194646,-1.162609,-1.0851243,-1.6600155,-2.4366984,-2.3108823,-1.8849195,-1.7021583,-1.3788416,-1.0357342,-0.8809634,-0.8520782,-0.8309172,-0.81937814,-0.84111786,-0.82456213,-1.0650967,-1.8039007,-2.3591387,-2.5764601,-2.7174892,-2.779181,-2.698634,-2.5663352,-2.4497638,-2.632301,-2.9549606,-3.4655864,-3.5989327,-3.6314373,-3.6420448,-3.4849477,-3.117784,-3.0550613,-3.0210857,-3.0152276,-3.047401,-3.0400653,-3.014841,-3.051023,-3.0056324,-3.0565581,-2.955211,-3.0565648,-3.056576,-2.9713075,-2.933371,-2.970281,-2.9566329,-2.9298682,-3.021953,-2.9541786,-2.7448926,-2.6816196,-2.5751843,-2.6300964,-2.6585994,-2.8550222,-2.8925743,-3.0565004,-2.8780196,-2.9296083,-3.0565608,-2.8711443,-3.0564473,-3.056429,-3.0564518,-3.0564408
-1.9142606,-1.8975773,-1.8976403,-1.8886045,-1.8961021,-1.8783436,-1.8142215,-1.7170118,-1.4821689,-1.4036467,-1.340316,-1.085657,-0.8038616,-0.6935421,-0.655591,-0.65071404,-0.31931943,0.251992,1.335983,2.4284213,2.373118,1.9907117,1.6738645,1.3197308,0.9805341,0.56028783,-0.093786046,-0.9069911,-1.4485416,-1.7625068,-1.7679404,-1.5195086,-1.0211589,0.30440882,1.8113732,2.0453153,1.4779491,0.1874193,-1.0940361,-1.4804659,-1.6665139,-1.6951724,-1.7612125,-1.8614825,-2.1104376,-2.315396,-2.1782384,-2.0614948,-2.1224113,-2.2616577,-2.4764087,-2.724944,-2.9746618,-3.2217166,-3.4031868,-3.398961,-3.1387115,-2.597269,-1.8186188,-1.0985074,-0.22057049,0.40859354,0.048931494,-0.6494967,-1.020399,-1.4366324,-1.3055339,-0.26476738,0.51030946,0.6057395,-0.55820715,-1.2041438,-1.9067487,-2.4450278,-2.378615,-2.2295802,-2.1860337,-2.1751645,-2.2046652,-2.1993954,-2.2844386,-2.2757344,-2.19113,-2.013464,-1.9266455,-1.9695437,-1.2596807,-0.562269,-0.050575964,0.2698291,0.37886688,0.36326498,0.46733934,0.53808564,0.5810361,0.5632515,0.50133723,0.5181903,0.52817714,0.23619938,-0.2083525,-0.6915424,-1.3771958,-2.0772858,-2.4404352,-2.4891949,-2.186732,-1.2944881,-0.41084784,0.237337,0.5602598,0.64649165,0.6391915,0.60001737,0.5907734,0.6482716,0.7091466,0.611439,0.33120334,0.4167314,0.9269079,0.7515854,0.24451156,-0.5334189,-1.1625949,-1.5845667,-1.8192225,-1.7094511,-1.3943954,-1.201623,-1.2484112,-1.3968515,-1.5495218,-1.703648,-1.8184472,-1.9892869,-2.1628497,-1.5901318,-1.1928976,-1.0681896,-1.2210741,-1.3909799,-1.562747,-1.5208704,-1.2900469,-1.0538294,-0.9876287,-1.1304945,-1.280021,-1.4877626,-1.4407732,-1.6896946,-1.8443625,-2.0378077,-2.2308755,-1.8428903,-1.4237242,-1.097111,-0.8526063,-0.716272,-0.72830474,-0.72865915,-0.7933396,-0.69935817,-0.46295628,-0.29385543,-0.285024,-0.43830302,-0.70660174,-0.5153929,-0.2602221,-0.39406157,-0.7295797,-1.5632503,-2.3025753,-2.6162648,-2.684926,-2.5848088,-2.0508394,-1.8653468,-1.7448106,-1.7274619,-1.8143339,-1.8222033,-1.7542639,-1.8341143,-1.6601219,-3.049128,-1.4100828,-3.0491517,-3.04918,-1.4604385,-1.618773,-1.5497477,-1.6209362,-1.5879349,-1.4496281,-1.4156309,-1.3396816,-1.3808106,-1.3866594,-1.3675103,-1.2260439,-1.2372729,-1.262675,-3.0483296,-1.4280696,-1.3261675,-3.0491707,-1.2979375,-3.048257,-3.048988,-3.0488932,-3.048967
-2.9112537,-2.8212643,-2.9213328,-2.9172964,-3.0435917,-3.1966085,-3.2656415,-3.4468932,-3.3669767,-2.6648102,-2.426415,-2.3748336,-2.4655218,-2.593369,-2.7001662,-2.7627242,-2.506385,-1.8667284,-0.7983072,-0.042049184,-0.2884505,-0.55060565,-0.59978473,-0.6681248,-0.7165559,-0.728877,-0.7783302,-0.9664126,-1.1541145,-1.3512132,-1.5659194,-1.863843,-2.1945622,-1.8170278,-1.1941209,-1.1864846,-1.4733964,-2.0087407,-2.1681104,-2.08418,-1.9613724,-1.8121188,-1.6556432,-1.656582,-1.836093,-1.9985409,-1.9174117,-1.791596,-1.6457024,-1.5180302,-1.500051,-1.5166838,-1.4927105,-1.4926493,-1.3828552,-1.1872995,-0.84577584,-0.4112574,-0.082080424,-0.07866509,-0.28448835,-0.5386632,-0.6170624,-0.50636905,-0.9758694,-1.4926841,-1.1009837,-0.5160854,-0.59979874,-1.1773343,-2.235155,-2.6912184,-2.3579457,-1.5954456,-1.3397006,-1.2419146,-1.2057971,-1.2246544,-1.3057317,-1.4504492,-1.6430811,-1.7663904,-1.7993935,-1.72786,-1.693909,-1.1212858,-0.6069817,-0.4493678,-0.24858978,0.22858874,0.7449761,1.0984485,1.3903358,1.7781687,1.9999475,2.0890822,2.1660953,2.141674,1.8014905,0.6941285,-0.9078353,-1.9995928,-2.6085782,-2.8994672,-2.6531305,-2.2945328,-1.9222143,-0.5001956,0.99817324,1.9071039,2.228249,2.2685468,2.246636,2.2484286,2.3202028,2.377005,2.3663387,2.1816428,1.7705986,1.1451608,0.6194802,-0.21081093,-0.8837547,-1.584451,-2.0725083,-2.412014,-2.4985118,-2.133501,-1.6015385,-1.5460324,-1.7253675,-1.998275,-2.2731156,-2.3894267,-2.1695209,-1.8971207,-1.6438355,-1.4662735,-1.2545755,-1.214394,-1.2945069,-1.4361224,-1.5807183,-1.5732424,-1.3550487,-1.1878201,-1.0967209,-1.2034914,-1.291069,-1.1517519,-0.9401572,-0.955578,-1.1921763,-1.5461055,-1.883304,-1.8359951,-1.5523982,-1.2325056,-1.0003533,-0.96006006,-1.0315249,-1.1462632,-1.4055858,-1.4864008,-1.3894719,-1.3333662,-1.385789,-1.4248374,-1.5309204,-1.6076171,-1.6127552,-1.7562574,-2.022047,-2.404478,-2.5896022,-2.5502286,-2.524421,-2.4824526,-2.1927986,-2.039139,-2.0527446,-2.0146155,-2.061243,-2.001698,-1.9785724,-2.0835507,-2.0463715,-2.8596249,-1.8030355,-2.8596473,-2.8596735,-1.8646858,-2.1598244,-2.0806153,-2.2532735,-2.0474253,-1.9580944,-1.81482,-2.0019658,-1.8164067,-1.6361418,-1.5677766,-1.6238728,-1.7086011,-1.8401226,-2.8587785,-2.0316448,-1.9083135,-2.8596666,-1.8775235,-2.858645,-2.8594742,-2.8593388,-2.8594446
-1.6063973,-1.7093487,-1.8077304,-1.8470867,-1.9770021,-2.002596,-1.9519043,-1.9664842,-1.780763,-1.4304163,-1.2907029,-1.1302148,-1.157902,-1.2129146,-1.0814083,-0.90819526,-0.3415782,0.22380123,0.96570396,1.213471,0.6307908,0.013909131,-0.43776017,-0.8102565,-1.1458955,-1.4933658,-1.9051423,-2.3087366,-2.4971597,-2.5402606,-2.497684,-2.2068975,-1.683167,-0.96261847,-0.35946172,-0.4676782,-0.98114645,-1.9418925,-2.3149967,-2.2674453,-2.1831646,-2.1901166,-2.2431045,-2.4129205,-2.5006971,-2.1993585,-1.7845023,-1.5430945,-1.3971096,-1.3489048,-1.3648772,-1.3365533,-1.1592019,-0.9521904,-0.6286678,-0.35172582,0.06506772,0.55124855,0.91196114,0.97209567,1.1044217,1.439514,1.8324945,1.4052868,0.14389358,-1.3781974,-0.9458007,0.08042723,0.28409475,-0.07612425,-0.65526676,-0.7793526,-1.0394323,-1.3465027,-1.3211327,-1.3195925,-1.3207242,-1.3238012,-1.2772906,-1.2285848,-1.3043858,-1.3522997,-1.4596125,-1.653969,-1.9999902,-2.1973495,-1.9312582,-1.460774,-1.0817116,-1.1918447,-1.5803828,-2.1829867,-2.2842505,-1.9503993,-1.6573187,-1.4488237,-1.2623621,-1.0458261,-0.79229397,-0.59399694,-0.87438136,-1.5044792,-2.0809927,-2.2963016,-2.2068121,-1.9371727,-1.4656681,-0.54818237,0.44821072,1.3002025,1.5802497,1.496219,1.3647964,1.2813088,1.2451229,1.2130237,0.934393,0.38941902,0.1584557,0.44672126,0.59043354,0.36280966,-0.14952882,-0.99760383,-1.8037568,-2.1091542,-2.2838805,-2.3410587,-2.1203916,-2.0145798,-1.9987943,-1.7222898,-1.3862579,-0.56896114,0.56125754,1.1308414,1.4940331,2.4489944,3.1936822,3.699903,3.9332047,4.1702213,4.083194,3.7128134,2.8647249,1.5262183,-0.13052621,-1.2941686,-1.3648962,-1.2280433,-1.0289463,-1.1113899,-1.1301824,-1.0688958,-1.1967595,-1.0391963,-0.75154066,-0.5682672,-0.39413455,-0.42876375,-0.5622412,-0.6511559,-0.80059576,-1.0784247,-1.2560881,-1.3164209,-1.2327712,-1.0708451,-0.82553446,-0.73961127,-0.8651009,-1.2003828,-1.5992724,-1.9781293,-1.6575177,-1.2953426,-1.0699008,-1.0530298,-1.3830739,-1.4427391,-1.3627188,-1.365165,-1.4104774,-1.3415879,-1.3544044,-1.4227934,-1.5621166,-1.0308568,-1.6299188,-1.0308468,-1.0308387,-1.589401,-1.3281678,-1.339873,-1.4507213,-1.5068887,-1.7110175,-1.7464054,-1.8981141,-1.9218714,-1.7871063,-1.5677034,-1.6054225,-1.6569302,-1.6345078,-1.0315965,-1.609339,-1.5866193,-1.0308387,-1.6729693,-1.0315927,-1.0308577,-1.0309377,-1.030859
1.114741,1.1258916,1.2280657,1.2868032,1.3644588,1.3603493,1.314053,0.9380442,0.24009135,-0.15884985,-0.13408312,-0.010699213,0.23379174,0.7730491,1.1095388,1.230739,0.8833907,0.116847634,-0.41384548,-0.2639082,-0.07809484,0.06765059,0.16999687,0.2483117,0.31136772,0.48986885,0.9576127,1.7287028,2.5197172,3.1292913,3.2780814,3.2692819,3.3443413,3.9483354,4.967106,6.1689806,7.372782,8.900683,10.6324215,11.173239,11.48902,11.573611,11.503988,10.876766,9.76712,8.422949,7.2080507,6.345749,5.6752806,5.2323856,4.784231,4.0458183,3.0205042,2.3479202,1.8496585,1.6307222,1.3956438,0.99122643,0.4378662,-0.15841243,-0.47765014,-0.48363596,-0.16461174,0.38175252,0.5176878,0.65804553,0.077586144,-0.86956453,-1.4290966,-2.0078208,-2.008008,-2.2762768,-2.6315265,-2.0066524,-1.6145122,-1.5488598,-1.533915,-1.5572915,-1.6069982,-1.5719334,-1.3870926,-1.2674639,-1.2924454,-1.4099412,-1.8778834,-2.1147614,-1.9184175,-1.6613646,-1.2853103,-0.7999573,-0.55062914,-0.38586164,-0.47948295,-0.703308,-1.0652122,-1.436871,-1.6989918,-1.9722743,-2.5567598,-3.43716,-3.7911496,-3.3558755,-2.5637732,-1.7090673,-1.3536929,-1.3189831,-1.8500798,-2.56166,-2.6003494,-1.9668398,-1.3357298,-1.1930101,-1.1581912,-1.1211746,-1.109723,-1.1320653,-1.190874,-1.2420036,-1.3739393,-1.5420281,-1.7538064,-1.5696846,-1.3306907,-1.0037534,-0.68321854,-0.33823153,0.19668819,0.6659864,0.91658527,1.0069995,1.2028967,1.1934042,0.33278605,-0.52614015,-1.0041685,-0.9710413,-0.95166934,-1.1368611,-1.2221041,-1.105319,-0.8966093,-0.7858927,-0.7716686,-0.81420636,-0.8904555,-0.91499984,-1.0326395,-1.2613053,-1.4158678,-1.3967867,-0.4210499,0.2810202,0.48769894,0.59636366,0.74894786,0.49631798,0.08602214,-0.17380743,-0.33042592,-0.4459155,-0.61413425,-0.86330074,-1.026495,-1.0030562,-0.5637774,-0.1384114,0.019506529,0.050324738,-0.07564461,-0.17778215,-0.08941409,0.10857819,0.13012573,-0.04944061,-0.43932348,-0.54908764,-0.3619676,-0.002045624,0.20448408,0.22625774,0.19743033,0.22669786,0.21118635,0.27579165,0.21149276,0.21322763,0.1918498,0.9781478,0.113200724,0.9781785,0.97821313,-0.2795808,-0.025962234,-0.061988607,-0.18900481,-0.3795715,-0.3371532,-0.2546053,-0.42436296,-0.59842026,-0.8070582,-0.9794375,-1.0121517,-0.5383877,-0.24983232,0.97740364,-0.23750925,-0.26438922,0.9781974,-0.4961033,0.97714686,0.97785926,0.9777344,0.9778262
-0.48426712,-0.42062145,-0.34152126,-0.33522815,-0.29264504,-0.31602126,-0.32071805,-0.03379947,0.5716846,1.5834436,1.7365863,1.9501259,2.0838537,1.7007468,1.4480722,1.0855197,0.3723111,-0.21242146,-1.0988132,-1.9994643,-2.0585814,-1.9598744,-1.8751278,-1.7491013,-1.6516631,-1.4646864,-0.9676332,-0.29058528,0.047119036,0.08664021,-0.10064837,-0.6252322,-1.3821906,-2.4676337,-3.2056804,-3.062311,-2.6266747,-1.7428443,-0.92954266,-0.69958675,-0.5489644,-0.5995246,-0.7153475,-0.7918267,-0.91922,-1.2039039,-1.4565029,-1.5935433,-1.5802261,-1.5501403,-1.5483005,-1.5994203,-1.5957404,-1.5024852,-1.400152,-1.3969216,-1.4811842,-1.658535,-2.01001,-2.1932292,-2.1218543,-1.860285,-1.0236394,-0.6807993,-0.85075915,-0.96943545,-0.9249684,-1.5907285,-2.1615462,-0.82811016,0.91963017,1.2532482,1.5195954,2.7500613,2.9914517,2.94268,2.8675017,2.7643955,2.5222952,2.1445165,2.0457468,2.0725186,2.1255875,2.283842,2.581835,2.116362,0.7416923,0.098983325,-0.34731355,-0.69648147,-1.0277915,-1.2614458,-1.4044638,-1.5524676,-1.4791745,-1.258208,-1.0307441,-0.9069693,-0.5986608,0.059386775,1.0379658,1.3278942,1.0354636,1.1180016,1.1169031,0.98279214,0.75553834,0.37839204,-0.4047717,-1.3656415,-1.8176996,-1.9539404,-2.002304,-2.0515409,-2.1085618,-2.1492515,-2.0767488,-1.8350403,-1.1659956,-0.5043803,-0.15961105,1.124151,3.875264,6.830223,8.881389,10.243145,11.18668,11.713528,11.820522,11.570782,11.155155,10.492955,10.065578,9.547773,8.61325,7.976877,6.9212236,3.8644278,1.9537711,0.54606223,0.111099534,0.14367712,0.22165395,0.16562831,-0.07895288,-0.3341533,-0.669273,-0.8401599,-0.77178085,-0.29545927,0.14904666,0.46038148,0.40287745,0.4578279,0.47041526,-0.12483759,-0.6717136,-0.88393104,-1.0258014,-1.0951761,-1.1146281,-1.1128144,-0.9624203,-0.670591,-0.51426506,-0.3912078,-0.27157062,-0.2703934,-0.38335267,-0.42675465,-0.32011712,-0.02571959,0.2693168,0.5345201,0.43318778,0.35331103,0.06607805,-0.32940373,-1.0488639,-1.1453191,-1.2788672,-1.3500587,-1.3184735,-1.3617859,-1.4296334,-1.3548795,-1.3970996,-0.6269691,-1.3875666,-0.6269603,-0.6269424,-1.0625756,-1.1763073,-1.1680346,-0.9059548,-0.9378067,-1.0657743,-1.2595961,-0.8711324,-0.74554455,-0.66797024,-0.85889304,-1.0388906,-1.2670234,-1.3815339,-0.6273156,-1.4560267,-1.5434093,-0.62698793,-1.301868,-0.6273732,-0.6272179,-0.62722987,-0.627268
0.16271225,0.24438906,0.20442529,0.29666093,0.26764667,0.25885442,0.2509484,0.10666315,-0.2650241,-0.5540393,-0.7589668,-0.9631157,-1.0565106,-0.9298149,-0.9384861,-0.9877181,-1.3771126,-1.8735743,-2.8678446,-2.988088,-2.3520367,-1.9203583,-1.6429603,-1.3992028,-1.1826327,-0.9973055,-0.7677603,-0.44954032,-0.14274685,0.07731673,0.061369047,-0.08504267,-0.34704554,-0.91281724,-1.5667504,-1.9720533,-2.1652527,-1.8481417,-1.1756346,-0.8194416,-0.6595938,-0.60181785,-0.5036441,-0.3362034,-0.041674376,0.13030556,-0.10869515,-0.3858601,-0.5457045,-0.62385905,-0.66119194,-0.7237159,-0.8524843,-0.9263297,-1.025603,-1.0773352,-1.1639205,-1.2310352,-1.2334756,-1.2588614,-1.4196261,-1.400923,-0.78008497,0.14572826,0.6137742,0.73128057,-0.08148742,-1.2754362,-1.7469056,-1.8522108,-1.3269389,-0.97521675,-0.5866225,-0.3529049,-0.24651837,-0.2269989,-0.23374926,-0.20309252,-0.14804488,0.068727836,0.2721973,0.4503374,0.5488626,0.70165116,1.1051202,0.49540374,-0.43406525,-0.9532361,-1.2164674,-1.1369928,-0.83758503,-0.26297396,-0.2225905,-0.6344227,-1.206384,-1.6876265,-2.0895867,-2.4489126,-2.9454465,-2.9939735,-2.5584116,-2.369185,-1.9863175,-1.6672931,-1.770792,-1.9384129,-2.1354141,-2.4514632,-2.5946457,-2.5179834,-2.378358,-2.2472079,-2.126526,-2.0084844,-1.8914905,-1.8230338,-1.7330307,-1.4750036,-1.3796896,-1.5404875,-1.6016062,-1.5757961,-1.4258126,-0.95265406,-0.35372162,-0.18861872,-0.24648061,-0.6505215,-1.1728973,-1.5841258,-1.8118682,-2.0986285,-2.315455,-2.5234327,-2.6794467,-2.562183,-2.2350683,-1.8111873,-1.7990308,-1.7096231,-1.5620148,-1.4889119,-1.4397137,-1.4005188,-1.4105637,-1.3609016,-1.2557808,-0.97101444,-0.7273406,-0.3495507,0.10685599,0.36255533,0.34404585,0.39591503,0.4370884,0.1451374,-0.28811097,-0.7267736,-1.0915232,-1.2503421,-1.2932694,-1.3263679,-1.2889764,-1.0990008,-1.0648278,-1.1204704,-1.2342681,-1.4303106,-1.517698,-1.3661109,-1.0819504,-0.7941864,-0.44282183,0.16582304,0.5649519,0.3247641,0.36783114,0.9307824,1.9955034,2.175813,2.2530067,2.2262836,2.190808,2.2753894,2.377673,2.3144503,2.4436069,2.2700312,2.2550402,2.27003,2.270029,2.0688205,2.4881938,2.352261,2.3522584,2.1975853,2.0829923,2.1233358,2.2788208,2.1974828,1.9859662,1.8245596,1.885886,1.8984196,2.1382856,2.2701101,2.547639,2.3879764,2.2700305,2.2531064,2.2701283,2.2700627,2.270071,2.270051
-2.6601617,-2.5799494,-2.5682712,-2.522681,-2.519793,-2.544273,-2.5804913,-2.676814,-2.8268218,-3.0334735,-3.0699158,-2.825667,-2.6318216,-2.5877619,-2.6147776,-2.6313524,-2.5580163,-2.3710353,-2.432603,-1.8970671,-1.1946731,-0.78423023,-0.5669553,-0.4190883,-0.30423552,-0.21375875,-0.06313285,0.055929154,0.0595589,-0.041518062,-0.22083825,-0.50634104,-0.80105174,-1.072661,-1.5278955,-1.8606341,-2.1101623,-2.2508583,-2.5245435,-2.5508833,-2.4870672,-2.5013041,-2.5899453,-2.637458,-2.485642,-2.362217,-2.4592748,-2.5394497,-2.6501245,-2.781909,-2.863552,-2.935018,-2.9673874,-2.9204655,-2.8673534,-2.7878242,-2.6541195,-2.5251288,-2.420155,-2.4109974,-2.660232,-2.8273816,-2.3503323,-1.9483814,-1.9179502,-1.8165239,-2.3995516,-2.9446034,-3.3338594,-3.1699717,-2.5621119,-2.213044,-1.5639288,-0.64099544,-0.3475107,-0.26506287,-0.3051143,-0.36818957,-0.47895873,-0.48616338,-0.33688885,-0.16400641,-0.10983446,-0.05828482,0.034344852,-0.97118443,-2.2652552,-2.8047605,-3.1777854,-3.3404248,-3.294873,-2.7721832,-2.3783836,-2.3997254,-2.6001763,-2.8658748,-3.1550179,-3.4546258,-3.8343253,-3.9452605,-3.6070633,-3.6932194,-3.7682981,-3.6539557,-3.7714431,-3.9457936,-4.219357,-4.0684195,-3.790926,-4.017438,-3.99488,-3.9266188,-3.8894315,-3.8432012,-3.790398,-3.7841725,-3.756753,-3.5715518,-3.26094,-3.1933608,-3.2177334,-3.2170315,-2.9546967,-2.5093324,-2.1883445,-2.0893579,-1.9267914,-2.122808,-2.4243767,-2.7295468,-2.9241667,-3.007736,-3.0475626,-3.3845878,-3.5415268,-3.530351,-3.224987,-2.7919044,-2.8115752,-2.7527761,-2.7609894,-2.7343755,-2.591024,-2.395927,-2.1797748,-1.87286,-1.6271693,-1.4726366,-1.622494,-2.109031,-2.5547154,-2.4422748,-2.2402089,-2.0446765,-1.6007471,-1.1897545,-1.148055,-1.3378177,-1.5368819,-1.6455109,-1.6998324,-1.7909837,-1.9861288,-2.4565516,-2.795422,-3.013047,-3.162522,-3.3276076,-3.2370684,-3.1784234,-3.0926502,-3.0065823,-2.8577683,-2.6181402,-2.5844538,-2.8289912,-2.9679341,-2.7398653,-2.3944232,-2.3015308,-2.160185,-2.116569,-1.9951913,-1.9454491,-1.9224269,-1.9209898,-1.9481401,-2.4226475,-1.9385401,-2.4226542,-2.4226599,-1.9785943,-1.8686395,-1.8405215,-1.8043064,-1.9095702,-1.8737067,-1.7447679,-1.7680435,-1.8218224,-1.6590614,-1.7428973,-1.836968,-1.862313,-1.8583122,-2.4224582,-1.812737,-1.8680193,-2.422651,-1.9181886,-2.42247,-2.4225805,-2.4225578,-2.4225798
-2.6181555,-2.5848932,-2.495419,-2.4351444,-2.3648798,-2.3444142,-2.2452188,-2.176413,-2.075529,-2.0962014,-2.0431147,-1.9227273,-1.8727136,-1.5980847,-1.373102,-1.2842506,-1.3499383,-1.3265057,-1.1239474,-1.0316614,-0.97719496,-0.9391878,-0.9452314,-1.0303539,-1.1451313,-1.2663727,-1.4429369,-1.5284197,-1.3692535,-1.0758235,-0.7977542,-0.5405719,-0.50520635,-0.29237697,-0.11077112,0.05417733,0.21952042,0.083158955,0.020928279,0.15638728,0.36130506,0.68023455,1.1257935,1.2771432,1.1626358,0.6976045,0.035437375,-0.40788835,-0.68446153,-0.8032642,-0.8717828,-0.9484112,-1.1193314,-1.2187386,-1.2075111,-1.1671144,-1.0341613,-0.84852064,-0.70273226,-0.80010486,-1.0469017,-0.9984727,-0.826463,-0.1236374,0.6533859,1.0712644,0.60613275,-0.5335278,-1.8757703,-3.111146,-3.110005,-2.914125,-2.7787502,-2.552659,-2.6231537,-2.6108303,-2.619174,-2.6058965,-2.5253158,-2.3408923,-2.1957567,-2.0196314,-1.7758775,-1.3213437,-1.1529211,-1.5003682,-0.5736623,0.28436062,0.798121,0.6198306,0.10626526,-0.58930224,-1.4475132,-2.3968282,-2.9134617,-3.0047903,-2.991089,-2.9753976,-2.9573374,-2.410324,-1.8914528,-1.8477539,-1.7204485,-1.2649873,-0.9076741,-0.68181926,-0.9678645,-1.8724784,-2.4099853,-2.8931308,-3.1232483,-3.1980877,-3.2135353,-3.2198277,-3.1392713,-2.8505185,-2.2565975,-1.2982187,-0.29797179,0.18311605,0.13273446,-0.3476187,-1.0428538,-1.4349165,-1.415292,-1.4931996,-1.7267219,-1.8603114,-2.044632,-2.1614013,-2.1653078,-2.0210652,-1.4894874,-0.6287243,0.15524791,0.29300964,0.89155054,1.0539634,0.6314236,0.10487768,-0.4610197,-0.91219664,-1.4277059,-1.8407768,-2.4700441,-2.8660233,-2.8739276,-2.4161553,-1.6813772,-0.71375686,0.30249834,0.030210063,-0.50450945,-0.80674624,-1.0858485,-1.4167298,-1.6336977,-1.6967919,-1.6540439,-1.5575502,-1.484242,-1.3443893,-0.9553267,-0.2856334,0.2568985,0.39544654,0.2687916,0.06583679,-0.15727875,-0.17336524,-0.13192514,-0.21467459,-0.41792703,-1.1651373,-1.9187179,-1.9504235,-1.7438507,-1.6944247,-1.8159833,-1.9614013,-2.129024,-2.0726535,-2.1671538,-2.2298894,-2.2315617,-2.2514997,-2.23106,-1.7612395,-2.3444521,-1.7612245,-1.7612097,-2.5305905,-2.4750118,-2.5192347,-2.58735,-2.7145326,-2.7377858,-2.6182141,-2.7701793,-2.976482,-3.0863004,-3.023281,-3.0762362,-2.8854947,-2.754208,-1.7619524,-2.6611295,-2.5700827,-1.7612267,-2.5427537,-1.7619338,-1.7613494,-1.7614323,-1.7613819
-1.6029637,-1.6101017,-1.6559076,-1.6876482,-1.8075935,-1.8889241,-1.981312,-2.2165332,-2.476007,-2.1366065,-1.6262931,-1.2130523,-1.0558587,-0.8315504,-0.6214339,-0.3498816,0.13502935,0.334595,1.0060692,1.6548417,1.5114771,1.3977933,1.4097131,1.4494563,1.5456375,1.8079846,2.2346094,2.5468607,2.5128977,2.2504478,2.1049988,1.79138,1.3791286,1.202764,1.1928686,1.104405,1.1776817,0.95383877,0.08819857,-0.22575888,-0.35218865,-0.33637443,-0.24663636,-0.007974848,0.07214145,0.11159347,0.35612363,0.57814276,0.66456515,0.697475,0.67537737,0.6135732,0.4797836,0.24925989,-0.06779123,-0.24659541,-0.37669438,-0.47398767,-0.37216347,-0.09639454,0.00916791,-0.23571879,-1.0465673,-1.6802601,-1.719079,-1.1056048,-0.8254986,-0.22233158,0.01704764,-0.22373265,-0.8395671,-1.1462264,-1.6538926,-2.0004091,-1.6945753,-1.4856818,-1.4238502,-1.4014484,-1.4210341,-1.4718785,-1.4895478,-1.5238467,-1.5779642,-1.7231345,-1.9874022,-2.0947242,-1.8366423,-1.5137115,-1.0250633,0.7047347,4.2979846,7.484996,9.44066,10.47027,10.771006,10.739485,10.585844,10.382976,10.02809,8.692186,6.3422456,3.3522987,0.4780332,-0.93304515,-1.0834279,-0.8770864,-0.35564473,0.71523994,1.7828071,2.401618,2.691194,2.699151,2.6396868,2.6403377,2.6740913,2.6480346,2.2833848,1.4320194,0.31074187,-0.29513782,-0.4099989,-0.3289603,-0.3434469,-0.5833308,-1.1288791,-1.6826682,-2.0527477,-2.0427105,-1.7854654,-1.6229903,-1.5251545,-1.4297067,-1.5554937,-1.8040769,-2.013545,-2.1964843,-2.6515641,-2.9571877,-2.8414624,-2.6061327,-2.4594676,-2.2180371,-1.7298939,-1.2168007,-0.4338448,0.17518312,0.3509508,0.0075703263,-0.42250055,-0.6830903,-1.9061447,-2.2046344,-2.0331807,-1.8238308,-1.5210842,-1.0559784,-0.85526156,-0.6910633,-0.53941846,-0.5189967,-0.5260861,-0.60346663,-0.643006,-0.826088,-1.4068146,-1.5828342,-1.6017962,-1.5373162,-1.4540478,-1.50075,-1.5689113,-1.5930569,-1.5797229,-1.7101855,-1.892519,-2.0226436,-2.3388488,-2.5820317,-2.5388167,-2.4740617,-2.32578,-2.325342,-2.282271,-2.1967218,-2.1846035,-2.170376,-2.2049944,-3.1214948,-2.1414132,-3.1215057,-3.1215143,-2.1669354,-2.2421436,-2.2280684,-2.2596178,-2.2221491,-2.1589322,-2.008586,-1.7049886,-1.4534864,-1.3391846,-1.262825,-1.3159255,-1.662897,-1.9159496,-3.1211286,-2.0233197,-2.0774717,-3.1215081,-2.0270135,-3.1211977,-3.121474,-3.121445,-3.1214523
-5.3509693,-5.278772,-5.2474284,-5.229863,-5.2321997,-5.2280235,-5.208478,-5.0998063,-4.712562,-4.1726646,-3.8162866,-3.224116,-2.9409351,-2.7613373,-2.6678605,-2.614426,-2.4801793,-2.262993,-1.9441426,-1.2648453,-0.75385183,-0.51789886,-0.31895876,-0.17393541,-0.06318471,0.048909187,0.16736734,0.19635037,0.07841954,-0.095457375,-0.2983424,-0.74272543,-1.2195259,-1.3775715,-1.706624,-1.9941806,-2.1441526,-2.5083287,-2.9660716,-2.9367778,-2.7978394,-2.7060158,-2.6713386,-2.675199,-2.7237885,-2.826444,-2.915615,-2.9231482,-2.9619136,-3.0745914,-3.1828792,-3.3190784,-3.4410923,-3.4753187,-3.5205383,-3.5206385,-3.4576254,-3.4106283,-3.3903646,-3.4868448,-3.6302257,-3.55198,-3.1110559,-3.2312686,-3.8638062,-3.6946063,-3.5765073,-3.8688376,-4.768065,-4.9637423,-4.6318293,-4.3799386,-3.882779,-2.9983077,-2.7125459,-2.5907903,-2.614079,-2.7169857,-2.9600682,-3.2455635,-3.3587377,-3.3167307,-3.2416193,-3.0149922,-2.5666013,-3.1069007,-3.9241338,-4.107999,-4.3256927,-4.5982466,-4.6058116,-4.1419563,-3.608131,-3.3276324,-3.1335697,-3.0300288,-3.0320692,-3.1340432,-3.154376,-2.9803588,-2.6995761,-3.0674653,-3.4920785,-3.3659234,-3.1924713,-3.0246599,-2.9959774,-2.6776342,-2.34799,-2.6810944,-3.03904,-3.2952838,-3.480406,-3.5818686,-3.687632,-3.8333855,-3.9126363,-3.7863836,-3.4255052,-3.1636972,-3.0963454,-2.8415074,-2.1887112,-1.5336453,-1.3685192,-1.459312,-1.4747031,-1.5642402,-1.6994604,-1.8592716,-1.9211454,-1.8447826,-1.678462,-2.037641,-2.1222882,-2.0563562,-1.6764002,-2.055544,-2.6838002,-3.378285,-3.8370495,-4.0030327,-4.077972,-4.0764275,-4.0977116,-3.895625,-3.487049,-2.9504287,-2.7209702,-2.9358525,-2.83252,-2.5599542,-2.4947987,-2.407607,-2.0387836,-1.7384918,-1.9467177,-2.262238,-2.489278,-2.5806165,-2.5970433,-2.6017263,-2.6744168,-3.079383,-3.1140032,-2.9847605,-2.9724185,-3.047463,-3.02327,-3.0152872,-2.9795775,-2.957903,-2.9732015,-3.3538728,-3.7795992,-3.9811301,-4.2650695,-4.448666,-4.686591,-4.699402,-4.7290506,-4.7280803,-4.6894813,-4.6630826,-4.6684937,-4.5918646,-4.6482787,-4.5369506,-4.708023,-4.536947,-4.5369396,-4.62691,-4.6646414,-4.645321,-4.6298375,-4.679867,-4.664688,-4.5265884,-4.2599435,-4.3073425,-4.180524,-4.181797,-4.3199186,-4.424319,-4.5034404,-4.5372367,-4.5751505,-4.6778326,-4.5369525,-4.5557227,-4.537264,-4.5370135,-4.5370555,-4.5370426
0.634674,0.5943152,0.65175927,0.6463137,0.74206716,0.8043055,0.7672337,0.5834528,-0.36195374,-1.0857314,-1.0809624,-1.0746529,-0.6866644,-0.34167773,-0.39628157,-0.43379763,-0.39930037,-0.21433371,-0.6325006,-0.87415934,-0.44813484,-0.08813635,0.032068558,0.054572396,-0.01735464,-0.09943704,-0.048897304,0.17324325,0.2490977,0.2391259,0.2044605,0.08792026,0.06874057,-0.2176159,-0.74496365,-0.8248758,-0.54231775,0.24851978,0.5397337,0.48803404,0.42210886,0.34860992,0.19724327,-0.009854477,-0.054344296,-0.20596416,-0.6271548,-0.88093674,-0.96262205,-0.99864155,-0.9575741,-0.902453,-0.8470395,-0.7622642,-0.7202579,-0.8265522,-0.99163467,-1.1786118,-1.4128805,-1.5384415,-1.6700972,-1.6859431,-0.9747605,0.16064195,1.3769057,1.8223608,1.0711377,0.36553752,0.40211388,1.2060075,1.6800597,1.0644517,0.7598107,1.2377634,1.6135244,1.5867939,1.4941448,1.4253963,1.30094,1.2899576,1.4399253,1.5793003,1.6293144,1.6103249,1.6104691,1.197708,0.21776058,-0.42567813,-0.9721787,-1.3058347,-1.4272761,-1.0901363,-0.78698003,-0.8339924,-1.0138885,-1.1610675,-1.235936,-1.2586488,-1.2456905,-0.8025386,-0.50932544,-0.617638,0.03443686,0.4987697,0.24268445,-0.25371984,-0.7916775,-1.7959292,-2.5516725,-2.6288965,-2.5186744,-2.3313315,-2.1931405,-2.1168604,-2.079712,-2.080657,-2.0816126,-1.8544543,-1.3908677,-1.1214185,-1.1494286,-0.8928442,-0.6469134,-0.301253,0.2341226,0.8566071,1.4522042,1.2296474,0.82175434,0.83034444,0.9834949,0.9609252,0.7792584,0.36151606,-0.13847767,-0.28012946,-0.324651,-1.1292956,-1.7696483,-2.0031831,-1.7717328,-1.5260191,-1.1885283,-0.9221345,-0.57283133,-0.31414318,-0.32357627,-0.39195365,-0.37371004,-0.27213803,-0.3712362,-0.55757356,-0.71159816,-0.72123545,-0.7130407,-0.794081,-0.9000421,-0.9832595,-1.0694246,-1.0687796,-1.0912901,-1.1541926,-1.0896585,-0.91396976,-1.023558,-1.1403344,-1.1891739,-1.3230798,-1.3348944,-1.259249,-1.1544898,-1.0630896,-0.8872547,-0.59260976,-0.33147722,-0.36760116,-0.2965272,-0.24765903,-0.26489013,-0.35114354,-0.2874809,-0.34967518,-0.33306167,-0.25489438,-0.24956718,-0.21358544,-0.26174918,-0.038935915,-0.4407381,-0.03893137,-0.038914844,-0.39906812,-0.23090434,-0.29692918,-0.18861687,-0.024170637,-0.016643763,-0.2391359,-0.115367696,-0.06475952,0.16062848,0.2794443,0.38185927,0.31454372,0.09097099,-0.039220855,0.032122225,-0.24293727,-0.038928866,-0.4236129,-0.03951043,-0.039159298,-0.03923382,-0.03916596
-2.6901298,-2.7075152,-2.922255,-3.039099,-3.3886027,-3.5943882,-3.7556329,-3.938525,-3.1523018,-1.7159021,-1.0248866,-0.8314331,-1.0568792,-1.0346876,-1.0823663,-1.1958921,-1.1693585,-1.1260449,-0.66527295,0.11293295,0.007754187,-0.36837995,-0.5778643,-0.6307801,-0.5461809,-0.33749434,-0.084352076,0.23437122,0.42135754,0.5147399,0.58290654,0.7234229,1.0461607,1.7247632,1.8350782,1.2650013,0.54645115,-0.1930278,-0.58300036,-0.5463171,-0.4239726,-0.2784901,-0.035971433,0.38887346,0.8786602,1.5331526,2.1800404,2.5883794,2.8112795,2.8919327,2.9109356,2.9297612,2.8966804,2.7012804,2.4148028,2.1703517,1.9572134,1.7399378,1.515908,1.0962952,0.8313602,0.6289753,0.13223213,-0.3922855,-0.61111546,-0.49281442,0.13513061,1.0199202,1.4128809,1.322406,0.31942886,-0.31150717,-0.37681556,-0.35880235,-0.018860146,0.1077849,0.14236045,0.14946206,0.077172376,-0.031028815,-0.18397653,-0.2833517,-0.39719895,-0.6873536,-1.3904216,-1.4537153,-1.0616468,-0.83881676,-0.4891148,0.3713602,1.1489351,1.1208178,1.1314096,1.7366463,2.2909753,2.586572,2.7216244,2.7549171,2.4543574,1.0743294,-0.5045489,-1.4171045,-1.7887231,-1.3720514,-0.33629438,1.1856118,3.4712584,6.937999,8.811118,9.676634,10.125941,10.384584,10.567264,10.716703,10.8251915,10.8245535,10.5720215,9.903799,8.406197,6.122386,3.6653671,2.797341,2.5787988,2.2499547,1.606405,0.8285658,0.11728842,-0.14609003,-0.26165998,-0.46622115,-0.7957742,-1.2237349,-1.6111369,-1.7632005,-1.6530659,-1.5473751,-1.7413127,-1.6940695,-1.2863355,-0.7627747,-0.40356663,-0.116401225,0.16048345,0.17751327,0.17480013,0.16257706,0.21711662,0.06647967,0.029788725,-0.17546849,-0.7277783,-0.39774704,0.124438696,0.23910129,0.28867447,0.53022856,0.81201255,0.9751199,1.0022852,0.82388294,0.59112394,0.37217212,-0.033563893,-0.7577642,-1.2830304,-1.3276744,-1.2337308,-1.059533,-0.9469781,-1.1308733,-1.4109548,-1.5341035,-1.6148074,-1.617542,-1.7282217,-1.8552396,-2.228259,-2.5493867,-2.630991,-2.4642017,-2.2961662,-2.2989612,-2.2450418,-2.296015,-2.2926736,-2.3044567,-2.3160691,-2.639297,-2.1501148,-2.6392953,-2.6393006,-1.7720878,-1.8969643,-1.861311,-1.8558652,-1.6510205,-1.6569647,-1.8164198,-1.736907,-1.4315133,-1.2681178,-1.1768109,-1.1757956,-1.4567549,-1.9101071,-2.6391068,-1.9392339,-1.9729112,-2.6392865,-1.959362,-2.6391134,-2.6392689,-2.6392345,-2.6392167
-2.6429296,-2.6811585,-2.7240276,-2.7596366,-2.7905798,-2.7319608,-2.589777,-2.2878494,-1.7435539,-1.4143267,-1.0196109,-0.23306927,0.2842285,0.774858,1.205778,1.6056277,2.0078425,1.9093826,2.6431603,5.0782666,6.951393,8.036663,8.626101,9.13489,9.614517,10.148473,10.823083,11.476662,11.757844,11.820039,11.666546,11.1562,9.995322,8.23086,5.8517017,4.1090565,3.3828163,3.6392932,2.968685,2.504425,2.2065446,2.1520867,1.9777768,1.4529942,0.90387666,0.7480933,1.1829189,1.514131,1.5305877,1.3812554,1.2788599,1.1909025,1.0569001,0.99757797,0.8375297,0.66303194,0.42694166,-0.025546908,-0.5339279,-1.2762278,-1.8630803,-2.3090866,-2.4481375,-2.197295,-1.9658203,-1.5284588,-1.7926261,-2.3015656,-2.4891696,-2.9716692,-3.0722306,-2.962922,-3.0559216,-2.7335298,-2.3590045,-2.1735764,-2.1433558,-2.1767266,-2.2584023,-2.2554324,-2.175777,-2.0061672,-1.8082423,-1.3635964,-0.7052137,-0.9407141,-1.328651,-1.4772036,-1.7926244,-2.2656207,-2.61763,-2.5539954,-2.106214,-1.644444,-1.4607275,-1.5331798,-1.737513,-2.034184,-2.4800668,-3.069487,-3.0009768,-2.6797976,-2.2269728,-1.6030458,-1.0141754,-0.6316619,-0.6247438,-0.65693593,-0.86553705,-1.3939707,-1.7769731,-2.0654993,-2.2606015,-2.3878477,-2.5263891,-2.6596427,-2.716741,-2.619905,-2.4215755,-2.3160393,-2.445638,-2.4326396,-2.336068,-1.9955406,-1.7193756,-1.6884036,-1.8721955,-2.195485,-2.4360688,-2.586854,-2.71045,-2.8819804,-2.87635,-2.843711,-2.6555574,-2.4938936,-1.707031,-1.6244009,-2.130208,-2.5933642,-2.86675,-2.9627948,-2.879135,-2.712683,-2.5557528,-2.2859712,-1.7524501,-1.0964814,-0.8006408,-1.0181509,-1.0435014,-0.43509352,0.0029912144,0.20629063,0.8213782,1.3297958,1.0675886,0.6613929,0.29612586,0.060673546,-0.11934777,-0.25563025,-0.46442378,-1.0387974,-1.3535876,-1.357724,-1.2762352,-1.208171,-1.2573545,-1.4665718,-1.6296577,-1.5883005,-1.4498119,-1.4504108,-1.5172606,-1.5842785,-1.7100897,-1.8285689,-1.87371,-1.9048823,-1.8858407,-1.8354266,-1.7980137,-1.8264687,-1.7838352,-1.7424679,-1.7562821,-1.7914011,-1.8091658,-1.7914071,-1.7914152,-1.7814207,-1.7398331,-1.7467144,-1.5493553,-1.475985,-1.4313405,-1.3917657,-1.1637452,-1.3516579,-1.2994552,-1.2192914,-1.2916403,-1.3236918,-1.5683854,-1.790813,-1.6788015,-1.7399465,-1.7914083,-1.6028965,-1.7908354,-1.7913189,-1.791232,-1.7913026
-0.5926908,-0.5387809,-0.6072953,-0.6874031,-0.870783,-1.0574342,-1.2084836,-1.3324656,-1.1095552,-0.046988353,0.37770003,0.28802976,-0.17293185,-0.49353808,-0.5710087,-0.5470603,-0.45624804,-0.13173643,0.40611044,0.5163633,-0.11699809,-0.54945475,-0.7413062,-0.8359392,-0.89723885,-0.9215267,-1.0106926,-1.1061113,-1.1322901,-1.1030884,-0.9861903,-0.6445587,0.047423024,1.0574777,1.6340029,1.6119661,1.4011362,0.53232974,-0.46235818,-0.5986743,-0.6108377,-0.64134026,-0.58130014,-0.5878247,-0.6211152,-0.3713597,0.10547246,0.41164333,0.6487298,0.8009984,0.8254556,0.85706,0.9032197,0.90151983,0.8135018,0.641522,0.37405762,0.17062297,0.19731337,0.42494407,0.7305377,0.7132826,0.043855935,-0.43093246,-0.0229778,1.860569,5.838827,9.328094,10.449465,10.677243,10.012645,9.576925,8.660814,5.355754,3.5341182,3.015078,2.8853192,2.8594959,2.7357259,2.5355816,2.3002248,1.9550164,1.8225508,1.620563,0.7365308,0.20999388,0.528304,0.8558368,1.1432219,1.3947908,1.1966541,0.62039155,0.69460475,1.3327327,1.9283243,2.2500072,2.455639,2.680357,2.8696942,2.54438,2.0323153,1.8261108,1.2142203,0.32417148,0.043465577,0.34837544,1.0675375,1.3170869,1.1338707,1.9270768,2.5067239,2.717794,2.8279223,2.8856502,2.901342,2.7522192,2.4616885,2.1259184,2.056635,2.2362018,2.5781202,1.7193592,0.9024782,0.024058089,-0.21952066,-0.032739937,-0.044644967,0.12761627,0.6001264,0.88699985,0.8840388,0.76552224,0.4066021,-0.038032085,-0.116331354,-0.17422345,-0.9810666,-1.3966246,-0.91091037,-0.40466058,-0.2670425,-0.24135928,-0.2866735,-0.3437587,-0.118021205,0.2560429,0.4560976,0.14954323,0.02657649,-0.21506226,-0.9059302,-1.0893744,-0.6868225,-0.48056275,-0.2692892,0.38678288,1.1805499,1.6402525,1.9241754,1.9587096,1.8864712,1.6739814,1.2281506,0.66641957,0.33605862,0.21433674,0.44973403,0.9931389,1.3912821,1.2194993,0.73315036,0.21907349,-0.3375582,-0.69280374,-0.5653034,-0.45175177,-0.52584946,-0.6731733,-0.69644356,-0.75124276,-0.7338166,-0.7671466,-0.8043922,-0.7630695,-0.7851403,-0.8339665,-0.92163074,-0.15833858,-0.9012636,-0.1583297,-0.15832248,-0.9275919,-1.0330555,-1.0476681,-0.9388291,-0.6841589,-0.82953656,-0.82892597,-0.5928572,-0.17884514,0.17411439,0.24555163,0.17908582,-0.33065167,-0.67518413,-0.15900797,-0.8016705,-0.77071893,-0.15832366,-0.8163973,-0.15897119,-0.15837944,-0.15842488,-0.15834993
-1.5608538,-1.6006043,-1.4110346,-1.3857198,-1.1524901,-1.0072544,-0.85620534,-0.56253517,-0.43885642,-0.99982023,-1.0780101,-1.10919,-1.3081902,-1.2720095,-1.3724108,-1.5517259,-1.8631349,-1.8847297,-1.9529428,-2.5472493,-2.7438774,-2.6358004,-2.5499043,-2.484181,-2.4454286,-2.4875262,-2.6396198,-2.7936184,-2.7288833,-2.4663608,-2.2933342,-2.2968566,-2.4322622,-2.8232641,-3.3757043,-3.4400873,-3.1123052,-2.7284377,-2.3629248,-2.034539,-1.867346,-1.693933,-1.4929411,-1.2554345,-1.0456046,-0.99677086,-1.153551,-1.2851686,-1.2734677,-1.1767105,-1.0108731,-0.8045232,-0.6012079,-0.44145778,-0.37522438,-0.41576958,-0.539734,-0.76365197,-1.0995053,-1.3201878,-1.6276319,-1.688194,-1.2765689,-1.0064332,-0.79990286,-0.32594037,-0.67850375,-1.4600623,-2.3701458,-2.6506498,-2.2990844,-2.1652014,-2.2909858,-2.2622623,-2.4831183,-2.5754678,-2.6165347,-2.666103,-2.7488422,-2.9274855,-3.109909,-3.245246,-3.2954311,-3.0781357,-1.94362,-1.003693,-0.88624513,-0.94391024,-1.0735083,-1.6407653,-2.189168,-2.1751459,-2.1093185,-2.2832196,-2.2256298,-1.8612452,-1.4022543,-0.90889645,0.38448194,4.057174,7.091695,8.66646,9.642432,10.135166,10.6211605,10.863188,10.546208,9.42714,7.358205,4.0111833,1.4614708,0.2851737,-0.38777328,-0.91476613,-1.4089981,-1.8094236,-1.9324942,-1.7376057,-1.2450207,-0.88947636,-0.84019804,-0.56478405,-0.6175485,-0.6714009,-0.8083836,-1.037894,-1.2657477,-1.4137266,-1.7338547,-1.75436,-1.5362794,-1.1298321,-0.10079485,0.93595463,1.9409925,2.6922493,4.2119503,3.5421717,2.135964,0.50962937,-0.5173243,-1.0576767,-1.4855448,-1.7555443,-2.1822915,-2.4609365,-2.4446924,-2.1805158,-1.9909993,-1.7539184,-1.0197077,-1.1842293,-1.6336937,-1.7961748,-1.6818519,-1.6775737,-1.8604804,-2.0544922,-2.1984525,-2.2136323,-2.1803117,-2.10078,-1.9192017,-1.4675174,-0.86683714,-0.63171625,-0.6984994,-0.8452169,-0.88089395,-0.804634,-0.68024063,-0.53069985,-0.3848006,-0.8940221,-1.8085536,-2.1759582,-2.3259037,-2.3669972,-2.462283,-2.6377041,-2.8195505,-2.8117416,-2.8379204,-2.8581228,-2.8305147,-2.7963502,-2.8290288,-1.396898,-2.9741461,-1.3968778,-1.3968585,-3.0037897,-3.0960283,-3.1339982,-3.1438277,-2.9825056,-2.9718318,-3.0396447,-3.296947,-3.4825928,-3.511864,-3.2217975,-3.1264074,-2.9893951,-2.9616175,-1.3976145,-2.8657095,-2.8136935,-1.3968726,-2.7169242,-1.3975319,-1.3969342,-1.3970389,-1.3969873
-1.2028316,-1.1291778,-0.9749787,-0.88513476,-0.7183296,-0.5943414,-0.50210404,-0.4972114,-0.72942597,-0.99013215,-0.936739,-1.0327693,-1.2737769,-1.1397303,-1.1503137,-1.1739409,-1.4629073,-1.9766623,-2.9488544,-3.1228747,-2.5076666,-2.0145216,-1.7474859,-1.5839925,-1.4606366,-1.4190509,-1.4217607,-1.4506683,-1.403744,-1.2668564,-1.2342263,-1.3881142,-1.607965,-1.8117347,-1.928582,-1.9068856,-1.8387482,-1.3070436,-0.9094973,-0.756413,-0.7854347,-0.7586729,-0.6290599,-0.5272682,-0.49512553,-0.65783083,-1.0286473,-1.2417363,-1.3287483,-1.3591839,-1.3022599,-1.2422619,-1.2288605,-1.1992574,-1.2501009,-1.3039223,-1.4028447,-1.5319245,-1.6095701,-1.5489919,-1.7362137,-1.7553761,-1.172604,-0.31580466,0.1915318,-0.00038968772,-0.9453161,-1.9429649,-2.4117348,-2.159929,-1.4562998,-1.4162626,-1.7129664,-1.8480488,-1.8320994,-1.7901038,-1.7182573,-1.6525289,-1.4780473,-1.2508845,-1.2360388,-1.2286748,-1.2196224,-1.1155111,-0.3558817,-0.46097046,-1.5431855,-2.0426219,-2.18787,-1.9928149,-1.6426026,-0.7634222,-0.51008075,-0.93086946,-1.459182,-1.8105255,-2.045617,-2.1968675,-2.2095733,-1.3679931,-0.41028738,0.4190695,0.8661423,0.9940985,0.78958684,0.7101399,0.45907798,0.5717068,0.81629324,0.55236816,0.018893003,-0.3076557,-0.5167863,-0.72636074,-0.87501854,-0.95424837,-0.9178745,-0.8218962,-1.0006782,-1.6223614,-2.2299666,-2.4547255,-2.4581392,-2.1492763,-1.8249032,-1.7431704,-1.6296761,-1.8181825,-2.2077913,-2.355486,-2.3011274,-2.1092148,-1.661787,-1.4118351,-1.2293321,-0.9086416,0.039272696,0.10448308,-0.32281348,-0.58403736,-0.60638106,-0.6003487,-0.6515973,-0.80314964,-1.1874065,-1.4018384,-1.4622328,-1.4809221,-1.8122358,-2.318719,-2.1321602,-2.1474874,-2.361181,-2.4021335,-2.06796,-1.6428535,-1.4507501,-1.5687342,-1.7437761,-1.8340855,-1.8822902,-2.000309,-2.2488322,-2.4032888,-2.1997333,-2.1175666,-2.1828768,-2.3691533,-2.4977756,-2.4387193,-2.2527018,-1.848471,-1.2435968,-0.5559572,-0.48930177,-0.93895644,-1.1014963,-0.8284797,-0.56713146,-0.6799892,-0.76103526,-0.7337235,-0.8026851,-0.7444846,-0.66984564,-0.71482605,-0.6761925,-0.6806361,-0.8037144,-0.68061924,-0.680603,-1.0490954,-0.9352135,-1.0020543,-1.1268486,-1.0643936,-1.0308847,-1.0878608,-1.5217526,-1.672341,-1.8560808,-1.7366071,-1.5763541,-1.1866543,-0.95338976,-0.6811218,-0.7641791,-0.7583569,-0.6806146,-0.9798752,-0.68121696,-0.6807901,-0.6809015,-0.68082625
-2.2727575,-2.218301,-2.1682734,-2.1432023,-2.1076028,-2.0322258,-1.9796708,-1.7125491,-1.0051494,-0.3999644,-0.48518068,-0.5544592,-0.41673055,-0.40058294,-0.5464953,-0.8224818,-1.370938,-1.5651346,-2.1133926,-2.4131227,-2.098423,-1.8772731,-1.7514431,-1.6924971,-1.6853048,-1.6928649,-1.6876165,-1.6546346,-1.6112579,-1.5923166,-1.6597457,-1.8956769,-2.0243294,-1.9566691,-2.1521316,-2.1131546,-2.124704,-1.9944763,-1.8897257,-1.7416253,-1.616827,-1.5911586,-1.5936319,-1.695024,-1.7605586,-1.8674356,-2.1029513,-2.2174618,-2.3116045,-2.400053,-2.4157243,-2.443025,-2.4806886,-2.4826317,-2.4634302,-2.4127433,-2.3283222,-2.1735227,-1.8993912,-1.2981313,-1.0019622,-0.52003926,0.5010861,1.299449,1.4455907,1.5247883,0.9022104,-0.19052607,-0.96477616,-1.1406014,-0.3350649,-0.19495824,-0.110892236,0.20764735,0.44607213,0.42018205,0.39192355,0.32804728,0.20046976,0.049762756,-0.07047504,-0.19108886,-0.2691326,-0.38565123,-0.06946999,-0.4310625,-1.5517797,-2.1521585,-2.530229,-2.8717074,-3.1101685,-2.805681,-2.6449308,-2.907174,-3.224578,-3.423252,-3.5447931,-3.6604717,-3.7584496,-2.988152,-1.5302255,-0.6204213,-0.08172408,0.35178062,0.46124616,0.4923532,0.3250447,-0.19339621,-1.048177,-1.9519212,-2.216166,-2.198391,-2.155427,-2.1334176,-2.1140857,-2.0807738,-2.0228224,-2.0231972,-2.2222805,-2.686046,-3.0000074,-2.7029734,-1.8935798,-0.79258406,-0.1529626,-0.08117315,-0.07251041,-0.48195893,-1.1285783,-1.5160779,-1.6312382,-1.6898957,-1.6426814,-1.5976436,-1.5398029,-1.2611252,-0.6066651,-0.78442997,-1.3443575,-1.7578536,-1.9704978,-2.0122962,-1.9043424,-1.7829676,-1.7631991,-1.6486902,-1.4277442,-1.1681178,-1.145946,-1.5862341,-1.8809855,-1.6625344,-1.7123612,-1.7147646,-1.5974798,-1.4928215,-1.4770186,-1.6060334,-1.7660918,-1.788461,-1.7308993,-1.6547037,-1.611611,-1.880984,-1.9981923,-1.8799974,-1.7448621,-1.7731407,-1.9166973,-1.7581842,-1.5084049,-1.2853098,-1.0404117,-0.7639889,-0.8839775,-1.1939225,-1.3852441,-1.3486824,-1.3462512,-1.3426754,-1.3416302,-1.3427026,-1.3205693,-1.3055992,-1.3037717,-1.2826294,-1.2321365,-1.2141863,-1.2871938,-1.214178,-1.2141693,-1.3040934,-1.1702778,-1.1983318,-1.090523,-1.2143424,-1.293777,-1.2631146,-1.1964377,-1.1899915,-1.3470147,-1.6318374,-1.6808887,-1.4978826,-1.2972499,-1.2145159,-1.2309167,-1.294363,-1.21417,-1.3947234,-1.2145224,-1.2142402,-1.214316,-1.2142769
-2.5662332,-2.5813198,-2.4357915,-2.3876767,-2.1128154,-1.9278059,-1.6295246,-1.0032856,-0.013139844,0.37438786,0.20474207,0.118475035,0.07674769,0.22366148,0.28725958,0.1209681,-0.30282012,-0.27041444,-0.06155795,-0.30060363,-0.25708348,-0.08879019,-0.025213465,-0.07742557,-0.1925714,-0.33470696,-0.46971563,-0.3671919,-0.20438586,-0.07668601,-0.057627976,-0.34507716,-0.67144173,-0.71247184,-0.9958053,-0.9174214,-0.67584115,-0.4681112,0.09484504,0.4746358,0.7019625,0.9056092,1.0269303,0.87745684,0.623469,0.21114531,-0.32162777,-0.70884335,-0.9548768,-1.0140126,-1.0076312,-1.051961,-1.2011594,-1.2670069,-1.2624022,-1.2479708,-1.1732697,-1.0263456,-0.64947695,0.55879563,1.9813867,3.97851,7.321726,9.669196,11.04327,11.535927,11.062578,8.601512,5.1055274,1.6272998,0.2024906,-0.43660825,-1.1363988,-1.2857285,-1.3516974,-1.511213,-1.6421676,-1.7629143,-2.0100749,-2.2657666,-2.2399037,-2.259451,-2.2499661,-2.0383468,-1.5416629,-1.1781765,-0.6808454,-0.71173996,-0.95658666,-1.6868107,-2.3225198,-2.3631256,-2.301781,-2.4144258,-2.5443456,-2.5750089,-2.5582476,-2.564889,-2.470933,-1.0888771,0.3893079,0.8284712,1.0352997,1.2574515,1.549351,1.74347,1.3569958,0.62004966,-0.29742157,-1.4950763,-2.2546744,-2.560778,-2.7399492,-2.9039235,-3.0573037,-3.1739407,-3.2077389,-3.0159113,-2.5611653,-2.3121212,-2.424007,-1.856082,-1.3244325,-0.78387386,-0.46006483,-0.48090735,-0.48173955,-0.5930784,-1.1504595,-1.6434686,-1.9909438,-2.4833226,-2.6742516,-2.2826767,-1.6061947,-1.0319871,-0.018178582,0.14163882,-0.6278901,-1.2714554,-1.6534019,-1.8975945,-2.0828133,-2.1534557,-2.3439145,-2.5314035,-2.5761251,-2.344391,-1.8975984,-1.3556601,-0.27861404,0.021631658,-0.2691493,-0.55315095,-0.91245645,-1.3805902,-1.717669,-1.9605477,-2.2097988,-2.276807,-2.2965271,-2.2114449,-1.7438523,-0.88040936,-0.012498975,0.546384,0.6800513,0.57286656,0.27575415,0.182019,0.49912104,0.99179465,1.1221566,0.43633652,-1.1036413,-1.7908372,-1.8517385,-1.8877975,-1.9397843,-2.0708835,-2.1693048,-2.1981668,-2.1671228,-2.2254944,-2.2229192,-2.1656537,-2.1057048,-1.470056,-2.3232799,-1.4700241,-1.4699937,-2.3268397,-2.0521796,-2.1883686,-1.8827546,-1.899926,-2.086358,-2.1455784,-1.7616131,-1.8057854,-1.8515552,-2.1173105,-2.2747455,-2.2431839,-2.3037252,-1.4709413,-2.1579688,-2.2815254,-1.4699997,-2.2753396,-1.4709332,-1.4701729,-1.4702682,-1.4701726
-1.4811653,-1.3895416,-1.3854053,-1.3023136,-1.2905891,-1.3100919,-1.2543231,-1.355962,-1.719984,-2.0901506,-2.2177458,-2.3357806,-2.4149375,-2.497509,-2.5126252,-2.485423,-1.9215467,-1.1368275,-0.35926348,-0.3146229,-0.7595755,-1.077778,-1.1818931,-1.2438768,-1.2890756,-1.3230827,-1.3818097,-1.4870222,-1.4859197,-1.4530885,-1.4251653,-1.5004615,-1.7782677,-1.5283105,-1.0628939,-1.209734,-1.6714897,-2.2797027,-2.3346918,-2.219905,-2.0840712,-1.9047847,-1.6360615,-1.4491353,-1.5601335,-1.9017997,-2.136678,-2.2003622,-2.1788535,-2.1361089,-2.1383007,-2.1773036,-2.227692,-2.233261,-2.025793,-1.7252575,-1.2700319,-0.70730543,-0.20623693,-0.12116197,-0.40122133,-0.6261152,-0.46168408,-0.46046212,-0.8321301,-1.0735718,-0.9367902,-0.9566573,-1.2057359,-1.9736798,-3.1692724,-3.3384933,-2.596129,-1.7387134,-1.5939966,-1.4675535,-1.4123514,-1.4034783,-1.4076056,-1.4267954,-1.6167296,-1.7047817,-1.7029238,-1.6312083,-1.5558829,-0.84063,-0.13292225,0.21019062,0.2825305,0.051840477,0.22117537,0.35224003,0.2591121,0.06102413,-0.15193398,-0.28439927,-0.39133292,-0.5450597,-0.9489389,-1.7373565,-2.1270156,-1.9619823,-1.9610534,-2.0090008,-1.7750446,-1.3024004,-0.8473655,-0.20181957,0.1578171,0.39358693,0.7450038,0.9075475,1.0183389,1.114233,1.3218067,1.7067753,2.2346754,2.6585689,2.4153814,1.7435403,1.3370403,0.5212892,-0.24200207,-0.9716573,-1.4539165,-1.7287304,-1.9022117,-1.822231,-1.6528509,-1.7517257,-2.0027955,-2.333096,-2.4101262,-2.1485639,-1.7624359,-1.4548247,-1.0019226,-0.81759536,-0.7338047,-0.85795814,-0.9025363,-0.8235935,-0.72438467,-0.69385916,-0.7637895,-0.81865954,-0.5342351,-0.24104102,-0.2761141,-0.561253,-0.8587589,-0.9258753,-0.87082416,-1.025406,-1.1530238,-1.0040075,-0.7046775,-0.3518907,-0.019310676,0.16564918,0.2306944,0.2977534,0.1232633,-0.28991777,-0.62576413,-0.7940122,-0.8665541,-0.85701084,-0.9910376,-1.0094916,-1.0993407,-1.4497353,-1.7882652,-2.202732,-2.181109,-1.7953084,-1.2170743,-0.85403466,-0.57414013,-0.5852348,-0.7012917,-0.6811052,-0.78300995,-0.7593881,-0.769385,-0.8894206,-0.80037034,-1.414279,-0.673864,-1.4142951,-1.4143118,-0.90967244,-0.9646507,-0.95294654,-1.0620552,-1.0105671,-1.0528659,-0.9966824,-1.168667,-1.0825933,-1.0674052,-1.0414124,-1.0848242,-1.0480852,-0.95474195,-1.4137994,-0.98091465,-0.93491393,-1.4143059,-0.9659675,-1.4137747,-1.4142058,-1.4141649,-1.4142045
-1.53694,-1.5573778,-1.5252728,-1.5217953,-1.4807701,-1.4251888,-1.3422738,-1.1708969,-0.9247886,-0.71357626,-0.518181,-0.39880243,-0.26980114,-0.20610978,-0.25454152,-0.28240848,-0.2924642,-0.19588223,-0.45846766,-1.0247651,-1.2276862,-1.1900134,-1.0534053,-0.94239324,-0.80778456,-0.664816,-0.49845,-0.21707872,0.009718921,0.18387094,0.10434038,-0.34215072,-1.0133468,-1.7098572,-2.4190438,-2.6786773,-2.58365,-2.4024298,-1.491302,-1.1222042,-1.0168216,-1.0062047,-1.0685726,-1.0937345,-1.170372,-1.3771293,-1.617095,-1.7839351,-1.8278826,-1.783042,-1.7307793,-1.680711,-1.6622267,-1.6598737,-1.7138895,-1.7873492,-1.8582573,-1.900148,-1.8815138,-1.7630628,-1.5386441,-1.2181258,-0.9098525,-0.9518995,-1.1984849,-1.075798,-1.6584752,-2.3971767,-3.2581267,-3.482971,-3.1042256,-2.6210809,-2.2838311,-2.3564286,-2.5512989,-2.56716,-2.6041896,-2.630451,-2.7070966,-2.77517,-2.7261784,-2.5791047,-2.4597602,-2.210661,-1.6003907,-1.1132811,-1.004459,-1.1004618,-1.2203622,-1.644513,-1.9761312,-1.9948666,-1.9380319,-1.8957512,-1.7338333,-1.4940761,-1.2877702,-1.1694806,-0.94534224,-0.3880212,-0.015829407,0.30867368,0.7426639,0.9738098,0.93848574,0.83074075,0.64457965,0.33421746,0.14228621,-0.39760152,-1.2418145,-1.7219291,-2.002408,-2.1783504,-2.4135575,-2.7066722,-2.8799977,-2.7344387,-2.3015027,-1.8182979,-1.313688,-0.6981733,-0.284387,-0.045422174,-0.078767516,-0.34937075,-0.64676446,-0.96391314,-1.3996965,-1.6630192,-1.7279737,-1.7775936,-1.5063182,-1.1412442,-0.6406767,-0.16992939,0.6330667,0.95423937,0.66551006,0.07285763,-0.36609608,-0.72582954,-1.1630584,-1.5061445,-1.812603,-1.8192255,-1.4673188,-0.6756599,0.11998049,1.0549161,2.3169713,2.4267879,2.1852036,2.1137147,1.8711956,1.2411549,0.36274648,-0.2356506,-0.6604158,-0.8168212,-0.7944375,-0.63786954,-0.3086085,0.06241006,0.3345337,0.35024047,0.25243047,0.09094295,0.022805408,0.05971411,0.13902682,0.15801734,0.15604001,-0.33120942,-0.9237112,-1.23449,-1.5380641,-1.6041274,-1.2843317,-1.214556,-1.2372105,-1.2521119,-1.2594852,-1.2654088,-1.1535721,-1.1127079,-1.0339057,-0.95085466,-1.1623678,-0.95085937,-0.9508662,-1.1522405,-1.1033723,-1.1613431,-1.0901585,-1.0500754,-1.0654305,-0.95072335,-0.64626735,-0.7838838,-0.88446784,-0.778876,-0.76500183,-0.94885916,-0.9141165,-0.9506503,-0.8095318,-0.9077664,-0.9508592,-0.6425091,-0.9505003,-0.95069146,-0.95064306,-0.95069826
-1.8649747,-1.8229585,-1.6855142,-1.5469816,-1.2016897,-0.9625531,-0.73177886,-0.5033659,-0.4946832,-0.5897455,-0.5366864,-0.4739133,-0.3641754,-0.24833557,-0.20077804,-0.21126312,-0.14519346,-0.15673748,0.20910226,0.7691292,0.87449545,0.99172854,0.84091914,0.48975673,0.20270894,-0.119181484,-0.52837217,-0.81617725,-0.93171495,-0.876897,-0.6619569,-0.39155546,-0.42374006,-0.69604504,-0.7276516,-0.47630632,-0.06908873,-0.13433874,-0.27442792,-0.65645844,-0.9300101,-1.0080229,-1.1598613,-1.19389,-1.211014,-1.3083854,-1.3749032,-1.4393117,-1.384086,-1.2342733,-1.2299979,-1.333837,-1.5197496,-1.7544678,-1.8898511,-2.012101,-2.123453,-2.0905805,-1.9192775,-1.5931367,-1.1311473,-0.63084435,-0.37560537,-0.5881727,-0.8754526,-1.0763907,-1.1080513,-1.4267606,-1.5725348,-2.067894,-2.2094505,-1.8712374,-1.7445757,-1.8533466,-1.636363,-1.4698436,-1.4276915,-1.4092488,-1.3630742,-1.0041072,-0.55326927,0.10750163,1.0795243,3.59113,6.916148,10.525259,12.299216,12.543481,12.340355,12.007099,11.292265,9.777243,7.8553553,5.8963947,4.1961727,3.1206179,2.314461,1.6361082,0.56920475,-0.44964787,-0.7463158,-0.7565659,-0.7280428,-0.8307831,-0.80738115,-0.5195643,-0.35036483,-0.8907502,-1.5560842,-1.462905,-1.0008116,-0.49357152,0.03655843,0.5093303,1.28911,2.8304682,4.9431887,7.403347,9.758902,11.252073,11.969741,12.089922,11.508693,10.254288,8.813746,7.089261,4.7711554,2.4879935,0.51680315,-0.8858678,-1.87665,-2.875841,-3.1507359,-2.7714913,-2.200498,-1.90577,-0.92264384,0.4992408,0.8584899,0.4842273,0.041547775,-0.31526548,-0.6187046,-0.760244,-1.0227654,-1.2283443,-1.260528,-0.86632407,-0.37898898,0.17634928,0.75815415,0.098838896,-0.09917159,-0.25559896,-0.40924639,-0.66237223,-0.8179295,-0.7666875,-0.7297615,-0.68381417,-0.70027477,-0.50252175,-0.16911834,0.44731674,0.7685568,0.7154095,0.46755037,0.12771723,-0.12486675,-0.041377977,0.13324034,-0.12805612,-0.65917873,-1.5101074,-1.9932885,-1.7244868,-1.1061677,-0.94150627,-0.8772332,-1.0001805,-1.2551159,-1.2847219,-1.5291498,-1.5501481,-1.5063932,-1.5948777,-1.4295988,-0.81323326,-1.4496673,-0.81321496,-0.81319714,-1.6245655,-1.6251371,-1.6543847,-1.7566506,-1.7309893,-1.6146424,-1.7359776,-1.6365635,-1.661623,-1.714613,-1.6873825,-1.5451944,-1.5952196,-1.5723617,-0.8142014,-1.5599403,-1.5503447,-0.8132346,-1.5741346,-0.8143382,-0.8135044,-0.8136259,-0.81351995
-1.933934,-1.9806383,-1.9296577,-1.9592433,-1.8765268,-1.7960691,-1.6905437,-1.3007092,-0.7377042,-0.79382694,-0.7107123,-0.29445013,-0.036218382,-0.09910832,-0.22353959,-0.43681663,-0.7440734,-0.615482,-0.4973426,-0.7596419,-0.7301861,-0.6394036,-0.53800607,-0.42171627,-0.29486352,-0.15167537,0.09367879,0.42162716,0.58265543,0.60558623,0.42538804,-0.07158875,-0.70446104,-1.2805917,-2.0521235,-2.4473324,-2.4888396,-2.3863616,-2.0685396,-1.9588984,-1.9000926,-1.9658388,-2.145431,-2.2785182,-2.3167357,-2.354735,-2.3484836,-2.313491,-2.298512,-2.3086386,-2.288384,-2.2592683,-2.1870956,-2.1072106,-2.0986269,-2.119638,-2.138965,-2.2201333,-2.3399858,-2.3314543,-2.2716792,-2.1280947,-1.7809592,-2.0761032,-2.53178,-2.2324183,-2.3836143,-2.5631614,-3.3393898,-3.653471,-3.3032653,-2.8772175,-2.2790866,-1.7796662,-1.8642943,-1.9038608,-1.9773457,-2.0626333,-2.2383995,-2.4424021,-2.4442444,-2.3883507,-2.3934689,-2.3827982,-2.0368433,-2.16813,-2.5806594,-2.7189193,-2.7735581,-3.0146267,-3.2224627,-3.17602,-2.962973,-2.7276378,-2.42247,-2.1733644,-2.0200906,-1.9703953,-1.7595202,-1.2261453,-0.6711037,-0.71389943,-0.7413478,-0.625509,-0.677691,-0.8282287,-1.0264325,-0.93471885,-0.7804718,-1.4642358,-2.202025,-2.5932255,-2.8505778,-3.0123086,-3.2428503,-3.563219,-3.8091316,-3.799799,-3.3661392,-2.9410734,-2.633183,-2.1077173,-1.4809413,-0.94139636,-0.874058,-0.93495,-0.85903114,-0.90663636,-1.061532,-1.0535073,-0.9459864,-0.83263016,-0.66078144,-1.0465878,-1.341412,-1.3896924,-1.1183481,-1.1100943,-1.3753811,-1.7064507,-2.03511,-2.2132401,-2.2905254,-2.2969291,-2.2369595,-1.901283,-1.4144089,-0.9230019,-0.8565564,-1.1703798,-1.0769768,-0.8511636,-0.69521856,-0.49275228,-0.14601314,0.0045967996,-0.28068525,-0.5708628,-0.80813956,-0.92574596,-0.9555042,-0.96504694,-1.0483148,-1.3887767,-1.4782462,-1.4857913,-1.5437189,-1.5918136,-1.5053848,-1.5048255,-1.4775677,-1.4339075,-1.4503222,-1.8316205,-2.4019468,-2.599477,-2.8396955,-2.8951712,-2.9129035,-2.8512654,-2.7600076,-2.7113285,-2.5593698,-2.5737977,-2.5962048,-2.4865615,-2.549815,-2.8153484,-2.5949657,-2.8153577,-2.8153646,-2.4911442,-2.5129952,-2.4791477,-2.4550557,-2.4964132,-2.4074156,-2.2544808,-2.1569128,-2.2988482,-2.1389556,-2.0945787,-2.176678,-2.246007,-2.3579102,-2.8150194,-2.4103818,-2.4881759,-2.8153577,-2.3653123,-2.8149743,-2.8152351,-2.8151817,-2.8152337
-3.659274,-3.6287372,-3.5914173,-3.543,-3.5105236,-3.4802623,-3.4721122,-3.474904,-3.4170644,-3.4393792,-3.1488059,-2.7054772,-2.4422143,-2.2907503,-2.2038498,-2.0779386,-1.7077973,-1.1957232,-0.35173517,0.2592838,0.3656128,0.4082386,0.4432674,0.3992871,0.34682775,0.33256894,0.27714843,0.04150501,-0.1987558,-0.3954862,-0.403308,-0.41869906,-0.454436,-0.22033244,-0.13194843,-0.3886317,-0.5671215,-1.0043615,-1.7745762,-2.0707655,-2.222376,-2.2151616,-2.153785,-2.0669985,-2.2069495,-2.5205088,-2.6363134,-2.6239593,-2.641535,-2.6862311,-2.7414706,-2.805872,-2.9027152,-2.9961452,-3.0597312,-3.0284388,-2.8656878,-2.6145864,-2.222311,-1.9287794,-1.7987654,-1.8099576,-1.7297049,-1.7929983,-2.318862,-2.4741418,-2.7262733,-2.726852,-2.9682322,-3.3934495,-3.8748822,-3.8352613,-3.7202253,-3.422826,-3.0625596,-2.8706627,-2.8259568,-2.8575609,-2.9096053,-2.9457633,-3.0473523,-3.00124,-2.84004,-2.5556552,-2.2788227,-2.4253068,-1.9786615,-1.3320012,-0.5598223,-0.11793726,-0.31823355,-0.8730075,-1.2412429,-1.3250809,-1.304523,-1.2488339,-1.2721677,-1.3559322,-1.4410124,-1.5602729,-1.3321419,-1.4227937,-2.134973,-2.5999684,-2.664785,-2.6312294,-2.6641276,-2.6178582,-2.6091197,-2.8800151,-2.9975839,-3.0996184,-3.1750538,-3.209085,-3.1897495,-3.060154,-2.8466294,-2.5736494,-2.4740577,-2.5177505,-2.3362565,-2.2398891,-2.1845436,-1.9986193,-1.8945558,-1.9444585,-2.0941846,-2.2736707,-2.3903186,-2.5032604,-2.6357484,-2.692368,-2.4464915,-2.3031445,-2.2692943,-2.3719373,-2.2718222,-1.9121132,-1.7296946,-1.4784443,-1.3889157,-1.3105721,-1.1622479,-1.1159922,-1.1653609,-1.0277936,-0.7399664,-0.4954028,-0.55240506,-1.1120445,-1.8858238,-2.150468,-2.1615696,-2.0955148,-1.8741748,-1.406848,-1.1788518,-1.0725396,-0.9704503,-0.83698815,-0.7020821,-0.56569946,-0.5350684,-1.0759633,-1.6812289,-2.0532937,-2.3118,-2.5151505,-2.5931878,-2.5890112,-2.570242,-2.720237,-2.8372927,-3.3523035,-3.849154,-3.9931889,-4.0121455,-3.9035797,-3.5547342,-3.455746,-3.4005432,-3.361207,-3.3643913,-3.3280132,-3.2810378,-3.3295627,-3.2436855,-4.5739737,-3.1389751,-4.5739884,-4.574005,-3.306419,-3.3008091,-3.2902732,-3.3124342,-3.3979712,-3.286142,-3.1702783,-3.2130308,-3.3021393,-3.3817232,-3.355331,-3.3319716,-3.307157,-3.2348683,-4.573521,-3.2895722,-3.2669225,-4.573992,-3.2471461,-4.5734863,-4.573838,-4.5738015,-4.5738306
-2.4249306,-2.3495913,-2.3403516,-2.32161,-2.3064938,-2.3039494,-2.2924256,-2.219882,-2.0749497,-2.0574245,-2.1120512,-1.8954372,-1.843286,-1.8858329,-1.9134524,-2.0365045,-2.1578574,-2.0784094,-2.2581367,-2.322516,-1.9302164,-1.622713,-1.4292359,-1.2623904,-1.1077814,-0.93735117,-0.6814158,-0.47317883,-0.42021322,-0.5180785,-0.72167426,-1.0117133,-1.3060547,-1.368787,-1.3183601,-1.2904868,-1.3709882,-1.7776711,-2.2277637,-2.103731,-1.829875,-1.6750889,-1.5217725,-1.3153697,-1.1139671,-1.0798584,-1.3135052,-1.4935079,-1.6187541,-1.721537,-1.8022819,-1.9425107,-2.0910628,-2.1312726,-2.1396267,-2.0778084,-1.947042,-1.7617719,-1.5786544,-1.5738288,-2.000144,-2.3476443,-2.0541961,-2.1474714,-2.9927032,-2.9556828,-2.7689502,-2.66536,-2.858306,-2.797694,-2.2567348,-1.7272227,-0.54302025,0.97453797,1.2157642,1.2335023,1.1516635,1.0120242,0.6968237,0.3218402,0.20598128,0.1393142,0.079361826,0.07209185,0.33829993,-0.22450528,-1.4831907,-2.0600712,-2.5455062,-2.803566,-2.6240203,-1.9823328,-1.6220253,-1.7550895,-2.0375834,-2.3411515,-2.6419024,-2.9422507,-3.2292175,-3.2350965,-2.7827563,-2.8134742,-2.8617568,-2.720403,-2.7281425,-2.7778444,-2.8940973,-2.6086323,-2.3149679,-2.7339911,-2.9037008,-2.9770103,-3.0209134,-3.0326679,-3.0275023,-3.0416727,-2.9584098,-2.721296,-2.3938346,-2.3006992,-2.3827543,-2.304675,-2.0344195,-1.66181,-1.5056156,-1.4901117,-1.300096,-1.3542688,-1.5465894,-1.7593365,-1.7455095,-1.4833777,-1.4302826,-1.990593,-2.2074964,-2.1140208,-1.9447789,-2.1316974,-2.4478006,-2.73778,-2.9295907,-2.997552,-2.979118,-2.8716836,-2.7636614,-2.5461545,-2.2832222,-2.033439,-2.0938187,-2.6494107,-3.4323468,-3.535688,-3.2975073,-3.0333037,-2.4324102,-2.0371366,-2.0489101,-2.220059,-2.34112,-2.3676987,-2.3237972,-2.3020623,-2.3905828,-2.8447342,-3.1694388,-3.2769651,-3.3542826,-3.4132702,-3.3258257,-3.216833,-3.0879264,-3.031015,-2.9962337,-2.7703445,-2.4722347,-2.419104,-2.516011,-2.4951005,-2.517365,-2.4603453,-2.3905292,-2.3728049,-2.279999,-2.2878692,-2.3239136,-2.2415304,-2.2929556,-1.9477253,-2.311642,-1.9477241,-1.9477189,-2.1110291,-2.0476506,-1.9705768,-1.9407644,-2.2272363,-2.1828241,-1.9409077,-1.5140676,-1.4807541,-1.2190825,-1.5218633,-1.8104739,-2.0411525,-2.050363,-1.947755,-2.075598,-2.2006927,-1.9477267,-2.062036,-1.9478235,-1.9477751,-1.947772,-1.9477863
2.2249742,1.792794,1.9569634,1.8748994,2.3748798,2.8850455,3.5834386,5.3467913,8.135528,9.937918,10.642234,11.247128,11.558982,11.943072,12.035873,11.992947,10.958583,9.369417,6.55726,1.6376115,-0.01652193,-0.38186654,-0.49663928,-0.5290302,-0.5549757,-0.5279529,-0.3810492,-0.0739132,0.03375403,-0.031999707,-0.2679881,-0.6880721,-1.1239996,-1.6554215,-1.9436558,-1.5312084,-0.5412447,0.5529277,1.5835423,1.6966748,1.6576993,1.4513534,1.1330981,0.90554786,0.7722453,0.56800973,0.2738896,0.09231359,0.10539174,0.18496782,0.30398393,0.38798368,0.4645707,0.52863544,0.5325422,0.40021715,0.15340015,-0.11851433,-0.4379274,-0.31247324,0.11688258,0.5870051,1.1600883,1.0872544,1.2535996,1.3375142,0.48432285,-0.23532721,-0.62624323,-0.19170271,0.14128487,0.11855465,0.17580657,-0.23388359,-0.81597054,-1.0578046,-1.1955822,-1.2936505,-1.4476521,-1.5696018,-1.5099019,-1.5064828,-1.5699708,-1.765106,-1.4517496,-0.5086181,-0.4544679,-0.7841139,-1.0709751,-1.2546788,-1.1436981,-0.48931277,0.18093616,0.34798008,0.2734455,0.22074777,0.2394774,0.29257765,0.5739315,1.1506727,1.7529448,1.9933885,2.807778,3.03542,2.6178517,2.1376126,1.6832994,1.071056,0.64138746,0.24860692,-0.46594003,-0.835797,-1.0680089,-1.2535877,-1.511878,-1.8048636,-2.0503285,-2.1584978,-1.7231746,-1.0621454,-0.51115257,0.73755884,1.6797957,2.377919,2.5917983,2.6757243,2.6709597,2.2619708,1.8045706,1.6930091,1.5793108,0.9371383,0.3653945,-0.17936465,-0.6425752,-0.44180426,0.67887545,0.8410567,0.4026442,-0.15712774,-0.48905933,-0.6118794,-0.6443896,-0.62556267,-0.56680846,-0.5135802,-0.45144656,-0.25826237,-0.060762793,0.24230246,0.21789913,-0.3295238,-0.6037327,-0.5316802,-0.31501135,-0.52871186,-0.91983795,-1.015828,-1.0135336,-0.9179941,-0.8170668,-0.70879817,-0.3662359,0.3916977,0.80209064,0.8855211,0.60342574,0.39791375,0.507373,0.74507034,1.1879239,1.4953216,1.454175,0.63719773,-0.50615144,-0.9170352,-1.11057,-1.2006097,-1.4360324,-1.5286177,-1.414419,-1.4405012,-1.3284225,-1.3395019,-1.3931843,-1.333189,-1.388045,-0.6887301,-1.4697609,-0.68872154,-0.6887077,-1.3039787,-1.2003136,-1.2065603,-1.1664708,-0.9714505,-0.9869082,-1.1513015,-1.0417153,-0.98668456,-0.678859,-0.59816515,-0.5877991,-0.7688868,-1.0166913,-0.6889072,-1.0881443,-1.2591618,-0.68871087,-1.2319589,-0.68907905,-0.688828,-0.6888588,-0.68882114
-0.98767805,-1.0167208,-1.2605834,-1.336014,-1.621946,-1.7879725,-1.843108,-1.9347979,-1.5715969,-0.6685025,-0.32150647,-0.2599447,-0.19689122,-0.17795354,-0.25018942,-0.41993058,-0.8690071,-1.0391995,-0.37474328,0.2681626,0.22280335,0.12695596,0.14553723,0.14323416,0.17590281,0.23894519,0.17906228,-0.056624137,-0.30192566,-0.54048085,-0.7224456,-0.8151212,-0.8540713,-0.8277091,-0.8011024,-1.0912726,-1.1494848,-1.2097255,-1.1806393,-1.0693048,-0.9465145,-0.8094583,-0.6379225,-0.40390438,-0.20834003,0.027941883,0.33945197,0.49639082,0.61692315,0.65969956,0.57958287,0.43076226,0.24507612,0.01943639,-0.2167247,-0.3727421,-0.49048346,-0.52324927,-0.41754568,-0.20763099,0.073164344,0.025435984,-0.019408643,-0.12359813,-0.4080363,-0.7234495,-0.53744507,-0.11985904,0.051613063,-0.24355501,-1.0422413,-1.458844,-2.0261738,-1.9107677,-1.3015509,-1.1201359,-1.0730196,-1.0965416,-1.1615653,-1.2348107,-1.3758197,-1.4171101,-1.4211345,-1.4101264,-1.625783,-1.5381708,-0.86849475,-0.39654052,0.43021035,1.7272265,2.0441613,1.4642951,1.3324852,1.8942201,2.2932177,2.3992133,2.3955364,2.3332505,2.0459175,0.8821964,-1.0456643,-2.3267653,-2.9735174,-2.9167476,-2.5284753,-2.265251,-2.1287105,-1.7141346,-1.11028,-0.4642833,-0.05073765,0.06231454,0.13265115,0.2376646,0.44168633,0.67431426,0.7947904,0.71955895,0.23543778,-0.20704219,-0.26225966,-0.5422007,-0.8148357,-0.8958972,-0.80573946,-0.9458573,-1.305285,-1.2685829,-0.94503844,-0.8940011,-1.0829871,-1.4474556,-1.7434857,-1.9396143,-2.0372622,-2.1749318,-2.4292836,-2.157969,-1.6373409,-0.89442,-0.3682298,-0.14446802,0.09793684,0.18579075,0.2798552,0.35633302,0.32097638,0.02828522,-0.22120532,-0.55728126,-0.9973382,-1.1238053,-1.1747642,-1.3162577,-1.4628117,-1.2367798,-0.89368844,-0.59365034,-0.33848977,-0.14562985,-0.005516432,0.025739338,-0.16152123,-0.7128638,-1.1810298,-1.3355775,-1.3144445,-1.2444053,-1.2636844,-1.3177326,-1.4036756,-1.561054,-1.6903077,-1.8449837,-1.8195105,-1.8697941,-1.9653898,-1.9017313,-1.3926251,-1.0902328,-1.0536355,-1.0497872,-1.1232136,-1.082323,-1.0385422,-1.1121274,-1.0217426,-1.2369049,-0.69186836,-1.23692,-1.236941,-0.74237514,-1.0281205,-0.944161,-1.1434608,-0.98323524,-0.741282,-0.58335775,-0.67387736,-0.5338232,-0.48803452,-0.5443325,-0.572698,-0.75656754,-0.7376821,-1.2366304,-0.90593624,-0.7486111,-1.236917,-0.59550565,-1.2365527,-1.2366996,-1.2366583,-1.236652
-0.60244405,-0.44765472,-0.45477462,-0.4655172,-0.5845085,-0.701278,-0.85879457,-0.84913033,-0.74245656,-0.22858818,-0.3257172,-0.46560445,-0.5511919,-0.92982334,-1.14029,-1.3916972,-1.7024324,-1.9566344,-2.8239622,-3.264213,-2.9161305,-2.583322,-2.360547,-2.115073,-1.9322269,-1.7279401,-1.3411541,-0.9257257,-0.754685,-0.785038,-0.9664586,-1.2426299,-1.6246765,-2.4457998,-3.0880036,-3.184914,-3.059988,-2.4205377,-1.5630686,-1.2379823,-0.912768,-0.8437351,-0.7888815,-0.71170926,-0.7652167,-1.1870909,-1.6527011,-1.9451214,-2.0633764,-2.0879614,-2.0633893,-2.055892,-2.0160239,-1.9071741,-1.8225459,-1.8284044,-1.9491211,-2.18842,-2.5892043,-3.0709298,-3.5833654,-3.71202,-2.4742732,-1.3787708,-1.292151,-1.3146656,-1.0321181,-0.85321176,-0.47756195,1.478411,4.506065,6.4932804,8.985445,11.369554,11.867974,11.916571,11.943872,11.944584,11.9845,12.048065,12.051892,12.078184,12.110321,11.88841,10.720141,7.29566,3.5607471,1.8794507,0.57014745,0.0014265329,-0.17758301,-0.20827055,-0.60403293,-1.3822091,-2.0546436,-2.483573,-2.6910553,-2.805017,-2.9527884,-2.691516,-1.5174804,-0.8584874,-0.7671926,-0.5408212,-0.45453975,-0.42087784,-0.53205293,-0.5277166,-0.9349387,-1.7595966,-2.0182202,-2.013525,-1.9537777,-1.9223907,-1.8567646,-1.7711506,-1.5672634,-1.3458335,-1.2151828,-1.4238715,-1.7935971,-1.7761855,-1.1311343,0.0014916211,1.2095768,2.205952,3.091357,3.3410175,3.122324,2.838204,2.689025,2.5304008,2.258742,2.2016358,2.023845,2.0103345,1.3694662,-0.11857874,-0.9105099,-1.3794682,-1.3273115,-1.1888957,-1.0230229,-1.0271797,-1.1668139,-1.2712432,-1.4161831,-1.3620663,-1.0863533,-0.78212035,-1.0722959,-1.0862983,-1.0773916,-0.97260183,-0.95304155,-1.3642075,-1.6426532,-1.80746,-1.9009101,-1.8835399,-1.7848781,-1.6642033,-1.4317613,-1.3987201,-1.6219766,-1.7491261,-1.6864822,-1.6808859,-1.6513953,-1.6302202,-1.5604634,-1.4462996,-1.2416967,-0.41174436,0.30906215,0.32511443,-0.14434773,-0.5051987,-0.82872105,-0.7089915,-0.7158288,-0.804093,-0.74355423,-0.8281546,-0.86474895,-0.8350306,-0.7821795,-0.0055147484,-0.69757354,-0.005496718,-0.005476676,-0.33241898,-0.41814014,-0.3661701,0.034363378,-0.43492806,-0.42853707,-0.5149567,-0.21700558,-0.14560243,-0.3393777,-0.86474407,-1.0945808,-1.1915525,-0.9359346,-0.005999431,-0.9000427,-0.8317127,-0.005505264,-0.4718947,-0.006090194,-0.005786009,-0.005844146,-0.005812384
-0.15849671,-0.3064299,-0.44389343,-0.51829904,-0.6105242,-0.66438305,-0.8377099,-1.1650857,-1.3647962,-1.391158,-1.1583767,-1.1409913,-1.3407757,-1.1715653,-0.89451385,-0.28448623,1.383782,2.3747375,3.1710417,3.684294,3.5871565,3.4722064,3.3079267,3.2523637,3.2799973,3.3431435,3.2976801,3.1745582,3.126625,3.2190542,3.628018,4.5577526,5.507367,5.2200375,4.2624454,3.5437243,2.9250374,2.0294864,0.6380796,0.22605963,0.14361706,0.2003808,0.4427708,1.2525741,2.2653341,3.1913347,3.9447575,4.410066,4.6710024,4.779811,4.857956,5.0057383,5.146962,5.1402073,5.0143986,4.7093964,4.224316,3.6436563,3.0028205,2.0058558,1.3770487,0.8042052,-0.41283673,-1.051601,-0.85461134,-0.43181902,0.29931527,1.3240452,2.3748608,2.7399812,2.1557412,1.9294038,1.9220824,0.7001921,0.0614684,-0.1024952,-0.13792334,-0.120943666,-0.12101534,-0.13756198,-0.23008361,-0.29746082,-0.22167999,-0.18873233,-0.46254766,-0.35786223,-0.3972191,-0.7077049,-0.89149135,-0.5816321,-0.14997117,-0.93916976,-1.6165998,-1.2434092,-0.48378965,0.05619112,0.32498088,0.50945437,0.5880405,-0.19220491,-1.128761,-1.4279771,-1.6040294,-1.8504772,-1.5556269,-0.84136605,0.14201176,0.9373208,1.0701478,1.548478,1.985301,2.200889,2.3254595,2.3938227,2.3046157,1.9947438,1.3754947,0.41516954,-0.598461,-0.89025044,-0.62522835,-0.47002986,-0.45677435,-0.50818366,-0.47242725,-0.3511408,-0.5229269,-0.34072658,0.10085964,0.41177282,0.43238944,0.32181314,-0.1571816,-0.71443117,-1.2174608,-1.3679185,-1.4783162,-0.62194943,0.7404526,3.1980004,5.2570033,6.614683,8.367626,9.615969,10.849685,11.616252,11.730942,10.92005,9.628236,7.327882,3.3893168,4.754343,7.418822,8.643186,9.92558,10.809446,11.218625,11.317469,11.215257,10.989077,10.653879,10.17204,9.095596,6.205946,2.7511277,0.80223054,0.2845086,0.34553745,0.8301371,0.29284444,-0.25698692,-0.47472116,-0.4708262,-0.16439337,0.18075083,0.122588426,-0.2084088,-0.44286466,-0.45721158,-0.50892925,-0.37593997,-0.40462518,-0.35257334,-0.42594022,-0.4453021,-0.39553005,-0.42436966,-0.5846826,-0.33763984,-0.584681,-0.58468485,-0.13801976,-0.26610342,-0.35044107,-0.117418274,0.017086238,0.0070834756,-0.10081747,0.35004938,0.6408081,0.72500396,0.7925534,0.9172966,0.42839408,-0.12268464,-0.5847292,-0.19439365,-0.30839545,-0.5846431,-0.19756421,-0.5846245,-0.58450377,-0.5845078,-0.58446795
-0.8546376,-0.88181174,-0.9562206,-1.014817,-1.0835639,-1.1331003,-1.2207795,-1.1906832,-0.6878784,1.1972947,2.3286507,2.8855932,2.982757,2.8542893,2.6494427,2.2366838,1.0183313,0.5907804,1.04447,1.4589962,1.2692139,1.1537261,1.171983,1.2278064,1.3111926,1.3376386,1.2898672,1.3003232,1.3189704,1.356396,1.2774539,1.1251659,0.7718028,0.21644092,-0.51190615,-1.1070851,-1.3126843,-0.94751847,0.13501212,0.5233855,0.7414348,0.6865208,0.3820675,-0.18121554,-0.55647033,-0.44731963,0.07113032,0.46091786,0.78438646,0.99205095,1.1186109,1.2492591,1.4368621,1.5119457,1.398227,1.227169,0.9303893,0.5038469,0.06869475,-0.112373546,0.0040632784,-0.16184805,-0.6447428,-0.68061674,-0.06797865,0.37859645,-0.10942212,-0.5635282,0.35691845,1.3632818,1.7433236,1.9023435,2.4499369,3.9465685,4.6875944,5.0003366,5.088716,5.1214514,5.108343,5.0754094,5.0282083,5.00195,4.9219527,4.3897867,3.0821643,2.6704416,3.709312,4.108644,4.3343234,4.1308436,3.542945,2.8062644,2.720912,3.2987018,3.878733,4.195272,4.3769917,4.4470654,4.2265625,3.1289277,2.4659371,3.1152296,3.8616376,4.466305,4.7941837,4.86368,4.575561,3.5841002,2.8187335,3.1259856,3.5135264,3.642097,3.7031016,3.7303069,3.7184014,3.6468434,3.553261,3.4222465,3.5761256,4.2498794,4.5667763,4.4955564,3.9270215,3.1522007,2.8556662,3.1269088,3.7101612,4.134444,4.1599083,3.8325906,3.3718302,2.6148975,2.0489497,1.3807988,0.97926587,1.0771284,1.7848732,3.2156801,4.096116,4.336874,4.062922,3.7700548,3.3688188,3.2292132,3.5227818,3.9927738,4.223028,3.808851,3.244906,3.2825232,3.4075985,2.5385675,1.8524339,1.7678404,1.9221928,2.580944,3.0778809,3.3603601,3.5728881,3.6302,3.5792172,3.393355,3.0595696,3.2770185,3.5302496,3.3230667,3.025703,2.771165,2.8602052,2.9212823,2.958023,2.839281,2.6719894,1.897304,0.7676016,0.011168569,-0.65866154,-0.8959205,-0.74513626,-0.6004555,-0.5094166,-0.4907146,-0.47559184,-0.5738066,-0.4838504,-0.49073634,-0.39327455,-1.1459124,-0.2246609,-1.1459332,-1.1459556,0.037227735,-0.3079324,-0.20734721,-0.2042105,-0.13118277,0.05041869,0.09802219,0.15589985,0.22423214,0.20566384,0.18617307,0.2337225,0.045182325,-0.11521344,-1.1450312,-0.20045316,-0.03526438,-1.1459446,0.30142522,-1.1449342,-1.1457932,-1.1456305,-1.1457363
-5.3450775,-5.290848,-5.249993,-5.190754,-5.1338305,-5.0734167,-4.963505,-4.755864,-4.329683,-4.3966837,-4.4026103,-4.0675,-3.8656049,-3.630249,-3.4839869,-3.2925458,-2.7294006,-2.4479625,-2.4985635,-2.3523886,-1.9097743,-1.6507901,-1.4838115,-1.3950877,-1.3279245,-1.2360849,-1.1426378,-1.1778319,-1.2864834,-1.418583,-1.5326219,-1.8564017,-2.30049,-2.3687515,-2.381626,-2.5053205,-2.6390257,-3.1390738,-3.8168006,-3.91313,-3.858452,-3.7156253,-3.4935296,-3.1466653,-2.9227972,-3.0272577,-3.3097334,-3.4693837,-3.6079164,-3.7344778,-3.830432,-3.9578414,-4.117729,-4.2088027,-4.226662,-4.158866,-3.9590209,-3.6963215,-3.4272585,-3.3365173,-3.53228,-3.483758,-2.9350467,-2.8547287,-3.5903854,-3.8764706,-4.015437,-4.3176003,-5.2389994,-5.833808,-5.846841,-5.6164126,-5.2112904,-4.5193577,-4.2178783,-4.1108866,-4.1043234,-4.1762285,-4.3074303,-4.416338,-4.4703503,-4.3761153,-4.225813,-3.7787838,-2.811063,-2.867055,-3.6432176,-3.9481344,-4.2266808,-4.3950553,-4.216963,-3.7151957,-3.4989424,-3.76517,-4.1017776,-4.307979,-4.4832296,-4.6788254,-4.819251,-4.489869,-4.0291967,-4.3345604,-4.6133914,-4.512994,-4.3473024,-4.161492,-4.0721064,-3.2960923,-2.6965637,-3.2274501,-3.755612,-4.0343914,-4.1982226,-4.272588,-4.296884,-4.2699704,-4.14728,-3.8795753,-3.6961918,-3.8604407,-4.017542,-3.917231,-3.5185084,-2.9479508,-2.8200731,-3.196838,-3.6451926,-4.1286077,-4.6021323,-4.9448934,-5.131486,-5.1815133,-4.9644213,-4.7749557,-4.457777,-4.217055,-3.507069,-3.4946203,-4.0143733,-4.5090256,-4.756629,-4.837829,-4.793678,-4.731583,-4.8118496,-4.7864375,-4.424615,-3.6123533,-3.0978312,-3.1988244,-3.225463,-2.9469337,-2.7796953,-2.7576995,-2.6292717,-2.8077848,-3.233275,-3.5711188,-3.7882104,-3.807015,-3.7149148,-3.5204196,-3.2846413,-3.4968905,-3.6000319,-3.508188,-3.6008499,-3.7981102,-3.830799,-3.7448702,-3.5837412,-3.4917517,-3.4486175,-3.6530027,-3.8889775,-3.9765782,-4.0959616,-4.1990075,-4.405402,-4.440064,-4.5243044,-4.5155363,-4.492773,-4.4859614,-4.504978,-4.4511967,-4.4796624,-4.3140984,-4.543084,-4.314087,-4.3140764,-4.554797,-4.5156274,-4.5303373,-4.5741096,-4.6391506,-4.6774616,-4.5674443,-4.5271363,-4.6006794,-4.591996,-4.596229,-4.689165,-4.659216,-4.5932527,-4.3146915,-4.5404606,-4.601599,-4.3140817,-4.5927005,-4.314706,-4.31414,-4.3142467,-4.3141828
