0,1,2,3,4,5,6,7,8,9,10,11,12,13,14,15,16,17,18,19,20,21,22,23,24,25,26,27,28,29,30,31,32,33,34,35,36,37,38,39,40,41,42,43,44,45,46,47,48,49,50,51,52,53,54,55,56,57,58,59,60,61,62,63,64,65,66,67,68,69,70,71,72,73,74,75,76,77,78,79,80,81,82,83,84,85,86,87,88,89,90,91,92,93,94,95,96,97,98,99,100,101,102,103,104,105,106,107,108,109,110,111,112,113,114,115,116,117,118,119,120,121,122,123,124,125,126,127,128,129,130,131,132,133,134,135,136,137,138,139,140,141,142,143,144
11.478132,11.486929,11.384516,11.14711,10.56801,10.746916,10.174053,9.035461,7.88499,6.748728,5.09333,3.6392996,2.5445788,1.5267012,0.931664,0.7277153,1.3026032,1.7524292,1.9037566,2.026022,2.1855578,2.0403533,2.3751702,2.7835026,2.9013724,4.25355,5.841417,6.27284,5.3160143,4.066574,2.949393,1.6476897,1.1285287,0.8494694,1.1167247,0.9429226,-0.018916309,-0.22094609,1.2251782,1.2219104,0.6740825,-0.31090176,-1.0001104,-1.0568591,-0.9562588,-0.40958965,-0.14084865,-0.011271745,0.19104588,0.37747645,0.5677053,0.9495084,1.3209155,1.4231117,1.3043718,1.3767357,1.3523095,1.9376446,3.1049592,3.3255816,3.5015028,3.9153848,4.1329565,4.343729,5.069716,6.2076864,6.933576,7.078475,6.7517853,6.1810827,5.43027,4.304619,2.9419913,1.8834865,1.6888897,2.109725,2.2393494,2.3677263,2.783428,2.897406,3.4449003,3.611637,3.347098,2.676569,2.4633179,1.5560839,0.70569736,0.623879,0.61201817,0.48279655,-0.33249548,-0.40820473,0.11257315,0.96830875,1.094656,1.0047832,0.59247434,-0.2964433,-1.4481729,-1.7208328,-0.99358916,-0.57500136,-0.5904545,-0.60284674,-0.6238991,-0.6474487,-0.5780357,-0.43866193,0.08775313,0.35863602,1.6417919,2.6950727,1.6746821,0.4104434,-0.009012142,0.2320543,0.7295986,0.964473,0.9370402,1.0213101,1.9679608,4.380375,6.3158407,7.12744,7.5974164,8.521845,9.494823,10.093231,10.774558,10.8742695,11.411741,11.646568,12.155584,12.310663,12.449834,12.567661,12.333638,12.071079,11.869352,10.781192,10.781124,10.781365,12.706533,10.781767,10.780964
-1.6727107,-1.6138525,-1.5262556,-1.2969699,-1.0168035,-1.1663629,-1.1764182,-1.2525889,-1.2836871,-1.3512686,-1.2557664,-1.1575876,-1.0901028,-1.052039,-1.2336394,-1.868221,-1.952815,-1.8567446,-1.7700007,-1.7360333,-1.5964094,-1.5213382,-1.7449305,-2.022664,-2.4032598,-2.5995517,-2.47744,-2.3867743,-2.2632914,-2.2766275,-2.119699,-1.8019332,-1.5823703,-1.5600002,-2.0024774,-1.3808978,0.31846943,0.64202195,0.13626799,-0.13628703,-0.27228582,-0.28438148,-0.2809718,-0.34671217,-0.5762001,-0.8845214,-1.0249364,-1.1063784,-1.1632327,-1.1960924,-1.1283851,-1.0381584,-0.9582358,-0.7776558,-0.8699583,-1.0127501,-1.3028126,-1.7012749,-2.1844993,-2.441332,-2.527035,-2.6638193,-2.8516877,-3.019793,-3.228205,-3.496355,-3.583928,-3.4846582,-3.2358756,-2.9756808,-2.7375093,-2.6202836,-2.3946033,-1.9665542,-1.8349272,-1.6619674,-1.5569215,-1.35575,-1.3609378,-1.285924,-0.82868564,-0.7257947,-0.8051958,-1.0011932,-1.1265142,-1.0856135,-1.6860082,-1.9608535,-1.8944237,-2.172018,-1.797628,-1.8454994,-2.2377276,-2.6955693,-2.5111423,-2.3529785,-2.2153587,-2.2202108,-2.3310547,-2.5392022,-2.65831,-2.641577,-2.5821843,-2.5680387,-2.5875092,-2.5574226,-2.5800533,-2.6684558,-2.757018,-2.8134632,-2.525529,-1.6492015,-1.5539322,-1.6463766,-1.6366453,-2.0442014,-2.1762164,-2.1887171,-2.0339215,-1.7722056,-1.4844258,-1.1624687,-0.8737393,-0.79007196,-0.64251035,-0.617882,-0.77163905,-1.1191993,-1.7512239,-1.7977368,-1.8115919,-1.9355581,-2.1303673,-2.293617,-2.2511444,-2.3418622,-2.40555,-2.4012194,-2.334266,-1.0035065,-1.0034444,-1.0034754,-2.1297798,-1.0036379,-1.0033723
-1.0439309,-1.0314815,-0.96436304,-0.9779951,-0.7807706,-0.68353796,-0.4089216,-0.06666695,0.106985815,-0.010757215,-0.28606093,-0.57929397,-0.8684992,-1.3449453,-1.787268,-1.9553196,-1.9692302,-1.8799665,-1.7625444,-1.7567093,-1.8426634,-1.954336,-1.7477162,-1.5396037,-0.81989264,-0.65143794,-0.70180446,-0.47714415,-0.30618882,-0.043113306,0.43068022,1.1953751,2.0377233,1.3093369,-0.17430253,-1.6798532,-2.144548,-2.0298448,-1.6212933,-1.6515613,-2.0118809,-2.3801742,-2.1646547,-1.4320211,-1.4384925,-1.1434948,-0.9637202,-0.866672,-0.7639312,-0.5811114,-0.29413936,0.2285298,1.2417324,2.7703493,5.8780637,9.107689,10.298846,11.508274,11.963368,11.8313265,11.618005,11.046023,10.282809,9.576512,8.7258625,7.608758,6.533995,5.6977663,4.932136,4.080175,3.011675,1.8211254,0.55121964,-1.0159773,-1.8065253,-2.2698965,-2.5164375,-2.5995085,-2.3013172,-2.0631557,-2.1015842,-1.8552647,-1.4981724,-1.6071022,-2.0953307,-2.2503898,-2.4653168,-3.3329368,-3.3390455,-2.7271469,-1.8854002,-1.546708,-1.1724935,-0.96614695,-1.0187448,-1.1278158,-1.3578053,-1.7976708,-1.6483127,-0.524565,-0.06153211,-0.72848314,-1.2119058,-1.4292259,-1.5506815,-1.7059286,-1.9210739,-2.1421561,-1.9602189,-1.7520286,-2.0449553,-1.958761,-2.408026,-3.1181266,-2.884167,-2.4413598,-2.10012,-2.0289495,-2.1765306,-2.2467046,-1.9810619,-2.0592623,-2.0243752,-2.2095063,-2.3385992,-2.2839158,-2.2090964,-1.9393933,-1.7695998,-1.7608687,-1.5838752,-1.4891739,-1.3306062,-1.2274101,-0.95872647,-0.87604845,-1.098718,-1.3877535,-1.5339935,0.02795586,0.027963743,0.027787745,-0.67784214,0.027674913,0.028033659
-1.4025685,-1.2710621,-1.0759277,-0.7502576,-0.4053385,-0.45044896,-0.5144541,-0.70309687,-0.8803333,-1.056683,-1.1786351,-1.1797224,-1.0659294,-0.9306876,-0.86201143,-1.5656369,-2.0066857,-2.2867842,-2.2999973,-2.213253,-1.7464652,-1.344531,-0.53387517,-0.5683128,-0.16498627,-0.6792567,-0.65157866,-0.36042428,0.010226337,0.47346115,0.9631422,1.0979795,1.1119666,1.2022891,0.011226345,-1.3725883,-0.68141186,-0.14873461,-0.19934128,-0.56209135,-0.7180533,-0.8688584,-0.95859706,-0.693672,-0.87158966,-0.76899666,-0.769156,-0.7643485,-0.75111616,-0.66695,-0.54956424,-0.38429767,-0.28167847,-0.20795143,-0.31833667,-0.50602525,-0.7957425,-1.304101,-1.8531058,-2.1278667,-2.2025988,-2.187007,-2.1748066,-2.154878,-2.0632052,-1.9117316,-1.9026425,-1.797777,-1.5460653,-1.4254035,-1.4153982,-1.3011103,-1.1972587,-1.2045408,-1.1333462,-1.1151807,-1.12572,-0.72954094,-0.40877706,0.161425,0.23561604,0.0015684664,-0.330028,-0.8166978,-1.1806962,-1.2935251,-1.6985714,-1.500235,-1.2316482,-1.1692276,-0.80968463,-0.82090926,-1.1203687,-1.4605287,-1.5645465,-1.615411,-1.6075672,-1.6340029,-1.6652546,-1.3659393,-0.55074346,-0.4135002,-0.6178811,-0.77946913,-0.952693,-1.0362983,-1.1177672,-1.0794096,-1.0654656,-1.1420314,-0.9757848,-0.44303212,-0.49231857,-0.8337827,-0.71436155,-0.8509275,-0.97712827,-1.0042125,-0.97738135,-1.039733,-0.89457494,-0.6156392,-0.23704715,-0.17684111,-0.06393236,0.036023125,0.045884803,-0.45717254,-1.1420597,-1.2498218,-1.1605815,-1.2185612,-1.40011,-1.5870245,-1.4127126,-1.4675809,-1.5378108,-1.5526979,-1.4887279,0.2890592,0.28910837,0.28900626,-1.3040634,0.28877443,0.2892808
-0.12186697,-0.6219234,-1.0189109,-1.4005585,-1.7773911,-1.7047163,-1.7612529,-1.8139613,-1.7227328,-1.3862109,-1.0330075,-0.893021,-0.9091348,-0.9894997,-1.1400797,-0.73111945,-0.4017869,-0.11149557,-0.024140306,0.092458904,0.4792561,0.6498289,0.47187465,0.2845601,-0.50722647,-1.2548597,-1.2093223,-0.86677617,-0.14933443,0.4353783,0.3882146,0.5593356,0.23294283,-0.48939043,-0.7679001,-0.5584216,-0.35924286,-0.6433769,-0.43665993,-0.11431685,0.26112553,0.6391415,0.78569067,0.63020307,1.0942403,1.5399517,1.6833057,1.7176144,1.7507006,1.7585474,1.6695627,1.7230988,1.8515129,1.647222,1.21597,-0.27236268,-1.271432,-1.6102774,-1.5525479,-1.1988802,-1.0007375,-0.85077643,-0.61257464,-0.33719084,0.23447502,0.83795834,1.2752342,1.3326097,0.8339551,0.3755262,-0.012108684,-0.13363057,-0.34023094,-0.39011112,0.12317768,0.2958746,0.50299466,0.2308929,-0.35699514,-0.9640975,-1.5831754,-1.6804533,-1.8780632,-1.7191215,-1.4734118,-1.3400669,-1.0640007,-0.5625859,-0.51133657,-0.7506163,-1.2394159,-1.435904,-1.4283401,-1.2868211,-1.2186826,-1.318751,-1.345211,-1.2273175,-0.5923491,0.59101737,1.4048817,2.011024,2.1432133,1.9004501,1.6213621,1.5742431,1.4575456,1.4205303,0.68400896,0.22762811,-0.16233015,-0.9823588,-0.4969417,0.39340383,1.220253,2.185018,2.5243459,2.5911703,2.333637,1.8019872,0.39527002,-0.51887757,-0.99283135,-1.0082017,-0.94798887,-0.83845156,-0.65627164,-0.42999,-0.25148025,-0.2886187,-0.41700688,-0.55722404,-0.79820144,-0.8732322,-0.96170795,-0.9107448,-0.8316958,-0.7679564,-0.76379275,0.7115713,0.71155524,0.71164,-0.7543057,0.71175027,0.7114351
-3.3461564,-3.2602904,-3.1459546,-2.9386234,-2.6704912,-2.696486,-2.6644123,-2.5621529,-2.4016635,-2.2146192,-2.0245776,-1.8314581,-1.4810137,-0.93620384,-0.18606824,-0.33023083,-0.9626011,-1.1810588,-1.2098397,-1.210507,-1.0290873,-0.87266207,-0.9470986,-1.119659,-1.2786155,-1.5065887,-1.5860751,-1.6478374,-1.6814651,-1.4513222,-0.8975814,-0.5781508,-1.0066687,-1.004714,-1.1169853,-1.0791498,-0.94955254,-0.20812626,-0.1274335,-0.34119144,-0.7272431,-1.1055393,-1.9718139,-2.2956078,-1.8607064,-1.5923884,-1.4679093,-1.3883933,-1.2709904,-1.120013,-1.0609137,-1.0801148,-1.3580737,-1.9573519,-2.5061622,-1.9128695,-1.5589213,-1.772171,-1.7504114,-1.4083425,-1.3528696,-1.1359754,-0.68739307,-0.40602213,-0.41985738,-0.8208047,-1.4040788,-1.6102197,-1.6119239,-1.5436103,-1.7025442,-1.7301866,-1.5652665,-1.6857182,-2.0923703,-1.5843183,-1.1655576,-0.36776423,-0.16308254,-0.2888849,-0.87866014,-1.3595867,-1.663538,-1.8432131,-1.9788606,-1.7465651,-1.895417,-2.3413496,-2.575346,-3.1607041,-2.3441584,-1.8984067,-2.1046507,-2.419376,-2.4235358,-2.3611813,-2.0355608,-1.4493445,-1.0680933,-1.4955056,-1.9991024,-1.598371,-1.0903004,-0.8094999,-0.63773155,-0.4700635,-0.41300058,-0.4922989,-0.739424,-0.90899014,-1.2194746,-1.545764,-1.1141756,-0.29585767,-0.6344068,-1.2215427,-1.5905619,-1.9154693,-2.2887044,-2.8818495,-3.5810876,-3.7952487,-3.770792,-3.541182,-3.2924519,-3.308774,-3.3897996,-3.3021083,-3.2081747,-3.2006593,-3.1512341,-3.130434,-3.183432,-3.1428485,-3.1253862,-3.2531197,-3.1527414,-2.777081,-2.6155472,-1.869703,-1.8696581,-1.8697526,-3.1062021,-1.8699056,-1.8695631
-1.8125327,-1.8200126,-1.7300133,-1.6046042,-1.5904739,-1.8634577,-2.0406718,-2.115755,-2.0713258,-1.9224252,-1.8746846,-2.0575912,-2.1823354,-2.2240586,-2.2442353,-2.0766318,-1.6227561,-1.3452234,-1.2340809,-1.2421949,-1.2334383,-1.1841902,-1.6847659,-1.9511663,-1.9872527,-1.6105645,-1.4455044,-1.6302452,-1.5136104,-1.38276,-0.9883982,-0.34933403,-0.11172836,-0.17936547,-0.55033475,-0.4454199,0.30660793,0.7455955,-0.40317863,-0.80135846,-0.8061228,-0.4370994,0.15273014,0.34090143,0.26685882,0.14559108,0.08698675,0.11349657,0.11205709,0.0994125,0.17663014,0.117322505,-0.046034634,-0.14955908,-0.21957144,0.12720412,-0.28104782,-1.5347152,-2.696309,-2.9232023,-2.9175751,-2.8798232,-2.6741471,-2.549385,-2.571673,-2.878848,-3.1225162,-3.0671818,-2.9543605,-2.827714,-2.5515976,-2.4103878,-1.9432392,-1.2165496,-0.78720313,0.15506136,0.497026,0.80265886,0.24804492,-0.42637214,-0.7099593,-0.8339416,-1.4793813,-1.7819107,-1.5138142,-0.85077107,0.9793018,2.5390186,2.6318603,1.5234926,0.29319954,-0.52169156,-1.2750852,-2.099492,-2.3499398,-2.3753526,-2.4011233,-2.2256014,-1.7498889,-1.7408545,-1.7881627,-1.426152,-1.4351829,-1.7691867,-2.0014753,-1.8807819,-1.7799213,-1.746805,-1.8543774,-1.8391278,-1.7497315,-2.0439718,-2.0023491,-1.2622429,-0.7311598,-0.64632434,-0.5599816,-0.60492015,-0.5339415,-0.49249393,-0.50289583,-1.2529061,-1.8893815,-1.9595766,-1.9277043,-2.0752397,-2.3609843,-2.594911,-2.6547613,-2.5603209,-2.4692814,-2.4617152,-2.2014925,-2.1854444,-2.2563589,-2.3592513,-2.3590784,-2.3199375,-2.2055593,-1.7847667,-1.7847309,-1.7847284,-2.2521272,-1.7847745,-1.7846631
0.8603276,0.86878574,0.9042929,1.0689725,1.3060381,1.3033403,1.105665,0.76197946,0.64449674,0.47790664,0.05761716,-0.04270118,0.08076475,0.5856384,1.1096042,0.85699874,0.28494608,0.026994914,0.030051723,0.08901423,0.40878314,0.73240596,0.97074485,0.54996926,0.19985,-0.95132947,-0.71849215,-0.66157115,-0.3227279,-0.065076515,-0.015090905,-0.15962015,-0.3640023,-0.06375804,0.46590343,2.3042383,7.475374,10.245999,11.681002,11.544482,11.291055,11.228123,10.626432,8.623149,5.4553623,3.115703,2.4363456,2.0770006,1.811499,1.5751479,1.5044117,1.3088455,0.91721916,0.6864666,-0.08395609,-0.5749217,-0.50059044,-1.0091963,-1.6795671,-2.080402,-2.0460157,-1.8565758,-1.6452515,-1.4197612,-1.2870616,-1.2264398,-1.0367702,-0.7719239,-0.42530918,-0.30662295,-0.17949206,0.1856649,0.5285254,0.56184965,0.5378772,0.6337071,0.8848924,1.5257701,1.964741,2.1979833,1.802418,1.3345176,0.7190373,0.28419417,0.11982265,0.27347565,-0.025285915,0.052094966,0.23185976,0.11303154,-0.2762197,-0.7617028,-1.3687553,-1.9348307,-1.8333023,-1.6216897,-1.0948212,-0.73150706,-1.3711345,-2.4714596,-2.6400266,-2.003745,-1.3177625,-0.74494874,-0.3146556,-0.17163384,0.13989043,0.42019296,0.5895386,0.651687,1.3088168,1.9543326,2.0233257,1.6811914,0.9847571,0.1997407,0.06359053,0.1577996,0.5291584,0.87983185,1.0254779,1.1512152,1.5760837,1.793879,1.999114,2.23103,2.3482447,2.1738677,1.5094175,1.3529167,1.1874461,0.84871733,0.38507712,0.16379032,0.20282587,0.027173609,0.11303997,0.14544386,0.35468832,0.6195942,0.6196449,0.6196137,0.17173466,0.61944973,0.6197673
-0.91151124,-0.9421817,-0.9536722,-0.83144397,-0.87008315,-1.0316283,-1.104802,-1.0829523,-0.96506524,-0.6819092,-0.030477159,0.88792384,2.1212401,4.0930643,7.0189376,9.668785,11.043531,11.55794,11.728012,11.776732,11.822343,11.822892,11.595653,11.170886,10.015098,7.07548,3.188583,1.2697052,-0.03919042,-0.46206614,-0.48835897,-0.18226177,0.5092089,1.2473252,2.833939,4.290533,3.4479415,1.7267345,0.0072476715,-0.29384863,-0.28184265,-0.106294416,-1.1784106,-2.3731973,-2.4265888,-2.6474075,-2.7451906,-2.745678,-2.7468634,-2.8415241,-2.8385944,-2.847805,-2.811854,-2.7921832,-2.4016151,-0.82375133,-0.59396464,-1.3110843,-2.051889,-2.017257,-1.9531527,-1.9702106,-1.9832115,-1.9746338,-1.839577,-1.42435,-0.64239943,0.30195522,1.337563,2.324306,3.533546,4.1854563,5.6513925,8.598485,10.561622,11.5523615,11.741234,11.545619,10.891386,9.078461,5.4592047,2.20831,0.6557052,0.25669187,0.7413464,1.3804235,1.7393275,1.3915682,0.5941143,0.011859,-0.19914266,-0.5172485,-1.0677273,-1.5673984,-1.6486336,-1.5296665,-1.4105414,-1.0518839,-0.78681993,-0.8687278,-1.1204374,-0.8589469,-0.633846,-0.58359057,-0.4475513,-0.2814099,-0.1447002,-0.14801514,-0.4990399,-0.58146846,-0.59392214,-0.9067586,-0.7003147,-0.12568396,-0.58048743,-0.5487594,-0.4239083,-0.33013454,-0.2523388,-0.36882296,-0.9283058,-1.270759,-1.3430996,-1.1527138,-1.0258806,-1.1282461,-1.3347409,-1.5475427,-1.4869952,-1.2741618,-1.1697159,-1.1822264,-1.1402268,-1.1679425,-1.3115957,-1.2586247,-1.2844167,-1.1204808,-1.0604635,-1.1748419,-1.174907,-1.1749291,-1.2316124,-1.174906,-1.174819
-3.1783006,-3.212163,-3.319766,-3.4477649,-3.4768124,-3.4620996,-3.5343177,-3.7354121,-3.8320603,-3.8618054,-3.5669732,-3.179562,-2.8966804,-2.8061843,-3.0977316,-3.4265745,-3.6118262,-3.5514874,-3.563804,-3.6425142,-3.7423236,-3.722795,-3.8772597,-3.8751278,-4.057708,-4.058203,-3.7308655,-3.4563181,-2.7177627,-2.3557465,-2.3017814,-2.2629132,-2.5941637,-2.9332707,-3.1728423,-2.4649005,-2.5073547,-3.309416,-3.2703652,-2.5983763,-2.2220724,-1.8670679,-0.914671,0.34444344,1.9483461,2.5103464,2.6001616,2.610341,2.561209,2.559444,2.5147161,2.4242363,2.1565084,1.7909064,0.66092205,-1.5598726,-2.6936407,-2.8446417,-2.4288878,-1.9731379,-1.8805923,-1.9874185,-2.093566,-2.1918411,-2.1423147,-1.8163346,-1.5297837,-1.2393724,-0.98217833,-1.1008104,-1.3910592,-1.5297554,-1.7463521,-2.0052047,-2.362153,-2.7388873,-2.860495,-3.055171,-3.3189216,-3.9455867,-4.317294,-3.7379968,-3.5082812,-3.4504867,-3.5135474,-3.3109846,-2.8175359,-1.6144948,-1.5617719,-2.2696128,-3.0433023,-3.2327595,-3.1345341,-2.5979779,-2.0216484,-1.9370018,-1.7396936,-1.5705945,-1.0691395,-0.31559452,0.25214368,0.7680878,1.2155248,1.2863184,1.2937285,1.3780246,1.394817,1.3059912,0.9689643,0.48923177,-0.74131167,-2.3926573,-2.9288378,-3.1544132,-3.3242848,-3.4322062,-3.1756659,-2.9321494,-2.6514056,-2.654759,-3.554589,-3.832302,-3.6285172,-3.391217,-3.2496848,-3.1195407,-2.899231,-2.6053245,-2.5844646,-2.7486758,-2.8383856,-2.8295627,-2.7685976,-2.6879678,-2.640877,-2.6515384,-2.5870423,-2.5601287,-2.7187324,-3.1136866,-3.1136916,-3.1136127,-2.5735853,-3.113511,-3.11375
-0.6887647,-0.6288209,-0.5077784,-0.39372623,-0.09616196,-0.038068503,0.3141566,0.8176991,1.0205526,1.0611897,1.1078148,0.9160788,0.5555041,0.18819249,-0.15624912,-0.4334634,-0.7427945,-1.0671654,-1.1624112,-1.281497,-1.4717345,-1.34655,-0.80914974,-0.7812283,-0.62641025,-0.75771916,-0.73203623,-0.5225905,-0.36318004,-0.33546215,-0.13448149,-0.0065936446,0.24845769,0.13700815,-0.826287,-1.9375681,-1.5623221,-0.9785287,-0.12525572,0.13395593,-0.12104115,-0.7250384,-1.4185574,-1.4198215,-1.5969892,-1.2884939,-1.1371179,-1.0663751,-1.0230304,-0.89887977,-0.68195724,-0.31927174,0.38743252,1.5974636,2.7490125,1.7148452,1.5387053,2.4762697,3.0107355,2.7578282,2.545362,2.592396,2.501473,2.171643,1.6151704,0.653647,-0.20864184,-0.6580068,-0.88223076,-1.0406121,-1.2239211,-1.4425443,-1.6079414,-1.6265116,-1.248926,-1.395602,-1.4668765,-0.91539645,-0.25958133,0.3285548,-0.10725635,-0.12697181,-0.07430944,-0.6025387,-1.4113374,-1.7726293,-1.6204755,-1.6600115,-1.469701,-1.1090358,-0.92136097,-0.8712262,-0.88043356,-0.98516744,-1.0971019,-1.1557171,-1.2952145,-1.4983205,-1.6388502,-1.5398436,-1.4741739,-1.6634945,-1.6963451,-1.4844214,-1.2298492,-1.1911168,-1.0871606,-0.9534253,-0.49806994,-0.25544357,-0.41066957,0.022174,-0.124902666,-0.46642098,-0.4763531,-0.8898119,-1.1790965,-1.2428207,-0.9075055,-0.21461964,0.59918934,0.6618606,0.65743583,0.49325913,0.34157163,0.069774956,-0.3732198,-0.9870852,-1.7385714,-1.8793855,-1.8540815,-1.8483415,-1.9621825,-1.9353845,-1.6979439,-1.656849,-1.7584884,-1.9327956,-1.9116306,-1.4770535,-1.4770213,-1.4771465,-1.5372161,-1.4773334,-1.4768958
-2.6998067,-2.7440777,-2.6905122,-2.5571685,-2.4772015,-2.6382952,-2.5510395,-2.4811695,-2.4159229,-2.3937993,-2.55963,-2.758619,-2.732587,-2.7134752,-2.488722,-2.0986483,-1.8934935,-1.9180768,-1.9705127,-2.0710835,-2.3667915,-2.5571322,-3.1574907,-3.307919,-3.3303547,-3.2034783,-3.7014136,-3.7353325,-3.5740378,-3.3353853,-3.0252552,-2.4420493,-2.109183,-2.1244435,-2.4601462,-2.5528212,-2.7197387,-2.8543034,-3.8515625,-4.009415,-3.802414,-3.161273,-1.1794345,0.84399974,1.2863703,1.1255019,1.0820547,1.156522,1.178838,1.2222233,1.3218201,1.2997696,1.1019945,1.0394626,0.6270715,-0.006996982,-0.9453031,-1.8283627,-2.5632477,-2.6834621,-2.7303817,-2.7891312,-2.7266545,-2.6624718,-2.5907571,-2.6867049,-2.9196668,-3.059833,-3.1465714,-3.174715,-3.0576277,-2.853247,-2.4858065,-1.9965625,-1.8980873,-1.7726705,-1.749844,-1.6538949,-1.9579577,-2.4072158,-3.0216014,-3.128488,-3.1007283,-2.869666,-2.5110538,-1.8845925,-0.78165126,-0.62894523,-1.049505,-1.446227,-1.1985446,-1.191933,-1.5778383,-2.1312387,-2.3777783,-2.5015187,-2.666764,-2.6643486,-2.321147,-1.9105457,-1.7332208,-1.7199473,-1.7309923,-1.7782667,-1.6953263,-1.5256919,-1.3501179,-1.2459397,-1.0579677,-1.0017235,-2.0977907,-2.8159199,-2.390892,-1.3119247,-0.25084135,-0.10009475,-0.36151832,-0.44676012,-0.21335985,0.34011257,-0.101447165,-1.5347259,-2.4868753,-2.776648,-2.9183474,-3.0890892,-3.159423,-3.1302705,-3.143476,-3.101646,-3.0824144,-3.052792,-3.073842,-3.1355214,-3.20538,-3.291373,-3.2095728,-3.0920641,-3.0407534,-2.8705359,-2.8705096,-2.8705337,-3.294311,-2.8706026,-2.870484
-2.6940625,-2.7095404,-2.80645,-2.83846,-2.7355425,-2.837966,-2.7809215,-2.6128576,-2.5136375,-2.404516,-2.1727839,-2.06365,-1.9357718,-1.7068262,-1.885175,-2.0146756,-1.9128357,-1.8230466,-1.8471797,-1.9482689,-2.0569708,-2.1186638,-2.4376323,-2.4754176,-2.7217293,-2.620479,-2.460846,-2.4394968,-2.0578654,-1.8899219,-1.704978,-1.5619197,-1.4599671,-1.3700895,-1.3292253,-1.014066,-1.3998836,-1.8318138,-1.8713529,-1.7778115,-1.8795474,-1.7431498,-1.243006,-0.03442961,1.4383053,1.7701442,1.8141991,1.8871088,1.8642194,1.8467395,1.7166088,1.3715227,1.0408342,0.82449687,0.46538982,-0.2088216,-0.86993945,-1.5674733,-2.168465,-2.195486,-2.2572925,-2.4797342,-2.6422641,-2.7997203,-2.9311872,-3.1099646,-3.3438942,-3.4214413,-3.4544823,-3.4808347,-3.44037,-3.2687857,-2.930066,-2.3632634,-2.1367412,-1.962372,-1.9599452,-1.943104,-2.1931593,-2.2971458,-1.968704,-1.6226938,-1.8347888,-2.0557244,-2.124729,-2.0615206,-1.715627,-0.50534034,-0.30936664,-0.8339015,-1.3757381,-1.4985287,-1.7416219,-1.8542496,-1.8394034,-1.9259773,-2.0031443,-2.0158834,-1.8681933,-1.4385712,-0.8874437,-0.399882,-0.23765518,-0.45611203,-0.58928597,-0.49276242,-0.42519405,-0.37292087,-0.3818947,-0.5123692,-0.9149104,-1.6227508,-1.7792344,-1.4610524,-1.7416141,-1.7667305,-1.6321018,-1.5102761,-1.4227164,-1.7253811,-2.37561,-2.1696787,-2.2045233,-2.1979764,-2.189679,-2.4240766,-2.7749531,-2.889246,-2.9478967,-2.9092577,-2.9315088,-2.761504,-2.4419324,-2.5377154,-2.7314434,-2.75148,-2.6274412,-2.3308017,-2.3895226,-4.1132655,-4.1133003,-4.113171,-2.681291,-4.112988,-4.1133456
-3.9226112,-4.093589,-4.244761,-4.3598676,-4.363473,-4.3390293,-4.312117,-4.2469835,-4.047147,-3.718328,-3.038413,-2.7094727,-2.5399628,-2.3545446,-2.4003592,-1.8600492,-1.5820155,-1.3928277,-1.3592888,-1.3239278,-1.1153287,-1.0424348,-1.036874,-1.019814,-1.408723,-1.9682031,-2.1491456,-1.982887,-1.4555988,-1.2455406,-1.0579855,-0.81646955,-0.9771836,-1.1004071,-0.95238674,-0.35953015,-0.7560704,-1.4182495,-1.6719322,-1.6116171,-1.501682,-1.0362306,0.2069897,1.6253316,2.794511,3.122646,3.2188919,3.3271234,3.4061747,3.4516318,3.2907906,3.1074667,2.895867,2.4508882,1.0892292,-1.1700757,-1.9116392,-2.025204,-2.0011148,-1.8197992,-1.7983546,-1.892077,-1.9830077,-1.97164,-1.8307241,-1.4833279,-1.1868311,-1.0078586,-1.2000147,-1.5837636,-1.9250224,-2.012765,-2.1081414,-2.222191,-2.2611248,-2.197215,-2.2236404,-2.5613675,-2.8579135,-3.2416325,-3.4241242,-3.2035549,-3.1309772,-2.9627404,-2.9876873,-2.8968008,-2.4568505,-1.3552147,-1.5118124,-2.1607223,-2.2614172,-2.1248903,-2.1549792,-2.0261717,-1.9998462,-2.231887,-2.4984927,-2.6634433,-2.2878387,-1.6967031,-1.1399854,-0.4942611,-0.042259455,0.12914439,0.25921437,0.4222607,0.4372515,0.33268952,0.17130546,-0.051804468,-0.9747821,-2.34109,-2.4498258,-2.0265474,-1.5219382,-1.0822642,-1.0419445,-1.0649717,-1.1613791,-1.4379222,-2.1627512,-2.4389124,-2.7588089,-2.8286376,-2.8073888,-2.8203206,-2.5452137,-2.0218978,-1.7841127,-1.7667584,-1.7516379,-1.6455506,-1.6758115,-1.8478281,-1.9418998,-1.9533138,-1.7197839,-1.4852799,-1.5834446,-3.5111527,-3.5111609,-3.5109606,-1.8588722,-3.5107162,-3.511314
-1.972469,-2.1087897,-2.155562,-2.2071512,-2.4846685,-2.574535,-2.7813373,-2.9402418,-2.8808188,-2.7887096,-2.619193,-2.4880843,-2.3241878,-2.1622434,-1.8860793,-1.7282847,-1.5812052,-1.480572,-1.5408436,-1.6476324,-1.683057,-1.6064075,-1.7651424,-1.7475848,-1.7475758,-1.2263002,-1.8184783,-2.0142233,-2.1799576,-2.3230586,-2.0276918,-1.4666775,-1.1152881,-0.93507886,-0.76129943,-0.49781194,-0.7178321,-0.50634575,-0.67794406,-0.9396583,-1.1565063,-0.9656049,-0.3048296,0.5752581,0.783697,0.640454,0.6095332,0.6111315,0.6762664,0.75342923,0.79467314,0.7933584,0.552602,0.108591646,-0.30511647,-0.12673691,-0.47428876,-0.9541136,-1.3836329,-1.1145823,-1.0040313,-0.9181098,-0.7802098,-0.6989291,-0.6572621,-0.6487547,-0.8435607,-0.8602295,-1.0394005,-1.3366299,-1.738534,-2.0849648,-2.272953,-2.189107,-2.0654833,-1.5885386,-1.4943168,-1.4813066,-1.6934094,-2.1671867,-2.5991392,-2.468136,-2.4413419,-2.4105904,-2.2837691,-1.8360837,-0.60509384,0.08017132,0.08689538,-0.4502197,-0.4033966,-0.34920886,-0.7273366,-1.0438277,-1.2342155,-1.4457474,-1.67169,-1.9273052,-1.641895,-0.89445925,-0.07333182,0.37315187,0.66380006,1.0019789,1.324579,1.4477999,1.4087834,1.2293565,1.0456663,0.8728242,-0.15823695,-1.1392664,-1.1967255,-0.33113927,0.4036555,0.7916539,0.9613195,1.1121635,1.2719806,1.1134182,0.062414467,-1.3100464,-1.6492714,-1.5632839,-1.5163856,-1.3856714,-1.191338,-1.1867527,-1.4444724,-1.4131618,-1.3726995,-1.2089108,-1.544578,-1.6598647,-1.6468234,-1.7870464,-1.778834,-1.7391603,-1.6340561,-0.99423987,-0.9941932,-0.9942136,-1.8527905,-0.99431014,-0.9942267
-0.4631009,-0.60507023,-0.6967685,-0.8070303,-0.8191585,-0.6173742,-0.49784145,-0.5257171,-0.39684272,-0.23267865,0.0652729,0.29666203,0.5766218,0.83859944,0.9997275,0.6542386,0.3748881,0.28077853,0.2705075,0.3132187,0.1908103,0.06450337,-0.2906347,-0.46201053,-1.1398792,-1.6321452,-1.3391805,-1.106591,-0.6854638,-0.36690253,-0.5648355,-0.6243661,-1.0760211,-0.8273912,-0.0015980899,0.3543208,-0.5758176,-0.6577839,-0.17576826,0.5694749,1.2930205,1.650615,0.90014696,-0.24994409,-0.9150668,-1.1572955,-1.1816717,-1.2081941,-1.2305373,-1.2561324,-1.2679976,-1.2886503,-1.4897327,-1.6071501,-1.7421757,-1.8778883,-1.6234878,-0.31524065,2.4245913,3.9146621,4.5313654,5.5250216,6.462621,7.013403,7.4712257,7.753621,7.7433715,7.724577,8.139013,8.755447,9.261338,9.798618,10.060466,9.387499,7.4161897,4.549523,2.8345857,1.0318851,0.2595506,-0.3161978,0.022035241,-0.10539311,-0.04383093,0.50098515,0.5323875,0.45587006,-0.09898214,-0.7959448,-1.2621056,-1.6511929,-2.111445,-2.1801229,-1.9030037,-1.3500999,-0.95684135,-0.68206745,-0.24663748,-0.0915388,-0.17664303,-0.068898164,-0.19621609,-0.5101018,-0.66004646,-0.68168694,-0.6381289,-0.6666951,-0.79611576,-1.0254712,-1.3818526,-1.5005139,-1.1655079,-0.26136568,0.55398655,0.6242125,0.71183294,0.45452076,-0.17080495,-0.6181756,-1.15185,-1.6096628,-1.7445053,-1.2978185,-0.8833657,-0.7585775,-0.8086897,-0.86792725,-0.75377464,-0.27616677,0.39409426,0.5531744,0.6650582,0.7081084,1.0199088,1.337949,1.4774697,1.6099191,1.4665971,1.3672509,1.0793315,1.8139942,1.8140054,1.8139119,1.4670041,1.8138001,1.813968
-0.076144665,0.16088158,0.36204463,0.34883225,0.5269334,0.5748019,0.80346364,1.0884086,1.0238163,0.9144654,0.64103127,0.5110185,0.30256453,-0.15858148,-0.32207236,-0.35551423,-0.603691,-0.9098879,-1.0948501,-1.2898054,-1.8414301,-2.0115733,-1.8124273,-1.4897602,-0.904011,-0.8176272,-1.1111789,-1.3289952,-1.7540634,-1.8403993,-1.7337999,-1.735538,-1.7406358,-1.7939398,-2.1097884,-2.1718369,-2.0749245,-1.87171,-1.0508275,-0.51711875,-0.21026596,-0.28624362,-0.16812001,-0.5642114,-1.9156148,-2.2971127,-2.3461468,-2.4078898,-2.4775288,-2.5201433,-2.6152668,-2.6506946,-2.5224102,-2.251481,-1.8752902,-1.9368736,-1.4379805,-0.5987637,0.13292143,0.19956283,0.08528085,-0.07826946,-0.20563166,-0.36784303,-0.7488631,-1.4764425,-2.1389012,-2.6236005,-2.8568609,-2.8882384,-2.813838,-2.7018135,-2.29281,-1.8203032,-1.8354551,-1.7379041,-1.5923492,-1.0302982,-0.29117784,-0.02807153,-0.04624033,0.2809052,0.6841864,0.84563804,0.40787864,-0.17507884,-1.1564804,-1.5451596,-0.47665787,0.8601109,1.1426404,1.5089463,2.4201543,3.272087,3.5608132,3.561268,3.3287222,3.0756934,2.7920902,1.8553597,1.0183568,-0.028767645,-0.7295197,-0.75114566,-0.70036125,-0.8704274,-0.9624642,-0.92034763,-0.23737533,0.5671556,0.58362365,0.8181212,0.7687942,0.08252306,-0.6963252,-1.4011222,-1.5836813,-1.668781,-1.587527,-1.0226848,0.16403599,1.3580627,2.0357444,2.2930295,2.2818153,2.4976282,2.2212782,1.7060513,0.76336575,0.50176966,0.09986299,-0.17756063,-0.6267961,-0.54432356,-0.5393413,-0.684344,-0.8803969,-1.2377937,-1.1868374,0.58989275,0.58994335,0.58979326,-1.1410131,0.58955973,0.590011
-0.69042045,-0.70150226,-0.70385516,-0.72890925,-0.6485162,-0.5019133,-0.5471796,-0.62209356,-0.64276177,-0.7908858,-0.7221266,-0.4933595,-0.32387415,-0.423037,-0.6228666,-0.5659123,-0.70780474,-0.7600619,-0.6969322,-0.64756644,-0.81882024,-1.0809672,-1.055959,-0.80856586,-0.10629752,-0.15737623,-0.48316208,-0.498517,-0.82318985,-1.1762568,-1.114738,-1.1622354,-0.9562892,-0.865486,-0.9757186,-1.5469186,-1.6630758,-1.4141741,-1.6026865,-1.5545448,-1.4460241,-1.5687507,-1.7685125,-1.4834067,-1.2111971,-1.1427596,-1.1282185,-1.1705685,-1.2315656,-1.2657335,-1.3116077,-1.4037917,-1.5266254,-1.4843073,-1.1264067,-0.47992152,-0.27686125,0.3709857,1.006979,1.0997397,1.114988,1.0285828,0.87932146,0.80906564,0.64165986,0.32794896,0.0123678,-0.29564565,-0.42501384,-0.2700206,0.117780134,0.16666582,0.011561438,0.14245257,-0.1926058,-1.1723189,-1.4813727,-1.8200133,-1.8313205,-1.5267614,-0.80067587,-0.34516382,-0.09578955,-0.41908827,-0.66345924,-0.8047664,-1.4044688,-2.2232642,-1.9998331,-1.1410887,-0.41828546,-0.49114493,-0.45876962,-0.6028129,-0.6466944,-0.5277626,-0.369551,-0.2911753,-0.31922916,-0.36190656,-0.92275465,-1.5470974,-1.7699858,-1.8329682,-1.8705723,-1.9012175,-1.9113849,-1.9770721,-1.8946792,-1.9934182,-2.0033386,-1.3975065,-1.8060935,-2.6669607,-2.9579518,-2.857197,-2.6565156,-2.6729867,-2.98662,-3.1228025,-2.7840214,-2.1381931,-1.4838836,-1.4119064,-1.4214864,-1.3052837,-1.0063719,-0.76307976,-0.16806486,0.13912278,0.42096025,0.5120065,0.59263676,0.619294,0.6351696,0.4909542,0.41229695,0.40541175,0.32262212,0.95045584,0.95046014,0.95044446,0.44058162,0.9504311,0.95045865
-2.7020483,-2.6418514,-2.5746028,-2.5693254,-2.4787555,-2.372823,-2.4654927,-2.5933022,-2.6639447,-2.9036064,-3.1640415,-3.021643,-2.7383912,-2.9055922,-3.1528971,-2.9713304,-2.9802976,-2.9399073,-2.90023,-2.899144,-2.936764,-2.9671798,-2.7068722,-2.4488313,-1.2553424,-0.76652753,-1.4590294,-1.544607,-1.7246,-1.8786045,-1.8954334,-1.8657135,-1.5471175,-1.4083959,-1.9217422,-2.384386,-2.2737722,-2.2665455,-2.7763288,-2.81417,-2.8206422,-2.8026085,-2.8875911,-2.65588,-2.7731662,-2.9539158,-3.0079386,-3.0393076,-3.0879104,-3.121252,-3.173563,-3.192117,-3.1621127,-2.950986,-2.5659335,-2.0350223,-1.9217393,-1.5128376,-0.80587494,-0.63212943,-0.66969323,-0.81500936,-0.96333754,-1.0572113,-1.2360364,-1.3271701,-1.4373612,-1.5453424,-1.4401201,-1.247988,-0.98427653,-1.015792,-1.1855674,-1.534519,-1.9117441,-2.647994,-2.8543148,-3.0373836,-3.0232167,-2.583983,-2.3133416,-2.3118815,-1.9166813,-1.645153,-1.9294385,-2.1880736,-2.50002,-3.1845484,-2.7936025,-1.9739242,-0.57690704,-0.12410578,0.29761928,0.70623857,0.7566408,0.7752023,0.6307528,0.40176147,0.21983331,0.33112842,-0.19869381,-1.2431297,-1.8484492,-2.0776684,-2.2455597,-2.3817644,-2.5804615,-2.6973882,-2.5860593,-2.6783724,-3.3918595,-3.4440804,-3.8470592,-4.341433,-3.9652061,-3.5986176,-3.4788399,-3.4952948,-3.6083589,-3.634449,-3.5203078,-3.925801,-4.0262895,-4.2041802,-4.364541,-4.433532,-4.3583083,-4.0174584,-3.5746322,-3.5295677,-3.4250712,-3.2820847,-2.9883518,-2.8825092,-2.7757645,-2.7398355,-2.8507557,-3.0456586,-3.1406074,-2.925633,-2.9256468,-2.9257336,-2.7134588,-2.9257963,-2.9255881
-3.4687324,-3.3756955,-3.2469234,-3.042879,-2.7948616,-2.6969075,-2.480288,-2.3508027,-2.2439322,-2.130449,-1.9288973,-1.9224524,-1.8562655,-1.7766812,-1.7572274,-2.420753,-3.0396142,-3.2779808,-3.2663267,-3.1958299,-2.9379535,-2.8057103,-2.8180766,-2.8115203,-2.8050718,-2.492571,-2.3865283,-2.2478564,-2.130051,-1.8740443,-1.7184968,-1.7822595,-2.0982854,-2.0157828,-2.1570888,-2.9690402,-2.868855,-1.4348296,-0.19280207,0.23145929,0.27794865,0.12661068,-0.40696242,-0.9065101,-1.6277113,-1.8560822,-1.8868556,-1.8290441,-1.7771094,-1.6745524,-1.6195073,-1.6115758,-1.8224254,-2.0411038,-2.5533185,-2.1445608,-1.4825139,-1.071112,-0.4746989,-0.33672088,-0.28928638,-0.057133865,0.14320154,0.195203,0.19584079,0.13029836,-0.06975806,-0.30068418,-0.482621,-0.3891465,-0.17645374,0.22180238,0.662637,0.746433,0.06026958,-1.3571699,-2.1955655,-2.9713025,-3.1395507,-2.7751029,-2.0341125,-1.6826376,-1.5109835,-1.6511898,-2.093124,-2.2333772,-2.308555,-2.7101328,-3.3889349,-3.51865,-2.7107875,-2.2935417,-2.0840847,-1.9287573,-1.7478721,-1.5447394,-1.2761991,-1.166354,-1.3388597,-1.328972,-1.3580843,-1.8804429,-2.1248622,-2.1682146,-2.1255708,-2.082385,-2.0698442,-2.1706998,-2.3396037,-2.4320505,-1.9487188,-0.7809595,-0.45729923,-0.77049404,-0.8731426,-1.4161122,-2.1454268,-2.4471867,-2.552012,-2.704756,-2.5493853,-2.100717,-1.8849827,-1.7883351,-1.7670946,-1.9694598,-2.1370378,-2.2436416,-2.6361752,-2.7941408,-2.9244199,-2.923815,-2.831811,-2.7933416,-2.7705767,-2.826227,-2.7634578,-2.61764,-2.5963876,-1.8279828,-1.8279369,-1.8280447,-2.4758282,-1.8282645,-1.827899
-2.4829588,-2.573841,-2.7766483,-2.9100316,-2.920959,-2.8984308,-2.7230027,-2.4119358,-2.2195928,-1.9173603,-1.3821898,-0.7883413,-0.37003148,0.020354599,0.38119367,0.6214758,1.0870337,1.4999645,1.564673,1.6286896,1.8338671,1.8607789,1.4288402,1.0251628,0.35597825,-0.3646558,-0.9648578,-1.1919248,-0.9914713,-0.7177187,-0.8460742,-0.71068543,-0.59032094,-0.6372869,-0.43772915,0.013875812,-0.54668474,-1.4406879,-1.9761269,-1.8707556,-1.7989719,-1.5684013,-2.3296533,-2.7597752,-1.731933,-1.1250956,-1.0392805,-0.9897797,-0.93999547,-0.99656373,-1.0797417,-1.1552596,-1.1865149,-1.3596166,-1.3396671,-1.0391223,-1.3007374,-1.837574,-2.3546896,-2.2678342,-2.2194958,-2.378971,-2.4935565,-2.4552205,-2.1378925,-1.4403865,-0.51732594,0.16077201,0.6093919,0.7261816,0.48856136,0.0608505,-0.15622744,0.2306644,0.72117865,1.8089153,2.3811016,2.2601438,1.7304949,0.84823596,-0.5346767,-1.2225686,-1.4592668,-1.2998562,-1.0215396,-0.74203324,-0.92712,-0.9645574,-1.4322162,-1.8569951,-2.0077915,-2.139882,-2.3483257,-2.4559593,-2.261206,-2.204671,-2.115004,-1.8808014,-1.3938115,-0.60210377,-0.13847488,0.3411872,0.8145082,0.7291719,0.58605963,0.6059232,0.48007882,0.31955227,-0.2873414,-0.5313489,-0.9549372,-2.0917082,-2.064243,-1.5629268,-1.5079398,-0.9493306,-0.544096,-0.3542381,-0.3857067,-0.8604098,-1.7561879,-2.175878,-2.4329188,-2.2935956,-2.1745682,-2.1533384,-2.114871,-2.0601332,-1.8865043,-1.8628706,-1.9889386,-1.9670494,-2.0188923,-2.0614905,-2.1967864,-2.0446715,-1.9956677,-1.7968239,-1.8272253,-2.27381,-2.2738554,-2.273803,-2.3912358,-2.2737021,-2.273881
-5.6481104,-5.5820727,-5.4792976,-5.3585844,-5.0632687,-4.9991903,-4.7606525,-4.532345,-4.4353356,-4.3993106,-4.11871,-3.7068124,-3.3568327,-3.5171804,-3.7578099,-3.9933252,-4.092211,-4.0992274,-4.1384425,-4.2240953,-4.377368,-4.3737884,-4.3537188,-4.276981,-3.7770753,-3.7560196,-4.279128,-4.3675313,-4.275237,-4.253411,-4.0703335,-3.75636,-3.5552614,-3.6236875,-4.375452,-4.6975884,-4.434491,-4.210517,-4.195179,-3.577673,-3.1001701,-2.7596226,-2.5062,-2.4433115,-3.158398,-3.499205,-3.584591,-3.6238267,-3.7052007,-3.7715223,-3.850282,-3.9233193,-3.9375596,-3.7138395,-3.4452364,-3.5294232,-3.716537,-3.2982955,-2.9576662,-2.9447808,-3.093183,-3.3567295,-3.591906,-3.812577,-4.1392026,-4.5180645,-4.731471,-4.858914,-4.729742,-4.421299,-4.0482597,-3.822637,-3.450697,-3.1943214,-3.3438866,-3.6963315,-3.883564,-3.9620464,-3.9834929,-4.190255,-4.542094,-4.375002,-3.829589,-3.6408792,-4.1336503,-4.35821,-4.619524,-5.072555,-5.250978,-5.142618,-4.492399,-3.962659,-3.2878041,-2.5943248,-2.2028787,-2.14459,-2.288052,-2.4594095,-2.374302,-2.2796462,-2.7410712,-3.6043239,-4.012172,-4.133066,-4.1678143,-4.195251,-4.302261,-4.3351774,-4.011519,-3.6831572,-4.3196898,-4.428238,-4.539197,-4.9673347,-4.7043915,-4.6265163,-4.8274755,-4.972167,-4.9967203,-4.871371,-4.776956,-4.943446,-4.957328,-4.943782,-5.0535192,-5.1348524,-5.2712307,-5.492292,-5.87295,-5.949523,-6.1169786,-6.2084618,-6.319801,-6.2695665,-6.248062,-6.238288,-6.3179684,-6.4324255,-6.449485,-5.3252697,-5.325222,-5.325361,-6.2799187,-5.3256154,-5.3251324
0.99787724,1.0837926,1.1108863,1.0768846,0.9044889,1.0058017,0.60044473,0.117682934,-0.12763864,-0.34141403,-0.46156204,-0.07984963,0.37992406,0.7700508,0.48876354,0.4745913,-0.24357185,-0.8392925,-0.983103,-1.0393069,-1.1845217,-1.1453543,-0.90398747,-0.88288444,-0.4022995,-0.2046572,0.41622883,0.68048215,0.7807058,0.69574404,0.28831685,-0.5738572,-0.79250956,-0.57825875,0.0011499375,0.34067178,0.8811599,1.2862139,1.5742624,1.4806943,1.3951222,1.0143008,0.39531344,-0.123908654,-0.7133024,-1.1446344,-1.2628661,-1.3976319,-1.5673515,-1.6898506,-1.7349944,-1.7425638,-1.6061901,-1.2406638,-1.0037389,-1.5180048,-0.9724208,0.10152833,1.0903556,1.3644471,1.4674808,1.5144312,1.5285828,1.5165889,1.2511901,0.8722203,0.66239643,0.5288816,0.57860315,0.803802,1.2557865,1.703886,1.7969701,1.3204839,0.5448846,-0.5726979,-0.77908707,-0.6612158,-0.26192075,0.49741763,1.3889332,2.055891,2.6335123,2.7994142,2.659151,2.082559,1.6459408,0.59922844,0.48981196,0.86884606,0.58092695,0.60476977,1.0880194,1.8969388,2.1987317,2.3942707,2.5881608,2.422193,1.524605,0.6655359,0.08629653,-0.15653084,-0.1702568,0.1321163,0.38602674,0.38271344,0.6585609,1.1493238,1.706497,1.815212,2.494072,2.7579634,2.192083,0.9179964,0.3851946,-0.052331746,-0.15918756,-0.1515406,-0.08704704,0.2667197,0.59469956,0.21502939,0.369114,0.2160902,0.10376057,0.15521431,0.2521236,0.35999468,0.74169636,0.8280653,0.92956364,0.86328304,0.94850594,1.1445757,1.2773383,1.3269506,1.3822938,1.3968863,1.4431803,0.3270564,0.32703072,0.3269457,0.97357285,0.3269085,0.32705608
-2.9806762,-3.2727067,-3.5285912,-3.7508287,-3.871755,-3.9186385,-3.8082285,-3.3579156,-2.963154,-2.3169584,-1.2378398,-0.67039466,-0.5269683,-0.4347495,-0.32040685,0.38844267,1.3242542,1.8608919,2.0175326,2.1041622,2.3679135,2.4319572,1.8293622,1.4625304,0.41553843,-0.6652111,-1.1739386,-1.1282547,-0.5184185,0.16383052,0.46112788,1.2128743,1.6408013,1.5545272,1.8691548,2.0351667,0.7992589,-0.22701184,-0.6275497,-0.6875909,-0.5222653,-0.22452606,-0.43826878,-0.092366666,1.2188202,1.701633,1.7166333,1.6938972,1.6571053,1.4972315,1.2914724,1.0202957,0.74960726,0.18038061,-0.1300964,-0.6479728,-0.8625499,-1.3308471,-1.9186971,-1.9102745,-1.9342651,-2.042518,-2.0942302,-2.0051396,-1.7585574,-1.3674265,-0.9798305,-0.76502764,-1.1132283,-1.4908857,-1.8305106,-1.7875695,-1.7246537,-1.2991002,-0.46176553,0.38804927,0.70295787,0.37946153,-0.2389096,-0.7368468,-1.2798578,-1.3519841,-1.3641032,-1.0224736,-0.484258,0.00071562827,0.45959792,0.7613287,0.5724808,0.54814166,0.28907475,-0.0652143,-0.41310954,-0.7283253,-0.8620463,-0.9651631,-0.8707739,-0.63554084,0.026125595,0.89396703,0.91557693,1.1638249,1.3443257,1.019783,0.6494302,0.5664629,0.41813692,0.37616104,-0.11011788,-0.21948999,-0.57236373,-1.5944778,-1.2688444,-0.5310704,-0.26823947,0.14771685,0.39812237,0.54847014,0.4000687,-0.09537418,-0.7690671,-0.90813714,-1.398608,-1.5432189,-1.6353533,-1.8111136,-2.08876,-2.2782822,-2.4241333,-2.474913,-2.7011962,-2.6741433,-2.5124903,-2.3982353,-2.4895906,-2.363588,-2.2314134,-2.1174936,-2.0280857,-2.6299596,-2.629962,-2.6299024,-2.657085,-2.629834,-2.6300411
-2.4639864,-2.5172024,-2.4713378,-2.2990582,-2.106356,-2.2040524,-2.13515,-2.1173584,-2.0112278,-1.89982,-1.6694893,-1.2063127,-0.58157074,-0.4136608,-0.4853159,-1.0673625,-1.0555584,-0.88330406,-0.8337531,-0.76754063,-0.7712356,-0.8194515,-1.1559271,-1.439832,-1.6656541,-1.5622371,-1.57511,-1.8175586,-1.8227085,-1.9162263,-1.9177458,-1.8398359,-1.885548,-1.9388552,-1.9192584,-1.4106418,-0.9808856,-0.9188674,-1.3318368,-0.33182007,0.4941182,0.9764489,-0.045549624,-1.6191418,-2.4285285,-2.844168,-2.9886599,-2.9923837,-3.0171585,-3.0607395,-3.0214348,-3.0272856,-3.0837097,-3.05998,-2.9181857,-2.2726822,-2.0308836,-2.0298014,-1.9451338,-1.8332179,-1.7708087,-1.5847926,-1.3053534,-1.102359,-1.0268126,-1.1004746,-1.0245403,-0.9417224,-0.7229237,-0.27186698,0.20418186,0.5852472,0.99405587,0.45661002,0.27257034,0.6222189,0.3370443,-0.34983575,-1.1359751,-1.9918581,-2.251699,-2.1110978,-1.6763345,-1.401674,-1.5471239,-1.5509257,-1.3169904,-1.805644,-2.757962,-3.3597329,-3.1465323,-2.876185,-2.7364159,-2.414617,-1.9415902,-1.692288,-1.4195321,-1.2076429,-1.1694118,-1.3623619,-1.7457155,-2.0836973,-2.1234808,-2.027138,-1.7837248,-1.599324,-1.4274228,-1.3803692,-1.3580455,-1.3496616,-1.8435528,-2.235396,-2.3124082,-2.7699044,-2.9867384,-3.177536,-3.3681784,-3.3760548,-3.2266426,-3.178955,-3.3172188,-3.3633633,-3.2070928,-2.9916015,-2.9555807,-2.9918263,-2.9427233,-2.8321881,-2.880855,-2.8404002,-2.8950543,-2.898796,-2.7857127,-2.7705348,-2.8347878,-2.877222,-2.848022,-2.7814367,-2.7335382,-2.3107543,-2.3107476,-2.3108008,-2.6376863,-2.3109207,-2.3106694
-1.0458376,-1.1008654,-1.1833884,-1.3471467,-1.7364511,-1.8103778,-1.7871108,-1.2783349,-0.78079987,-0.26684368,-0.09609888,-0.26929843,-0.6888813,-0.819903,-0.81126314,-0.14106311,1.0741065,1.7964108,2.0910006,2.2428956,2.5820885,2.731999,2.2262707,1.8704647,1.1103935,0.8301199,0.38128224,0.044402197,0.012488171,0.19348845,0.5497655,1.1560954,0.9796803,0.5305816,0.63642526,1.1469673,0.5962355,0.21379937,0.07348825,-0.111873224,0.64865726,2.3443487,6.586849,9.116414,10.323897,10.699726,10.726148,10.710245,10.698843,10.646315,10.569838,10.5051,10.402139,10.0869875,9.556387,8.557217,7.444397,5.457408,2.0742164,0.44047576,0.11139567,-0.09496195,-0.15511733,-0.08517513,-0.2566413,-0.6400628,-0.9883755,-1.1029493,-1.1058254,-1.1360044,-1.0918993,-0.9353584,-0.9252479,-0.96587175,-0.37345394,0.5589644,0.8865455,0.6580192,0.18359831,0.04638402,-0.09926886,-0.61651325,-1.4224558,-1.254868,-0.4891865,0.1364229,1.3794732,2.9101305,3.2132816,3.0901132,2.9708219,2.873573,2.4761992,1.6823964,1.0472374,0.88796306,1.0210708,1.5679334,1.9468625,1.267879,0.85261106,1.8526554,2.531517,2.8229995,2.912032,2.9659896,2.9263668,2.72729,2.047383,1.892896,2.3400764,2.2096157,3.4978423,6.2084837,7.922386,9.433552,10.059511,10.171185,10.035121,9.473861,8.034926,5.156473,2.7012267,1.5949054,0.90684587,0.12857172,-0.34496924,-0.6064628,-0.58642215,-0.5720079,-0.5668893,-0.5460211,-0.84311,-1.1005734,-1.3823137,-1.364467,-1.250814,-1.2386277,-1.2290381,-1.1999693,-1.1999762,-1.1999811,-1.59895,-1.1999314,-1.2000653
-0.49297753,-0.29742953,-0.12293781,0.17984498,0.60908264,0.7051766,1.1577582,1.4226332,1.1641376,0.881542,1.0275251,1.2212555,1.216136,1.0439333,0.95546466,0.25612316,-0.349083,-0.7452961,-0.8763361,-0.9010436,-0.8557397,-0.7609762,-0.013898268,0.34811193,0.34765005,0.027618766,0.7343213,1.1776549,1.2585609,1.1048623,0.7287261,0.13519678,0.1243325,0.5889157,0.056538492,-2.2454624,-3.1813247,-2.8338373,-2.164205,-1.7282329,-1.5908192,-1.9180573,-1.9216135,-1.7038572,-2.0944567,-2.031147,-1.9692639,-1.9515655,-1.9505162,-1.8710232,-1.7602288,-1.6419332,-1.5148225,-1.1949123,-1.0726016,-1.5603228,-1.393568,-1.0326623,-0.87942624,-1.0643067,-1.2028925,-1.2537181,-1.3762288,-1.5487719,-1.6389283,-1.6406736,-1.6704096,-1.6418272,-1.4281505,-1.0719632,-0.69486237,-0.37422714,-0.22438481,-0.29318666,-0.3213269,-0.83601004,-1.0989215,-1.027715,-0.7198903,-0.818798,-1.2432736,-0.94598687,-0.26492053,-0.5271692,-1.1373112,-1.49694,-1.5475056,-2.2212827,-2.714599,-2.5333123,-2.2404814,-2.1261184,-2.159209,-2.308504,-2.4041905,-2.47252,-2.6241493,-2.6591415,-2.5189,-1.922199,-1.218316,-1.4342207,-1.6188347,-1.4531264,-1.2534668,-1.1571368,-1.0189537,-0.85334337,-0.5805929,-0.7762463,-1.5145068,-1.0257899,-0.87565994,-1.1859047,-1.1876404,-1.5203168,-1.855958,-1.948339,-1.9002893,-1.6961851,-1.0485116,-0.41489208,-0.15662599,-0.061848193,0.035022527,0.09661184,-0.038399264,-0.66045,-1.4559793,-1.6107379,-1.7297748,-1.8015835,-2.1030028,-2.3827236,-2.5651987,-2.6327715,-2.4874518,-2.3553848,-2.2385821,-0.96540713,-0.96536076,-0.96544856,-2.295062,-0.96567535,-0.96518505
-1.3485492,-1.2352629,-1.157728,-1.0492239,-0.8624602,-0.72267485,-0.7383903,-0.7748689,-0.7245446,-0.70903856,-0.32705334,-0.009612124,0.09699687,0.025610942,-0.1726914,-0.42312098,-1.1247497,-1.4017615,-1.4072237,-1.2988031,-0.8324361,-0.6155689,1.203048,2.7582397,6.7472396,9.405523,10.268644,10.368358,10.506471,10.482959,10.536921,10.26636,9.603451,8.737061,5.708182,0.45220053,-1.8223712,-2.2359006,-2.063629,-1.6535685,-1.5414695,-1.7522433,-1.5138996,-1.2337191,-1.5683322,-1.5540968,-1.5042155,-1.4899175,-1.4905287,-1.4147382,-1.3381333,-1.2556462,-1.112593,-0.7034946,-0.108555675,-0.58163995,-1.1615874,-0.8514346,-0.19197437,0.12738109,0.24090025,0.3367801,0.36958352,0.4432192,0.5743278,0.7817626,0.94077855,1.0935699,1.3771592,1.726831,2.1956065,2.3071456,1.8873119,0.92520714,-0.17304629,-1.5301284,-1.92187,-2.159555,-1.9248242,-1.1396055,0.17092207,0.8558539,0.84715426,0.16133693,-0.4815206,-0.90798783,-1.5860502,-2.6040664,-2.4415154,-1.74811,-1.6398561,-1.921212,-1.9851116,-2.093494,-2.1610262,-2.1152108,-2.1133273,-2.1223288,-2.0889747,-1.9332821,-2.0048914,-2.554842,-2.9102492,-3.1094167,-3.228632,-3.226024,-3.2205954,-3.0920506,-2.765037,-2.5977235,-2.0314312,-0.981284,-1.2274772,-2.2613344,-2.6672955,-2.839377,-2.8363676,-2.8640928,-3.0216975,-2.9464016,-2.2343478,-1.9577696,-1.9516909,-2.112902,-2.1151087,-1.8923881,-1.5618289,-1.6028814,-1.4156044,-1.2756518,-0.99984807,-0.87295794,-0.8576784,-0.8927733,-0.8156079,-0.8175758,-0.8546324,-0.8498797,-0.9073668,-0.60331357,-0.6033269,-0.60340154,-0.6710402,-0.60344523,-0.6032678
-1.3749843,-1.3191161,-1.1996603,-1.0671434,-0.6893915,-0.6651048,-0.4719097,-0.2546785,-0.11684845,-0.04836818,0.07290232,0.23571314,0.33546042,0.16448267,-0.30272973,-1.020245,-2.0721455,-2.4636924,-2.5888238,-2.6417227,-2.7399337,-2.7833347,-2.5084465,-2.1941292,-1.0728365,-0.6486323,-1.0566789,-0.995723,-1.0045569,-1.0701616,-0.9913143,-0.97957045,-0.8359634,-1.0071735,-1.7406545,-2.4260087,-2.0500243,-1.6887716,-1.6033659,-1.1239187,-0.98895776,-1.3202113,-2.2817173,-2.9008193,-2.993899,-2.9288998,-2.8614094,-2.849566,-2.8326,-2.7849874,-2.7215135,-2.6121545,-2.4049776,-1.8948797,-0.8999156,-0.41563255,-0.61052203,0.03931378,0.61121464,0.7546721,0.6306114,0.3304739,-0.06296876,-0.38071787,-0.7039096,-1.0292302,-1.170567,-1.2666526,-1.3346952,-1.4098305,-1.5402111,-1.6600969,-1.6361667,-1.9246538,-2.2960727,-2.8400078,-3.020101,-2.875111,-2.3397193,-1.3329914,-0.6310863,-0.4568306,0.075787514,0.088887125,-0.4862923,-0.96195936,-1.6365271,-2.7437754,-2.7388568,-2.1505852,-1.8567977,-1.8386999,-1.4906069,-0.94048125,-0.6169717,-0.51759684,-0.43341446,-0.45955974,-0.26482138,-0.015213087,-0.39749372,-1.4371116,-2.064245,-2.3385015,-2.5453224,-2.7794743,-3.0313797,-3.0830736,-2.681567,-2.0045753,-1.1601042,-0.7692007,-1.3682652,-2.6002076,-2.8264654,-3.023973,-3.2179782,-3.4370615,-3.6244097,-3.4350853,-2.4519687,-1.7190015,-1.3640487,-1.4168949,-1.4857295,-1.414758,-1.3726194,-1.2367578,-1.1472548,-1.0620663,-1.0789282,-1.1481533,-1.2428496,-1.1383926,-0.9696269,-0.9785032,-1.1359818,-1.3392632,-1.309181,-0.5592004,-0.55917716,-0.5593011,-0.96353596,-0.55942994,-0.5591149
-1.1193695,-1.0011027,-0.888162,-0.68237317,-0.24160323,-0.16899322,0.1827351,0.54740065,0.7896984,0.92191887,0.98064584,1.1027598,1.2288992,1.2659364,1.0189247,0.41794178,-0.6143086,-1.384474,-1.6623857,-1.7078767,-1.7800515,-1.7426229,-1.6089242,-1.6014755,-1.4291972,-1.0569386,-0.6765252,-0.6107889,-0.44695255,-0.20713136,-0.4356686,-0.90959674,-1.6756277,-1.8428806,-1.8736407,-2.2894607,-1.623743,-0.2699792,0.45129237,1.1297106,1.6877632,1.6077161,0.46607548,-1.0839928,-2.1107364,-2.433611,-2.4296875,-2.4765582,-2.516411,-2.5090213,-2.4936268,-2.488285,-2.5139067,-2.3628912,-1.8450103,-1.1273999,-0.32582828,0.39325586,1.0131414,1.084878,1.0279183,1.1611364,1.2094526,1.0219636,0.49158973,-0.021665841,-0.3699658,-0.6635789,-0.65150917,-0.6338813,-0.6660038,-0.23275962,0.085775726,-0.13300149,-0.15783271,-1.0201943,-1.5511211,-1.8273193,-1.5082968,-0.5603757,-0.23207241,-0.20144382,0.11818347,0.17710958,-0.5589639,-1.033489,-1.2427733,-2.1023726,-2.7383404,-2.4869452,-2.5216365,-2.4488096,-2.049877,-1.4456105,-1.1302156,-0.90062106,-0.5163622,-0.42217624,-0.7749169,-1.2169223,-1.3905566,-1.798502,-1.9198781,-1.6749818,-1.4388124,-1.5384218,-1.5844145,-1.5018309,-1.0989656,-0.81240225,-0.18984435,0.72729766,1.2312931,1.0365119,1.1681092,0.31767488,-0.6487261,-1.0818983,-1.1620612,-0.9437549,0.2522036,1.2223439,1.1323957,0.7732896,0.43067423,-0.046225045,-0.38246596,-0.43264115,-0.78056926,-1.0056537,-1.2339946,-1.4328959,-1.677384,-1.656837,-1.6062673,-1.589561,-1.6430985,-1.8403924,-1.7708222,-0.49414462,-0.4940932,-0.49418902,-1.5096765,-0.49445322,-0.49399054
-2.6785011,-2.6901002,-2.729496,-2.7543335,-2.8373208,-2.8008475,-2.8821802,-3.052784,-3.1100855,-3.0804224,-3.0744126,-3.290792,-3.3077476,-3.1465058,-3.0390172,-2.7281432,-2.749837,-2.747713,-2.7939131,-2.8263273,-2.8098278,-2.8898568,-3.1392717,-3.0715888,-2.5901828,-1.7583027,-1.6166868,-1.5498807,-1.2261635,-1.0674846,-0.9978551,-0.96842396,-1.4095767,-2.0277963,-2.3201456,-1.5318867,-1.5321504,-1.7699594,-1.7720397,-1.7250504,-1.9836234,-1.7687781,-1.3099377,-0.36626965,0.71248984,1.297938,1.456299,1.6550076,1.7953346,1.9438329,1.9485137,1.9009323,1.9198292,1.745651,1.0701067,-0.50759465,-0.97479117,-1.2687435,-1.4826423,-1.4761074,-1.5318159,-1.5819159,-1.5937014,-1.5442812,-1.4413722,-1.3341248,-1.4321473,-1.7516208,-2.3973286,-2.8602085,-3.1246393,-3.0778947,-2.9158645,-2.603027,-3.015233,-3.4923115,-3.5507364,-3.5973408,-3.7239084,-3.706166,-3.5080004,-3.3107913,-3.392107,-3.38054,-3.5036554,-3.526205,-3.2535834,-2.1895351,-2.1972578,-2.703484,-2.2692673,-1.9069126,-1.9778264,-2.0595832,-2.1045957,-2.246202,-2.3919644,-2.4362943,-2.0038767,-1.7465606,-1.5441839,-1.513679,-1.4110825,-1.4639175,-1.4041297,-1.2141802,-1.0325217,-0.9613608,-1.0287435,-1.4852071,-2.672781,-3.5994492,-3.4992666,-3.1474195,-2.961481,-2.994968,-3.1355207,-3.1179538,-2.9631848,-2.9682407,-3.1225462,-2.7767844,-2.9011617,-2.8393679,-2.6570563,-2.4349504,-1.9751071,-1.3564676,-1.1287601,-1.1133895,-1.0189542,-0.90973663,-0.9389211,-1.0149641,-1.0170403,-1.0576276,-0.90046847,-0.60498834,-0.7042234,-1.533633,-1.5336379,-1.5335444,-1.0704923,-1.533413,-1.5337539
-1.4410236,-1.4043607,-1.3432653,-1.18571,-0.8030528,-0.81146723,-0.4598944,-0.12898085,-0.21064214,-0.35608366,-0.10893832,0.10698544,0.1904614,0.020791933,-0.1700843,-0.4757938,-0.87501025,-1.2127603,-1.3514478,-1.4819458,-2.0521245,-2.2937088,-2.4011776,-2.644815,-3.301097,-3.5885134,-3.4869795,-3.3203583,-3.391533,-3.796812,-3.9184327,-4.1093907,-3.79733,-3.411189,-3.2202625,-3.3179069,-2.171613,-0.9071348,-0.8170924,-1.0573554,-1.2309088,-1.6072958,-2.1559572,-2.2547495,-2.6633594,-2.8678255,-2.8851953,-2.9193525,-2.9764538,-3.001244,-3.0041637,-3.053629,-3.0973983,-2.9161704,-2.7475445,-2.301403,-1.901148,-1.5557896,-1.700629,-2.010663,-2.1478322,-2.1998787,-2.2552595,-2.375498,-2.683163,-3.1739554,-3.4518876,-3.6517787,-3.7448611,-3.534782,-3.2198546,-3.044354,-2.7731018,-2.0486674,-1.4317605,-1.5849946,-1.7182426,-1.635847,-1.4695805,-1.3563075,-1.6736324,-1.6066629,-0.8442999,-0.80561477,-1.0088944,-1.0095353,-1.1833298,-2.0245872,-2.402184,-2.4849117,-2.0796492,-1.891918,-1.9176121,-2.1375394,-2.092321,-2.020918,-1.9516633,-1.8474265,-1.6481544,-1.6936065,-2.0107744,-2.549998,-2.5773,-2.2569287,-1.9308016,-1.8235536,-1.6439513,-1.5268118,-1.2282004,-1.2136502,-1.7453997,-1.4471252,-1.5846455,-1.7415701,-1.7208204,-1.9605936,-2.3109732,-2.51929,-2.468391,-2.0521252,-1.5581591,-1.2088432,-0.789122,-0.5482927,-0.5182113,-0.6719389,-0.9894381,-1.3937119,-1.7598506,-1.6366494,-1.7755,-1.8550305,-2.186099,-2.410015,-2.6178393,-2.8065,-2.7230706,-2.5985773,-2.440824,-2.335571,-2.3355281,-2.3355758,-2.70042,-2.3357432,-2.335448
-1.0382931,-0.8408675,-0.7548183,-0.58941215,-0.37685516,-0.37623358,-0.304802,-0.52572787,-0.6496748,-0.7818381,-0.774737,-0.5157716,-0.25975308,0.08383286,0.18638796,-0.76432,-1.7979882,-2.1274884,-2.0557163,-1.9370298,-1.7301853,-1.6879052,-1.8586446,-1.7412568,-1.8088474,-1.7488332,-1.168232,-1.0676188,-0.6338925,-0.15766652,-0.096003115,-0.22704864,-0.15251893,-0.036089364,-0.45709038,-0.6403101,-0.38617975,-0.25740772,-0.115145564,0.012076706,0.09766057,-0.03538692,-0.4582144,-1.4039174,-1.8821523,-1.7242554,-1.628877,-1.4877166,-1.3437147,-1.1663897,-1.0343337,-0.9565071,-0.95544493,-1.0928137,-0.76520926,0.04343438,0.3082776,-0.056438923,-0.30819994,-0.3919205,-0.3836453,-0.3103697,-0.2337884,-0.19137996,-0.23057579,-0.37869745,-0.5861405,-0.8727734,-0.9852024,-1.046272,-1.1303933,-0.9919453,-0.7378614,-0.7188189,-1.1938665,-1.483449,-1.5495713,-1.2911842,-1.2006559,-1.0349731,-0.543756,-0.46898663,-0.65801656,-0.8208153,-1.059551,-1.0902131,-1.1448402,-0.6040871,-0.36394575,-0.5113113,-0.3482793,-0.4558492,-0.75054383,-0.9265452,-0.7444402,-0.6137279,-0.38212466,0.16937348,0.58000207,0.07815215,-0.29390937,-0.019383758,0.2503792,0.2754473,0.24120463,0.25576705,0.37704504,0.44304478,0.30544773,-0.020080313,0.19354081,0.44742978,0.5103701,0.6253188,0.31152302,-0.48400778,-0.6828063,-0.56921524,-0.3088379,-0.11532939,-0.3484013,-0.9167372,-1.0310444,-1.1107605,-0.99507546,-0.87740815,-0.71727836,-0.35586676,-0.16261017,-0.4005038,-0.55461043,-0.56786346,-0.49304396,-0.51304513,-0.45263076,-0.47809842,-0.29067582,-0.056540325,-0.2834775,0.7022936,0.7023126,0.7021643,-0.30902964,0.7019892,0.70236695
-1.5076958,-1.4673691,-1.3417591,-1.1506356,-0.7093903,-0.67739797,-0.37561965,-0.11316963,-0.17789812,-0.39761865,-0.61880267,-0.55949384,-0.41601518,-0.79866844,-1.2523375,-1.3947629,-1.4141645,-1.5851536,-1.7206609,-1.8823969,-2.332138,-2.4338708,-2.505951,-2.704186,-2.8459315,-3.0480084,-3.361987,-3.2915792,-3.3653784,-3.6627574,-3.769268,-3.8589811,-3.4861739,-3.1447601,-3.0613065,-2.7112317,-2.02747,-2.1035538,-2.5513558,-2.5064151,-2.4074018,-2.3823674,-2.3420875,-2.040062,-2.4958189,-2.8163204,-2.884448,-2.9427247,-3.025455,-3.1079264,-3.1574907,-3.1520953,-3.0292954,-2.6654637,-2.354074,-2.308952,-2.1428223,-1.7351203,-1.6386586,-1.9062366,-2.1208866,-2.2889104,-2.3976784,-2.514061,-2.7553368,-3.088396,-3.248302,-3.3794765,-3.3701243,-3.2391303,-3.054123,-2.9430032,-2.7745903,-2.536107,-2.0484316,-1.812696,-1.7790612,-1.5629857,-1.3024964,-1.0105879,-1.302721,-1.3948618,-0.7401908,-0.4072109,-0.7458165,-1.1538148,-1.449123,-2.212206,-2.5457733,-2.5445242,-1.9380496,-1.5271149,-1.2276243,-1.0393782,-1.072089,-1.1400537,-1.3765436,-1.6445713,-1.8283433,-1.9084342,-2.3074403,-2.8919287,-2.9874349,-2.7064893,-2.3669612,-2.2795477,-2.0850134,-1.8243508,-1.0925887,-0.76563025,-1.5290346,-1.7313147,-1.9488525,-2.3839371,-1.9564384,-1.6774622,-1.9636748,-2.148478,-2.1533115,-1.7990942,-1.2025439,-1.1974068,-1.3247745,-1.4497372,-1.642112,-1.8788954,-2.180884,-2.3925867,-2.7487283,-2.8485708,-2.9957404,-3.0323467,-3.0858936,-3.1151867,-3.162005,-3.160882,-3.252962,-3.4090297,-3.2955484,-3.237888,-3.2378757,-3.2379646,-3.1987371,-3.2381392,-3.237787
-4.938464,-4.8750477,-4.8233333,-4.7176933,-4.4644437,-4.471336,-4.305502,-4.065995,-3.8791416,-3.7316208,-3.4091516,-3.2585566,-3.040042,-2.886764,-2.930349,-3.157563,-3.2782068,-3.2878785,-3.37233,-3.465145,-3.612518,-3.6522655,-3.815499,-3.8622866,-3.081295,-2.4873292,-2.8879337,-3.127704,-3.0048275,-2.9168649,-2.7318716,-2.5613785,-2.5173457,-2.549621,-2.8012094,-2.5478103,-2.1508255,-1.9717469,-2.4178724,-2.3778837,-2.5430536,-2.5744731,-3.0693836,-3.2511072,-3.4318027,-3.5771735,-3.6313124,-3.58164,-3.5640616,-3.5721476,-3.652285,-3.841671,-4.0073094,-4.0824285,-4.034762,-3.6683683,-3.4144557,-3.4961243,-3.511096,-3.423321,-3.5333357,-3.7335463,-3.8255606,-3.8558598,-3.894321,-3.9548655,-4.027477,-4.143415,-4.2236447,-4.201784,-4.0849953,-3.8914888,-3.4058566,-2.8029604,-2.995139,-3.2447076,-3.2914891,-3.339622,-3.5400753,-3.4800262,-3.3840642,-3.3319035,-3.1841002,-3.161899,-3.3837464,-3.4017324,-3.4469333,-3.092743,-3.2763603,-3.7142699,-3.149768,-2.8233829,-2.7797785,-2.7535827,-2.5532892,-2.4766111,-2.392167,-2.0886564,-1.2005135,-0.60810167,-0.8343179,-1.4554825,-1.5944421,-1.8041768,-1.8947272,-1.825033,-1.8228916,-1.8464055,-1.7488503,-1.743517,-2.8404303,-3.7898693,-4.157944,-4.4546337,-4.4734645,-4.203148,-4.294492,-4.39414,-4.3907037,-4.4896927,-4.7332697,-4.6940002,-4.765173,-4.710393,-4.6951103,-4.8584013,-5.0741944,-5.0855513,-5.053775,-5.0222387,-4.9991293,-4.9101686,-4.6713276,-4.6216164,-4.608766,-4.5668845,-4.6049175,-4.498939,-4.5118165,-5.539674,-5.5396695,-5.53966,-4.516903,-5.5396757,-5.5396647
-1.692178,-1.630412,-1.5858458,-1.6111231,-1.4809431,-1.4080937,-1.2909642,-1.3039979,-1.4503095,-1.7631583,-2.0702627,-1.9593582,-1.6792191,-1.8417358,-2.0010462,-2.1268778,-2.210639,-2.1525111,-2.1243794,-2.1422276,-2.3205123,-2.4720087,-2.5276287,-2.5410104,-2.0977015,-2.2053084,-3.0400114,-3.242268,-3.5442765,-3.6148171,-3.5747092,-3.321865,-2.8562965,-2.6676905,-2.9667385,-2.8361704,-2.6077354,-2.7069383,-3.1242933,-2.9890814,-2.8606632,-2.7062032,-2.4402468,-2.1580105,-2.5160162,-2.702159,-2.7534766,-2.7868743,-2.8503797,-2.9067438,-2.9625804,-2.9857583,-2.9271798,-2.7115493,-2.2162673,-1.531612,-1.4887333,-1.1028386,-0.54861456,-0.45066088,-0.516032,-0.71229374,-0.87077487,-0.91878796,-0.90832424,-0.6479059,-0.4275381,-0.36728933,-0.026917249,0.3346102,0.60992116,0.58953315,0.40041858,-0.2287911,-0.96261716,-1.6340141,-1.8722453,-1.9965379,-1.9024155,-1.9377677,-2.3044457,-2.5586665,-2.159271,-1.7692178,-1.9183594,-2.0711617,-2.472534,-3.3063796,-3.2578154,-2.4744577,-1.1593099,-0.41575626,0.3964091,1.2023339,1.3629738,1.3058684,1.0173868,0.72931427,0.6765489,1.0169629,0.720034,-0.51864254,-1.2704029,-1.6224816,-1.8430419,-2.0102983,-2.2078764,-2.309462,-2.0974011,-1.9074628,-2.585359,-2.924398,-3.346283,-4.0795455,-3.9343197,-3.7003136,-3.589358,-3.5733612,-3.5986571,-3.5761647,-3.5580003,-3.5160103,-3.1389294,-3.0422194,-3.0711646,-2.8512955,-2.5430706,-2.2755578,-2.1609004,-2.2910671,-2.4677167,-2.5266242,-2.4885626,-2.3392775,-2.2135406,-2.1254818,-2.1811755,-2.40246,-2.5656524,-1.5733109,-1.573324,-1.5734375,-2.2156239,-1.5735307,-1.573263
6.2627687,6.4793205,6.686013,7.043378,7.9658318,7.900574,8.623523,9.594959,10.258126,10.680456,10.971943,11.22287,11.4902525,11.36629,10.536994,8.722684,6.091866,3.9703662,3.0146008,2.427948,0.9838565,0.5977412,0.58419764,0.23763713,-0.37749526,-0.74294287,-1.0007803,-1.130847,-1.3815539,-1.5409052,-1.93995,-2.6764503,-2.8866224,-2.5003788,-1.8554869,-1.3102012,0.054463565,0.95039284,1.2530665,0.9810116,0.7682752,0.24286842,-0.41822487,-0.62473726,-1.3362031,-2.0927489,-2.303595,-2.5252767,-2.7545114,-2.945661,-3.058211,-3.1560853,-3.1305413,-2.8418317,-2.6577823,-2.63554,-1.7077978,-0.79250085,-0.40699768,-0.42675662,-0.46703452,-0.3300401,-0.14305753,-0.1128639,-0.19120201,-0.48728487,-0.5575472,-0.58885294,-0.4784117,-0.3000573,0.0045472533,0.4193283,0.8068748,1.0671008,1.5894082,2.0085578,2.4742708,4.232521,6.157098,8.952074,10.850702,11.366295,11.404236,11.478298,11.1411,10.445137,8.561224,4.8864746,3.190886,2.360864,0.8359728,0.40415102,0.15555951,-0.051827952,-0.24483217,-0.22050244,-0.1619985,-0.08004326,-0.25435907,-1.0110465,-1.2413914,-0.8857001,-0.13004228,1.1553638,2.517708,2.9871697,4.0717034,5.3683543,7.835266,9.613377,11.20676,11.582908,11.646717,10.264443,7.8794804,4.036919,2.0555632,1.6585728,2.4802282,4.771394,8.287325,10.100156,10.133494,9.957246,9.811333,9.3785095,8.69532,8.165959,7.433479,7.168269,6.437444,6.0571594,5.1788216,4.9593835,4.683901,4.5029297,4.85303,4.994972,5.387558,3.4971137,3.497055,3.4969852,3.749382,3.4968936,3.4972148
-2.5247552,-2.6259086,-2.7671132,-2.8594513,-2.930295,-3.0101418,-3.037799,-2.8843427,-2.4633627,-1.9324187,-1.0358552,-0.6253132,-0.53173596,-0.33188096,-0.54124296,-0.57658,-0.1563319,0.17856422,0.18516015,0.122519225,0.05034264,0.07585345,-0.19701028,-0.43805078,-1.1033684,-1.7199795,-1.976102,-2.1160934,-1.6252162,-1.3167181,-1.1607985,-0.97161305,-1.1436381,-1.4134128,-1.0730007,0.07292151,-0.3561731,-1.1658981,-1.58482,-1.4775614,-1.4693034,-1.3520474,-1.6734368,-1.9293427,-1.3673058,-0.87993634,-0.7707541,-0.7156732,-0.70106846,-0.73026,-0.8495817,-0.965995,-1.0506837,-1.2886077,-1.316218,-1.2562214,-1.1842161,-1.3876557,-1.1891241,-0.76281726,-0.69242305,-0.7998607,-0.8231977,-0.7583961,-0.5596327,0.0003867559,0.5821228,0.9998636,1.1040194,0.6458502,0.17283803,-0.16568032,-0.35263175,-0.055495054,0.31662148,0.57022107,0.5312113,-0.031042859,-0.67451584,-1.6792678,-2.0796824,-1.5744424,-1.3851216,-1.0797983,-0.72220635,-0.41942045,-0.27388886,0.8159004,0.7952533,0.062424272,-0.9930487,-1.4402125,-1.6948091,-1.4952911,-0.91846323,-0.6469683,-0.12519671,0.8270113,3.6632226,7.2816796,9.848164,11.154711,11.504054,11.5830555,11.469161,11.384605,11.064076,10.662832,9.780277,8.391147,4.678809,0.7281886,-0.3353574,-0.72768605,-1.2074742,-0.911351,-0.7032889,-0.69558394,-0.797556,-1.1604381,-2.1006126,-2.2923326,-2.2589474,-2.078998,-2.004739,-2.2437434,-2.3922515,-2.0333848,-1.441062,-1.2756746,-1.2549254,-1.0347232,-0.71769714,-0.65150595,-0.68506265,-0.5853267,-0.4685603,-0.18322292,-0.35109878,-1.1788019,-1.1788201,-1.1786375,-0.29758197,-1.1784037,-1.1789818
-0.22512162,0.006655745,0.19859202,0.0920413,0.016601076,-0.04745914,0.048818536,0.058506794,-0.14936468,-0.49398106,-1.1587989,-1.4115634,-1.6711373,-1.8476825,-1.4859538,-0.74851894,-0.89398706,-1.0516704,-1.0740907,-1.1059666,-1.2851255,-1.4335934,-1.1264389,-0.6736709,0.4185506,1.0240922,0.13935737,-0.12257163,-0.7455435,-1.0235299,-0.9974878,-0.9212324,-0.774939,-0.82297236,-1.31477,-1.8372804,-1.810149,-1.6872951,-1.342613,-1.1663375,-1.2023776,-1.2656468,-0.92421806,-0.5322659,-0.96772957,-1.3238562,-1.4122841,-1.5068811,-1.5944716,-1.6840467,-1.8813243,-2.1267543,-2.332558,-2.3920155,-1.7908317,-0.3861048,0.013748266,-0.08255555,0.3141907,0.5644094,0.65041184,0.49999344,0.32525855,0.18420097,-0.18726522,-0.6510123,-1.1137717,-1.5052366,-1.5272045,-1.2836399,-1.112534,-0.8389007,-0.4327952,-0.17258748,-0.8842852,-1.6988547,-1.9039261,-1.9682543,-1.6200948,-1.3307343,-0.9388165,-0.8024693,-0.29816955,0.10519183,0.20247304,0.11315832,-0.17658204,-0.25147858,2.1655302,5.603664,8.98562,10.240092,11.260944,11.953689,12.153067,12.1671715,12.172582,11.970133,11.458827,10.081274,7.4932795,4.134652,1.7979273,0.50464165,-0.4999081,-1.1115868,-1.7366455,-2.065498,-1.881808,-1.5290451,-1.5364263,-1.2107075,-1.343228,-1.8310912,-2.4596074,-2.9316483,-2.7594957,-2.674769,-2.6969504,-2.5181587,-1.9136508,-1.5307773,-1.2771688,-1.1646743,-1.1086482,-0.68714374,-0.43665558,-0.2837051,-0.23845698,-0.3649857,-0.5055607,-0.70790714,-0.66832554,-0.26180124,0.030906484,0.024628103,-0.34056732,-1.007128,-1.1578948,0.19008386,0.19008587,0.19001833,-0.39055926,0.19001217,0.19004291
1.0243545,0.7186334,0.5608867,0.41524726,-0.29599547,-0.554085,-0.9499897,-1.1762351,-1.0583239,-0.75263786,-0.72889936,-0.7878684,-0.7616029,-0.29813963,0.8002491,2.2185643,3.2761335,3.5059586,3.5105338,3.4674854,3.253101,3.100672,2.2111435,1.9352899,1.4587698,1.2989174,1.2387505,1.1624609,1.7148577,2.9525433,3.7420993,5.640727,7.3905754,8.645639,10.346337,11.367514,10.364046,7.792943,2.9342017,1.1169243,0.78167796,1.1511816,0.89154387,-0.07275519,0.12465641,0.19330388,0.08069423,0.027299643,-8.1807375e-05,-0.11239502,-0.08926967,-0.10145199,-0.09326549,-0.14588936,0.0062223077,0.617153,0.9142647,-0.14578536,-1.5798256,-1.8033895,-1.8107345,-1.9023137,-1.9172955,-1.8841786,-1.7402422,-1.372122,-0.92718726,-0.42661855,-0.16061206,-0.2471692,-0.3338037,-0.16175346,0.10728703,0.8757231,1.7417558,2.3866987,2.7217295,2.406341,1.604116,0.91569674,0.05239597,-0.38270038,-0.27114448,1.2614083,3.9253955,6.6935573,9.414789,10.577076,10.700697,10.202466,8.972477,7.516337,5.5740848,2.7875457,1.2734507,0.95724535,0.7491371,1.0623598,1.3712002,1.7529016,1.8235517,2.3122063,2.4861689,2.094764,1.6372602,1.4851661,1.2163253,0.8459448,-0.011585444,-0.50925153,-0.96050465,-0.8014339,1.3882926,5.252452,7.6694407,9.036598,9.285658,9.267311,9.037857,8.28305,6.2244444,2.7013001,0.5251684,-0.3617955,-0.75702286,-1.2037145,-1.5276883,-1.8710461,-1.8051412,-1.6072692,-1.5331953,-1.5327528,-1.2772689,-1.2040488,-1.3261247,-1.1825886,-1.1742473,-1.0823578,-0.88246465,-1.753891,-1.7538624,-1.7537032,-1.302351,-1.7536147,-1.7539378
0.09938902,0.07779646,0.06866795,-0.002801858,-0.053417444,-0.17195603,0.12507471,0.9397512,1.7541102,2.5429254,3.6393335,4.148106,4.142138,3.9258723,3.0945585,2.3140924,2.6051025,2.9478376,3.0579407,3.1432061,3.3487768,3.440568,3.5218313,3.6059816,2.7535307,2.2580848,2.9180903,3.1832705,3.4534426,3.2756076,3.344099,2.70893,2.1292791,2.2187066,2.9846501,3.4125304,2.6853814,2.624011,3.2963831,3.4608586,3.423845,3.3348713,2.5567746,1.7265157,2.0640776,2.221523,2.191108,2.2271035,2.21281,2.1653938,2.0984774,1.8597159,1.6343178,1.2086573,0.8035139,1.0591251,1.6984648,2.5262728,3.033298,3.049047,2.8963227,2.4046764,1.8298432,1.3774608,0.828189,0.16662106,-0.093633816,-0.16261387,-0.13019612,0.22910202,0.52214646,0.79106975,0.91960096,0.6480253,1.0683826,1.9916989,2.2360399,2.2196543,2.0193942,1.7962687,2.9176435,3.960547,4.682747,4.881565,4.4671702,3.736884,3.140047,3.704943,3.5854974,3.194199,2.8820493,3.4912255,4.222033,4.892807,5.0812416,4.99397,4.6467586,4.1960535,3.4489412,2.7265573,2.801838,3.5408654,3.8337433,3.768714,3.5250125,3.4246027,3.1517515,2.7439127,1.779071,1.531395,2.5919602,3.3027756,2.8413038,1.4632133,0.3212906,0.61679995,0.92690253,1.111795,1.2238059,1.119966,1.4404194,2.3561516,2.449491,2.385323,2.269921,1.65807,0.8214817,0.34108776,0.122876994,0.1266163,-0.1782882,-0.13416377,-0.11918229,-0.29372635,-0.4810779,-0.51547074,-0.33465007,-0.15767403,-0.06408224,-1.622335,-1.6223705,-1.6223298,-0.07352908,-1.6221981,-1.6224153
-5.6439357,-5.5611567,-5.4592032,-5.2821274,-4.83683,-4.7644105,-4.56588,-4.5518274,-4.6881504,-4.905239,-4.9171295,-4.7116647,-4.37309,-4.3478727,-4.2344103,-4.2024326,-4.6590266,-4.926052,-5.0479803,-5.1647844,-5.385465,-5.4466667,-5.4242225,-5.3639646,-4.4667244,-4.19544,-4.77911,-4.8570633,-4.756768,-4.629222,-4.4895153,-4.018643,-3.5643358,-3.5728838,-4.6206293,-5.276833,-4.596538,-4.4116707,-4.83026,-4.586869,-4.5063977,-4.469541,-4.377844,-3.9267178,-4.2168827,-4.439245,-4.4735146,-4.486842,-4.5210967,-4.525532,-4.5626535,-4.590619,-4.6086955,-4.3876,-4.1422625,-4.307588,-4.599016,-4.547386,-4.2105875,-3.9798336,-4.0273204,-4.1576195,-4.270621,-4.3826923,-4.4997787,-4.5492477,-4.602076,-4.6785903,-4.619651,-4.5557313,-4.432288,-4.315387,-3.9953423,-3.5453424,-3.8045151,-4.549859,-4.8064184,-4.8758907,-4.845521,-4.7547097,-5.130167,-5.185295,-4.9082723,-4.8819547,-5.248985,-5.1642427,-5.1681223,-5.6493692,-5.639329,-5.358223,-4.4888334,-4.2894692,-4.21068,-4.047221,-3.7399068,-3.6710355,-3.6062455,-3.516467,-2.9166968,-2.2068777,-2.497962,-3.6346097,-4.15706,-4.3342295,-4.3562384,-4.353565,-4.3498797,-4.23929,-3.7040725,-3.5506194,-4.799633,-5.4303293,-5.5897093,-5.741241,-5.334329,-5.519849,-5.8217516,-5.975718,-5.97239,-5.7839756,-5.7158165,-5.870456,-5.7934113,-5.703914,-5.6556706,-5.4958105,-5.334884,-5.289526,-5.524935,-5.6340227,-5.6729674,-5.722715,-5.7733364,-5.6807017,-5.5275908,-5.524619,-5.6335545,-5.7794657,-5.844547,-4.4834023,-4.4833546,-4.4834538,-5.64775,-4.4836774,-4.4832563
