0,1,2,3,4,5,6,7,8,9,10,11,12,13,14,15,16,17,18,19,20,21,22,23,24,25,26,27,28,29,30,31,32,33,34,35,36,37,38,39,40,41,42,43,44,45,46,47,48,49,50,51,52,53,54,55,56,57,58,59,60,61,62,63,64,65,66,67,68,69,70,71,72,73,74,75,76,77,78,79,80,81,82,83,84,85,86,87,88,89,90,91,92,93,94,95,96,97,98,99,100,101,102,103,104,105,106,107,108,109,110,111,112,113,114,115,116,117,118,119,120,121,122,123,124,125,126,127,128,129,130,131,132,133,134,135,136,137,138,139,140,141,142,143,144,145,146,147,148,149,150,151,152,153,154,155,156,157,158,159,160,161,162,163,164,165,166,167,168,169,170,171,172,173,174,175,176,177,178,179,180,181,182,183,184,185,186,187,188,189,190,191,192,193,194,195
12.6472645,12.680328,12.705908,12.7151,12.704664,12.6702385,12.608933,12.565367,12.374693,12.102892,11.502909,11.154628,10.132191,9.003885,7.773941,6.9072466,5.7559247,5.098382,4.979663,4.424363,3.882195,3.3648472,2.1477365,1.3818157,1.0225332,1.0208822,1.0734727,1.5027361,2.3522472,3.1885667,3.7408957,4.9346633,7.01377,8.307083,8.079359,6.545987,4.4675655,3.402937,2.683818,2.0497248,1.5466468,1.2620053,0.60202163,0.01334247,0.4423695,1.1663827,1.0518446,0.7517979,0.6999165,0.70554364,0.7258208,1.2191722,1.5838549,1.8483214,1.6963087,1.512114,0.7222481,-0.22277367,-0.8643362,-1.1662123,-1.1629654,-0.46988577,0.26485974,0.44114986,-0.28827357,-1.5457706,-1.8239969,-1.2776947,-0.7846036,-0.19579262,0.83094466,1.48048,1.789664,3.2098641,3.1937413,2.6784859,3.4128036,3.4146733,3.310523,3.2514334,3.9450793,6.0792017,7.2781353,8.089986,8.743709,8.57796,8.635281,8.753066,8.502869,8.565625,8.69288,8.507373,7.187833,6.0135336,3.9168508,3.1297505,2.726965,2.6052792,2.1622171,2.2214608,1.6779342,1.1447964,1.0163863,0.87569773,0.96723974,1.4907359,2.2421796,3.3770075,3.4935617,1.970958,-0.08062197,-0.6663434,-0.94780123,-1.292299,-1.5002589,-1.4704216,-1.1052438,-0.42787743,0.47558278,1.0101957,1.4168911,1.8167708,1.8129532,1.4287835,1.3299768,1.4148229,1.3619021,1.1819992,0.6793535,0.27055633,-0.26515675,-0.31881022,-0.25917777,0.0044697225,0.33765435,1.0699143,2.656466,3.9569702,4.5130906,4.5987625,4.56445,4.177806,3.9417288,3.3179412,1.0896449,0.43669888,1.0666693,1.6546324,1.9087785,1.7279767,1.4999702,1.3572896,1.3340588,1.213541,1.1420479,1.4398285,2.6397438,3.222395,3.8396978,4.2699995,3.4953892,2.2740974,1.9264065,1.9703699,2.0773106,2.4760206,3.0190268,3.2305803,3.200776,3.1433203,3.273598,3.410181,3.7102566,3.9373791,4.382836,4.824939,5.5921373,6.2706065,7.6415815,9.1335335,9.64247,9.986438,10.48679,10.213909,10.553223,12.12631,12.931511,13.047614,13.105611,13.227875,13.205328,11.475649,11.475556,11.4754925,11.47526,11.4752655
-2.8417165,-2.8175933,-2.8344035,-2.8918219,-2.8871582,-2.9753232,-3.0530155,-2.995607,-2.9791288,-2.618167,-2.621465,-2.5854244,-2.6399066,-2.733167,-2.6985986,-2.6037219,-2.4525745,-2.3050497,-2.3062525,-2.2026236,-2.070946,-1.8264629,-1.35111,-1.1814293,-0.9708315,-0.82390636,-0.6250563,-0.64098966,-1.0609252,-1.8862145,-2.3512359,-2.67249,-2.8186557,-2.7751412,-2.6893024,-2.5790212,-2.4180756,-2.1851497,-1.9794788,-1.9445112,-1.9848578,-2.1477962,-2.370282,-2.290958,-2.4431262,-2.8763103,-3.0945635,-2.8066366,-2.385797,-1.9048471,-1.4336026,-1.4688469,-1.660814,-1.9094543,-1.9447092,-1.738643,-1.567905,-1.6155885,-1.9343436,-1.7515258,-1.2734538,-0.8208733,-0.5817513,-0.1393339,-0.12699032,-0.3096967,-0.2625687,-0.6947409,-0.5894849,-0.5002175,-0.774129,-0.8774843,-1.0412438,-2.3679216,-2.1992612,-1.4080389,-2.0364742,-2.6263337,-2.7896173,-2.7117095,-2.7991343,-2.8273582,-2.6364589,-2.6966076,-2.7956,-2.9766784,-3.075973,-3.1685271,-3.2376873,-3.2624645,-3.3881128,-3.4035702,-3.322012,-3.4611585,-3.4419127,-3.4223266,-3.2486913,-3.1612587,-3.0937703,-2.8741431,-3.0457017,-3.219159,-3.2919853,-3.1750689,-3.0760584,-2.8436382,-2.478003,-2.0401278,-2.0151343,-1.8973672,-1.965211,-2.1479337,-2.6593118,-2.8128598,-2.6951003,-2.7367954,-2.982172,-3.1094687,-3.1676297,-3.071229,-2.9094844,-2.2980514,-1.3226112,-0.98724484,-1.21247,-1.4847203,-1.7528219,-1.9776882,-2.2736056,-2.4833863,-2.554623,-2.1361005,-1.2825233,-0.3753908,-0.4276099,-0.9905147,-1.6010585,-1.6902511,-1.9377065,-2.1530273,-2.2754622,-2.4325943,-2.3632598,-2.555486,-2.9106374,-3.1466556,-3.2293212,-3.1869106,-3.2798586,-3.2969334,-3.2981036,-3.3346078,-3.3215132,-3.2651358,-3.044058,-2.6288204,-2.376786,-2.3363476,-2.3601933,-2.4992976,-2.4721053,-2.38238,-2.4593258,-2.5734806,-2.7290874,-2.951252,-3.0332265,-2.976408,-2.9168878,-2.8723946,-2.8599606,-2.8907537,-2.9133961,-2.9131184,-2.8941069,-2.8714485,-2.7573078,-2.721382,-2.5233836,-2.0514216,-1.6918488,-1.6881058,-1.6408547,-1.4941645,-1.4991255,-1.2584349,-1.1825275,-1.2809122,-1.234779,-1.1147397,-1.1482596,-0.8696147,-0.8696016,-0.86956966,-0.8696242,-0.86960614
-1.1975406,-1.2320936,-1.3384315,-1.3476698,-1.237907,-1.3184866,-1.2808322,-1.2672815,-1.1585991,-0.73653656,-0.4893763,-0.5522242,-0.5876422,-0.7416981,-0.93355393,-1.2954016,-1.6340072,-1.6495876,-1.5612097,-1.3930652,-1.3255067,-1.3090652,-1.1185796,-0.2939266,-0.02364187,-0.20867905,-0.43153948,-0.65751606,-0.663368,-0.1964488,-0.057317667,-0.16656345,-0.16823782,-0.011655588,0.20332985,0.21476552,0.16870295,0.31666678,0.33460936,0.37971446,0.25697082,-0.09160489,-0.6902415,-0.8093394,-0.17472851,-0.1190055,-1.3733612,-2.1425014,-2.379991,-2.3015757,-1.9874994,-1.8099797,-1.9054127,-2.0810127,-2.1150477,-1.7142162,-1.678145,-2.1067276,-1.9663303,-2.3546076,-2.9576757,-2.968474,-3.0459797,-2.980013,-3.1119053,-3.4118915,-3.1995351,-3.1615796,-3.2909906,-3.2804413,-3.1198742,-2.898847,-2.794569,-2.6503634,-2.7319217,-2.572046,-2.6475441,-2.6845787,-2.791733,-2.8932214,-2.7831445,-2.2311447,-2.114511,-2.0268788,-1.8180039,-1.6695886,-1.5392975,-1.2056258,-1.0864408,-0.961612,-1.1287935,-1.3450477,-1.8084779,-1.9851384,-2.0813465,-2.0644116,-1.9675962,-1.8531426,-1.8481818,-1.9596847,-1.8917058,-1.7849153,-1.8947692,-2.162996,-2.3811698,-2.4272587,-2.4093232,-2.029988,-1.0178535,-0.7046483,-1.0830085,-1.3526442,-1.976828,-2.519454,-2.6120243,-2.5525491,-2.5281796,-2.5167687,-2.3397608,-2.1428814,-2.0062768,-1.9532666,-1.8519999,-1.8820859,-1.9601109,-2.1078367,-2.3089788,-2.5339813,-2.8386827,-2.9148722,-2.9214816,-3.1147482,-3.4241304,-3.5259242,-3.3667555,-2.9555795,-2.6378744,-2.1162689,-1.6082453,-1.3096074,-1.4263778,-1.4535732,-1.4110398,-1.6423699,-1.3320293,-0.611243,-0.20525315,-0.9945247,-2.0619183,-2.33532,-2.2735343,-2.2499995,-2.2795851,-2.218069,-2.062652,-1.8166177,-1.5098175,-1.3425978,-1.2603915,-1.1265562,-1.1828866,-1.4335058,-1.5331873,-1.3953089,-1.0920192,-0.51863205,-0.40372646,-0.41486004,-0.53140026,-0.6172717,-0.72439045,-0.7267393,-0.7241099,-0.67936444,-0.66895145,-0.7079398,-0.7864236,-0.93315315,-1.330318,-1.7413745,-2.0120416,-1.9914211,-1.9964118,-2.1866927,-1.8778296,-1.1580329,-0.9489693,-0.974089,-0.96010035,-0.9472743,-0.9542453,0.34462225,0.34463936,0.34466025,0.34482747,0.34481263
-1.8459275,-1.791644,-1.7386029,-1.7139133,-1.7265155,-1.7678653,-1.9584085,-1.9940333,-1.9410602,-1.4432862,-1.4710238,-1.2642806,-1.1604912,-0.9490925,-0.8144642,-0.959273,-1.1916659,-1.4257195,-1.5919547,-1.6811131,-1.7308125,-1.7516446,-1.7749366,-1.317874,-0.25262147,0.22519743,0.6364313,0.83060586,0.67819643,0.03641689,-0.44125947,-1.0204859,-1.2123773,-1.0802016,-1.1627328,-1.1768452,-1.2272756,-1.1887329,-1.0838293,-1.0092164,-0.7745753,-0.42366984,-0.3291418,-0.4291877,-0.63234127,-0.61428374,-0.4673784,-0.001309827,1.2547512,3.3728542,6.3115263,7.8722115,9.249691,9.949582,10.645235,11.474872,11.613397,10.899302,9.08115,6.237957,1.722307,0.5471573,-0.14638221,-0.15125805,-0.27568775,-0.44547266,-0.37948436,-1.237792,-1.1583484,-0.02498275,0.63075274,0.829368,0.6593994,-0.65671134,-0.40333462,0.17097951,-0.6524209,-1.3432114,-1.6564693,-1.8152328,-1.9905951,-1.6947289,-1.1858705,-1.2232574,-1.4865301,-1.8323859,-1.9793961,-2.277813,-2.1618567,-1.8731134,-1.9291254,-1.828454,-1.944362,-2.1443388,-2.099981,-2.0091527,-1.7063011,-1.5267274,-1.3865383,-1.1715251,-1.3463339,-1.5676382,-1.6032181,-1.3915985,-1.0016193,-0.43531764,0.30653057,0.56693274,0.12941794,-0.030436665,0.045700043,-0.06609672,-0.83970165,-1.4622946,-1.5792589,-1.5644356,-1.5768248,-1.530722,-1.4474866,-1.2746409,-0.95761585,-0.5233264,-0.32760626,-0.2596656,-0.44736922,-0.6734836,-0.83292896,-0.94709617,-1.1112663,-1.1784482,-1.2982666,-1.405617,-1.3738816,-1.2825586,-1.551297,-1.9519742,-2.4612508,-2.6699,-2.7916586,-2.962901,-3.0852878,-2.9573941,-2.8783195,-3.0455413,-3.2221339,-3.226377,-3.096566,-2.770351,-2.6816382,-2.3998346,-2.1316643,-2.0103946,-1.9208562,-1.7921481,-1.5029022,-1.2565062,-1.2159414,-1.3326612,-1.4441116,-1.673295,-1.5602481,-1.2798793,-1.1646239,-1.2192838,-1.3322494,-1.5331051,-1.5929834,-1.5057584,-1.4992816,-1.5181502,-1.5193112,-1.568337,-1.6559836,-1.6670561,-1.6799057,-1.6219345,-1.5287553,-1.6186218,-1.7909932,-1.9388639,-1.5322806,-1.4706063,-1.3172745,-1.2832663,-1.1649717,-0.5999839,-0.9076774,-0.89881927,-0.9610529,-1.1383902,-1.0978649,-0.12829494,-0.12823018,-0.12817687,-0.12808004,-0.12807488
1.645463,1.5753921,1.5622233,1.564931,1.6956899,1.6429827,1.6604301,1.6875185,1.5093952,0.48043,-0.26943558,-0.52639663,-0.69782686,-0.6416198,-0.44082764,-0.2644995,-0.0061528534,0.19334407,0.47815084,0.56732,0.41445327,0.23597088,-0.059250474,0.3261903,0.9128436,1.0999025,1.195497,1.3145543,1.654912,1.4371916,0.99900895,0.411096,-0.55040324,-1.1715469,-1.0999811,-0.8074148,-0.57708794,-0.7135795,-0.77942836,-0.7825065,-0.7928933,-1.0417132,-1.2514246,-1.3288184,-1.789083,-2.3182588,-1.6303911,-0.65101,0.11423954,0.33711058,0.08342451,-0.39429522,-0.8137269,-0.8460654,-0.56193614,-0.30146852,-0.17610744,0.83728516,1.6934536,2.8634393,2.933155,1.2067077,0.028159045,0.04585907,0.3535933,0.72057366,0.8442919,1.6236671,2.078797,1.5883336,0.63642263,0.1723269,0.008752331,0.19292936,0.15783659,-0.168632,0.27864838,0.87162924,1.5961291,2.37183,2.694278,2.9135442,3.2808022,3.293017,2.6195145,1.8926867,2.0193732,0.47057644,-0.45047295,-1.0938196,-1.0428379,-1.1175797,-0.79340065,-0.5422113,-0.2664333,-0.2126081,-0.24485704,-0.15473571,0.044434607,0.19329342,0.5605364,0.9440481,1.0953137,0.98948604,0.55005956,-0.22607431,-0.98385686,-1.2632089,-1.1318544,-0.57980144,0.2656384,0.81283855,1.4349809,1.882218,1.9373405,1.7992502,1.3307546,0.6639531,-0.16596147,-0.89967626,-1.2688396,-1.2027582,-1.2948003,-1.2218902,-1.1280793,-0.9354651,-0.66566294,-0.29410952,0.63323975,1.5186855,2.4899092,2.929991,2.8735616,2.3983343,1.7202821,0.64127344,-1.1471438,-1.428569,-1.2681112,-0.93828666,-0.882265,-0.83326685,-0.96847975,-0.89243793,-0.7194683,-0.5349132,-0.4347264,-0.621577,-0.7745353,-1.0488558,-1.3047612,-1.3599203,-1.3814719,-1.3638815,-1.4067694,-1.4603034,-1.712995,-1.5531627,-1.3733052,-1.1410494,-0.9053159,-0.7399615,-0.93542814,-1.3010491,-1.7053347,-2.3306797,-2.3214216,-2.240538,-2.1003313,-2.063607,-2.0268078,-1.9758449,-2.0042732,-2.067387,-2.087925,-2.0414927,-1.994754,-1.858917,-1.5878981,-1.1769929,-1.1658213,-0.9597132,-0.82087284,-0.58187634,-0.59784883,-1.1244905,-0.9207028,-1.1204545,-1.0880578,-0.8877688,-0.8092742,0.32676134,0.3267467,0.32672787,0.32664514,0.326645
-1.9115541,-1.8495815,-1.8025562,-1.8522382,-1.9079233,-1.8349028,-1.9479332,-2.1727462,-2.263594,-2.2918737,-2.159756,-1.8890891,-1.6131449,-1.4582471,-1.3292856,-1.3098007,-1.282438,-1.223123,-1.1498195,-0.9791465,-0.7483217,-0.6290194,-0.811484,-0.9368699,-0.36809853,0.039645046,0.3430687,0.36605543,-0.19171122,-0.67371833,-0.5818518,-0.4417323,-0.8813273,-1.432166,-1.7662783,-1.6879718,-1.403304,-0.9444958,-0.42625558,0.097116545,0.8933842,2.3116105,3.889173,3.875873,3.7735252,4.503318,4.8670373,4.194122,3.2671754,2.4362924,1.8431027,1.9989786,3.0557435,4.0974665,4.2229,2.650649,1.7312256,0.78350914,-0.6188382,-0.68508375,-0.6436316,-0.9094734,-0.35298294,-0.30380034,-0.73851216,-1.4640675,-1.5555749,-1.1710227,-1.2303162,-1.4137249,-1.6486633,-1.7169584,-1.7089694,-2.194274,-2.1294823,-2.0220215,-2.5099,-2.9761271,-3.2273467,-3.329855,-3.126359,-2.8478203,-2.4891248,-2.374692,-2.3769562,-1.5098176,-1.3536434,-0.7221059,-0.32326257,0.2948141,0.2918008,0.753358,1.2445554,1.491345,2.0367775,2.0262032,2.1110194,2.4115195,2.80411,4.312912,6.5583506,7.8440456,8.562888,8.809378,8.765984,8.456595,7.47563,4.648238,1.2951318,-0.004528828,0.71112764,0.9342995,2.4442105,4.999154,7.170247,8.724819,10.035833,10.645285,10.583504,10.370932,10.267298,10.4873495,11.079277,11.330154,11.3906355,11.3792715,11.317375,11.153564,10.527199,9.583347,7.64604,5.020573,2.6393566,0.72646034,-0.08592808,-0.8530966,-1.3231511,-1.9221576,-2.2580233,-1.9067056,-1.340184,-0.90940475,-0.41203624,0.5352493,1.1168283,1.0524302,0.76486975,1.6269088,2.777391,3.329665,3.330205,3.4081879,3.3078978,2.862717,2.060607,1.0011343,-0.5018076,-1.5653949,-2.44456,-2.9046087,-2.7567453,-2.3491726,-2.310082,-2.3855057,-2.6191874,-2.8701615,-2.7177029,-2.6068778,-2.481553,-2.397775,-2.3872285,-2.5158331,-2.6532044,-2.7253914,-2.7662477,-2.7899463,-2.7943933,-2.8676453,-3.035237,-3.5792475,-3.8137841,-4.056908,-4.1079664,-4.162553,-4.41885,-4.472101,-4.3481975,-4.2687325,-4.1481805,-3.976336,-4.0398793,-2.1131208,-2.1130824,-2.1130319,-2.1128306,-2.1128387
-2.3049197,-2.3053255,-2.3470504,-2.364777,-2.4137282,-2.4329484,-2.373628,-2.317145,-2.3597636,-2.454144,-2.6899571,-2.7450867,-2.9209135,-2.974515,-2.7791874,-2.3314812,-1.6523814,-1.2358091,-1.176204,-0.99484944,-0.75946623,-0.4161216,0.17077067,-0.28475606,-0.772351,-0.82080805,-0.8627312,-1.0443912,-1.5369828,-1.8844035,-1.7798774,-1.4606655,-1.6228907,-1.9805858,-2.3362808,-2.5126843,-2.4873805,-2.2383626,-2.153707,-2.0582218,-1.9403079,-1.7167135,-1.4272848,-1.5215513,-2.19577,-2.1707256,-1.1348071,-0.3190646,-0.22725119,-0.47667283,-1.0706359,-1.428298,-1.5660946,-1.3737724,-1.1668419,-1.0138204,-0.66365474,0.17345652,0.05680017,-0.34671128,-0.29208675,-0.30405438,0.04498616,-0.46699703,-0.58566976,-0.620644,-0.86334836,-1.1764104,-1.3102269,-1.2208182,-1.1975152,-1.357374,-1.6690195,-2.395214,-2.2171524,-1.6945704,-1.7359898,-2.0440333,-2.0793316,-1.818013,-1.5004554,-1.4272022,-1.5308475,-1.8367705,-2.0302997,-2.231309,-2.2620237,-2.1821344,-2.1064143,-2.1987486,-2.2995074,-2.5575216,-2.644537,-2.684258,-2.50553,-2.3745713,-2.2131631,-2.15837,-2.011363,-1.6983559,-1.7232347,-1.8443265,-1.9542959,-2.0914617,-2.2880092,-2.6083744,-2.3952036,-2.0992246,-2.634376,-2.4924116,-2.184024,-2.0081034,-1.5584147,-1.0156384,-0.8879493,-0.84468424,-0.69538784,-0.6539284,-0.77120185,-0.8580901,-0.8491354,-0.7776005,-0.8060027,-0.7983639,-0.81071025,-0.7934691,-0.77983785,-0.73680997,-0.45353836,-0.059444472,0.629036,1.0243852,1.119859,0.8606367,0.47017622,-0.035697654,-0.3729534,-1.3371828,-2.1232302,-2.6993444,-2.8390608,-2.7422752,-2.7329116,-2.588767,-2.1832485,-2.3129303,-2.6677432,-2.4523408,-1.5102856,-1.1979089,-1.1208911,-1.0553596,-0.97166455,-0.91569716,-0.92477524,-1.2101611,-1.9807959,-2.4756548,-2.7366805,-2.8874362,-2.6948657,-2.4925432,-2.448226,-2.476211,-2.4934578,-2.5337014,-2.4441543,-2.4645946,-2.3655386,-2.275961,-2.3215218,-2.3878667,-2.440202,-2.587124,-2.7332788,-2.823037,-2.9302354,-2.930882,-2.736395,-2.3440163,-1.9734793,-1.9575527,-1.8830835,-1.8772434,-2.1990237,-2.431131,-2.4776385,-2.4200077,-2.3650742,-2.3833814,-2.4217134,-2.1579645,-2.1579454,-2.157913,-2.1577814,-2.1577842
-0.8947118,-0.88753283,-0.83307165,-0.82785624,-0.87363076,-0.6798605,-0.8302249,-0.8581996,-0.7623934,-0.6649332,-0.9631223,-1.0840759,-1.3617203,-1.4373833,-1.3178785,-1.0912733,-0.83612716,-0.75642204,-0.7609508,-0.63306963,-0.48043644,-0.40851688,-0.3305704,-0.41009468,-0.059983686,0.28651333,0.76423234,1.4206471,1.7204347,0.90548956,0.17358045,-0.45844954,-0.94252926,-1.0988829,-1.0423077,-0.8134576,-0.7905658,-0.92184854,-0.75039375,-0.7156129,-0.51791954,-0.17136002,-0.0107871145,-0.3534106,-1.0185653,-1.3739008,-1.5355775,-1.7170473,-1.6482157,-1.1812288,-0.7055407,-0.83983606,-1.2030299,-1.5101559,-1.2731428,-0.10404964,0.9977801,1.6152195,1.7930341,2.7514942,5.569066,8.66668,10.180003,10.784594,10.966223,10.364056,8.87071,6.6291285,7.0338144,8.888163,9.810903,9.934629,9.832992,8.003955,8.266323,8.125456,5.204117,3.0338771,2.7848935,2.6252024,1.9258438,1.2653008,1.2974591,0.94899154,0.34508404,-0.06484826,-0.3036606,-1.044336,-1.2774354,-1.2448696,-1.337265,-1.0869104,-0.8722291,-0.9202795,-1.0870346,-0.98572516,-0.82095885,-0.9541011,-1.0363257,-1.1353437,-1.3918164,-1.3986758,-1.0641792,-0.5616487,-0.0512549,0.3706159,0.30278876,0.28360778,0.13134927,-0.04286754,-0.14787343,-0.5292401,-1.0598936,-1.2984874,-1.1899143,-0.98822564,-0.81387204,-0.7092549,-0.7441714,-0.9212054,-1.4011233,-1.9738894,-1.5846331,-1.0161903,-0.942821,-1.0374429,-1.0740767,-1.0827518,-1.2643435,-1.5928898,-2.0930035,-1.9314349,-1.0647056,0.060606927,0.15898664,-0.1406994,-0.55186874,-0.98053503,-1.3840022,-1.7221766,-1.7850022,-1.7715807,-1.7396784,-1.7182348,-1.7715497,-1.7128971,-1.5106082,-1.3298715,-1.408961,-0.9467648,-0.6355703,-0.5317353,-0.46379542,-0.393353,-0.43977037,-0.62936485,-0.44687635,-0.36895218,-0.47589892,-0.5469412,-0.33588117,-0.2691115,-0.5187808,-0.6756581,-1.1363809,-1.8933833,-2.138897,-2.1383276,-2.103269,-2.05771,-1.9140763,-1.9087265,-1.8418075,-1.7341604,-1.5898957,-1.4696275,-1.2220283,-1.0222512,-0.737665,-0.35373297,-0.1507909,-0.28983238,-0.5991388,-0.5049996,-0.67243767,-0.5071,-0.7130437,-0.69282436,-0.78428036,-0.8390657,-0.79730207,-0.5035377,-0.5035045,-0.50346005,-0.50348365,-0.50347567
-0.56558895,-0.60300016,-0.7135348,-0.7351083,-0.8059226,-0.95290196,-0.9381354,-0.77213013,-0.819531,-1.0562074,-1.3390749,-1.4155558,-1.7147579,-1.9678274,-2.1221712,-2.0009327,-1.6930484,-1.3585291,-1.2140176,-1.076232,-0.89259744,-0.60821784,-0.41338748,-0.9047749,-1.627115,-1.7383158,-1.7444879,-1.6430591,-1.6411656,-1.4471273,-1.0223364,-0.700962,-0.85681975,-1.2072828,-1.4836457,-1.5026822,-1.3775897,-1.3512006,-1.364433,-1.3355429,-1.3106034,-1.0209161,-0.2206176,0.06932327,-0.6550992,-1.1433542,-0.5634188,0.5716783,1.119586,1.1839925,1.1039103,1.013842,0.97330457,0.92002857,0.6395279,0.038415313,-0.3868228,-0.3205432,0.0078161955,0.35918218,0.18024975,-0.46804857,-0.46220732,-0.57202756,-0.47100067,0.07246182,0.74367,1.0306448,0.7525841,0.06693737,-0.63336676,-0.91479397,-0.97689736,-1.2421892,-1.1464684,-1.1622416,-1.4198868,-1.0376836,-0.66121614,-0.25180906,-0.079654306,-0.65437466,-0.979665,-1.3025753,-1.4129983,-1.6133473,-1.6727461,-1.7565519,-1.7850266,-2.020621,-1.9376763,-1.8861077,-1.4962945,-1.2978371,-1.423011,-1.6312349,-1.904372,-2.1128259,-2.279386,-2.3981557,-2.4324207,-2.2586267,-1.8451071,-1.304292,-1.0282574,-1.1077,-1.6663685,-2.0707655,-1.9383466,-1.5204885,-1.2151327,-0.9669423,-0.2636639,0.32581863,0.51123124,0.3202436,-0.01913768,-0.23579812,-0.17692578,-0.12541676,-0.2594834,-0.9700581,-1.621439,-1.6486399,-1.4127463,-1.0601656,-0.69982827,-0.31439784,0.3364897,1.13531,2.547593,3.4971972,3.8538244,3.6724725,3.1938295,2.40683,1.2791574,-0.375771,-1.4385991,-2.0968413,-2.2007415,-2.2526412,-2.1757405,-1.7361089,-1.0541743,-1.0754015,-1.7245779,-2.0040429,-1.5665474,-1.3360095,-1.3762007,-1.3141924,-1.2120528,-1.109471,-0.9483303,-0.97992384,-1.2597175,-1.348202,-1.4072173,-1.5156822,-1.4051447,-1.1757212,-0.95936435,-0.7869046,-0.759011,-0.9722493,-1.0376455,-1.040472,-0.9344406,-0.85393596,-0.79239297,-0.7220233,-0.6330476,-0.6669176,-0.6839404,-0.6996465,-0.6817188,-0.52940184,-0.039991047,0.14042565,0.26271814,0.07068589,-0.28401288,-0.42640468,-0.69039804,-0.8584562,-0.7037391,-0.6839907,-0.5835934,-0.5108768,-0.48102075,-1.5613029,-1.5613427,-1.5613594,-1.5615757,-1.5615596
-3.0285196,-3.0107567,-2.995111,-3.0528374,-2.9558856,-2.9808147,-2.9733422,-3.0253801,-3.0242808,-2.8735697,-2.4677339,-2.4794593,-1.9286852,-1.3265755,-0.84420526,-0.10117629,1.2084327,2.577549,2.66218,3.1079378,3.6283655,4.5757565,6.8732414,9.420783,11.408582,12.064728,12.264605,12.082865,11.271997,9.43836,8.069536,6.29255,3.4476132,0.1993373,-1.2765388,-1.7635902,-1.8709793,-1.8189466,-1.8233585,-1.7298793,-1.6329068,-1.6864688,-1.5147605,-1.2363377,-1.7872012,-2.4034119,-2.5069995,-1.9355367,-1.2708651,-0.93546337,-0.8714984,-1.2786964,-1.97466,-2.324032,-2.571237,-2.6473851,-2.4036503,-1.7005589,-1.478401,-1.0744389,-0.47010496,-1.6988113,-3.1225634,-2.6849754,-1.7974479,-0.7157677,-0.1985743,0.28780073,0.19503751,-0.9807968,-2.695403,-3.3428867,-3.3850427,-3.4412374,-3.430458,-3.40473,-3.5431402,-3.4340024,-3.265941,-3.1697617,-3.1458569,-2.9897156,-2.6046581,-1.8652132,-1.3689939,-0.7436752,-0.63562965,0.15980127,0.7681577,1.1028812,1.0198478,1.3342733,1.7528303,1.810652,1.8937314,2.0147157,2.017833,1.956955,2.0102077,1.7187428,1.6655338,1.586504,1.1931732,0.64769244,0.16114229,-0.46543437,-1.4637768,-2.308468,-2.2957323,-1.890801,-1.2293115,-0.90138704,-0.6950799,-0.45778334,-0.42706138,-0.47896844,-0.9020823,-1.3205543,-1.6490513,-1.7410854,-1.8401326,-1.4974269,-1.4011922,-1.6428641,-1.997777,-2.4006956,-2.7437017,-3.02738,-3.1797724,-3.1284206,-2.6338778,-1.958984,-1.7074406,-2.0693924,-2.5066404,-3.0596929,-3.9555924,-3.930462,-3.5537667,-3.1397867,-3.1377268,-2.9996514,-2.996912,-2.8042636,-2.4022126,-1.879087,-1.5458322,-1.2096491,-1.0715132,-1.3044066,-1.5264987,-1.5653546,-1.6191772,-1.7673023,-2.0440962,-2.6035557,-3.1650205,-3.2836683,-3.3044634,-3.2570024,-3.1125302,-2.9433484,-2.954916,-3.1290832,-3.2374265,-3.2570133,-3.243237,-3.2093425,-3.1102192,-3.0129204,-3.040414,-3.14825,-3.2919652,-3.3713965,-3.50686,-3.6067035,-3.642732,-3.6309214,-3.7443867,-4.2036114,-4.494051,-4.3554144,-4.092864,-3.9597917,-4.074986,-4.2786083,-4.044443,-4.0954833,-4.032366,-3.7559125,-3.780767,-3.86701,-3.8670158,-3.8670151,-3.866847,-3.8668606
-2.492098,-2.4965918,-2.5091102,-2.4724824,-2.4862907,-2.4715173,-2.441582,-2.4183698,-2.3092074,-1.8891559,-1.6259292,-1.6576579,-1.6460538,-1.7183435,-1.6844589,-1.7932396,-1.9034128,-1.913022,-1.757749,-1.603826,-1.5403857,-1.6588037,-1.8966049,-1.5409719,-1.3367615,-1.3966765,-1.406868,-1.5031029,-1.5445518,-1.4758701,-1.5702248,-1.6480381,-1.247714,-0.57423675,-0.28212035,-0.1811129,-0.010662302,0.4392052,0.6516794,0.8447025,0.94225156,0.83699906,0.6010891,0.31882477,0.242904,-0.19976835,-0.7866546,-1.3099537,-1.4615527,-1.1836514,-0.7761756,-0.77822125,-1.2475092,-1.8648387,-1.9948176,-1.4662042,-1.1988051,-1.6572891,-1.8694811,-2.158275,-1.9278265,-0.5602832,0.29301974,0.5256486,0.08834487,-1.1138957,-1.6305707,-1.8884065,-1.7361028,-1.1994746,-0.7045049,-0.5190208,-0.8870115,-2.2598634,-2.1939008,-1.8819461,-1.6279054,-1.7879133,-2.1709373,-2.2667146,-2.0902343,-1.5041751,-1.2237636,-1.3907335,-1.5995026,-1.6606185,-1.6079041,-2.059824,-2.304911,-2.3141408,-2.3871188,-2.1540916,-1.8434341,-1.8905113,-1.775675,-1.7848572,-1.5891304,-1.4325819,-1.3698488,-1.2975606,-1.122864,-0.9376248,-0.78985405,-0.53254014,-0.2625742,0.31218362,1.1493276,1.6586274,1.5492752,0.95330954,0.19327065,-0.10299359,-0.6647947,-1.133882,-1.1363384,-1.0017269,-0.78561795,-0.46508694,-0.22728819,-0.12107341,-0.08150156,0.038426314,0.3324786,0.39799625,0.15011884,-0.18055478,-0.43989283,-0.65800625,-0.97185946,-1.2904531,-1.742297,-2.2977874,-2.4951072,-2.2606673,-1.8239961,-1.4828185,-1.5245571,-1.1185201,-0.8802372,-0.841179,-0.97868246,-1.1129034,-1.1860934,-1.511606,-1.4489899,-1.1804454,-1.1694963,-1.8926492,-1.9473858,-1.4330931,-1.0433005,-0.874688,-0.749147,-0.44761223,0.04598698,0.20357995,0.25458878,0.27561957,0.28448668,0.29679057,0.26562786,0.12562329,-0.060389042,-0.29530197,-0.1958164,-0.054648995,-0.2320548,-0.34117833,-0.545733,-0.7148305,-0.8679675,-0.9010273,-0.9116947,-0.8462894,-0.8453169,-0.8445459,-0.93531895,-1.1185094,-1.6659973,-2.181477,-2.242323,-2.2933981,-2.5097148,-2.6982841,-2.4911282,-1.9864357,-1.913982,-1.8404644,-1.8507798,-2.0204034,-2.043716,-2.002501,-2.0024729,-2.0024638,-2.0023162,-2.0023263
-3.8040142,-3.7867365,-3.809782,-3.865471,-3.8637552,-3.8733597,-3.8567526,-3.88275,-3.8873692,-3.9277008,-3.7636623,-3.5918972,-3.2348225,-2.806221,-2.4464946,-2.169045,-1.7932264,-1.5990958,-1.6268928,-1.5763903,-1.4915961,-1.3104694,-0.89615,-0.84399974,-1.1304681,-1.3834362,-1.6481738,-2.008515,-2.5752332,-2.9042373,-2.9261956,-3.0958629,-3.6770113,-4.1321893,-4.099784,-3.7889214,-3.376575,-3.001648,-2.6852756,-2.4972746,-2.3392193,-2.1891322,-1.7991235,-1.0015733,-0.569113,-0.51046276,-0.058193028,0.33545077,0.48795414,0.4193514,0.105486795,-0.05301337,-0.15362723,-0.3792276,-0.78671503,-1.7620634,-1.8724309,-1.1744616,-0.5729074,-0.4524215,-0.8722551,-1.7598991,-2.5363843,-3.291019,-2.9170399,-1.5886467,-1.110157,-1.6325336,-2.2154799,-2.8034368,-3.2585506,-3.620746,-3.95385,-3.6555736,-3.6936958,-3.9881635,-3.8457317,-3.693303,-3.5865216,-3.4207256,-3.2470822,-3.2734978,-3.473262,-3.5294619,-3.4716067,-3.3455894,-3.3254826,-2.9237142,-2.5413654,-2.5170598,-2.6145182,-2.6936297,-2.4211488,-2.2705488,-1.8272127,-1.6895165,-1.5041738,-1.3335805,-1.2080159,-1.0400921,-0.86950433,-0.89826465,-1.258693,-1.6935422,-2.106437,-2.4106638,-2.6922464,-3.4906964,-4.263631,-4.0550666,-2.9995873,-2.0855436,-1.4016681,-0.807241,-0.6684199,-0.80070543,-1.1457852,-1.5786567,-1.9538577,-2.0521455,-2.02242,-1.6142938,-1.3110642,-1.2703335,-1.4194527,-1.5949063,-1.7880487,-1.9569082,-2.0315003,-2.046327,-1.7134871,-1.2496191,-0.9457197,-0.8094685,-0.7879214,-1.2139167,-1.9522475,-2.6060655,-2.9034278,-3.0336597,-2.9769566,-2.7428014,-2.6439557,-2.2474656,-1.4823159,-0.7955795,-0.57962346,0.054180026,0.62348455,0.46050572,0.36476898,0.29796213,0.2305826,0.0856754,-0.37579003,-1.3066896,-2.4380002,-2.9034376,-3.213055,-3.5008163,-3.5597653,-3.3867924,-3.1903152,-3.1229239,-2.9973664,-2.8872223,-2.9407291,-3.0079467,-2.9885535,-2.9509544,-3.016975,-3.050251,-3.1092143,-3.2084298,-3.3582706,-3.4654422,-3.668168,-3.780386,-3.7328658,-3.2071397,-2.8935943,-2.7460058,-2.5097156,-2.2608933,-2.5487175,-3.18704,-3.4535837,-3.4349098,-3.5030656,-3.5799425,-3.6438918,-3.0606914,-3.060706,-3.060683,-3.060731,-3.060723
-2.686934,-2.64956,-2.5577743,-2.5527425,-2.5904179,-2.4999819,-2.3803487,-2.3633945,-2.3779595,-2.419464,-2.2708158,-2.1316204,-1.7712357,-1.4960778,-1.3024716,-0.9505253,-0.3468876,0.059642255,0.060678914,0.06383364,0.052697748,0.0348455,-0.031850487,-0.5702287,-1.0766816,-1.0468863,-0.93163955,-0.7368149,-0.91602933,-1.4435728,-1.6408286,-1.7543962,-2.1149125,-2.2704213,-2.057329,-1.7833194,-1.5813223,-1.2859085,-1.1051282,-0.94135845,-0.77089393,-0.7510693,-0.9504003,-0.891432,-0.9540152,-0.85650617,-0.06813583,1.0704727,1.8940291,2.2202334,1.8902594,1.1155623,0.051743254,-0.555852,-0.6625061,-0.7862785,-0.5691187,0.23023884,0.73847044,1.4446416,1.7042592,0.31027204,-0.7247444,-1.1328602,-0.8145659,-0.084944904,0.35920772,0.6112662,0.334628,-0.5693634,-1.9234916,-2.6347103,-2.9282691,-3.4287248,-3.3779244,-2.918067,-3.053727,-3.0680585,-3.001879,-2.9101608,-2.9282675,-3.0225406,-2.9775274,-2.8574188,-2.7978637,-2.6845727,-2.7193093,-2.267011,-1.6305139,-1.1657561,-1.1268835,-0.8146448,-0.24783479,-0.22753213,-0.12754075,-0.13064958,-0.07572819,-0.12731361,-0.10295547,-0.054734714,0.08245823,0.43150544,0.71137506,0.81668794,0.683635,0.28980505,-0.276511,-0.83697385,-1.439987,-1.4182284,-0.9692484,-0.6905435,-0.14877714,0.4469559,0.6269992,0.7019838,0.90598404,1.2010049,1.2564867,1.491908,1.5150392,1.5122141,1.1809177,0.7077327,0.27754653,-0.07852441,-0.33582225,-0.545741,-0.64744544,-0.7054741,-0.31133947,0.4036705,0.8984264,0.84694076,0.6481593,0.096981436,-0.76511616,-1.7970393,-2.305202,-2.4844747,-2.5093098,-2.4529457,-2.5896716,-2.5289223,-1.8227816,-1.0762815,-0.8245878,0.059027046,0.73616576,0.55615175,0.3771882,0.39167485,0.37392727,0.26015043,-0.08537766,-0.8268294,-1.5148569,-1.6683154,-1.703218,-1.6730597,-1.3799151,-1.0387533,-0.8945526,-0.85111696,-0.972331,-1.156546,-1.070511,-1.0657035,-0.8946211,-0.7426231,-0.7894482,-0.9047259,-0.9556654,-1.0675927,-1.2426205,-1.269963,-1.3533746,-1.3997436,-1.4248515,-1.5691059,-1.5979474,-1.5992802,-1.5422995,-1.3198793,-1.7895885,-2.4754798,-2.5363503,-2.480819,-2.412402,-2.2701933,-2.3332329,-3.6815712,-3.6816063,-3.6816087,-3.681617,-3.68161
-2.3172603,-2.3093572,-2.3098998,-2.360198,-2.28411,-2.2615175,-2.1688154,-2.0796103,-1.8841777,-1.7910982,-1.6674331,-1.7483985,-1.5072701,-1.1529993,-0.8592864,-0.59676087,-0.27093583,0.0327774,-0.023912162,0.18536296,0.4163816,0.84246707,1.7336996,2.320723,2.3416827,2.2084577,1.9811687,1.767108,1.5387894,1.0597215,0.6412834,0.055670273,-0.9284235,-1.6849823,-1.6423401,-1.2822759,-0.97947335,-0.81153107,-0.6998364,-0.5136632,-0.33389497,-0.25242656,0.18364742,1.008624,0.76533073,0.20397756,0.65086174,1.4818456,2.003559,1.8670734,1.1366632,0.58086884,0.31092298,0.3639251,0.35905397,-0.035342395,-0.02507867,1.0908916,1.9208852,2.7909708,2.97287,0.54476166,-1.3509021,-1.5644643,-0.83437085,0.9548333,1.5961941,1.8772693,1.9093981,1.2304354,-0.36527133,-1.446779,-1.8427935,-1.6068027,-1.6625173,-1.9580122,-2.213548,-2.0918663,-1.6912363,-1.2730955,-1.0317153,-0.6848025,-0.4102553,0.5225564,1.4546671,2.898529,3.0944476,4.4449143,5.254184,5.6783705,5.5936604,5.719678,6.385126,6.8050456,7.6042485,7.8651886,8.035535,8.112507,8.297521,8.250238,7.9157066,7.005738,5.296226,3.2913527,1.8494194,0.41250134,-1.0855474,-1.6005545,-1.9902604,-1.6133952,-0.5276396,0.5125156,1.7878046,2.532851,2.6092606,2.4170396,1.7776377,0.95113933,-0.08762194,-0.74186504,-1.2167934,-0.9811822,-0.54424745,-0.4280667,-0.5316317,-0.6158267,-0.6818669,-0.6902927,-0.25731617,0.30779135,1.2360978,1.9579356,2.0846558,1.7947786,1.2551687,0.3634079,-1.2897797,-1.9044839,-2.0400116,-1.9581788,-1.9335506,-1.8122294,-1.8320723,-1.5073524,-0.54081535,0.35213014,0.57455635,0.6103728,0.4658599,-0.17403734,-0.6039621,-0.722131,-0.8427913,-1.1520118,-1.7131948,-2.1686897,-2.6767259,-2.6868496,-2.6466098,-2.6180196,-2.3868809,-2.103409,-2.0999975,-2.0756292,-2.2289462,-2.507351,-2.4931412,-2.4946487,-2.3497581,-2.2404969,-2.242244,-2.3158278,-2.4300923,-2.5434284,-2.636375,-2.6505992,-2.7139544,-2.7299843,-2.624593,-1.8577104,-1.584981,-1.3215976,-0.63485694,-0.39500242,-0.6751429,-1.54158,-2.1764016,-2.391943,-2.3716955,-2.2692862,-2.2528968,-2.6347237,-2.6347785,-2.634818,-2.6350043,-2.635003
-1.7680445,-1.7117376,-1.6442403,-1.690871,-1.7371176,-1.6715384,-1.682433,-1.6828654,-1.6534309,-1.7463527,-1.7118362,-1.6128317,-1.5688158,-1.5043662,-1.4605311,-1.2733107,-1.0082417,-0.8628435,-0.80046904,-0.75449634,-0.81364626,-0.8349626,-0.5192648,0.2725173,1.2030591,1.2163565,1.121956,0.8773028,0.45734575,0.24293451,0.41585502,0.49033743,0.0029091015,-0.8918172,-1.5274391,-1.6898615,-1.6688471,-1.4091787,-0.94320244,-0.5752971,-0.02341659,1.1485324,3.1724098,5.991065,8.693771,10.070205,11.053919,11.265982,11.113032,10.862441,10.122605,9.344949,8.042234,6.3801885,4.1953344,1.201936,0.31896257,-0.037498087,-0.19623324,-0.016893715,0.13624129,-0.13654277,0.223574,-0.31992754,-0.48025414,0.35526824,0.582304,0.27599657,-0.21973479,-0.8101788,-1.0498282,-1.0477936,-0.97216433,-0.7050861,-0.65630436,-0.9657614,-1.2824631,-1.5074306,-1.5900788,-1.6233547,-1.3823502,-1.016848,-0.92454505,-0.51312625,-0.1282165,1.0469964,1.1549243,2.4492912,3.3583663,4.0419693,4.105067,5.027174,6.3864474,7.112948,7.9339304,7.9407954,7.986023,8.106225,8.111856,8.311225,8.224862,8.296367,8.703724,8.926662,8.993885,8.791227,7.419039,2.6823895,-0.70829856,-1.9642627,-0.6195256,0.40769804,1.5362164,2.2462873,2.393394,2.5525374,3.0962276,3.8734217,4.489999,4.4163237,4.24336,3.9886427,3.348357,2.997755,3.0629084,3.0999002,3.1593044,3.084621,2.6636953,1.8922129,0.77102345,0.29971862,0.07362923,-0.18089557,0.029733986,0.1590926,0.07088381,-0.52793777,-0.8419697,-0.6816508,-0.10809134,0.42816648,0.6952765,2.2860932,4.230215,6.434745,7.643468,9.285497,10.258238,10.477437,10.298557,10.24195,10.155207,9.717974,8.759974,6.9192963,4.2032084,2.4502208,1.0023386,-0.024626903,-0.52520007,-0.69444,-0.8263281,-1.2580811,-1.8116399,-2.5199323,-2.8095527,-2.8649755,-2.8918204,-2.8904212,-2.8718543,-2.8718686,-2.8852456,-2.899366,-2.8887427,-2.8455744,-2.7910075,-2.6936886,-2.3433766,-1.6737392,-1.3655806,-1.3236625,-1.2087257,-0.8816897,-1.2576251,-2.3761616,-3.0696774,-3.111755,-3.2000685,-3.3323398,-3.3569112,-1.5616686,-1.5616753,-1.5616779,-1.5616808,-1.561683
4.9698277,4.9116793,4.761542,4.736809,4.8018255,4.8799624,5.0007296,5.123148,5.7073426,6.845889,7.8834515,8.299651,9.242446,9.997369,10.626324,11.150445,11.627665,11.681055,11.734082,11.747783,11.775226,11.695755,10.866945,8.852094,5.212835,2.9013565,0.96239805,-0.27000594,-0.83786875,-1.0373119,-1.2144096,-1.4319522,-1.2583995,-0.7073129,-0.4289891,-0.7188396,-0.88629013,-1.1178408,-1.164697,-1.2261442,-1.1909773,-1.389488,-1.5448794,-1.0958564,0.15306807,0.5921695,0.0856944,-0.72049576,-1.3226012,-1.8461843,-2.1754007,-2.0175076,-1.5440034,-1.4641263,-1.5878766,-1.6616887,-1.7863437,-2.3417122,-2.2226875,-2.0282342,-2.5193853,-2.3019457,-1.2224989,-0.2989815,0.04165207,-0.7219137,-1.2988262,-1.2694373,-1.656988,-2.106941,-1.5868142,-0.9265033,-0.44040328,-0.42116913,-0.41716856,-0.47939146,-0.71798533,-0.74419844,-0.713019,-0.98438406,-1.4565206,-1.8050132,-1.6953638,-1.199012,-0.7275001,-0.55090714,-0.45656246,0.20053235,0.4409359,0.45750737,0.4367252,0.34621462,0.15896252,0.10098374,0.37855163,0.5307949,0.6983422,0.7864233,0.8258428,0.58882993,0.08465016,-0.32750484,-0.5769974,-0.8390451,-1.0291361,-1.0881125,-0.6093787,0.54016864,1.0784519,1.4337533,0.6508153,-0.17466158,-0.5462206,-0.81193817,-0.95318025,-1.0102806,-0.96869576,-1.0248308,-1.1024797,-1.1587733,-1.1567389,-1.3409286,-1.2098312,-0.8008325,-0.56397974,-0.41885197,-0.36849564,-0.43620563,-0.5802505,-0.8435822,-1.3132665,-1.7199415,-2.109328,-2.3613992,-2.4246738,-2.4633472,-1.9965384,-0.8683116,-0.067995414,1.0483395,1.9139972,2.0787125,2.3190508,1.919237,1.2404374,0.55096835,0.14385039,-0.39134866,-1.0748754,-1.4806628,-1.6653807,-1.7791808,-1.8898858,-2.0193572,-2.0302052,-1.7177669,-1.3167562,-0.9923185,-0.829515,-0.81080335,-0.9853741,-0.95770246,-0.90497327,-0.88806754,-0.6003453,0.09366497,0.5161253,0.58921516,0.53623164,0.45770454,0.46957916,0.57769716,0.6630657,0.8837213,0.92443764,0.85731614,0.80326766,0.7884222,0.32717487,-0.1654653,-0.16268346,0.040047802,0.4905156,0.13535106,0.43844694,1.4973024,1.69381,1.7701554,1.8563055,1.8062637,1.8637439,2.6739955,2.6740203,2.6740372,2.6742325,2.6742167
-1.6674498,-1.7079525,-1.8071274,-1.7958809,-1.7454884,-1.6946603,-1.7620283,-1.7141156,-1.4079037,-0.8159285,-0.51386994,-0.5280486,-0.7711369,-1.2328824,-1.5791373,-1.9879618,-2.3818502,-2.5598078,-2.6481695,-2.6784654,-2.483858,-2.1617236,-1.5985246,-1.2056367,-1.2887056,-1.308844,-1.2739367,-1.3909154,-1.4420149,-1.0012988,-0.6219349,-0.34790164,-0.3783679,-0.60649353,-0.8005319,-1.0354232,-1.3178093,-1.6198225,-1.6923842,-1.700658,-1.8099786,-1.6920109,-1.2010396,-0.9229783,-0.9428072,-0.87412137,-0.8208355,-1.3051144,-1.7218268,-1.8514054,-1.7088865,-1.4840636,-1.325759,-1.1710682,-1.1593904,-0.8869222,-0.75150466,-1.2233945,-1.8501477,-2.8444464,-2.6143944,-1.5507691,-0.7963811,-0.11192694,0.21767518,-0.21225283,-1.2221456,-2.2766345,-2.4835465,-2.1088867,-1.408385,-0.9202422,-0.3221619,-0.3983786,-0.37972876,-0.45316136,-0.7021563,-0.6558318,-1.0929797,-1.7718616,-2.0467672,-2.2026246,-2.3124528,-2.4743605,-2.3917422,-2.236277,-2.187773,-2.0017288,-1.9891446,-1.7418225,-1.7810951,-1.6353388,-1.3962114,-1.2540948,-0.9540979,-0.8834517,-0.9159838,-1.0102751,-1.1659219,-1.3737772,-1.2988404,-1.1431444,-1.1373943,-1.076571,-0.85176384,-0.32870817,-0.0107211545,-0.6321261,-0.5162077,-0.63644713,-0.86503875,-1.0001262,-1.6380917,-2.1679926,-2.2403753,-2.0750084,-1.692465,-1.3058608,-0.9631287,-0.7060789,-0.65120447,-0.99390876,-1.2871872,-1.2640142,-1.2246493,-1.2080333,-1.126392,-1.0681379,-1.1841711,-1.4250463,-2.137434,-3.1793084,-3.7903643,-4.029869,-3.8492918,-3.216671,-2.4716163,-1.5131748,-0.7462108,-0.43356895,-0.120651856,-0.5172616,-0.37070408,-0.5286145,-0.708532,-1.0319183,-1.1379912,-1.1850227,-0.8001511,-0.011405379,0.38886884,0.5062749,0.64411587,1.1469209,2.2979558,3.4501045,4.3148546,4.9324665,5.4984326,5.8516493,6.182965,6.5622964,7.360099,8.08358,8.881281,10.107557,10.84574,11.1339445,11.320393,11.37438,11.350144,11.241861,11.016371,10.8675375,10.726301,10.602133,10.509887,10.31288,9.591162,7.245126,5.5220194,4.77012,3.8283286,3.1717963,3.0484593,2.2373097,1.5462053,1.0588886,1.3895024,1.4090414,1.5340683,1.6760073,1.6759856,1.6759648,1.6758834,1.6758668
0.92275584,0.96570575,1.0049597,0.967914,0.9104308,0.83683467,0.8139386,0.6233337,0.31127888,-0.064795226,-0.14206904,-0.3157711,-0.29699796,-0.2666868,-0.288213,-0.16042654,-0.08999975,0.071137324,0.14259608,0.16094156,0.18761271,0.105797365,-0.026103899,-0.19544274,-0.4479177,-0.65274674,-0.7745533,-0.8155227,-0.49211833,0.42752236,0.6057916,0.51379246,0.3758669,0.050037898,-0.3262476,-0.69228154,-0.7214357,-0.65464,-0.82746685,-0.9918755,-1.0744562,-1.3810837,-1.564706,-0.5249268,0.77374804,0.6813286,-1.1849899,-2.5515537,-3.3548698,-3.7043872,-3.5324078,-3.0931482,-2.4897087,-1.928432,-1.43314,-0.8430759,-1.0994484,-1.8391681,-2.2831674,-2.6599636,-2.7106967,-2.3720613,-2.13341,-2.0706744,-2.4349575,-3.0369341,-2.580128,-2.1001325,-2.1324177,-2.2935975,-2.0084763,-1.5968475,-1.3355042,-0.9875133,-1.0881155,-0.8257451,-0.18634209,-0.5579178,-0.9842513,-1.2205191,-1.4102831,-1.0706525,-0.7885317,-0.55562484,-0.48930573,-0.5499169,-0.5366196,-0.30107397,-0.29007122,-0.6036472,-0.6805432,-1.2416894,-1.9979783,-2.1703672,-2.1837773,-2.1080828,-2.0135503,-1.9105896,-1.9276874,-2.0017571,-2.1261928,-2.4144177,-2.69377,-2.865886,-2.8373408,-2.4357076,-1.5850646,-0.26229763,0.49076328,0.37817127,-0.52220255,-1.1834939,-1.5290678,-1.7516098,-1.8377702,-1.8557725,-1.9107382,-2.0749917,-2.1025887,-2.077359,-1.9858758,-1.8955512,-1.6494601,-1.3488256,-1.0512385,-0.7947939,-0.74002904,-0.87572634,-1.1524589,-1.2276554,-1.0813845,-0.45257562,0.70872295,2.911047,4.9906425,6.9111834,7.9828415,8.643616,8.9001665,9.171289,9.146325,9.315019,9.433886,9.539707,10.062895,9.445453,8.238972,5.112796,1.5674758,-0.03674984,-0.51386356,-0.87630033,-1.1506486,-1.4004347,-1.492744,-0.953127,-0.26943862,-0.17533353,-0.52035916,-0.92169046,-1.7074277,-2.134642,-2.2628267,-2.258787,-2.0936542,-1.6580836,-1.5466328,-1.4998679,-1.5389965,-1.5786102,-1.5730314,-1.56635,-1.6252364,-1.5994645,-1.5519795,-1.6080182,-1.6821206,-1.8236234,-2.0227962,-1.9550447,-1.7083013,-1.474854,-1.2518954,-1.1320922,-0.75259006,-0.23403879,0.53813803,0.56349397,0.61672646,0.7013037,0.55987835,0.78944194,0.789477,0.7894819,0.7896796,0.7896739
-2.4507046,-2.462793,-2.5023184,-2.5119312,-2.4489923,-2.6069846,-2.6791325,-2.8223283,-2.9557438,-2.7262638,-2.2428536,-2.095345,-1.7400047,-1.5796399,-1.6349207,-1.7148309,-1.8630483,-1.893083,-2.0026345,-2.0322926,-1.9607825,-1.8919051,-1.4212246,-1.0819511,-1.4234064,-1.6294991,-1.7366422,-1.7908816,-1.453475,-0.33566454,0.25814027,0.4999932,0.047221802,-0.788841,-1.4188112,-1.644749,-1.5292301,-1.429316,-1.4392616,-1.4720666,-1.6841723,-1.9983643,-1.9742167,-1.3635256,-0.9463903,-1.7249823,-2.9753883,-3.3337321,-3.357012,-3.0827355,-2.3752232,-2.135652,-2.3157892,-2.664526,-2.8940964,-3.0030909,-3.1624966,-3.506967,-3.3873296,-3.5116537,-3.7080417,-3.301063,-3.4904637,-3.6879494,-3.8242695,-3.7066274,-3.1816359,-3.0046592,-3.0628252,-3.006116,-2.752532,-2.5147395,-2.2176437,-0.6833333,-1.0455357,-1.8621216,-1.4413612,-0.9198127,-1.024489,-1.394347,-1.5685861,-1.4701962,-2.1376634,-2.2669618,-2.1333182,-2.0197039,-2.1223989,-1.7107592,-1.5090737,-1.68483,-1.8474529,-2.0839658,-2.3104012,-2.1406052,-1.874145,-1.6531061,-1.640976,-1.7160697,-1.7519393,-2.083273,-2.321889,-2.3700712,-2.5324864,-2.8098717,-2.9171677,-2.7954307,-2.610911,-2.434084,-2.1145046,-2.1220832,-2.5503554,-2.5710096,-2.7867584,-3.1085696,-3.197893,-3.2607126,-3.4465795,-3.7102587,-3.82411,-3.725183,-3.5238705,-3.324605,-3.2594852,-3.1928017,-3.1412492,-3.1537666,-3.2481244,-3.3769593,-3.5377147,-3.4612584,-3.2349586,-3.2537827,-3.2134027,-2.7382078,-1.8477422,-0.51646906,1.0439683,2.2711582,2.9422908,2.9460673,2.6247914,2.617106,2.6522253,2.4448388,2.146595,1.1454766,0.29973322,-1.5208846,-3.0275986,-3.398999,-3.4277897,-3.4634972,-3.5038836,-3.4786975,-3.4280026,-3.281363,-3.0635188,-2.9996574,-3.183981,-3.3325973,-3.593078,-3.6106064,-3.4480038,-3.3047872,-3.011353,-2.4197822,-2.3087597,-2.2152662,-2.155265,-2.1091256,-2.13289,-2.1620767,-2.2389,-2.227604,-2.3203309,-2.5163417,-2.6429365,-2.547691,-2.1007743,-1.0975182,-0.9325487,-0.6868516,-0.78032744,-0.45770234,-0.016521156,-0.7046982,-1.1665828,-1.2449975,-1.5194161,-1.7304463,-1.7141556,-2.3471823,-2.3471904,-2.3472018,-2.3472142,-2.3472157
-1.7186197,-1.71539,-1.7635654,-1.7284938,-1.6670916,-1.6571963,-1.6656272,-1.778013,-1.6060755,-1.2427889,-0.7655705,-0.48377877,0.047107466,0.5185587,0.78163344,0.74477535,0.63344574,0.49556583,0.5249652,0.74020934,0.9269972,1.0139508,0.6573622,0.123465426,-0.31234917,-0.45710197,-0.47658467,-0.4828476,-0.964277,-1.5484617,-1.8756063,-2.2170105,-2.5414178,-2.5083282,-2.472711,-2.5989466,-2.4630547,-2.3646688,-2.3862526,-2.302185,-2.1440325,-2.0517669,-2.0006156,-2.2984786,-1.7464638,-1.4469228,-2.083032,-2.9847481,-3.5997314,-3.738001,-3.3629534,-2.8859508,-2.0114865,-1.6079855,-1.2506862,-0.6052975,-0.2701357,-0.55764127,-0.6562787,-1.1261208,-2.4092414,-2.4463255,-1.2221063,-0.33850095,-0.103518374,-0.8603177,-1.5024865,-2.1030924,-2.3052359,-2.1028585,-1.5201584,-1.3187411,-1.3035883,-2.018446,-1.9068586,-1.534605,-1.8081565,-2.1180606,-2.3634706,-2.8003647,-3.351952,-3.8649879,-3.8735235,-3.443409,-3.0985322,-2.896596,-2.848309,-2.3761191,-2.0159385,-1.763718,-1.7759788,-1.7934918,-1.5571529,-1.5115006,-1.0784214,-0.89329994,-0.57876396,-0.35527596,-0.34432945,-0.49402317,-1.0870645,-1.4178183,-1.4793987,-1.5194869,-1.5289795,-1.2904681,-0.54588604,0.42335883,0.6271269,0.69565743,0.19207183,-0.26682436,-0.710037,-1.3785884,-1.6337047,-1.6389375,-1.5854123,-1.6361451,-1.6364104,-1.2484422,-0.73860425,-0.52073973,0.028119575,0.34751448,0.26501182,-0.0026795394,-0.31801307,-0.57917297,-0.78188694,-1.0390743,-1.4928038,-1.9612107,-2.526499,-3.0200648,-3.2309723,-3.2795913,-3.0163527,-2.4999676,-1.9775448,-1.2205539,-0.8434291,-0.54918146,-0.23669714,-0.11747211,-0.1340251,-0.6142516,-0.8135956,-1.1833751,-2.1282296,-2.7717996,-2.8333461,-2.8364668,-2.8855422,-2.9469,-2.8641958,-2.515315,-2.2891202,-2.3742778,-2.4142642,-2.48241,-2.2477567,-1.9715123,-1.9956826,-2.165996,-2.2373226,-2.1288524,-2.0920076,-2.1157007,-2.2181387,-2.264987,-2.2695842,-2.2872458,-2.3423061,-2.2871075,-2.2405615,-2.2429717,-2.2145243,-2.2692204,-2.4793153,-2.444314,-2.1227036,-1.8887616,-1.2502382,-1.352705,-1.2582389,-1.110379,-1.7628982,-1.9102608,-1.8438761,-2.0941405,-2.1787775,-1.112451,-1.1124421,-1.1124294,-1.1124833,-1.1124778
-1.19856,-1.1570412,-1.0730461,-1.026088,-1.049978,-1.3035674,-1.4091144,-1.5006938,-1.7981546,-2.299415,-2.3941894,-2.3367577,-2.1619935,-2.021812,-1.8998567,-1.7267017,-1.4428468,-1.2281704,-1.1281674,-1.1178505,-1.1335986,-1.1381292,-1.1916469,-1.40818,-1.4017043,-1.2808611,-1.1971661,-1.2014506,-1.2995368,-1.4652905,-1.5019698,-1.4792778,-1.7270826,-1.835738,-1.7060716,-1.5219944,-1.2050542,-1.2204942,-1.2025717,-1.0928328,-1.1078603,-1.2430801,-1.1307532,-0.790717,-1.1043928,-1.3969947,-0.8692585,-0.01904504,0.30854014,0.16719297,-0.26707155,-0.6969248,-0.78085804,-0.6051225,-0.47909376,-0.5705884,-0.82971215,-0.6169012,-0.34590447,0.29322457,0.8045061,-0.09996786,-1.4923689,-2.2386675,-2.211803,-1.6214329,-1.0017066,0.053135157,0.44203737,0.028613761,-0.98208153,-1.7905171,-2.1668746,-2.3204007,-2.368777,-2.3873978,-2.2954164,-1.858568,-1.3365705,-0.75745296,-0.6255692,-1.1172036,-1.1870043,-1.4706377,-1.7743094,-1.9785361,-1.98143,-2.2204227,-2.264703,-2.4060268,-2.2976203,-2.0370243,-1.4783932,-1.1413529,-1.0072021,-1.1045649,-1.3407507,-1.4361333,-1.3795347,-1.4160433,-1.303633,-0.9963506,-0.81822026,-0.72040117,-0.93490064,-1.559591,-2.470364,-2.4234555,-1.8325465,-1.0299957,-0.2422162,0.06287344,0.34331948,0.62709224,0.7678109,0.71802866,0.31283745,-0.3124348,-0.76039,-0.99596757,-1.4693547,-2.1447325,-2.6836238,-2.85295,-2.8012667,-2.6506083,-2.4083622,-2.0234153,-1.3018739,-0.4731917,0.63568974,1.4235675,1.7528415,1.2539356,0.61117315,-0.06628604,-1.106851,-2.0565822,-2.3974166,-2.259792,-2.3380792,-2.3564348,-2.401732,-2.0492725,-1.3068193,-0.9141828,-1.0956945,-1.0384324,-0.8804731,-1.1630859,-1.4868346,-1.5281621,-1.5286118,-1.6148503,-1.7399523,-1.7844901,-2.0057108,-1.968427,-1.8320196,-1.6743224,-1.3661706,-1.0783724,-1.0022204,-0.9984445,-1.153702,-1.7343217,-1.9712591,-2.0241249,-1.976569,-1.9514916,-1.9359014,-1.9118642,-1.888691,-1.9224981,-1.9600501,-1.9321744,-1.9546127,-1.8783458,-1.505454,-1.0674331,-1.0485045,-1.1518673,-1.3586813,-1.3828402,-1.3888726,-1.7032214,-1.6778566,-1.6718305,-1.6626374,-1.6060827,-1.5413384,-2.86653,-2.866598,-2.8666391,-2.8668585,-2.8668478
-6.1936255,-6.185953,-6.234052,-6.197148,-6.1560707,-6.210679,-6.220561,-6.1799803,-6.060702,-5.6378517,-5.1211724,-4.962885,-4.6522603,-4.466447,-4.3402147,-4.239141,-4.016529,-3.7665005,-3.720675,-3.5355444,-3.2767124,-2.9099908,-2.1718583,-1.7091933,-1.8101606,-2.0285048,-2.2387178,-2.6367102,-3.0097482,-2.8305938,-2.7907958,-3.1105802,-3.939728,-4.301155,-4.2822485,-4.1985183,-3.8010056,-3.6213193,-3.4502554,-3.263451,-3.21902,-3.1835063,-2.7643998,-2.1926174,-2.2649264,-3.1564732,-3.9303277,-3.9987168,-3.985846,-3.816813,-3.4546432,-3.4764173,-3.7553926,-4.185808,-4.4519777,-4.5161448,-4.4096584,-4.35252,-4.131484,-4.5241594,-4.647755,-4.133955,-3.996736,-3.69339,-3.2835255,-3.2665644,-3.4921045,-4.0365067,-4.3092523,-4.5673594,-4.853473,-4.9046006,-4.7423615,-4.3612995,-4.453034,-4.499142,-4.2502503,-3.9675498,-4.28926,-4.8092604,-5.2831125,-5.7468534,-6.0379105,-6.058523,-6.0329313,-5.948152,-5.9933786,-5.6855307,-5.4038506,-5.370674,-5.482028,-5.2558327,-4.7119145,-4.4338803,-3.8554301,-3.6595225,-3.4918804,-3.3995323,-3.359912,-3.521634,-3.6526985,-3.495531,-3.3958607,-3.3958669,-3.394742,-3.287036,-3.3290672,-3.9562154,-3.7604032,-3.43238,-3.1309204,-2.689774,-2.9205246,-3.2466264,-3.2624817,-3.2638874,-3.4947448,-3.9019933,-4.291388,-4.3795085,-4.352387,-4.1078453,-3.605525,-3.3292296,-3.3990226,-3.595129,-3.7395868,-3.8272305,-3.8924146,-3.965445,-4.1911683,-4.6575613,-4.8065877,-4.80194,-4.476511,-3.9830809,-3.583374,-2.9402409,-2.3935416,-1.7598865,-1.463132,-1.5676587,-1.2940744,-1.2144208,-1.2737728,-1.9968817,-2.5880466,-3.377481,-4.0912914,-4.152894,-4.038167,-3.9826999,-3.9131446,-3.6429458,-3.1891384,-2.8984895,-2.9573278,-2.8788736,-2.908342,-2.9845884,-2.976974,-2.7969303,-2.5834346,-2.4705758,-2.1715155,-1.6172338,-1.4521018,-1.3742936,-1.3178259,-1.3042369,-1.375711,-1.4033556,-1.5283153,-1.5887702,-1.7500429,-1.924187,-2.090464,-2.047781,-1.6792076,-0.7086725,-0.7349326,-0.8222767,-1.2226276,-1.1158266,-0.9953189,-2.2158358,-3.0583026,-3.2570205,-3.4651341,-3.7201016,-3.6303115,-3.7926457,-3.7926757,-3.792687,-3.7928195,-3.792817
1.5921721,1.616606,1.7014362,1.6838381,1.528075,1.5361929,1.4784482,1.3028618,1.0251966,0.5674446,0.3764419,0.10348399,0.014420599,0.057272986,0.027954735,0.13730039,0.101167716,0.058535814,0.06442208,0.08677536,0.14195243,0.09576307,0.14954172,0.26627526,0.08428672,-0.07065084,-0.085530534,0.018639129,0.5618168,1.0726386,0.89887327,0.5936766,0.6874695,1.0283093,1.4351249,1.6840851,1.8644106,1.7723641,1.513611,1.2467983,1.0042517,0.77908236,0.6829264,0.7670121,0.94387984,0.5973034,-0.46758652,-1.3384687,-1.6962508,-1.772191,-1.5996135,-1.5095242,-1.6415441,-1.6642013,-1.5450085,-0.9540365,-0.74424523,-1.0507005,-1.2280883,-1.7061871,-1.128629,0.4027507,1.0123456,1.6670694,1.4639986,0.79736406,0.5794235,0.2669757,0.42643604,1.8112996,4.237501,5.8375177,7.13846,8.143629,8.073025,9.512089,10.59074,10.934442,10.854065,10.496859,10.048391,9.379522,8.772925,8.2079935,7.609187,7.0738516,6.913691,5.4953256,4.4511347,3.3366332,3.1443212,1.9539223,0.4053023,0.41877866,0.21774608,0.66361344,0.47167405,0.07898897,0.11027792,-0.7891343,-1.3639799,-1.6602052,-1.8228307,-1.7126435,-1.3312874,-0.81029856,-0.14046302,0.83479416,1.5512476,1.4754574,0.09786332,-0.98998237,-1.403825,-1.5312417,-1.4428777,-1.2809153,-1.1211271,-1.0823631,-0.76180273,-0.55359256,-0.70642835,-1.2341468,-1.4117823,-1.3594866,-1.2499267,-1.2013745,-1.2049469,-1.251551,-1.4898057,-1.6846471,-1.9437175,-2.0078828,-1.6072929,-0.5376184,0.18373998,0.52551967,0.5067164,1.1801467,1.7429001,2.115083,2.0905197,2.1943843,2.2301996,2.195535,2.2108226,2.0213907,2.1301606,1.259893,0.18934052,0.25799882,0.5198071,0.5253288,0.54552543,0.7248125,1.0725541,1.6329496,2.4126186,2.5640202,2.4050715,2.336194,2.4502654,2.5642958,2.554078,2.462798,2.5589144,2.660888,2.1898768,2.0517583,1.8180348,1.658873,1.6621828,1.769212,1.9066472,2.103025,2.1539214,2.1166804,1.9987981,1.940434,1.4064907,0.20324118,-0.3698024,-0.49116403,-0.8809767,-0.9690547,-0.6765835,-0.6524236,-0.37658072,-0.22159213,-0.37671572,-0.39992708,-0.3910458,-0.32686988,-0.32678694,-0.32676426,-0.32638803,-0.32640854
-1.1975789,-1.1978064,-1.117629,-1.0850121,-1.088448,-1.180753,-1.229454,-1.2820277,-1.4103148,-1.745931,-1.7589562,-1.5944726,-1.2437245,-0.9593291,-0.6543793,-0.41353077,0.0067609847,0.33267963,0.46990016,0.50344086,0.4209329,0.43521014,0.5334401,0.36637774,0.52804005,0.73289526,0.7781927,0.7020652,0.48405972,0.20015968,0.012161344,-0.40604562,-1.3684782,-1.7895467,-1.5595913,-1.1586754,-0.6870558,-0.45244896,-0.34955475,-0.2395972,-0.08237523,-0.0058915615,0.2796775,0.76863956,0.5712055,0.90575546,2.360854,3.1954446,3.2450042,2.809373,2.1545234,1.2813148,0.51911837,0.28473127,0.056361526,-0.30860835,-0.04982516,0.93626726,2.015381,3.2016506,3.2294645,1.6652603,-0.08656585,-0.7541755,-0.5596645,-0.21890515,-0.44988555,0.219055,0.97925436,0.99692655,-0.090932444,-0.89665246,-1.2178805,-1.2033746,-1.2750335,-1.1667693,-0.87341803,-0.5661983,-0.13086915,0.29976332,0.13036019,-0.5347172,-0.61070204,-0.70977485,-1.031977,-1.3253527,-1.2632782,-1.7412736,-1.922622,-1.91784,-1.6831481,-1.3072041,-0.6472585,-0.20866555,0.2993576,0.3907602,0.2939809,0.3053295,0.49755037,0.72391397,1.3152592,1.4971563,1.4591721,1.2819076,0.9183767,0.29422304,-0.3254019,-0.32371897,0.7025111,2.3509881,6.3302517,8.864833,10.103094,10.569223,10.327696,9.656833,8.122541,5.821732,2.9953508,1.2323143,0.15883046,-0.5309717,-0.57172245,0.16415516,0.923411,1.678188,2.64257,3.9558005,6.230373,7.8841834,9.152522,9.541398,9.450743,8.778048,8.001411,6.995242,4.444848,2.0195334,0.7603289,0.029439002,-0.053687304,-0.12327969,-0.34021443,-0.029131532,0.6048103,0.73154277,0.39441746,0.3264681,0.3068605,0.05408193,-0.16808844,-0.23230337,-0.26356792,-0.29200226,-0.26324612,-0.26997432,-0.3749699,-0.30128533,-0.036256246,0.33944273,1.0263529,1.5510973,1.5963134,1.5999098,1.1780753,-0.060314976,-0.7921627,-1.0135963,-1.0920272,-1.1760916,-1.2297101,-1.1601346,-1.1676495,-1.3081111,-1.4428167,-1.4458416,-1.6557484,-1.8794193,-2.376783,-2.9444351,-3.0335326,-3.0058458,-2.9677346,-2.6670525,-2.5317864,-3.0004807,-3.091607,-3.1364098,-3.1882036,-3.162975,-3.0730524,-3.4231296,-3.423136,-3.4231553,-3.4231725,-3.4231725
-2.9141555,-2.9510946,-3.0379512,-2.984827,-2.9687605,-3.032927,-2.9914298,-2.776691,-2.582952,-2.2528694,-2.0196457,-1.7329755,-1.5244796,-1.4423671,-1.3805997,-1.4180163,-1.4263093,-1.4442148,-1.4732664,-1.278372,-0.92270195,-0.5792712,-0.373685,-0.6988039,-1.2371413,-1.4676094,-1.6840844,-2.0219676,-2.626943,-3.0177171,-3.0258856,-3.0354154,-3.2107573,-2.9660115,-2.7175817,-2.5052092,-2.0877957,-1.877028,-1.708313,-1.5420558,-1.4050944,-1.1092544,-0.47837752,-0.7885401,-1.6618491,-2.3266182,-2.6283004,-2.514605,-2.381678,-2.1642034,-1.6502903,-1.427428,-1.4212409,-1.5983975,-1.6212479,-1.4256524,-1.1678638,-1.3506463,-1.2626872,-1.6432467,-2.3338294,-2.3680098,-1.7394863,-0.9536084,-0.2743025,-0.508501,-0.8108647,-1.0264726,-1.6681855,-2.4496262,-2.7078986,-2.5872145,-2.4951408,-2.1775126,-2.0901923,-2.1289544,-2.0557814,-1.5999559,-1.5651753,-1.5167476,-1.6423063,-2.385625,-2.753015,-2.9224002,-2.8725626,-3.073167,-3.169838,-3.0366313,-2.891551,-2.8159056,-2.758162,-2.5793045,-2.2499073,-2.2327318,-2.0470703,-1.9852154,-1.8654444,-1.8389816,-1.8599043,-2.037603,-2.5175762,-2.703001,-2.5427146,-2.396258,-2.27983,-2.112257,-2.2231605,-1.7986879,-1.2167201,-0.8368738,-1.2599945,-1.5658514,-1.8907241,-2.297775,-2.5897005,-2.936922,-3.5018182,-4.1280394,-4.522067,-4.642898,-4.686154,-4.563266,-3.9731894,-3.2275448,-2.9956894,-2.9784975,-2.9654543,-2.902755,-2.6564212,-2.3648686,-1.9363167,-1.7671992,-1.7736118,-1.8041941,-1.6971025,-1.5307946,-1.3881396,-1.3085878,-1.0819268,-0.5561107,-0.17192012,-0.010877967,0.31989202,0.9411294,1.0698469,-0.014651865,-0.93801147,-1.7930462,-2.3795464,-2.4802895,-2.3877873,-2.369843,-2.3271322,-2.1888072,-2.0744896,-1.9917305,-1.9469582,-1.8459702,-1.8451693,-1.9803574,-1.9843318,-1.8212996,-1.7872428,-1.9280252,-2.016411,-2.111226,-2.2582343,-2.3261917,-2.3748965,-2.3799572,-2.385523,-2.3408346,-2.3220723,-2.2818093,-2.3066812,-2.3475926,-2.333345,-2.236706,-1.9156182,-1.4672673,-1.312685,-1.3578297,-1.2859393,-1.4020201,-1.3691845,-1.5110222,-1.8122659,-1.8883743,-1.950925,-2.0735412,-2.0732899,-2.7315066,-2.7315328,-2.731546,-2.7316558,-2.7316468
-1.1320827,-1.1218493,-1.0741284,-1.1117924,-1.1476305,-1.2047734,-1.1607324,-1.0471936,-0.86056197,-0.55990636,-0.3991922,-0.44508237,-0.37799534,-0.08093652,0.23440692,0.42617798,0.40279806,0.13963935,0.050985634,-0.014268503,-0.15745905,-0.25056976,-0.19197488,0.0042475536,0.87893355,1.2678232,1.448523,1.4739461,1.4630256,1.1332778,1.1064919,1.0244328,0.75678587,0.07560697,-0.41979945,-0.4067909,-0.32695895,-0.2819584,-0.26624957,-0.15348458,0.011060394,0.14681627,-0.020929322,-0.7983348,-1.6137636,-1.3828115,0.22245495,1.51087,1.9781151,1.911967,1.3720782,1.2113882,1.2965615,1.3491329,1.3920327,1.60984,2.902097,6.086941,8.41929,9.492242,10.081164,9.282646,7.2627134,4.5220685,4.4887457,7.911521,9.85686,10.784122,10.679159,9.612062,7.4962454,5.273549,3.7380173,4.258022,4.080831,1.9530768,1.3846312,1.3831127,2.106585,2.9502442,3.3215604,2.443228,1.5619287,1.34237,1.2079268,1.0831518,1.0615977,1.0173346,0.9613024,0.6384506,0.7010477,0.62326795,0.8641934,1.0473058,1.2675275,1.3842027,1.3804569,1.4212419,1.569072,1.698621,2.1522412,2.5958009,2.9303992,3.1205564,2.8991916,2.126058,1.2329634,-0.18690178,-0.4567573,0.7457692,3.2018135,4.283275,4.8675895,5.231722,5.056648,4.868133,5.0930085,5.6962943,6.248598,6.3505325,6.246649,5.31775,2.8269265,1.2066174,0.9047526,0.88059294,0.95404553,1.1193128,1.7308822,2.381092,3.339211,3.959539,4.040182,3.751801,3.480513,3.349242,3.525074,2.6837125,1.6661725,0.5431008,0.64888,0.7660817,0.6876726,0.888742,1.1666638,0.8521949,0.4194469,0.9299675,2.2171984,2.5233889,2.5707672,2.6481276,2.661637,2.67823,2.436111,1.8365215,0.8420829,0.69363964,0.65183324,0.61453855,0.706607,0.92715204,1.0810593,1.3532367,1.2800692,0.88288045,0.7313526,0.63355,0.71790624,0.7628822,0.84006333,0.89883006,0.8729786,0.7656629,0.7136981,0.6609524,0.46661824,0.33343023,0.3830944,1.271383,1.8695531,1.9672217,2.1440454,2.654902,2.1776652,0.5776456,-0.3557975,-0.2872456,-0.44733238,-0.72502935,-0.65646154,0.03771417,0.037711665,0.037719876,0.037594147,0.037599385
-3.0356188,-3.0448298,-3.0568128,-3.0118346,-2.9872608,-2.9113398,-2.8562114,-2.7842607,-2.6941404,-2.3685899,-1.9922144,-1.8648665,-1.5650516,-1.226957,-0.9689745,-0.9281233,-0.9958763,-1.0469781,-1.1338698,-1.1397643,-1.1524123,-1.3012195,-1.3068117,-0.7405993,-0.18449216,0.0173527,0.22045544,0.38576022,0.5846656,0.37368327,-0.2332565,-1.0640929,-0.97744524,0.114028424,0.8937,1.4139045,1.9017383,2.1237438,2.148673,2.192647,2.2669847,2.196019,1.6279361,0.9349981,1.1438957,1.3021357,0.16809782,-0.9144444,-1.3792214,-1.3079109,-0.9934975,-0.70981187,-0.548918,-0.7740623,-0.88223845,-0.5356859,-0.40311986,-1.113416,-1.3771181,-1.9699358,-2.652238,-2.1285403,-1.6077106,-1.0400124,-0.95910096,-1.8786179,-2.4555762,-3.1229992,-3.2555766,-2.6945016,-1.8210708,-1.19417,-1.1041038,-2.2039182,-1.9970255,-1.1899849,-0.85001636,-0.9227215,-1.3140905,-1.3772745,-1.3464353,-1.140249,-1.1317017,-1.2991365,-1.4502821,-1.5927488,-1.6506011,-2.0165238,-2.0352004,-1.9206524,-1.8925314,-1.7671245,-1.4720262,-1.5706036,-1.5508902,-1.6605098,-1.486001,-1.2253197,-1.2409635,-1.3141773,-1.53042,-1.6741024,-1.6719309,-1.3681871,-1.0756189,-0.55525506,-0.2591314,-0.35232615,0.28801596,0.23833726,-0.4698866,-0.51132274,-1.0768383,-1.9580221,-2.1474166,-2.0178006,-1.8744057,-1.7590986,-1.4098874,-1.0829086,-0.9206199,-0.39133674,0.41890547,0.39477506,0.03584647,-0.3794825,-0.7302369,-1.0268304,-1.3936565,-1.5859917,-1.8478926,-2.3775358,-2.8707547,-3.1957684,-3.4744828,-3.5340934,-3.1847038,-2.6029902,-2.2196918,-1.873739,-2.0622923,-1.9719765,-2.1058352,-2.6198387,-2.8891087,-2.7022321,-2.346867,-1.9640684,-1.8207449,-1.4858812,-1.1574813,-1.0341394,-0.9342433,-0.74839526,-0.3517833,0.06251566,-0.030229002,-0.32080132,-0.284052,-0.26346153,-0.33319652,-0.58760715,-0.8196192,-1.032851,-1.0261687,-0.93858457,-0.97050273,-1.0301089,-1.202687,-1.3368766,-1.4440253,-1.5165282,-1.618535,-1.6384703,-1.632848,-1.6240864,-1.6748896,-1.8901992,-2.3300877,-2.4534445,-2.2384758,-2.2160394,-1.8471993,-1.7967317,-1.5310836,-0.9408846,-1.3753585,-1.3712543,-1.4521991,-1.7263755,-1.7534392,-0.62210006,-0.6220501,-0.62201315,-0.6219456,-0.62194175
-0.6328089,-0.6159005,-0.5152754,-0.40537778,-0.37239584,-0.11617901,0.07283504,0.014733285,-0.122237876,-0.20143403,-0.10268829,-0.24453212,-0.14036003,-0.06917536,-0.09026793,-0.058790967,-0.04473619,0.13436982,0.11586271,0.01301676,-0.089882374,-0.2324563,-0.054069713,0.17086124,-0.16793351,-0.3806982,-0.38508034,0.28073287,2.4213328,5.9278116,7.3375397,8.177122,8.837692,9.567086,10.048016,10.594572,11.18885,11.384544,11.466681,11.4544115,11.377183,11.198883,10.941036,10.559895,8.837965,5.8547106,1.4866669,-0.68885016,-1.4433696,-1.6698755,-1.6122314,-1.3044927,-0.9432231,-0.65940493,-0.26764387,0.26204485,-0.30544472,-1.630917,-1.8817824,-1.8466864,-2.149618,-2.1234035,-2.431335,-2.4911604,-2.6724577,-3.103507,-2.8559957,-2.7226841,-2.6576784,-2.4609342,-2.2466345,-2.0336752,-1.8132205,-2.0889175,-2.0983863,-1.7451262,-1.457475,-1.8729084,-2.1815603,-2.2423878,-2.2355537,-1.5012418,-0.95223284,-0.52457255,-0.4509443,-0.4742174,-0.46112832,-0.62669843,-0.6959527,-0.8591974,-0.87829775,-1.2912122,-1.8242439,-2.0205243,-1.9773374,-1.8733737,-1.6750989,-1.510476,-1.4733207,-1.6222016,-1.6836543,-1.8811082,-2.2312737,-2.3991969,-2.401281,-2.1355257,-1.37363,-0.20501353,0.20564212,-0.09935504,-1.0355549,-1.6704758,-2.1009772,-2.3312793,-2.3789506,-2.3436728,-2.382374,-2.5483017,-2.5189302,-2.4404063,-2.457971,-2.29468,-1.5058817,-1.0951804,-1.0559399,-1.0581336,-1.1408725,-1.3340963,-1.7295262,-1.9391125,-2.1570454,-2.3373773,-2.3503375,-1.9221604,-1.4967175,-1.0781819,-1.0105748,-0.87490827,-0.7546629,-0.5680351,-0.72772443,-0.51029915,-0.5993185,-0.9630796,-0.97069585,-0.5576718,-0.32765043,-1.0215425,-2.008431,-2.320688,-2.311286,-2.3407936,-2.3849564,-2.4417796,-2.2466223,-1.5121189,-0.555207,-0.48526365,-0.63308704,-0.7049774,-1.1265886,-1.4276674,-1.6261039,-1.7834715,-1.8083024,-1.7152605,-1.7289428,-1.7652596,-1.87734,-1.9326806,-1.9745564,-1.9767228,-1.9811889,-1.945956,-1.935524,-1.9357575,-1.9857173,-2.1323082,-2.380127,-2.1431022,-1.8070704,-1.6395082,-1.5799907,-1.7440599,-1.5666971,-0.89036417,-0.69892305,-0.5753189,-0.6005933,-0.74963045,-0.82141787,-0.7038384,-0.70378333,-0.70377517,-0.70351946,-0.70352775
-1.7333136,-1.7535181,-1.7880876,-1.7630515,-1.7272335,-1.639653,-1.5311519,-1.5275977,-1.5104064,-1.5358016,-1.6745367,-1.7552495,-1.9121606,-2.1739373,-2.3900325,-2.4777727,-2.4132085,-2.215165,-2.2428493,-2.2269735,-2.0991182,-1.9556843,-1.3301334,-0.74741197,-0.7826836,-0.9232196,-1.0622115,-1.2293135,-1.1845577,-0.47256497,-0.19651435,-0.20351851,-0.3996575,-0.619941,-0.6395206,-0.5394399,-0.33911592,-0.14320543,-0.1560612,-0.23030403,-0.42234594,-0.79781616,-1.1727662,-1.2645802,-0.8774697,-1.0281514,-1.8765633,-2.2732248,-2.3095574,-2.1640162,-1.7159967,-1.4084028,-1.4490647,-1.5384032,-1.2857203,-0.9786029,-1.3974624,-2.7009063,-3.284398,-3.696734,-3.8693225,-3.2188148,-2.6737497,-2.0753298,-2.3489287,-3.5996494,-3.7925131,-3.4476862,-3.3461776,-3.3251007,-3.0812635,-2.574722,-2.1452892,-2.1573489,-2.1930933,-1.549073,-1.2206097,-1.09723,-1.3730453,-1.5814136,-1.5034213,-0.9762113,-0.9336436,-1.1360695,-1.0889437,-0.9905751,-0.89403003,-1.0538847,-1.4708488,-1.641175,-1.6895485,-1.9408982,-2.362617,-2.4438589,-2.4973624,-2.3956244,-2.3123002,-2.2627778,-2.182873,-2.261498,-2.0641239,-1.9611946,-2.1065063,-2.2043333,-2.1626859,-1.747612,-0.81219596,0.6889138,1.9260452,2.24978,2.0839858,1.7436929,0.88223493,-0.389881,-1.2248565,-1.7554204,-2.1842418,-2.4766798,-2.584456,-2.6057339,-2.605029,-2.539329,-2.2822328,-1.9766257,-1.8914335,-1.9421458,-2.007864,-2.0975912,-2.3494322,-2.4826748,-2.5803955,-2.8330505,-3.1237254,-3.1168737,-2.7333364,-2.1451821,-1.8824842,-1.6745708,-1.3902826,-1.3020632,-1.4144874,-1.3772488,-1.3103061,-1.4991404,-1.520502,-1.393436,-1.2325523,-1.8306017,-2.724975,-2.843574,-2.6547914,-2.6011963,-2.5782413,-2.3157177,-1.7428665,-0.781184,0.35888648,0.8743665,1.0640961,1.1938502,1.1562935,0.97471654,0.8721321,0.78143954,0.8037939,0.8226075,0.3476061,0.18199947,-0.0012293905,-0.094833344,-0.21557476,-0.2722571,-0.29648244,-0.24844004,-0.25225693,-0.32141948,-0.42760736,-0.56976694,-0.9253252,-1.3546903,-1.5888991,-1.648524,-1.862432,-2.1794214,-2.1951668,-1.6508821,-1.3013985,-1.1826415,-1.1904151,-1.2260103,-1.2497293,-0.6903442,-0.69029766,-0.69028103,-0.6901445,-0.6901505
-1.4827518,-1.4742664,-1.4961376,-1.4174517,-1.3879738,-1.1991737,-1.0640601,-0.9181011,-0.32079247,0.56583524,0.92792,0.8653135,0.8597438,0.95981187,1.1659735,0.9527206,0.58149695,0.14582413,-0.103363365,-0.10894245,-0.003220588,-0.027667612,-0.21699971,-0.6167083,-1.0448679,-1.1523278,-1.2188051,-1.1276934,-1.1954348,-1.2659795,-1.2609146,-1.2442656,-1.1316798,-0.85649663,-0.7443677,-0.70251954,-0.5321654,-0.5873277,-0.7063361,-0.8681679,-1.0524424,-1.5334184,-2.1141243,-2.5094125,-1.5455128,-0.7546804,-0.77823687,-1.370102,-1.8260279,-1.8776486,-1.5273309,-1.1657357,-0.7667395,-0.6432241,-0.37822887,0.5720559,1.1340016,0.5184573,-0.27849236,-1.3773055,-2.1938488,-1.382825,-0.2054702,0.96194625,0.9961674,-0.028876368,-0.6884779,-1.1832625,-1.3971429,-1.0948216,-0.5387056,0.082272604,0.23551321,-0.54800695,-0.39409488,-0.19488387,0.18181272,0.5373904,0.091599,-0.5952376,-1.2900839,-2.0248535,-2.2693336,-1.9911897,-1.6146516,-1.5945011,-1.5516629,-1.3613263,-1.4947097,-1.2881739,-1.1982182,-0.91630834,-0.66092205,-0.55316406,-0.07821299,0.0732037,0.28971565,0.49812636,0.51038957,0.35946488,0.22107945,0.3548125,1.0250721,1.8183688,2.8759751,4.8187585,7.5182505,10.307602,11.208744,11.575935,10.97476,9.157749,6.467514,2.947091,0.6936854,-0.529883,-1.3170424,-1.5314457,-1.527646,-1.463867,-1.3348908,-1.1565185,-1.0412285,-0.98403627,-1.0815982,-1.3062028,-1.4769512,-1.6766301,-1.984652,-2.1741924,-2.1441522,-2.2874656,-2.7421038,-2.9983373,-2.837883,-2.3821757,-1.7189314,-1.1276991,-0.7122737,-0.41081485,-0.48736942,-0.35484502,-0.339018,-0.65618,-1.291991,-1.5555359,-1.2722766,-1.3068658,-1.8106368,-1.8229723,-1.5708323,-1.4368846,-1.3889444,-1.207747,-0.9469168,-0.5792999,0.07217186,0.1944833,0.40952677,0.73402596,1.3895488,1.9237273,1.8117845,1.404249,1.1731551,0.8192086,0.035637632,-0.25400954,-0.55349636,-0.78904736,-0.9833333,-1.0400177,-1.2010143,-1.248567,-1.2986528,-1.4119594,-1.5248296,-1.6377183,-2.034237,-2.1369326,-1.887876,-1.6847358,-1.3796425,-1.6301109,-1.5431305,-1.094602,-1.3927829,-1.3125322,-1.341946,-1.6796806,-1.7063727,-0.601617,-0.60153,-0.60150504,-0.6013043,-0.60130763
-1.1108688,-1.0829285,-1.0408005,-1.0595453,-0.95602566,-0.74804324,-0.6602667,-0.66350955,-0.46308511,-0.93075424,-1.4221592,-1.426813,-1.5065134,-1.5585067,-1.6679435,-1.8569956,-1.9118049,-1.8819917,-1.9221487,-1.8333523,-1.6502664,-1.3183552,-0.70634127,-0.4298365,-0.5850951,-0.5731832,-0.5383729,-0.4451111,-0.5217039,-0.6509203,-0.77261126,-0.9458755,-1.4193271,-1.6701552,-1.4454944,-1.0235994,-0.66334176,-0.28789344,-0.13737655,0.0011515282,0.12669554,0.27527612,0.97484434,2.4428568,2.5217423,1.3615127,0.55884403,0.4844556,0.67742664,0.5405416,0.14938886,-0.041236162,0.15055752,0.44149885,0.4490872,-0.10992214,-0.2724302,0.1373621,0.3742915,1.0271449,1.3518108,-0.7328495,-2.1420631,-2.1708941,-1.5424759,-0.37850592,0.42968512,0.7960674,0.8102134,-0.09386584,-1.6396129,-2.497662,-2.6848516,-2.7541845,-2.7592154,-2.6071653,-2.9497578,-3.0090322,-2.7616525,-2.4782758,-2.2347498,-1.7597497,-1.364676,-0.86304045,-0.34774122,0.19846638,0.2966229,0.75656146,1.0785255,1.2898123,1.2889769,0.7381553,0.6533358,0.6139564,0.92143804,1.0767039,1.288483,1.3974264,1.5375983,1.7456697,1.7684941,1.2625794,0.5772203,-0.25839835,-0.8195863,-1.1441646,-1.4666884,-1.5517111,-1.7000906,-1.2934487,-0.53625685,0.011662781,0.6669972,1.0882909,0.9998168,0.76179373,0.35059673,-0.008134976,-0.42858112,-0.478588,-0.3829003,0.054695725,0.45789552,0.26257297,-0.1737809,-0.5404116,-0.82434076,-0.99005073,-0.93965256,-0.80802554,-0.5274234,-0.30955204,-0.2667438,-0.5795743,-0.9974504,-1.5893223,-2.442452,-2.9370053,-3.0171766,-2.8821492,-2.6966448,-2.4158518,-2.240384,-1.338393,0.6346441,2.5463333,3.12434,3.0746498,1.9762859,0.6343227,-0.019203044,-0.23187679,-0.4236405,-0.86692774,-1.5503181,-2.1845317,-2.7438116,-2.886004,-2.8487163,-2.846692,-2.601919,-2.291248,-2.1296873,-1.9955502,-2.0287945,-2.198019,-2.25172,-2.3123345,-2.2061005,-2.090526,-2.1430101,-2.274795,-2.394575,-2.5218997,-2.656968,-2.6867688,-2.7748747,-2.8677893,-2.910052,-2.5957942,-2.5068486,-2.3416288,-1.6811199,-1.8795359,-2.0634902,-1.901685,-2.034296,-2.0761428,-1.892096,-1.6948503,-1.7497873,-1.1880643,-1.1881105,-1.188137,-1.188226,-1.1882212
-4.0845404,-4.0766544,-4.1033564,-4.1088934,-4.1456,-4.186893,-4.1288013,-4.0251136,-3.9720364,-3.8237681,-3.5925028,-3.4592655,-3.2607036,-3.0892477,-2.8402483,-2.6040628,-2.3976688,-2.2612603,-2.1608264,-2.032956,-2.0084326,-2.1156158,-2.215239,-1.8099647,-1.7129494,-1.8563212,-2.0125966,-2.4756627,-3.1802125,-4.0653195,-4.655327,-5.0876975,-4.889617,-4.1950884,-3.7336993,-3.4690313,-2.9983506,-2.539866,-2.5156088,-2.472005,-2.4078507,-2.5813143,-2.9696846,-3.0088716,-2.2061534,-1.5664006,-1.597403,-2.1700249,-2.72827,-2.999896,-3.0678573,-3.0072546,-2.8256607,-2.7597628,-2.5625556,-2.1024475,-2.0135107,-2.2421002,-2.6976469,-3.5174294,-3.7219586,-2.6802614,-1.2960894,-0.54680467,-0.80499876,-2.1501458,-2.8434963,-3.2903333,-3.4319909,-3.2341743,-2.6162517,-2.1225743,-1.9888508,-2.4032736,-2.2225242,-1.4894147,-1.1455538,-1.5521035,-2.090298,-2.2525253,-2.2791064,-2.309751,-2.463761,-2.9520693,-3.1698928,-3.242533,-3.3150415,-3.2754698,-3.210195,-3.1931014,-3.2229135,-2.9005408,-2.368686,-2.1766317,-1.8548603,-1.9460163,-1.8476757,-1.6685545,-1.6632353,-1.5238857,-1.7700269,-2.0076802,-2.0835814,-1.9767567,-1.818768,-1.4785662,-1.1826365,-0.95076466,-0.7506176,-1.046294,-1.4626613,-1.3055143,-1.5173274,-1.9259306,-1.9370133,-1.8346734,-1.7639921,-1.7914654,-1.785717,-1.6747158,-1.4030384,-0.6135032,0.42041913,0.82955325,0.82301456,0.6730645,0.50280994,0.3844468,0.20387298,-0.061935812,-0.5092918,-0.8830921,-0.65881115,0.29247388,1.265668,1.9757674,3.1270733,4.0736833,4.348061,4.4235144,4.0491433,3.5818067,3.3293872,2.6812367,1.6899257,1.0864563,1.2286849,1.5103656,0.6788225,0.18273062,0.09813996,-0.095040694,-0.18699427,-0.20648181,-0.209381,-0.047397744,-0.09237236,-0.2280745,-0.4782157,-0.83638364,-1.2995397,-1.5968509,-1.7657629,-1.818579,-1.7660277,-1.6074008,-1.6618867,-1.6760617,-1.7351887,-1.80428,-1.832857,-1.8995597,-1.9880044,-1.9696684,-1.9039351,-1.8935513,-1.918685,-2.0543735,-2.1973171,-2.1714182,-2.1446614,-2.2462635,-2.2102752,-2.12162,-1.9026701,-1.7849965,-1.7638513,-1.8675227,-1.864842,-1.8577486,-1.930697,-2.0481274,-2.0481162,-2.048101,-2.0481875,-2.0481763
-1.6183362,-1.6656296,-1.6938089,-1.6574287,-1.5954826,-1.4835572,-1.3511634,-1.4260514,-1.315175,-0.90268075,-0.57238996,-0.43267512,-0.34047797,-0.17907004,-0.17378417,-0.38941467,-0.53191435,-0.8006178,-0.92201257,-0.9861505,-0.99185085,-0.9512589,-1.0594022,-1.1400132,-0.55984026,-0.122294515,0.32494295,0.86713636,0.86855173,0.6553267,0.58410263,0.41757733,-0.043319553,-0.81219286,-0.97990435,-0.77576303,-0.6105427,-0.69150287,-0.8049132,-0.87163913,-0.74202365,-0.6034665,-0.54033077,-0.59800637,-1.0322644,-1.0517284,-1.3344711,-1.487312,-1.3216705,-1.1970574,-1.1227041,-0.98478144,-0.8358944,-0.7992788,-0.6340833,-0.6929823,-0.5148011,-0.5409333,-1.1385511,-1.5787158,-2.0495176,-1.7141685,-0.77708435,0.17266044,0.8676941,0.76523376,-0.0012176633,-0.5049049,-0.67701423,-0.70431,-0.48701492,-0.29705143,-0.53085357,-1.4795786,-1.3971645,-0.9298184,-1.2161267,-1.3576193,-1.4616165,-1.7767916,-2.1288881,-2.6372695,-2.5469303,-2.4150453,-2.366877,-2.4786189,-2.439036,-2.3314903,-2.0510325,-1.6618042,-1.5714684,-1.5292015,-1.5592747,-1.6303871,-1.4256995,-1.2299154,-1.0180516,-1.0360736,-0.9866048,-0.96179754,-0.90181625,-0.7419896,-0.54374564,-0.34005934,-0.21487737,-0.1576806,-0.22719836,-0.084854126,-0.40673453,-0.40565667,-0.65637183,-0.93869853,-1.1808211,-1.1711822,-0.89510477,-0.59490573,-0.3274449,-0.10279322,-0.020382404,0.27632636,0.6521915,1.4087036,1.8646531,1.3760588,0.8095507,0.22735274,-0.26231372,-0.68382734,-1.0164367,-1.406004,-1.8143929,-1.9662178,-1.8549284,-1.6789987,-1.57582,-1.4271696,-1.365956,-1.6817905,-1.8163366,-1.7517588,-1.6793741,-1.4139149,-1.4299066,-1.1394427,-0.32909393,0.091931775,-0.22948015,-0.3622898,0.18670134,0.38874716,0.47837892,0.5936886,0.60995966,0.46317703,-0.02404362,-0.9060103,-1.3665769,-1.5702064,-1.5781437,-1.4198807,-0.7556105,-0.11377609,0.047239006,0.037272424,-0.10176894,-0.45494354,-0.8909458,-1.0427783,-1.0286105,-0.9062814,-0.8928895,-1.0479153,-1.130943,-1.1361153,-1.2073027,-1.1735147,-1.2167214,-1.4359872,-1.7879951,-2.2193162,-2.3704145,-2.3947058,-2.3244317,-2.418136,-2.6431003,-2.363911,-1.9478775,-1.8174343,-1.6094873,-1.4131075,-1.5443225,-0.117120355,-0.11705479,-0.117010474,-0.1167756,-0.116781205
-3.9898877,-3.9883876,-4.0530143,-4.050423,-4.034303,-4.216609,-4.339734,-4.347973,-4.3501825,-3.9718125,-3.4536295,-3.2011063,-2.8666823,-2.662598,-2.5746922,-2.560649,-2.7212853,-2.8616652,-2.9209285,-2.961991,-3.0148287,-3.0622194,-2.7826939,-2.402134,-2.516275,-2.6588326,-2.795444,-3.1307693,-3.5205364,-3.8434386,-4.039061,-4.3331575,-4.398266,-3.938962,-3.5228355,-3.2152543,-2.8323092,-2.4911914,-2.3245652,-2.2193124,-2.2937975,-2.465291,-2.6163614,-2.9073968,-3.0160956,-3.186439,-3.0926857,-3.108076,-3.2185247,-3.060213,-2.6694832,-2.644015,-2.8928754,-3.25323,-3.4082031,-3.3676927,-3.247231,-3.1308684,-2.8957233,-3.2398152,-3.3644638,-2.6052806,-2.3143997,-2.1854756,-2.1476388,-2.2442384,-2.3030334,-2.745273,-3.105671,-3.2122664,-2.9185758,-2.5311763,-2.2653077,-1.29794,-1.5263685,-1.5305228,-0.60351104,-0.0062157214,-0.42513177,-0.93034494,-1.2301787,-1.6901319,-2.3677096,-2.8446188,-3.0895114,-3.1396208,-3.2958944,-3.305595,-3.3052235,-3.4273825,-3.554316,-3.2707148,-2.898599,-2.6987734,-2.4824052,-2.450651,-2.4671757,-2.4762847,-2.493099,-2.556238,-2.6022449,-2.400807,-2.1556716,-1.9751577,-1.8637974,-1.7239819,-1.9957919,-2.3194458,-1.9304919,-1.9344739,-2.0165603,-1.5516926,-1.7569919,-2.2146015,-2.221085,-2.144701,-2.2205062,-2.4920762,-2.719847,-2.7684336,-2.7763224,-2.7032423,-2.3907526,-2.1030264,-2.0129259,-2.0102422,-1.9998537,-1.918441,-1.8100915,-1.7428031,-2.0066302,-2.7046852,-3.0355477,-3.0507221,-2.7405715,-2.145528,-1.076193,0.19783704,0.8722611,1.0698158,0.82224566,0.53447783,0.43682107,-0.082855105,-1.0593477,-2.195469,-2.622842,-2.7914681,-2.7318654,-2.2404687,-1.8667655,-1.7383114,-1.6100719,-1.2550353,-0.8669379,-0.6656523,-0.7798142,-0.78726876,-0.8565552,-0.9715647,-1.0051255,-0.9646636,-0.8628684,-0.7752713,-0.50976056,-0.1646435,-0.26694965,-0.29126486,-0.40062654,-0.53146386,-0.56491524,-0.5281153,-0.54488164,-0.48119712,-0.4750271,-0.5535453,-0.64228797,-0.54212445,-0.057006344,1.2366251,1.4141712,1.4379416,1.1454036,1.4378824,1.8586364,0.7646319,-0.29742634,-0.38504878,-0.81788516,-1.1901147,-1.0865159,-2.3447409,-2.344794,-2.3448148,-2.3451095,-2.3450983
-4.6138783,-4.607641,-4.6192293,-4.6030865,-4.5584226,-4.532818,-4.4591804,-4.456214,-4.520211,-4.680452,-4.631843,-4.454905,-4.3012004,-4.298073,-4.3225822,-4.337264,-4.27598,-4.3253613,-4.280781,-4.223485,-4.154514,-4.142592,-4.3686905,-4.9986506,-5.9041715,-6.093977,-6.130764,-6.203579,-6.451777,-6.2623215,-5.9106407,-5.471214,-5.327573,-4.7298336,-4.0573215,-3.4878616,-2.8927398,-2.5126674,-2.2357354,-2.0215483,-1.912711,-1.8034097,-1.3921069,-1.1328928,-1.4792439,-2.0902486,-2.3395588,-2.078391,-1.934264,-1.9962474,-2.1689374,-2.398496,-2.480627,-2.5213912,-2.4204943,-2.5806773,-2.7846992,-2.9463987,-2.8563173,-2.1953797,-1.6031581,-2.0259724,-2.6549375,-3.0528617,-2.927757,-2.8917136,-2.6761568,-2.6417503,-2.7475824,-3.1834288,-3.851303,-4.1890364,-4.175368,-4.2604046,-4.306032,-3.8983417,-3.950595,-4.0312905,-4.15035,-4.3310947,-4.5833473,-4.7970543,-4.732647,-4.900841,-4.98812,-5.0002213,-5.002322,-4.78302,-4.582304,-4.4315357,-4.4974785,-4.489346,-4.253748,-4.1541195,-3.7084715,-3.577676,-3.3969474,-3.2474015,-3.045946,-2.6736457,-2.3241105,-2.122498,-2.223902,-2.4470234,-2.679986,-2.8948774,-2.899347,-2.811963,-3.1394682,-3.1827602,-3.1811552,-3.002568,-2.812736,-2.6430368,-2.5543792,-2.5661764,-2.6948018,-2.9139972,-3.2562723,-3.3556347,-3.2422643,-2.7746527,-2.0262609,-1.6321214,-1.6762712,-1.7880654,-1.904712,-2.0070505,-2.0581293,-2.0898483,-2.1207607,-2.215808,-2.2440472,-2.5460477,-2.7535734,-2.9924493,-3.5067868,-4.077123,-4.171032,-3.8772821,-3.8268762,-3.7455173,-3.5980966,-3.2624698,-2.3419342,-2.0850117,-2.46803,-2.7413354,-2.7586277,-2.8319287,-2.919901,-2.8845487,-2.8834426,-2.9598508,-3.1617913,-3.354178,-3.551238,-3.6136098,-3.6640177,-3.713066,-3.5032022,-3.2010949,-3.0275307,-2.9614398,-2.8944573,-2.8092265,-2.779495,-2.7734323,-2.693219,-2.6148908,-2.655141,-2.7574863,-2.852605,-2.9166567,-3.0272794,-3.1073995,-3.2194705,-3.3136764,-3.3193138,-3.2438183,-3.3061604,-3.4150758,-3.4389136,-3.5622804,-3.6329236,-3.522027,-3.666017,-3.6592355,-3.6275344,-3.6173942,-3.647141,-4.908722,-4.9087667,-4.908777,-4.9089327,-4.908922
-2.2414017,-2.231379,-2.2799728,-2.3095112,-2.2778547,-2.3659315,-2.4228034,-2.4370704,-2.4056194,-2.2447135,-1.8648232,-1.7344872,-1.4466732,-1.2526324,-1.264197,-1.4176656,-1.5860204,-1.5753977,-1.6635334,-1.659131,-1.5269855,-1.3318348,-0.92283404,-0.57101285,-0.74105895,-0.9449246,-1.1263051,-1.3687541,-1.4364637,-1.0269673,-0.99345714,-1.2650614,-1.8183337,-2.329722,-2.6743827,-2.9700599,-3.007062,-3.0961313,-3.0565114,-3.0424962,-3.2204747,-3.420535,-3.4192772,-2.8352125,-2.2263894,-2.5643244,-3.4284878,-3.563444,-3.4107783,-2.9791136,-2.1593857,-1.8737235,-2.0563781,-2.5108488,-2.932751,-3.2778378,-3.4783971,-3.6539507,-3.260802,-3.3874872,-3.478538,-3.1221743,-3.4836235,-3.800046,-3.8748684,-3.7780793,-3.3449116,-3.3767276,-3.4689398,-3.4588246,-3.3039958,-3.067811,-2.7010808,-0.9215391,-1.2996016,-2.4546125,-2.408328,-1.7259834,-1.7355814,-2.322822,-2.7905974,-3.1001234,-3.4024215,-3.200675,-2.9324899,-2.949523,-3.034336,-2.6593409,-2.2774527,-2.306603,-2.4615598,-2.614264,-2.58286,-2.4529862,-2.4153411,-2.3636374,-2.4413977,-2.5442266,-2.6487951,-2.953454,-3.095004,-2.9890223,-3.0002294,-3.1364625,-3.1648214,-3.00909,-2.9654057,-3.7160158,-3.3759024,-3.0604854,-2.9361951,-2.4164538,-2.5342638,-2.833581,-2.880433,-2.9412453,-3.237415,-3.5704038,-3.748578,-3.6846132,-3.4670935,-3.1563196,-3.0626485,-3.2041214,-3.321869,-3.4548523,-3.6113036,-3.7865515,-4.13074,-4.240051,-4.117033,-4.093018,-4.0647216,-3.929937,-3.4461665,-2.6353517,-1.897562,-1.3084158,-0.7983236,-0.5896262,-0.6306082,-0.7559438,-0.5635068,-0.5971701,-0.9439384,-1.402682,-1.5251273,-2.2347069,-3.229154,-3.5130415,-3.5080385,-3.5030937,-3.5095613,-3.4208148,-3.3129363,-3.2277842,-3.0317683,-2.8010123,-2.6945853,-2.6600997,-2.898633,-3.039368,-2.8492775,-2.5991602,-2.1231747,-1.2519584,-1.0731621,-0.9511503,-0.89061904,-0.8546848,-0.92179805,-0.9465618,-1.0143256,-1.0209281,-1.1372378,-1.3504422,-1.4482355,-1.2319416,-0.4596755,0.8977219,0.96316147,1.1047661,0.8635267,1.1914492,1.4650606,0.42204183,-0.100397825,-0.19407266,-0.59425175,-0.80802786,-0.66999555,-0.4438437,-0.4438962,-0.44391993,-0.444062,-0.44405994
0.24501577,0.28263164,0.32001293,0.24616227,0.09553209,0.08196697,-0.1333527,-0.280011,-0.3961581,-0.7440811,-0.97541004,-1.0199627,-1.0590253,-0.9501139,-0.7817819,-0.46896178,-0.2797212,-0.43831968,-0.5864119,-0.7491467,-0.8000312,-0.92338395,-0.89275694,-0.8032584,-1.0239172,-1.1881039,-1.277542,-1.3168082,-1.3599916,-2.2517936,-2.8725574,-3.189243,-2.3502047,-1.4888288,-1.1858487,-0.708236,-0.081988126,0.43705934,0.76185346,0.78686845,0.7212552,0.651273,0.5047854,0.048256114,-0.18064368,-0.3748445,-0.67454135,-1.4593023,-1.8704233,-1.8449593,-1.6579046,-1.6343721,-1.751351,-1.9020162,-1.8317868,-1.3930572,-1.1152924,-1.3399701,-1.9268094,-2.5168796,-1.5871453,0.33325827,2.046901,2.88374,2.4872444,1.2150667,0.54975516,-0.45292324,-0.9369233,-0.3622731,1.0881847,2.3069222,2.6131487,0.6953722,0.88637346,1.9390174,2.378674,2.7460985,2.5724468,2.3793764,2.4810073,2.0471199,1.74131,1.2011698,0.9838662,1.0437348,0.96299326,0.20417234,-0.27420327,-0.7287949,-0.8027912,-1.0446637,-1.309988,-1.1739316,-1.2424535,-1.2040831,-1.3530872,-1.5126805,-1.5632437,-1.9050095,-1.976541,-1.7846317,-1.2876477,-0.5394665,0.16297191,0.86810935,1.0894253,1.2791215,1.8983729,1.5864779,0.29291174,-0.49396914,-0.93950474,-1.2579178,-1.2292038,-1.101803,-0.8823204,-0.5742409,-0.032175332,0.19435361,-0.118071966,-1.000591,-1.283381,-1.2704904,-1.2393353,-1.2357471,-1.1894975,-1.1624901,-1.3638332,-1.5928233,-1.875253,-2.0308344,-1.8437762,-1.414674,-1.1819438,-0.98929,-0.8893985,-0.5832076,-0.46196374,-0.63237995,-0.85099065,-0.8137325,-0.9838801,-1.3073707,-1.7327794,-1.473385,-0.93849576,-0.27340645,0.9393022,2.8534482,4.236398,4.737547,5.213091,6.4302597,7.9523697,9.239008,9.980501,10.010025,9.91613,9.8308935,9.9939,9.949078,9.601606,9.0804825,8.607367,7.398978,5.6406484,4.7526064,3.9497237,3.4872088,3.4222136,3.555145,3.74994,3.9670916,4.0949545,4.088093,3.71432,3.4042778,2.3800778,0.98999345,0.28423983,-0.124611706,-0.55779314,-0.634326,-0.64921385,-1.1844192,-1.339132,-1.175257,-1.401761,-1.4575827,-1.4228487,-1.0657198,-1.065683,-1.065665,-1.0655627,-1.0655688
-0.9873694,-1.0040708,-1.1270593,-1.2376791,-1.0944403,-1.2668417,-1.1172445,-1.0218171,-1.052799,-1.188916,-1.1610597,-1.1005092,-0.71460265,-0.3181451,0.02651499,0.35505918,0.65160257,0.6073044,0.39777514,0.23737185,0.1161513,0.13687158,-0.03843531,-0.1446186,-0.18636107,-0.10754475,-0.21613646,-0.58645,-1.1834625,-2.1244829,-2.3295422,-2.2292542,-2.3862433,-2.6240282,-2.3710766,-1.9878373,-1.693963,-1.7125506,-1.6815255,-1.632983,-1.6754901,-1.8835522,-2.0865257,-2.3754532,-2.2996948,-2.0124943,-1.065587,-0.06986873,0.45881635,0.44618165,0.09189719,-0.46259654,-0.90010554,-0.85509264,-0.75898516,-0.9914632,-1.2364793,-0.7830769,-0.36820891,0.5196719,0.96193075,-0.8988287,-2.5670738,-2.4942589,-1.8881539,-1.0303189,-0.88294256,-0.49254245,-0.47565758,-1.3195041,-2.4162712,-2.7781532,-2.7052288,-2.1173427,-2.336041,-2.4937809,-2.4482698,-2.311908,-2.0258982,-1.816293,-1.7762394,-1.7984071,-1.4633384,-1.3164494,-1.1849234,-0.6367916,-0.49515635,0.1324876,0.33825618,0.40133676,0.31138122,0.28383222,0.13533908,0.12103206,0.34487075,0.40079156,0.34128305,0.41283888,0.59080136,0.8538526,1.5372747,2.1262815,2.1372705,1.8163586,1.312293,0.27898222,-0.7430466,-1.2617531,-1.4288714,-1.1568022,-0.76655024,-0.68063885,-0.35797128,0.13252503,0.26430267,0.16761547,-0.12561983,-0.43048623,-0.9915639,-1.4712595,-1.5389539,-1.1809498,-0.92590916,-0.5672321,-0.3286145,-0.08222887,0.09686369,0.17784232,0.45739356,0.77192444,1.2031494,1.6319429,1.7458285,1.3023417,0.7146977,-0.1152197,-1.6040771,-2.4433188,-2.6577847,-2.4488342,-2.5161297,-2.3940418,-2.440929,-2.4267204,-2.2495048,-2.0356948,-2.1174507,-1.9712021,-1.3282495,-1.0400369,-1.070634,-0.9624206,-0.93899083,-1.0055679,-1.2926943,-1.628656,-2.0451648,-2.049333,-2.0079844,-1.8782176,-1.5693004,-1.221334,-1.1062493,-1.1435716,-1.3017161,-1.5756106,-1.599366,-1.6458712,-1.5496756,-1.4589443,-1.4294649,-1.4663234,-1.5224204,-1.5834762,-1.6093398,-1.6220524,-1.6008686,-1.5480901,-1.4654329,-1.8923025,-2.2153378,-2.1303973,-1.9267287,-1.869931,-2.2178552,-2.2702246,-2.2610772,-2.3358953,-2.2621903,-2.093377,-2.125585,-1.9928056,-1.9928071,-1.9928017,-1.9928573,-1.9928539
-0.7502394,-0.8013693,-0.8103436,-0.78187525,-0.7581121,-0.3962594,-0.26311332,-0.09708859,0.3432542,0.75245476,1.083731,1.2718245,1.2977772,1.0146978,0.8721209,0.32052475,-0.28057152,-0.5835987,-0.73458034,-0.85310376,-0.8921963,-0.88873696,-0.53113675,-0.15403031,-0.19275971,-0.25303343,-0.34268162,-0.69419754,-0.7932751,0.28094178,1.0628213,1.7812644,1.7324462,1.0598814,0.7949404,0.6451299,0.33626795,-0.07360883,-0.21474034,-0.3252413,-0.68255305,-0.9697617,-1.0273777,-0.7665373,-0.67407346,-0.89272827,-1.1713096,-1.4152447,-1.5075643,-1.3719604,-0.8713969,-0.6335313,-0.7060789,-0.7921385,-0.9977278,-1.0768442,-1.2922059,-1.8510956,-1.8202778,-2.0756218,-1.9567924,-1.4689677,-1.9690068,-2.3744514,-2.4372904,-2.1708102,-1.9876428,-2.2661088,-2.222023,-1.8154249,-1.4456888,-1.3223829,-0.8826842,0.7143258,0.28229505,-0.7090341,-0.68843323,0.025729716,-0.08044517,-0.6598513,-0.9057192,-1.0568069,-1.650153,-2.2323046,-2.4204195,-2.4375362,-2.4046779,-2.2331576,-2.1045506,-1.6099013,-1.5753331,-1.4270663,-1.4280438,-1.2492676,-0.99071854,-0.95527077,-1.1918075,-1.463413,-1.7456416,-2.2479506,-2.5483298,-2.9192219,-3.436049,-3.647599,-3.3691952,-2.7636406,-1.9070907,-1.6410828,-1.0742115,-1.0308799,-1.1633512,-0.96504056,-1.3466718,-2.0198352,-2.3927512,-2.533257,-2.5053778,-2.4384658,-2.3282151,-2.0750685,-1.6913972,-1.4808505,-1.6948328,-1.8078136,-1.8084989,-1.8051205,-1.786094,-1.7545494,-1.8392246,-1.8995383,-2.0369527,-2.4076967,-2.890349,-3.1282809,-2.68818,-1.6777143,-0.5721784,0.045479387,0.55683875,0.63219815,0.47059202,-0.010456864,0.052000213,-0.31271803,-0.36749494,-0.52426994,-0.6005049,-1.2622516,-2.0299704,-2.197729,-2.2110775,-2.2412133,-2.232346,-2.0983398,-1.5927225,-1.0535669,-0.5018383,-0.27952397,-0.07982256,0.07121295,-0.07378282,-0.27883416,0.009249985,0.44097266,1.14349,2.47966,3.080351,3.3761978,3.635537,3.8675733,3.864008,3.747038,3.7226825,3.6729503,3.5708663,3.372727,3.2822387,3.1502028,2.6039112,0.86959344,-0.14222269,-0.46318758,-0.93384933,-1.3854513,-1.345843,-0.58911973,-0.07061085,-0.15781915,0.03343399,0.1924513,0.23648621,1.0375845,1.0376425,1.0376616,1.0379376,1.0379205
0.63732636,0.5558468,0.48358613,0.5031826,0.5342915,0.2877759,0.15381038,0.06741983,-0.3732801,-1.0802603,-1.4477112,-1.4821362,-1.525593,-1.3824904,-1.060106,-0.69737995,-0.21560672,-0.065050066,0.066640854,0.16926336,0.09742373,0.0082192235,-0.26066527,-0.9275483,-1.0703981,-0.96530724,-0.93934256,-0.9530888,-1.094389,-1.3950741,-1.3727553,-1.3742182,-1.3566942,-1.1487424,-0.90139323,-0.5614671,-0.2504468,-0.18430269,-0.10582356,-0.08388594,-0.10033333,-0.2320311,-0.64341015,-1.0192397,-1.1216718,0.050754316,2.18231,3.40181,3.6121075,3.2763503,2.6899166,2.3032238,2.1213677,2.0545404,1.6356705,0.6219942,0.6826454,1.2594018,1.7328825,1.8625484,1.2526267,0.74930847,0.6643095,-0.0773066,-0.0017537922,1.2307892,1.1219394,1.1180885,1.1482191,1.0321045,0.9436693,0.58424175,0.20536342,0.22719131,0.33705735,0.36019063,0.4149903,0.49495894,0.92017514,1.5989592,1.7548219,0.81900406,0.08214898,-0.3326013,-0.6246424,-0.9783884,-1.0304236,-1.2576587,-1.4467063,-1.719671,-1.6820658,-1.407273,-0.9983763,-0.7084149,-0.53099275,-0.563808,-0.5746842,-0.55216056,-0.56530184,-0.5741427,-0.5870576,-0.5054083,-0.24909236,0.12201901,0.18393962,-0.260563,-0.592687,-1.1453034,-1.3562961,-0.60443515,0.47667232,0.4054759,0.53814936,1.0218948,1.2037297,1.0682026,0.9287696,0.9178464,0.93528515,0.7247831,0.53892535,-0.049288243,-0.77935266,-0.6102983,-0.0066070706,0.7286575,1.479504,2.2207298,3.0176346,3.4575706,3.8951063,4.398021,4.6532087,4.4194856,3.918192,3.1814866,2.6879826,1.3841535,0.27575213,-0.65085256,-0.8554261,-0.9349534,-1.1058829,-1.0110365,-0.56218505,-0.124277055,-0.10755682,0.32818663,1.0117285,1.0744829,0.8699912,0.767727,0.71203005,0.55215013,0.27483144,-0.23027134,-1.0222003,-1.2682049,-1.2702565,-1.2253394,-1.0297984,-0.77830327,-0.62258685,-0.41661176,-0.33467305,-0.49247032,-0.3291487,-0.318321,-0.29347092,-0.34766257,-0.37595987,-0.23652677,-0.21825776,-0.39165735,-0.5081416,-0.57818186,-0.7437408,-0.79887617,-0.7819692,-0.7135261,-0.5561106,-0.5996871,-0.96824217,-0.6417234,-0.62332445,-0.6664617,-0.18216282,-0.12592778,-0.06592065,0.057734117,0.014301926,-0.88949716,-0.8894938,-0.88949096,-0.88957536,-0.889563
-1.4827001,-1.5394782,-1.5449955,-1.5216856,-1.5815786,-1.592653,-1.4661647,-1.3437085,-1.5232013,-1.8776193,-2.028946,-2.0197978,-1.9107094,-1.7114527,-1.3854601,-1.1856551,-0.8279755,-0.47210377,-0.11711748,0.23642716,0.31091672,0.16775376,-0.0022347644,0.39924234,1.3590667,1.735081,1.980195,1.9140036,1.5434706,0.9692078,0.82956606,0.7134943,1.1401477,1.8555436,2.472186,3.386755,4.136098,4.4112654,4.576332,4.7680407,4.83427,4.6461506,4.102087,3.299633,2.8212595,3.1509926,3.6399124,3.481861,3.083697,2.6226141,1.8852308,1.5546235,1.4896034,1.7128749,2.4458776,3.1614034,3.079887,2.274951,1.5503113,1.4450777,1.3115125,1.061977,1.9755465,2.8798964,2.8731203,1.9934646,1.6366887,1.9814811,1.8499959,1.5645471,1.5247054,1.6996936,1.6874051,0.6796866,0.7870224,1.7402704,2.2239459,2.728698,2.733023,2.627594,2.346135,1.4718218,0.7817558,0.13793798,-0.27577966,-0.33474395,-0.43800253,-0.6744704,-0.5917313,-0.55779755,-0.4285385,-0.20218137,0.37851837,0.7848121,1.2608552,1.3095529,1.2933702,1.1777757,1.2549722,1.3555293,1.5955645,1.8180448,1.8790462,1.9193999,1.7451254,1.0796785,0.621563,1.1524124,1.5169426,1.4870243,0.4883005,-0.14957508,0.034715872,0.7663774,1.113332,1.4052043,1.9253199,2.4205995,2.628913,2.612005,2.7416277,3.1898785,4.2217216,4.8697467,5.0226765,5.0106354,4.8701234,4.595904,3.9765851,3.3036516,2.6323035,2.6705627,2.930449,2.7045336,2.1666672,1.7454225,2.2567961,3.0049896,3.3968086,3.6054263,3.3002682,3.2884617,3.2290492,2.936546,2.9214532,2.5731044,2.3896093,3.0843718,3.963049,4.1199584,4.0346584,3.978639,3.9025476,3.6063323,3.2125,3.1813743,3.408341,3.5005589,3.428233,3.2577977,3.1968446,3.1229892,2.9362748,2.7199843,2.6639671,3.0041428,3.7259502,3.9851062,4.2539325,4.4624224,4.4801836,4.4139285,4.3542013,4.255,4.080344,3.9409204,3.6758223,3.3221433,2.463663,1.0359678,0.63137317,0.24824958,-0.32563305,-0.16511305,-0.33910924,-0.7930485,-0.56402063,-0.6252557,-0.60687774,-0.464436,-0.46580738,-2.0176156,-2.017633,-2.0176578,-2.0177803,-2.0177763
-5.7645683,-5.745088,-5.7780523,-5.7819605,-5.699353,-5.6981087,-5.728714,-5.7717834,-5.643982,-5.226495,-4.702727,-4.516073,-4.1718826,-3.995245,-3.9441097,-3.9366775,-3.8005853,-3.6187248,-3.7058556,-3.6508794,-3.4594889,-3.0852604,-2.2561529,-1.748491,-2.0390742,-2.2486415,-2.4072266,-2.6321366,-2.8672519,-2.6872842,-2.704329,-3.0081205,-3.95962,-4.5815644,-4.6329546,-4.581666,-4.2431264,-4.019889,-3.843067,-3.7259045,-3.7378132,-3.7833061,-3.3914237,-2.5274153,-2.419774,-3.4291108,-4.487259,-4.557734,-4.3093834,-3.938752,-3.3519733,-3.3187428,-3.5599432,-3.9475183,-4.3296432,-4.6099153,-4.663678,-4.6732106,-4.518013,-4.5427666,-4.594056,-4.8249,-5.4390965,-5.3844337,-4.9995246,-4.7379603,-4.6023574,-4.988599,-5.133173,-5.4175224,-5.894842,-5.969281,-5.7956734,-5.642477,-5.7237296,-5.5287924,-5.5043974,-5.4533677,-5.6953993,-6.05678,-6.3753815,-6.358505,-6.1974697,-6.0651917,-5.953532,-5.7959223,-5.772231,-5.4315586,-5.153134,-4.9429374,-5.067028,-4.9372845,-4.654464,-4.561847,-4.1474204,-4.0072427,-3.810062,-3.6308358,-3.5513012,-3.5554175,-3.6102233,-3.6814718,-3.926045,-4.2320337,-4.3651423,-4.1889358,-4.0556874,-4.23948,-4.150777,-3.9566412,-3.4170492,-2.7864223,-2.999546,-3.5383704,-3.7295651,-3.920686,-4.4962735,-5.22545,-5.853484,-6.018849,-5.997555,-5.610454,-5.0212936,-4.721574,-4.832036,-5.034445,-5.188616,-5.2701683,-5.2157497,-5.0664744,-4.8477826,-4.9264126,-5.000895,-4.968752,-4.730152,-4.5258493,-4.9510055,-5.010908,-4.738252,-4.354267,-4.3396144,-4.369324,-4.239106,-4.149151,-3.6779428,-3.3914158,-3.492863,-4.2980022,-5.2348833,-5.451317,-5.4093757,-5.3737526,-5.3377357,-5.191682,-4.9597716,-4.863682,-4.948358,-4.9852247,-5.028049,-5.053215,-4.987054,-4.805599,-4.648745,-4.6381845,-4.4987783,-4.306258,-4.5535073,-4.609478,-4.66731,-4.7041106,-4.7909966,-4.874589,-5.014978,-5.0487976,-5.1424723,-5.247744,-5.3296795,-5.3501954,-5.254808,-4.8109593,-4.817088,-4.7069964,-4.5846605,-4.6357718,-4.438589,-4.4537797,-4.7369347,-4.829118,-4.8884053,-4.968823,-4.9618053,-4.243283,-4.2432604,-4.2432346,-4.2431293,-4.243132
